{"type":"FeatureCollection","features":[{"type":"Feature","geometry":{"type":"MultiLineString","coordinates":[[[77.0665,28.2994],[77.0975,28.2948],[77.111,28.2776],[77.11,28.2464],[77.1491,28.1694]]]},"properties":{"upc":"N/01001/01001/HR","state":"Haryana"}},{"type":"Feature","geometry":{"type":"MultiLineString","coordinates":[[[77.1491,28.1694],[77.1301,28.0483],[77.1033,28.0056],[77.0774,27.924]]]},"properties":{"upc":"N/01001/02002/HR","state":"Haryana"}},{"type":"Feature","geometry":{"type":"MultiLineString","coordinates":[[[77.0774,27.924],[76.9923,27.7622],[76.9648,27.6587]]]},"properties":{"upc":"N/01001/02003/HR","state":"Haryana"}},{"type":"Feature","geometry":{"type":"MultiLineString","coordinates":[[[76.9648,27.6587],[76.9536,27.613],[76.9255,27.5652],[76.8802,27.5149],[76.8497,27.4928],[76.8299,27.4603],[76.7961,27.3702]]]},"properties":{"upc":"N/01001/03002/RJ","state":"Rajasthan"}},{"type":"Feature","geometry":{"type":"MultiLineString","coordinates":[[[76.7961,27.3702],[76.7581,27.2103],[76.6743,27.1364],[76.6502,27.084]]]},"properties":{"upc":"N/01001/03003/RJ","state":"Rajasthan"}},{"type":"Feature","geometry":{"type":"MultiLineString","coordinates":[[[76.6502,27.084],[76.5944,27.0141],[76.4627,26.9423],[76.4227,26.9]]]},"properties":{"upc":"N/01001/03004/RJ","state":"Rajasthan"}},{"type":"Feature","geometry":{"type":"MultiLineString","coordinates":[[[76.4227,26.9],[76.3844,26.823],[76.3362,26.6885],[76.3002,26.6422]]]},"properties":{"upc":"N/01001/03005/RJ","state":"Rajasthan"}},{"type":"Feature","geometry":{"type":"MultiLineString","coordinates":[[[76.3002,26.6422],[76.2462,26.5651],[76.2631,26.4505],[76.2504,26.3612]]]},"properties":{"upc":"N/01001/03006/RJ","state":"Rajasthan"}},{"type":"Feature","geometry":{"type":"MultiLineString","coordinates":[[[76.2504,26.3612],[76.2337,26.2571],[76.2632,26.016],[76.2444,25.9545]]]},"properties":{"upc":"N/01001/03007/RJ","state":"Rajasthan"}},{"type":"Feature","geometry":{"type":"MultiLineString","coordinates":[[[76.2446,25.9549],[76.2209,25.8663]],[[76.2209,25.8663],[76.2176,25.8132],[76.2471,25.7529],[76.246,25.7246]]]},"properties":{"upc":"N/01001/03008/RJ","state":"Rajasthan"}},{"type":"Feature","geometry":{"type":"MultiLineString","coordinates":[[[76.2461,25.7239],[76.2425,25.716]]]},"properties":{"upc":"N/01001/03009/RJ","state":"Rajasthan"}},{"type":"Feature","geometry":{"type":"MultiLineString","coordinates":[[[76.2032,25.6305],[76.2209,25.5752],[76.198,25.3813]]]},"properties":{"upc":"N/01001/03010/RJ","state":"Rajasthan"}},{"type":"Feature","geometry":{"type":"MultiLineString","coordinates":[[[76.1981,25.3822],[76.1869,25.3358],[76.0734,25.1445]]]},"properties":{"upc":"N/01001/03011/RJ","state":"Rajasthan"}},{"type":"Feature","geometry":{"type":"MultiLineString","coordinates":[[[76.0737,25.1452],[75.9575,24.8904]]]},"properties":{"upc":"N/01001/03012/RJ","state":"Rajasthan"}},{"type":"Feature","geometry":{"type":"MultiLineString","coordinates":[[[75.9575,24.8904],[75.9354,24.8182]]]},"properties":{"upc":"N/01001/03013/RJ","state":"Rajasthan"}},{"type":"Feature","geometry":{"type":"MultiLineString","coordinates":[[[75.891,24.7418],[75.8976,24.6832],[75.8571,24.6162]],[[75.891,24.7418],[75.8934,24.7538],[75.9198,24.7709],[75.9354,24.8182]]]},"properties":{"upc":"N/01001/03014/RJ","state":"Rajasthan"}},{"type":"Feature","geometry":{"type":"MultiLineString","coordinates":[[[76.4903,26.9919],[76.4167,26.9944],[76.2571,26.9582],[76.1513,26.9639],[76.1075,26.9528],[76.0618,26.9179],[76.0015,26.9143],[75.9386,26.9002],[75.9287,26.8929],[75.9269,26.874]],[[76.5237,26.9909],[76.4947,26.9923]],[[76.5345,26.9791],[76.5237,26.9909]]]},"properties":{"upc":"N/01001/03015/RJ","state":"Rajasthan"}},{"type":"Feature","geometry":{"type":"MultiLineString","coordinates":[[[75.8603,24.6229],[75.8302,24.5508],[75.7877,24.4779],[75.7032,24.3778]]]},"properties":{"upc":"N/01001/04002/MP","state":"Madhya Pradesh"}},{"type":"Feature","geometry":{"type":"MultiLineString","coordinates":[[[75.5263,24.1285],[75.6258,24.2778],[75.6929,24.3636]],[[75.7032,24.3778],[75.6929,24.3636]]]},"properties":{"upc":"N/01001/04003/MP","state":"Madhya Pradesh"}},{"type":"Feature","geometry":{"type":"MultiLineString","coordinates":[[[75.5263,24.1285],[75.4881,24.0949],[75.3652,23.9094]]]},"properties":{"upc":"N/01001/04004/MP","state":"Madhya Pradesh"}},{"type":"Feature","geometry":{"type":"MultiLineString","coordinates":[[[75.3652,23.9094],[75.3068,23.8248],[75.2672,23.7985],[75.2177,23.7298]]]},"properties":{"upc":"N/01001/04005/MP","state":"Madhya Pradesh"}},{"type":"Feature","geometry":{"type":"MultiLineString","coordinates":[[[75.2177,23.7298],[75.1428,23.5934],[75.0496,23.5111]]]},"properties":{"upc":"N/01001/04006/MP","state":"Madhya Pradesh"}},{"type":"Feature","geometry":{"type":"MultiLineString","coordinates":[[[75.0496,23.5111],[75.0097,23.4769],[74.9388,23.3551],[74.9068,23.335]]]},"properties":{"upc":"N/01001/04007/MP","state":"Madhya Pradesh"}},{"type":"Feature","geometry":{"type":"MultiLineString","coordinates":[[[74.9068,23.335],[74.8595,23.3049],[74.8243,23.2584],[74.7293,23.179]]]},"properties":{"upc":"N/01001/04008/MP","state":"Madhya Pradesh"}},{"type":"Feature","geometry":{"type":"MultiLineString","coordinates":[[[74.7293,23.179],[74.6336,23.1005],[74.5609,23.0743]]]},"properties":{"upc":"N/01001/04009/MP","state":"Madhya Pradesh"}},{"type":"Feature","geometry":{"type":"MultiLineString","coordinates":[[[74.5609,23.0743],[74.4609,23.0374],[74.4162,23.0306],[74.3506,23.0022]]]},"properties":{"upc":"N/01001/04010/MP","state":"Madhya Pradesh"}},{"type":"Feature","geometry":{"type":"MultiLineString","coordinates":[[[74.3411,23.0003],[74.152,22.9299],[74.0968,22.9048],[74.0827,22.8868]]]},"properties":{"upc":"N/01001/05002/GJ","state":"Gujarat"}},{"type":"Feature","geometry":{"type":"MultiLineString","coordinates":[[[74.0827,22.8868],[73.9675,22.8508],[73.9085,22.8237],[73.8147,22.8232]]]},"properties":{"upc":"N/01001/05003/GJ","state":"Gujarat"}},{"type":"Feature","geometry":{"type":"MultiLineString","coordinates":[[[73.8147,22.8232],[73.6189,22.8203],[73.5727,22.7898]]]},"properties":{"upc":"N/01001/05004/GJ","state":"Gujarat"}},{"type":"Feature","geometry":{"type":"MultiLineString","coordinates":[[[73.5727,22.7898],[73.5281,22.7292],[73.4356,22.6337]]]},"properties":{"upc":"N/01001/05005/GJ","state":"Gujarat"}},{"type":"Feature","geometry":{"type":"MultiLineString","coordinates":[[[73.4356,22.6337],[73.4054,22.6062],[73.3918,22.5767],[73.3591,22.5381],[73.2951,22.496]]]},"properties":{"upc":"N/01001/05006/GJ","state":"Gujarat"}},{"type":"Feature","geometry":{"type":"MultiLineString","coordinates":[[[73.2951,22.496],[73.2489,22.481],[73.1166,22.4603]]]},"properties":{"upc":"N/01001/05007/GJ","state":"Gujarat"}},{"type":"Feature","geometry":{"type":"MultiLineString","coordinates":[[[73.1048,22.27],[73.1004,22.2967]],[[73.1004,22.2967],[73.0929,22.3489]],[[73.0929,22.3489],[73.0879,22.3581]],[[73.0879,22.3581],[73.0742,22.3774],[73.0766,22.408]],[[73.0766,22.408],[73.0803,22.4284],[73.11,22.4587]]]},"properties":{"upc":"N/01001/06001/GJ","state":"Gujarat"}},{"type":"Feature","geometry":{"type":"MultiLineString","coordinates":[[[73.0063,22.0048],[73.0255,22.0549],[73.0603,22.1122]],[[73.0633,22.1173],[73.0943,22.1868]],[[73.0943,22.1868],[73.1029,22.2051]],[[73.1029,22.2051],[73.1078,22.2153]],[[73.1097,22.2192],[73.1131,22.2268]],[[73.1131,22.2268],[73.1048,22.27]]]},"properties":{"upc":"N/01001/07001/GJ","state":"Gujarat"}},{"type":"Feature","geometry":{"type":"MultiLineString","coordinates":[[[72.9361,21.7424],[72.9378,21.7975]],[[72.9378,21.7975],[72.9384,21.8068]],[[72.9384,21.8068],[72.9416,21.8435],[72.9788,21.9373]],[[72.9788,21.9373],[73.0063,22.0048]]]},"properties":{"upc":"N/01001/08001/GJ","state":"Gujarat"}},{"type":"Feature","geometry":{"type":"MultiLineString","coordinates":[[[72.9384,21.6234],[72.9421,21.6525]],[[72.9421,21.6525],[72.9268,21.6972],[72.9361,21.7424],[72.9357,21.7361]]]},"properties":{"upc":"N/01001/09001/GJ","state":"Gujarat"}},{"type":"Feature","geometry":{"type":"MultiLineString","coordinates":[[[72.9656,21.4127],[72.9493,21.4387]],[[72.9493,21.4387],[72.9221,21.4983]],[[72.9223,21.5042],[72.9384,21.6234]]]},"properties":{"upc":"N/01001/10001/GJ","state":"Gujarat"}},{"type":"Feature","geometry":{"type":"MultiLineString","coordinates":[[[72.9514,21.2792],[72.9557,21.3097],[72.9638,21.3177],[72.9585,21.385]]]},"properties":{"upc":"N/01001/11001/GJ","state":"Gujarat"}},{"type":"Feature","geometry":{"type":"MultiLineString","coordinates":[[[73.0411,21.106],[73.0387,21.1143]],[[73.0387,21.1143],[73.0497,21.251],[73.0454,21.2782]],[[73.0454,21.2782],[73.0443,21.291]],[[73.0443,21.291],[73.0311,21.3393]],[[73.0311,21.3393],[73.0051,21.3686]],[[73.0051,21.3686],[72.9656,21.4127]]]},"properties":{"upc":"N/01001/11002/GJ","state":"Gujarat"}},{"type":"Feature","geometry":{"type":"MultiLineString","coordinates":[[[73.0743,20.8627],[73.0689,20.9097],[73.0565,20.9363]],[[73.0565,20.9363],[73.057,20.9547]],[[73.057,20.9547],[73.0554,20.9696]],[[73.0554,20.9696],[73.054,21.0593]],[[73.054,21.0593],[73.0477,21.0828]],[[73.0477,21.0828],[73.0411,21.106]]]},"properties":{"upc":"N/01001/11003/GJ","state":"Gujarat"}},{"type":"Feature","geometry":{"type":"MultiLineString","coordinates":[[[72.9908,20.5879],[73.0001,20.6142]],[[73.0007,20.6161],[73.0323,20.659]],[[73.0323,20.659],[73.0709,20.7458]],[[73.0753,20.7526],[73.0759,20.7829]],[[73.0759,20.7829],[73.0823,20.8335]],[[73.0823,20.8335],[73.079,20.8435]],[[73.0755,20.8503],[73.0743,20.8627]],[[72.9885,20.5679],[72.9908,20.5879]]]},"properties":{"upc":"N/01001/11004/GJ","state":"Gujarat"}},{"type":"Feature","geometry":{"type":"MultiLineString","coordinates":[[[72.9821,20.3386],[72.9809,20.3557]],[[72.9809,20.3557],[72.9619,20.4054],[72.9725,20.4475],[72.9723,20.5065],[72.9915,20.5477],[72.9885,20.5679]]]},"properties":{"upc":"N/01001/11005/GJ","state":"Gujarat"}},{"type":"Feature","geometry":{"type":"MultiLineString","coordinates":[[[72.9062,20.1429],[72.9168,20.152]],[[72.9168,20.152],[72.9412,20.1891],[72.9554,20.2321],[72.9564,20.2971],[72.9813,20.3164],[72.9824,20.337]]]},"properties":{"upc":"N/01001/11006/GJ","state":"Gujarat"}},{"type":"Feature","geometry":{"type":"MultiLineString","coordinates":[[[72.6288,22.9883],[72.7563,22.9188],[72.7969,22.8795],[72.8666,22.7341],[72.9331,22.6451],[73.0369,22.5409],[73.0705,22.487],[73.11,22.4756],[73.1234,22.4398],[73.1905,22.3666]]]},"properties":{"upc":"N/01002/01001/GJ","state":"Gujarat"}},{"type":"Feature","geometry":{"type":"MultiLineString","coordinates":[[[77.8219,13.0907],[77.8305,13.0395],[77.9067,13.0448],[78.0238,13.0355]]]},"properties":{"upc":"N/01003/01001/KA","state":"Karnataka"}},{"type":"Feature","geometry":{"type":"MultiLineString","coordinates":[[[78.0229,13.0356],[78.1195,13.0362],[78.2105,13.0161],[78.2702,13.0117]]]},"properties":{"upc":"N/01003/02001/KA","state":"Karnataka"}},{"type":"Feature","geometry":{"type":"MultiLineString","coordinates":[[[78.2696,13.0117],[78.3592,12.9959],[78.426,13.0079]]]},"properties":{"upc":"N/01003/02002/KA","state":"Karnataka"}},{"type":"Feature","geometry":{"type":"MultiLineString","coordinates":[[[78.419,13.0056],[78.4657,13.0147],[78.5243,13.0764],[78.567,13.0899],[78.6063,13.1144],[78.6139,13.1275]]]},"properties":{"upc":"N/01003/03001/AP","state":"Andhra Pradesh"}},{"type":"Feature","geometry":{"type":"MultiLineString","coordinates":[[[78.6139,13.1275],[78.6435,13.1455],[78.6769,13.1449],[78.7345,13.183],[78.7637,13.1892],[78.7768,13.2038],[78.8272,13.1816],[78.9071,13.1734]]]},"properties":{"upc":"N/01003/04002/AP","state":"Andhra Pradesh"}},{"type":"Feature","geometry":{"type":"MultiLineString","coordinates":[[[78.9071,13.1734],[78.9363,13.1691],[78.9966,13.1787],[79.0429,13.1698],[79.1037,13.121]]]},"properties":{"upc":"N/01003/04003/AP","state":"Andhra Pradesh"}},{"type":"Feature","geometry":{"type":"MultiLineString","coordinates":[[[79.2978,13.0511],[79.3442,13.0501]],[[79.4029,13.035],[79.4127,13.0333]],[[79.4287,13.0267],[79.4405,13.0244]],[[79.4637,13.0173],[79.4809,13.0075]],[[79.4902,13.0029],[79.5118,12.9935]]]},"properties":{"upc":"N/01003/06003/TN","state":"Tamil Nadu"}},{"type":"Feature","geometry":{"type":"MultiLineString","coordinates":[[[80.1632,13.0613],[80.0951,13.0563],[80.042,13.0354],[79.9996,13.0122],[79.9737,12.984]]]},"properties":{"upc":"N/01003/08002/TN","state":"Tamil Nadu"}},{"type":"Feature","geometry":{"type":"MultiLineString","coordinates":[[[76.881,28.7956],[76.8357,28.8263],[76.7664,28.9482],[76.6908,29.0468]]]},"properties":{"upc":"N/01004/01002/HR","state":"Haryana"}},{"type":"Feature","geometry":{"type":"MultiLineString","coordinates":[[[76.6015,29.2002],[76.6012,29.224],[76.5796,29.2359],[76.5676,29.2548]],[[76.6908,29.0468],[76.6727,29.073],[76.6562,29.1207],[76.6015,29.2002]]]},"properties":{"upc":"N/01004/01003/HR","state":"Haryana"}},{"type":"Feature","geometry":{"type":"MultiLineString","coordinates":[[[76.5373,29.3115],[76.5229,29.3496],[76.4893,29.4019],[76.4127,29.4899]],[[76.5406,29.2984],[76.5373,29.3115]],[[76.5686,29.2532],[76.5406,29.2984]]]},"properties":{"upc":"N/01004/01004/HR","state":"Haryana"}},{"type":"Feature","geometry":{"type":"MultiLineString","coordinates":[[[76.4125,29.4899],[76.3813,29.5251],[76.3224,29.6386],[76.2653,29.7149]]]},"properties":{"upc":"N/01004/01005/HR","state":"Haryana"}},{"type":"Feature","geometry":{"type":"MultiLineString","coordinates":[[[76.2653,29.7149],[76.2193,29.7636],[76.2149,29.7842],[76.1011,29.9467],[76.088,30.0092]]]},"properties":{"upc":"N/01004/01006/HR","state":"Haryana"}},{"type":"Feature","geometry":{"type":"MultiLineString","coordinates":[[[76.088,30.0092],[76.0623,30.0945],[75.9836,30.2722]]]},"properties":{"upc":"N/01004/01007/PB","state":"Punjab"}},{"type":"Feature","geometry":{"type":"MultiLineString","coordinates":[[[75.9836,30.2722],[75.9294,30.3698],[75.9181,30.4201],[75.9075,30.4357],[75.9146,30.549],[75.8872,30.5806]]]},"properties":{"upc":"N/01004/01008/PB","state":"Punjab"}},{"type":"Feature","geometry":{"type":"MultiLineString","coordinates":[[[75.8872,30.5806],[75.8517,30.6259],[75.79,30.6767],[75.7598,30.7621]],[[75.7598,30.7621],[75.7043,30.8441]]]},"properties":{"upc":"N/01004/01009/PB","state":"Punjab"}},{"type":"Feature","geometry":{"type":"MultiLineString","coordinates":[[[75.7043,30.8441],[75.6542,30.9236],[75.637,30.9903],[75.5761,31.0759],[75.5185,31.1917]]]},"properties":{"upc":"N/01004/01010/PB","state":"Punjab"}},{"type":"Feature","geometry":{"type":"MultiLineString","coordinates":[[[75.5053,31.2028],[75.4882,31.2116]],[[75.5185,31.1917],[75.4974,31.2373],[75.4907,31.3271]],[[75.4882,31.2116],[75.3708,31.2354],[75.2686,31.2704]]]},"properties":{"upc":"N/01004/01011/PB","state":"Punjab"}},{"type":"Feature","geometry":{"type":"MultiLineString","coordinates":[[[75.4271,31.703],[75.4303,31.8185],[75.4108,31.9061],[75.4015,32.0177]]]},"properties":{"upc":"N/01004/01013/PB","state":"Punjab"}},{"type":"Feature","geometry":{"type":"MultiLineString","coordinates":[[[75.2686,31.2704],[75.153,31.3254],[75.1245,31.3558]]]},"properties":{"upc":"N/01004/01014/PB","state":"Punjab"}},{"type":"Feature","geometry":{"type":"MultiLineString","coordinates":[[[74.9837,31.5613],[74.9822,31.5902]],[[75.1245,31.3558],[75.1043,31.3928],[75.0659,31.4354],[75.0438,31.4882],[74.984,31.5626]]]},"properties":{"upc":"N/01004/01015/PB","state":"Punjab"}},{"type":"Feature","geometry":{"type":"MultiLineString","coordinates":[[[74.9822,31.5902],[74.9621,31.6555],[74.9327,31.6847],[74.9012,31.7051],[74.8287,31.7207],[74.81,31.7455],[74.7909,31.7423]]]},"properties":{"upc":"N/01004/01016/PB","state":"Punjab"}},{"type":"Feature","geometry":{"type":"MultiLineString","coordinates":[[[77.1152,28.9167],[77.1733,28.9163],[77.2458,28.8776],[77.3162,28.8736]]]},"properties":{"upc":"N/01005/01002/HR","state":"Haryana"}},{"type":"Feature","geometry":{"type":"MultiLineString","coordinates":[[[77.3162,28.8736],[77.379,28.8342],[77.4938,28.7231]]]},"properties":{"upc":"N/01005/01003/UP","state":"Uttar Pradesh"}},{"type":"Feature","geometry":{"type":"MultiLineString","coordinates":[[[77.4938,28.7231],[77.528,28.6974],[77.5485,28.6],[77.5675,28.5667],[77.6003,28.5351]]]},"properties":{"upc":"N/01005/01004/UP","state":"Uttar Pradesh"}},{"type":"Feature","geometry":{"type":"MultiLineString","coordinates":[[[77.6003,28.5351],[77.5951,28.5088],[77.6094,28.4618],[77.5824,28.4315],[77.5737,28.4099],[77.5288,28.3654]]]},"properties":{"upc":"N/01005/01005/UP","state":"Uttar Pradesh"}},{"type":"Feature","geometry":{"type":"MultiLineString","coordinates":[[[77.5288,28.3654],[77.4968,28.3146],[77.4523,28.313],[77.4385,28.305],[77.44,28.2321]]]},"properties":{"upc":"N/01005/01006/UP","state":"Uttar Pradesh"}},{"type":"Feature","geometry":{"type":"MultiLineString","coordinates":[[[77.44,28.2321],[77.4241,28.204],[77.3986,28.1095],[77.3805,28.0994],[77.3245,28.098]]]},"properties":{"upc":"N/01005/01007/HR","state":"Haryana"}},{"type":"Feature","geometry":{"type":"MultiLineString","coordinates":[[[80.4584,26.4643],[80.4506,26.4675]],[[80.472,26.4663],[80.4584,26.4643]],[[80.5177,26.4654],[80.4891,26.4709]],[[80.5417,26.4638],[80.5177,26.4654]],[[80.5713,26.4714],[80.5417,26.4638]],[[80.5939,26.4808],[80.5713,26.4714]],[[80.6381,26.4919],[80.5939,26.4808]],[[80.6715,26.5066],[80.6448,26.4935]],[[80.7309,26.5406],[80.6766,26.5091]],[[80.761,26.5684],[80.7548,26.5554],[80.7309,26.5406]],[[80.761,26.6064],[80.7616,26.5699]],[[80.7822,26.6393],[80.761,26.6064]],[[80.7891,26.6441],[80.7822,26.6393]]]},"properties":{"upc":"N/01006/01001/UP","state":"Uttar Pradesh"}},{"type":"Feature","geometry":{"type":"MultiLineString","coordinates":[[[77.2842,28.6148],[77.3345,28.6325]],[[77.2559,28.5979],[77.2842,28.6148]]]},"properties":{"upc":"N/01007/01001/DL","state":"Delhi"}},{"type":"Feature","geometry":{"type":"MultiLineString","coordinates":[[[77.3345,28.6325],[77.3815,28.6322],[77.4131,28.6413],[77.4568,28.6341],[77.4809,28.6659],[77.5136,28.6837]]]},"properties":{"upc":"N/01007/02001/DL","state":"Delhi"}},{"type":"Feature","geometry":{"type":"MultiLineString","coordinates":[[[77.5436,28.6883],[77.5976,28.6975],[77.5436,28.6883]],[[77.6021,28.6983],[77.7091,28.7181]],[[77.7091,28.7181],[77.7262,28.7186],[77.7091,28.7181]],[[77.5215,28.6848],[77.5436,28.6883]],[[77.5187,28.6844],[77.5136,28.6837],[77.5187,28.6844]]]},"properties":{"upc":"N/01007/03001/DL","state":"Delhi"}},{"type":"Feature","geometry":{"type":"MultiLineString","coordinates":[[[77.5039,28.6801],[77.6062,28.7898],[77.6548,28.8305],[77.6505,28.8803],[77.6361,28.9094]]]},"properties":{"upc":"N/01007/04001/DL","state":"Delhi"}},{"type":"Feature","geometry":{"type":"MultiLineString","coordinates":[[[77.6506,28.8266],[77.6938,28.8566]],[[77.695,28.858],[77.7319,28.8908],[77.7311,28.9257]]]},"properties":{"upc":"N/01007/05001/UP","state":"Uttar Pradesh"}},{"type":"Feature","geometry":{"type":"MultiLineString","coordinates":[[[72.4869,22.9477],[72.4554,22.906],[72.3431,22.6113],[72.2691,22.4682],[72.2457,22.3372],[72.1737,22.2342],[72.1165,22.1084],[72.1094,22.0509]]]},"properties":{"upc":"N/01008/01001/GJ","state":"Gujarat"}},{"type":"Feature","geometry":{"type":"MultiLineString","coordinates":[[[72.4869,22.9477],[72.4554,22.906],[72.4006,22.7642]]]},"properties":{"upc":"N/01008/01002/GJ","state":"Gujarat"}},{"type":"Feature","geometry":{"type":"MultiLineString","coordinates":[[[72.4006,22.7642],[72.3489,22.6251],[72.3078,22.5415]]]},"properties":{"upc":"N/01008/01003/GJ","state":"Gujarat"}},{"type":"Feature","geometry":{"type":"MultiLineString","coordinates":[[[72.3078,22.5415],[72.2676,22.4637],[72.2489,22.3484]]]},"properties":{"upc":"N/01008/01004/GJ","state":"Gujarat"}},{"type":"Feature","geometry":{"type":"MultiLineString","coordinates":[[[72.2489,22.3484],[72.1751,22.2366],[72.1446,22.1735],[72.1125,22.096],[72.1094,22.0509]]]},"properties":{"upc":"N/01008/01005/GJ","state":"Gujarat"}},{"type":"Feature","geometry":{"type":"MultiLineString","coordinates":[[[75.7343,26.8939],[75.7287,26.9036],[75.7334,26.9566],[75.7687,26.9971],[75.8358,27.0492],[75.8356,27.0922],[75.8675,27.171],[75.9188,27.2218],[75.9498,27.2295],[75.9475,27.2755],[75.9623,27.2895],[75.9517,27.3105],[75.9568,27.3698],[75.9706,27.3954],[75.992,27.406],[76.0192,27.4378],[76.0196,27.4514],[76.0426,27.4638],[76.0743,27.5495],[76.0782,27.593],[76.183,27.6869],[76.2053,27.7163],[76.2349,27.7918],[76.2596,27.8274],[76.255,27.8376],[76.2688,27.8662],[76.3398,27.9402],[76.4359,28.0033],[76.4556,28.0035],[76.7376,28.1969],[76.7536,28.2054],[76.7917,28.2077],[76.8328,28.2692],[76.9028,28.3255],[76.9369,28.3368],[76.9443,28.3702],[76.9785,28.3919]]]},"properties":{"upc":"N/02001/02001/RJ","state":"Rajasthan"}},{"type":"Feature","geometry":{"type":"MultiLineString","coordinates":[[[75.9269,26.874],[75.9172,26.8262],[75.9264,26.7944],[75.9243,26.7637],[75.8908,26.731],[75.8641,26.7266],[75.7733,26.7457],[75.7462,26.7605],[75.6835,26.8271],[75.6778,26.8634]]]},"properties":{"upc":"N/02001/03001/RJ","state":"Rajasthan"}},{"type":"Feature","geometry":{"type":"MultiLineString","coordinates":[[[75.8315,27.1273],[75.8758,27.1247],[75.8942,27.1386],[75.9532,27.1479],[75.9708,27.144],[75.9519,27.0324],[75.9334,26.9854],[75.9374,26.9595],[75.9144,26.9221],[75.9271,26.9013],[75.9271,26.8732]]]},"properties":{"upc":"N/02001/03002/RJ","state":"Rajasthan"}},{"type":"Feature","geometry":{"type":"MultiLineString","coordinates":[[[74.9041,26.5845],[74.7806,26.4355],[74.745,26.3201],[74.7538,26.289],[74.7462,26.2744],[74.7239,26.2702],[74.7191,26.2624],[74.7185,26.2023],[74.6963,26.1228],[74.6346,25.981],[74.6329,25.8931],[74.6174,25.8521]]]},"properties":{"upc":"N/02001/05001/RJ","state":"Rajasthan"}},{"type":"Feature","geometry":{"type":"MultiLineString","coordinates":[[[74.569,24.8334],[74.5838,24.8529],[74.5851,24.908],[74.6425,24.9679],[74.6454,24.9828],[74.641,25.014],[74.6258,25.0448],[74.6246,25.1502],[74.6134,25.1998],[74.6353,25.2624],[74.5624,25.3143],[74.5822,25.3617],[74.5787,25.3794],[74.6104,25.4177],[74.6025,25.4304],[74.6089,25.4738],[74.5913,25.5168],[74.589,25.5461],[74.5931,25.6359],[74.6316,25.7616],[74.6152,25.7966],[74.6175,25.8521]]]},"properties":{"upc":"N/02001/06001/RJ","state":"Rajasthan"}},{"type":"Feature","geometry":{"type":"MultiLineString","coordinates":[[[74.5693,24.8336],[74.5408,24.8222],[74.5091,24.7819],[74.4822,24.768],[74.4722,24.7471],[74.4539,24.732],[74.3641,24.712],[74.3065,24.6549],[74.3005,24.6184],[74.2867,24.6105],[74.2108,24.6154],[74.127,24.6065],[73.8699,24.6256],[73.79,24.6012]]]},"properties":{"upc":"N/02001/07001/RJ","state":"Rajasthan"}},{"type":"Feature","geometry":{"type":"MultiLineString","coordinates":[[[73.6543,24.454],[73.6505,24.4882],[73.6711,24.5192],[73.7377,24.5591],[73.7475,24.5899],[73.7856,24.5969]]]},"properties":{"upc":"N/02001/08001/RJ","state":"Rajasthan"}},{"type":"Feature","geometry":{"type":"MultiLineString","coordinates":[[[73.3613,23.6805],[73.386,23.6884],[73.392,23.7144],[73.4042,23.7282],[73.4334,23.7408],[73.4459,23.7635],[73.4689,23.7501],[73.4854,23.7684],[73.5169,23.7785],[73.5249,23.7972],[73.5208,23.8342],[73.5359,23.8876],[73.5638,23.9182],[73.5937,23.9828],[73.6546,24.0042],[73.6616,24.0468],[73.6946,24.0981],[73.6982,24.1139],[73.6903,24.1288],[73.6958,24.136],[73.6863,24.1486],[73.6858,24.1743],[73.7044,24.1991],[73.6756,24.2515],[73.6789,24.3122],[73.6583,24.3483],[73.6371,24.364],[73.6284,24.4127],[73.6543,24.454]]]},"properties":{"upc":"N/02001/09001/RJ","state":"Rajasthan"}},{"type":"Feature","geometry":{"type":"MultiLineString","coordinates":[[[73.3626,23.6809],[73.3185,23.6583],[73.2944,23.6228],[73.2015,23.5986],[73.1733,23.6054],[73.1457,23.5969],[73.1161,23.6062],[73.0241,23.5833],[72.9587,23.5807],[72.9506,23.54],[72.931,23.5135],[72.8823,23.4762],[72.8682,23.4599],[72.8673,23.4471],[72.8429,23.4413],[72.8429,23.4298],[72.7799,23.3374],[72.777,23.3161],[72.7313,23.2278]],[[73.3853,23.6883],[73.3627,23.6809]]]},"properties":{"upc":"N/02001/10001/GJ","state":"Gujarat"}},{"type":"Feature","geometry":{"type":"MultiLineString","coordinates":[[[72.7313,23.2278],[72.7128,23.1974],[72.7071,23.1671],[72.6733,23.111]]]},"properties":{"upc":"N/02001/11001/GJ","state":"Gujarat"}},{"type":"Feature","geometry":{"type":"MultiLineString","coordinates":[[[72.5953,22.9295],[72.5883,22.9725]],[[72.5953,22.9295],[72.5923,22.862],[72.6028,22.8393]],[[72.6028,22.8393],[72.6635,22.7495],[72.6645,22.7322],[72.6813,22.7196],[72.8245,22.7084],[72.8281,22.6933],[72.8846,22.644],[72.9286,22.6195]],[[72.9286,22.6195],[72.9761,22.5737],[73.0701,22.4567],[73.0761,22.4379]],[[73.0761,22.4379],[73.1134,22.4292],[73.1574,22.3761],[73.1927,22.3639]]]},"properties":{"upc":"N/02001/12001/GJ","state":"Gujarat"}},{"type":"Feature","geometry":{"type":"MultiLineString","coordinates":[[[73.2313,22.3511],[73.2547,22.326],[73.2535,22.2952],[73.2122,22.2414],[73.187,22.2238],[73.1921,22.2006],[73.1821,22.1699],[73.1894,22.0971],[73.1673,22.0885],[73.1309,22.0584],[73.0189,21.7557],[73.0255,21.7353],[73.0673,21.6963],[73.0708,21.6821],[73.0559,21.6535],[73.0002,21.6151]]]},"properties":{"upc":"N/02001/13001/GJ","state":"Gujarat"}},{"type":"Feature","geometry":{"type":"MultiLineString","coordinates":[[[72.9585,21.385],[72.9678,21.4318],[72.9977,21.4689],[73.0056,21.5328]],[[73.0003,21.615],[72.9951,21.5846],[73.0073,21.5516],[73.0056,21.5328]]]},"properties":{"upc":"N/02001/14001/GJ","state":"Gujarat"}},{"type":"Feature","geometry":{"type":"MultiLineString","coordinates":[[[72.9779,21.0863],[72.9805,21.0652],[72.9697,21.034],[72.9732,21.0043],[72.959,20.9479],[73.039,20.9036],[73.0622,20.8692],[73.0713,20.804],[73.0566,20.7603],[73.028,20.7249],[72.9504,20.6762],[72.9609,20.6336],[72.9618,20.6057],[72.9506,20.5937],[72.9616,20.5359],[72.9202,20.4617],[72.9108,20.3865],[72.9229,20.368],[72.9084,20.3507],[72.9005,20.2894],[72.8843,20.2606],[72.8818,20.2141],[72.9169,20.1475],[72.912,20.0953],[72.9515,19.8328],[72.9119,19.7967],[72.9168,19.7387],[72.9353,19.7167],[72.9104,19.7047],[72.906,19.6763],[72.9066,19.6534],[72.9153,19.6427],[72.91,19.623],[72.9184,19.5013],[72.8874,19.4665]],[[72.9663,21.1411],[72.9779,21.0863]]]},"properties":{"upc":"N/02001/16001/GJ","state":"Gujarat"}},{"type":"Feature","geometry":{"type":"MultiLineString","coordinates":[[[72.9514,21.2792],[72.9685,21.245],[72.9613,21.1632],[72.9663,21.1411]]]},"properties":{"upc":"N/02001/17001/GJ","state":"Gujarat"}},{"type":"Feature","geometry":{"type":"MultiLineString","coordinates":[[[77.1366,28.8108],[77.0762,28.7927],[77.0379,28.7218]]]},"properties":{"upc":"N/02001/19002/DL","state":"Delhi"}},{"type":"Feature","geometry":{"type":"MultiLineString","coordinates":[[[77.0379,28.7218],[77.0214,28.7215],[77.013,28.7085],[77.0214,28.6914],[76.9947,28.6419],[76.9992,28.6262]]]},"properties":{"upc":"N/02001/19003/DL","state":"Delhi"}},{"type":"Feature","geometry":{"type":"MultiLineString","coordinates":[[[76.9992,28.6262],[76.9988,28.6114],[77.0093,28.6067],[77.0077,28.5715],[77.0341,28.5605]]]},"properties":{"upc":"N/02001/19004/DL","state":"Delhi"}},{"type":"Feature","geometry":{"type":"MultiLineString","coordinates":[[[76.949,29.0151],[76.9653,29.01]],[[77.0694,28.7808],[77.0479,28.7936],[77.0239,28.8282],[77.0138,28.8956],[76.9517,28.9854],[76.9642,29.0074],[77.0699,29.0397]]]},"properties":{"upc":"N/02001/19005/DL","state":"Haryana"}},{"type":"Feature","geometry":{"type":"MultiLineString","coordinates":[[[76.9968,28.6453],[76.9763,28.658],[76.9405,28.6608],[76.9349,28.6685]]]},"properties":{"upc":"N/02001/19006/DL","state":"Delhi"}},{"type":"Feature","geometry":{"type":"MultiLineString","coordinates":[[[77.3351,28.3049],[77.4074,28.2727],[77.4392,28.2315]],[[77.4414,28.2354],[77.4481,28.2289],[77.5359,28.2172],[77.5564,28.1899],[77.5582,28.1733],[77.5651,28.1726]],[[77.3448,28.3128],[77.3458,28.3047],[77.4085,28.2726],[77.4424,28.2389]],[[77.5752,28.1752],[77.5675,28.1737]],[[77.4394,28.2309],[77.5343,28.2174],[77.5558,28.1897],[77.5577,28.173],[77.5675,28.169]],[[77.5682,28.1685],[77.5756,28.1748]]]},"properties":{"upc":"N/02001/22001/HR","state":"Haryana"}},{"type":"Feature","geometry":{"type":"MultiLineString","coordinates":[[[73.7926,18.5036],[73.7745,18.5094]]]},"properties":{"upc":"N/02002/01001/MH","state":"Maharashtra"}},{"type":"Feature","geometry":{"type":"MultiLineString","coordinates":[[[74.0216,17.6173],[74.0118,17.6461],[74.0259,17.7194],[73.9948,17.7534],[73.9523,17.8535],[73.9566,17.8678],[73.9713,17.8782],[73.9781,17.9456],[73.9951,18.0025],[74.0277,18.0213],[73.9756,18.1465],[73.9544,18.1637],[73.9482,18.1987],[73.8854,18.2588],[73.8734,18.3006],[73.8523,18.3258],[73.8566,18.3901],[73.8395,18.4407],[73.7894,18.4919],[73.792,18.5057],[73.7695,18.5141],[73.7812,18.5385],[73.7206,18.6866]]]},"properties":{"upc":"N/02002/03001/MH","state":"Maharashtra"}},{"type":"Feature","geometry":{"type":"MultiLineString","coordinates":[[[73.9952,18.0026],[74.0013,18.0242],[74.0141,18.0326],[74.0138,18.0521]]]},"properties":{"upc":"N/02002/04001/MH","state":"Maharashtra"}},{"type":"Feature","geometry":{"type":"MultiLineString","coordinates":[[[74.9697,15.4904],[74.8818,15.5435],[74.8549,15.5497],[74.8342,15.5439],[74.7623,15.6157],[74.6927,15.7285],[74.66,15.743],[74.6427,15.774],[74.569,15.809],[74.5324,15.8574],[74.5242,15.8878],[74.527,15.9314],[74.5143,15.9586]]]},"properties":{"upc":"N/02002/12001/KA","state":"Karnataka"}},{"type":"Feature","geometry":{"type":"MultiLineString","coordinates":[[[74.9662,15.4341],[74.9676,15.45]],[[74.9977,15.4011],[74.9778,15.4124],[74.9662,15.4341]],[[74.9666,15.4584],[74.9697,15.4904]],[[74.9676,15.45],[74.9666,15.4584]],[[74.9812,15.4097],[74.9683,15.4395]],[[74.9691,15.4418],[74.9697,15.4904]],[[74.9978,15.401],[74.9812,15.4097]],[[75.0619,15.3522],[74.9977,15.4011]],[[75.032,15.3717],[74.9978,15.401]],[[75.0566,15.3558],[75.032,15.3717]],[[75.0791,15.3427],[75.0596,15.3537]],[[75.0969,15.3337],[75.0619,15.3522]],[[75.0882,15.3377],[75.0791,15.3427]],[[75.1133,15.3301],[75.0882,15.3377]],[[75.1239,15.326],[75.0969,15.3337]],[[75.1409,15.318],[75.1133,15.3301]],[[75.1409,15.318],[75.1239,15.326]]]},"properties":{"upc":"N/02002/13001/KA","state":"Karnataka"}},{"type":"Feature","geometry":{"type":"MultiLineString","coordinates":[[[75.3235,14.859],[75.32,14.868]],[[75.3126,14.8779],[75.3007,14.8895]],[[75.2946,14.8955],[75.2824,14.9074]],[[75.2432,14.9603],[75.2367,14.9708]],[[75.1724,15.0393],[75.1681,15.0533]],[[75.152,15.0828],[75.153,15.1046]],[[75.1458,15.1407],[75.1433,15.1523]],[[75.1379,15.207],[75.1401,15.2164]],[[75.1456,15.2534],[75.145,15.2635]]]},"properties":{"upc":"N/02002/14001/KA","state":"Karnataka"}},{"type":"Feature","geometry":{"type":"MultiLineString","coordinates":[[[75.4825,14.718],[75.4216,14.7728],[75.3912,14.7789],[75.3588,14.8339]],[[75.6546,14.5895],[75.6113,14.6105],[75.515,14.7073],[75.4819,14.7169]],[[75.9185,14.4329],[75.7839,14.4881],[75.7644,14.5356],[75.6546,14.5895]]]},"properties":{"upc":"N/02002/15001/KA","state":"Karnataka"}},{"type":"Feature","geometry":{"type":"MultiLineString","coordinates":[[[76.4164,14.2179],[76.4337,14.1976],[76.4529,14.1923],[76.5209,14.1159],[76.5752,14.0373],[76.5903,13.993],[76.621,13.9559],[76.6328,13.9268],[76.6539,13.9185],[76.7292,13.8445],[76.7551,13.8354],[76.809,13.7909],[76.8851,13.7516],[76.9136,13.7145],[76.919,13.6722],[76.9909,13.5535],[77.0117,13.4967],[77.0302,13.4825],[77.0911,13.3962]]]},"properties":{"upc":"N/02002/17001/KA","state":"Karnataka"}},{"type":"Feature","geometry":{"type":"MultiLineString","coordinates":[[[77.3767,13.1125],[77.3387,13.151],[77.2866,13.1832],[77.2381,13.2378],[77.1594,13.3038]]]},"properties":{"upc":"N/02002/18001/KA","state":"Karnataka"}},{"type":"Feature","geometry":{"type":"MultiLineString","coordinates":[[[77.4089,13.0868],[77.3885,13.0952],[77.378,13.1107]],[[77.4815,13.0543],[77.4106,13.086]],[[77.5352,13.0314],[77.4824,13.054]]]},"properties":{"upc":"N/02002/20001/KA","state":"Karnataka"}},{"type":"Feature","geometry":{"type":"MultiLineString","coordinates":[[[77.2841,12.8117],[77.2747,12.8891],[77.2476,12.9344],[77.2747,12.8891],[77.2866,12.805],[77.2996,12.7847],[77.3278,12.7722],[77.3226,12.7414],[77.3023,12.7183],[77.309,12.6863],[77.3023,12.7183],[77.3226,12.7414],[77.3278,12.7722],[77.2975,12.7865],[77.2841,12.8117]]]},"properties":{"upc":"N/02003/01003/KA","state":"Karnataka"}},{"type":"Feature","geometry":{"type":"MultiLineString","coordinates":[[[77.7768,12.6374],[77.8054,12.6331],[77.8497,12.6539],[77.8942,12.6967],[77.9039,12.7405],[77.8938,12.7746],[77.9038,12.801],[77.8897,12.8713]]]},"properties":{"upc":"N/02003/01004/KA","state":"Karnataka"}},{"type":"Feature","geometry":{"type":"MultiLineString","coordinates":[[[77.5652,12.666],[77.5939,12.7173],[77.6064,12.7187]]]},"properties":{"upc":"N/02003/01005/KA","state":"Karnataka"}},{"type":"Feature","geometry":{"type":"MultiLineString","coordinates":[[[77.6064,12.7187],[77.6155,12.7254],[77.6502,12.7223],[77.6994,12.6723],[77.7151,12.6434],[77.7425,12.6354],[77.7784,12.6373]]]},"properties":{"upc":"N/02003/01006/KA","state":"Karnataka"}},{"type":"Feature","geometry":{"type":"MultiLineString","coordinates":[[[77.309,12.6863],[77.3834,12.6185],[77.5305,12.6236],[77.5652,12.666]]]},"properties":{"upc":"N/02003/01008/KA","state":"Karnataka"}},{"type":"Feature","geometry":{"type":"MultiLineString","coordinates":[[[77.2416,13.2279],[77.2957,13.2398],[77.3379,13.2678],[77.4399,13.2921],[77.5095,13.3023],[77.5269,13.2787],[77.5466,13.2722],[77.6005,13.2844]]]},"properties":{"upc":"N/02003/02002/KA","state":"Karnataka"}},{"type":"Feature","geometry":{"type":"MultiLineString","coordinates":[[[77.6006,13.2844],[77.6767,13.2662],[77.7292,13.264],[77.7337,13.229],[77.7804,13.1942],[77.8088,13.1331]],[[77.8088,13.1331],[77.8223,13.0871]]]},"properties":{"upc":"N/02003/02003/KA","state":"Karnataka"}},{"type":"Feature","geometry":{"type":"MultiLineString","coordinates":[[[77.7792,12.7756],[77.8244,12.7367],[77.8967,12.7109],[77.9228,12.6888],[78.0704,12.6372],[78.0928,12.6104],[78.1356,12.5978],[78.2005,12.5457],[78.2229,12.5063],[78.2214,12.4967]]]},"properties":{"upc":"N/02003/05001/TN","state":"Tamil Nadu"}},{"type":"Feature","geometry":{"type":"MultiLineString","coordinates":[[[78.2226,12.5074],[78.2397,12.5317],[78.2688,12.5358]],[[78.2695,12.5359],[78.3034,12.5361]],[[78.3034,12.5361],[78.3266,12.5479]],[[78.3266,12.5479],[78.3506,12.5525]],[[78.3552,12.5517],[78.3626,12.5461]],[[78.3626,12.5461],[78.3936,12.5352]],[[78.3936,12.5352],[78.4242,12.545]],[[78.4242,12.545],[78.4328,12.5487]],[[78.4328,12.5487],[78.455,12.5541],[78.483,12.5756]],[[78.483,12.5756],[78.5022,12.5855]],[[78.5022,12.5855],[78.5134,12.5895]],[[78.5134,12.5895],[78.5548,12.6117]],[[78.5548,12.6117],[78.5683,12.6313]],[[78.5683,12.6313],[78.587,12.6542],[78.6054,12.6574],[78.6712,12.726]],[[78.699,12.7549],[78.6798,12.7322]],[[78.7179,12.7806],[78.699,12.7549]],[[78.7258,12.7896],[78.7179,12.7806]],[[78.7367,12.8043],[78.7258,12.7896]],[[78.7867,12.8359],[78.7608,12.8263],[78.7367,12.8043]],[[78.802,12.8452],[78.8111,12.8504]],[[78.8176,12.8537],[78.8269,12.8584]],[[78.8394,12.8652],[78.847,12.8703]],[[78.8563,12.876],[78.863,12.8804]],[[78.863,12.8804],[78.8712,12.885]],[[78.9029,12.8882],[78.9208,12.8972]],[[78.9322,12.9017],[78.9545,12.9062]],[[78.9546,12.9062],[78.9646,12.9078]],[[78.9646,12.9078],[78.9755,12.9094]],[[78.9755,12.9094],[78.9897,12.9105]],[[78.9897,12.9105],[78.9991,12.9111]],[[78.9991,12.9111],[79.0226,12.9148]],[[79.0226,12.9148],[79.0478,12.9173]],[[79.0478,12.9173],[79.0761,12.9146]],[[79.0761,12.9146],[79.0878,12.916]],[[79.0878,12.916],[79.101,12.9229]],[[79.101,12.9229],[79.1383,12.9324]],[[79.1383,12.9324],[79.146,12.9347]],[[79.146,12.9347],[79.2045,12.9466]],[[79.2045,12.9466],[79.2147,12.9476]],[[79.2147,12.9476],[79.2238,12.9468]],[[79.231,12.9438],[79.2472,12.9385]],[[79.2509,12.9364],[79.2601,12.9336]],[[79.2601,12.9336],[79.2826,12.917],[79.3042,12.9122]],[[79.3079,12.9129],[79.3258,12.9115]],[[79.3267,12.9135],[79.3301,12.9211],[79.3396,12.9193]],[[79.3424,12.9185],[79.3521,12.9142]],[[79.3521,12.9142],[79.3822,12.915]]]},"properties":{"upc":"N/02003/06001/TN","state":"Tamil Nadu"}},{"type":"Feature","geometry":{"type":"MultiLineString","coordinates":[[[79.9737,12.984],[79.9085,12.9336],[79.8171,12.9036],[79.776,12.8779],[79.6996,12.8732]]]},"properties":{"upc":"N/02003/08002/TN","state":"Tamil Nadu"}},{"type":"Feature","geometry":{"type":"MultiLineString","coordinates":[[[79.6996,12.8732],[79.647,12.8695],[79.6167,12.8743],[79.5765,12.8963],[79.4991,12.8962],[79.4069,12.9087]],[[79.4071,12.9087],[79.3822,12.915]]]},"properties":{"upc":"N/02003/08003/TN","state":"Tamil Nadu"}},{"type":"Feature","geometry":{"type":"MultiLineString","coordinates":[[[87.5733,22.3918],[87.5651,22.3945]],[[87.5584,22.3948],[87.48,22.3979],[87.4007,22.3822]],[[87.6903,22.3995],[87.6454,22.4036]],[[87.6454,22.4036],[87.6301,22.4012]],[[87.6301,22.4012],[87.5771,22.3915]],[[87.7419,22.4078],[87.7247,22.407]],[[87.8758,22.4337],[87.8656,22.4332]],[[87.8656,22.4332],[87.8473,22.4393],[87.7622,22.4138]],[[87.9253,22.4599],[87.8897,22.4461]],[[88.0269,22.4771],[87.9926,22.4716]],[[87.9926,22.4716],[87.9253,22.4599]],[[88.0536,22.4779],[88.0269,22.4771]],[[88.1228,22.4956],[88.099,22.4782],[88.0788,22.4771]],[[88.0788,22.4771],[88.0606,22.4783]],[[88.1378,22.5156],[88.1269,22.4997]],[[88.2687,22.6108],[88.2351,22.6018]],[[88.2351,22.6018],[88.2113,22.583]],[[88.3071,22.6482],[88.3022,22.6333]],[[88.3009,22.6296],[88.2687,22.6108]],[[87.4007,22.3822],[87.3727,22.3853]]]},"properties":{"upc":"N/02004/01001/WB","state":"West Bengal"}},{"type":"Feature","geometry":{"type":"MultiLineString","coordinates":[[[87.3497,22.0881],[87.3758,22.1261]]]},"properties":{"upc":"N/02004/02002/WB","state":"West Bengal"}},{"type":"Feature","geometry":{"type":"MultiLineString","coordinates":[[[86.5624,21.1422],[86.5757,21.1693],[86.6526,21.2112],[86.6511,21.2484],[86.6723,21.2817],[86.7811,21.3549],[86.8107,21.4089],[86.8796,21.4659],[86.8974,21.5345],[86.9224,21.5502]]]},"properties":{"upc":"N/02004/03001/OR","state":"Odisha"}},{"type":"Feature","geometry":{"type":"MultiLineString","coordinates":[[[86.1347,20.7077],[86.1544,20.7611],[86.144,20.7949],[86.2004,20.8196],[86.1995,20.8674],[86.2272,20.9128],[86.2714,20.9369],[86.2899,20.9282],[86.3833,20.9627],[86.4929,21.0543],[86.4954,21.0678],[86.513,21.0796],[86.5626,21.1424]]]},"properties":{"upc":"N/02004/04001/OR","state":"Odisha"}},{"type":"Feature","geometry":{"type":"MultiLineString","coordinates":[[[85.7948,20.2745],[85.8268,20.2964],[85.858,20.2954],[85.8822,20.3206],[85.8912,20.3644],[85.8776,20.4294],[85.8967,20.4465],[85.9315,20.5045],[85.9327,20.5191],[86.0563,20.6007],[86.059,20.6103],[86.1286,20.6707],[86.1348,20.7081]]]},"properties":{"upc":"N/02004/05001/OR","state":"Odisha"}},{"type":"Feature","geometry":{"type":"MultiLineString","coordinates":[[[85.5151,20.0296],[85.515,20.0669],[85.537,20.1273],[85.5247,20.2198],[85.5362,20.2445],[85.5578,20.2656],[85.5611,20.2931],[85.5789,20.3107],[85.572,20.4771],[85.6259,20.5973],[85.6343,20.603]],[[85.6343,20.603],[85.6483,20.6031]]]},"properties":{"upc":"N/02004/06001/OR","state":"Odisha"}},{"type":"Feature","geometry":{"type":"MultiLineString","coordinates":[[[85.394,19.9424],[85.4143,19.948],[85.4727,19.989],[85.5408,20.0543],[85.6073,20.1601],[85.6395,20.1766],[85.6475,20.192],[85.666,20.2025],[85.7808,20.2457],[85.7955,20.2758]]]},"properties":{"upc":"N/02004/09001/OR","state":"Odisha"}},{"type":"Feature","geometry":{"type":"MultiLineString","coordinates":[[[85.0642,19.3919],[85.0882,19.4819],[85.0817,19.5117],[85.0909,19.5586],[85.1219,19.6185],[85.177,19.685],[85.1853,19.7501],[85.2151,19.7841],[85.2447,19.7988],[85.2832,19.8401],[85.313,19.8539],[85.383,19.9147],[85.394,19.9424]]]},"properties":{"upc":"N/02004/10001/OR","state":"Odisha"}},{"type":"Feature","geometry":{"type":"MultiLineString","coordinates":[[[85.0644,19.3921],[84.9871,19.3506],[84.8649,19.3214],[84.7829,19.2775],[84.7457,19.2062],[84.7085,19.1553],[84.6971,19.1047],[84.6742,19.091],[84.6314,19.0457]]]},"properties":{"upc":"N/02004/11002/OR","state":"Odisha"}},{"type":"Feature","geometry":{"type":"MultiLineString","coordinates":[[[84.6317,19.046],[84.5725,18.9639],[84.5486,18.8932],[84.5063,18.8626],[84.4484,18.7878],[84.3995,18.7762],[84.401,18.7461],[84.3801,18.723],[84.348,18.7156],[84.3016,18.6569],[84.2766,18.648],[84.2254,18.6111],[84.2184,18.5929],[84.1462,18.5184],[84.124,18.4834],[84.0656,18.4336]]]},"properties":{"upc":"N/02004/13002/AP","state":"Andhra Pradesh"}},{"type":"Feature","geometry":{"type":"MultiLineString","coordinates":[[[84.0656,18.4336],[84.0402,18.42],[84.0105,18.3803],[83.9818,18.3704],[83.9633,18.3443],[83.9284,18.3164],[83.8868,18.3336],[83.8693,18.2963],[83.7139,18.2282],[83.6794,18.1841]]]},"properties":{"upc":"N/02004/14001/AP","state":"Andhra Pradesh"}},{"type":"Feature","geometry":{"type":"MultiLineString","coordinates":[[[83.6751,18.1774],[83.6663,18.1653],[83.5957,18.132],[83.5662,18.1093],[83.5476,18.079],[83.4906,18.0262],[83.4728,17.9959],[83.4194,17.9616],[83.4238,17.9283],[83.4096,17.9063],[83.3943,17.9007]]]},"properties":{"upc":"N/02004/15001/AP","state":"Andhra Pradesh"}},{"type":"Feature","geometry":{"type":"MultiLineString","coordinates":[[[83.0276,17.683],[82.9992,17.6746],[82.9853,17.6837],[82.9009,17.6412],[82.881,17.6194],[82.8612,17.5647],[82.7939,17.5033],[82.7336,17.4187],[82.5658,17.3666],[82.5418,17.3674],[82.5149,17.3424],[82.4182,17.2966],[82.4144,17.2748],[82.3993,17.2699]]]},"properties":{"upc":"N/02004/18003/AP","state":"Andhra Pradesh"}},{"type":"Feature","geometry":{"type":"MultiLineString","coordinates":[[[82.3993,17.2699],[82.3769,17.2635],[82.3649,17.2415],[82.3237,17.2429],[82.2975,17.2253],[82.27,17.219],[82.1655,17.2403],[82.1232,17.2298],[82.0652,17.1762],[82.0391,17.1711],[82.012,17.1543],[81.9922,17.1579],[81.9726,17.1391],[81.9293,17.124],[81.9142,17.0898],[81.8442,17.0463]]]},"properties":{"upc":"N/02004/19003/AP","state":"Andhra Pradesh"}},{"type":"Feature","geometry":{"type":"MultiLineString","coordinates":[[[81.8442,17.0463],[81.8055,17.0249],[81.8102,17.0055],[81.8001,16.9935],[81.7902,16.9219],[81.8094,16.8779],[81.8534,16.8249],[81.8574,16.7973],[81.8662,16.7897],[81.8457,16.771],[81.8222,16.6986],[81.8078,16.6858]]]},"properties":{"upc":"N/02004/20003/AP","state":"Andhra Pradesh"}},{"type":"Feature","geometry":{"type":"MultiLineString","coordinates":[[[81.8078,16.6858],[81.7749,16.6989],[81.7618,16.7358],[81.7448,16.7482],[81.7015,16.7524],[81.6793,16.7644],[81.6657,16.7597],[81.625,16.7834],[81.6097,16.782],[81.5707,16.8186],[81.5308,16.8421],[81.3641,16.8101],[81.2519,16.8066],[81.2251,16.783]]]},"properties":{"upc":"N/02004/21002/AP","state":"Andhra Pradesh"}},{"type":"Feature","geometry":{"type":"MultiLineString","coordinates":[[[81.222,16.7788],[81.1948,16.7543],[81.1403,16.7372],[81.0785,16.742],[81.028,16.7125],[81.0225,16.6768]]]},"properties":{"upc":"N/02004/23001/AP","state":"Andhra Pradesh"}},{"type":"Feature","geometry":{"type":"MultiLineString","coordinates":[[[80.828,16.5529],[80.9455,16.6293],[80.9791,16.6226],[80.9889,16.6441],[81.0225,16.6768]]]},"properties":{"upc":"N/02004/23002/AP","state":"Andhra Pradesh"}},{"type":"Feature","geometry":{"type":"MultiLineString","coordinates":[[[80.6677,16.5125],[80.6827,16.5249],[80.7149,16.511],[80.7489,16.5121],[80.828,16.5529]]]},"properties":{"upc":"N/02004/23003/AP","state":"Andhra Pradesh"}},{"type":"Feature","geometry":{"type":"MultiLineString","coordinates":[[[80.5988,16.5664],[80.5714,16.5549]],[[80.8299,16.5538],[80.7596,16.5752],[80.6244,16.56],[80.5988,16.5664]]]},"properties":{"upc":"N/02004/24001/AP","state":"Andhra Pradesh"}},{"type":"Feature","geometry":{"type":"MultiLineString","coordinates":[[[80.5714,16.5549],[80.5376,16.4987],[80.5483,16.3976]]]},"properties":{"upc":"N/02004/24002/AP","state":"Andhra Pradesh"}},{"type":"Feature","geometry":{"type":"MultiLineString","coordinates":[[[80.6468,16.494],[80.6677,16.5125]]]},"properties":{"upc":"N/02004/25001/AP","state":"Andhra Pradesh"}},{"type":"Feature","geometry":{"type":"MultiLineString","coordinates":[[[80.128,16.0278],[80.183,16.1287],[80.2228,16.1691],[80.288,16.2035],[80.3379,16.2568],[80.3994,16.2824],[80.4582,16.2677],[80.4827,16.2796],[80.4846,16.3286],[80.5005,16.3627],[80.5703,16.4186],[80.6084,16.458],[80.6317,16.4998],[80.6384,16.4991]]]},"properties":{"upc":"N/02004/26001/AP","state":"Andhra Pradesh"}},{"type":"Feature","geometry":{"type":"MultiLineString","coordinates":[[[80.1418,16.0495],[80.1406,16.0806],[80.1636,16.1386],[80.2093,16.1553]]]},"properties":{"upc":"N/02004/27002/AP","state":"Andhra Pradesh"}},{"type":"Feature","geometry":{"type":"MultiLineString","coordinates":[[[79.9788,14.6475],[79.9798,14.6379]],[[79.9808,14.6185],[79.9813,14.6058]],[[79.9813,14.6004],[79.9818,14.5503]],[[79.9818,14.5503],[79.9918,14.5365]],[[79.9871,14.7122],[79.9745,14.6807],[79.9764,14.6541]],[[79.9954,14.8868],[79.9853,14.8708],[79.9875,14.8537]],[[79.9875,14.8537],[79.9926,14.8282]],[[79.9972,14.739],[79.9878,14.7132]],[[79.9918,14.5365],[79.9886,14.5201]],[[79.9897,14.5134],[79.995,14.507]],[[79.9935,14.8227],[79.9952,14.8146]],[[79.9952,14.8146],[80.0004,14.754]],[[79.9991,14.7482],[79.9972,14.739]],[[79.9993,15.03],[79.9977,15.0211]],[[79.9987,15.0125],[79.998,14.9855]],[[79.9988,14.9827],[80.0005,14.9591]],[[79.9992,14.9511],[79.9992,14.9414]],[[79.9992,14.9414],[80.0178,14.925],[80.0141,14.9061]],[[80.0022,15.0565],[79.9994,15.0323]],[[80.0107,14.9031],[79.9957,14.8881]],[[80.0013,15.1681],[80.0084,15.158],[80.0049,15.1354]],[[80.0122,15.1841],[80.0013,15.1681]],[[80.0022,15.0655],[80.0022,15.0565]],[[80.0088,15.1102],[80.0022,15.0655]],[[80.0052,15.1363],[80.0088,15.1102]],[[80.0209,15.739],[80.0089,15.7287]],[[80.0089,15.7287],[80.0173,15.7098]],[[80.0105,15.2364],[80.0214,15.2311],[80.015,15.2077]],[[80.0257,15.2795],[80.0068,15.2489],[80.0105,15.2364]],[[80.015,15.2077],[80.0128,15.1881]],[[80.0152,15.6596],[80.0159,15.6416]],[[80.016,15.6686],[80.0152,15.6596]],[[80.0159,15.6416],[80.0309,15.5998]],[[80.0172,15.6776],[80.016,15.6686]],[[80.0188,15.6956],[80.0172,15.6776]],[[80.0184,15.7045],[80.0188,15.6956]],[[80.0275,15.3237],[80.0257,15.2795]],[[80.0333,15.765],[80.028,15.7477]],[[80.0393,15.4018],[80.0427,15.3715],[80.0388,15.3531],[80.0264,15.345],[80.0291,15.3342]],[[80.0312,15.5992],[80.0352,15.5911]],[[80.035,15.7738],[80.0333,15.7651]],[[80.0365,15.7828],[80.035,15.7739]],[[80.0352,15.5911],[80.0394,15.583]],[[80.0394,15.583],[80.0437,15.575]],[[80.0399,15.8006],[80.0365,15.7828]],[[80.0417,15.8095],[80.0399,15.8006]],[[80.0433,15.8184],[80.0417,15.8095]],[[80.0442,15.8274],[80.0433,15.8184]],[[80.0437,15.575],[80.0482,15.567]],[[80.045,15.4367],[80.0393,15.4019]],[[80.0477,15.4454],[80.045,15.4367]],[[80.0473,15.4543],[80.0477,15.4454]],[[80.0728,15.5078],[80.0591,15.4765],[80.0487,15.4708],[80.0473,15.4543]],[[80.0499,15.5642],[80.0563,15.5514],[80.0521,15.543]],[[80.0505,15.5375],[80.0603,15.5252]],[[80.0544,15.8521],[80.051,15.8438]],[[80.051,15.8438],[80.0483,15.8355]],[[80.0586,15.8602],[80.0544,15.8521]],[[80.0629,15.8682],[80.0586,15.8602]],[[80.0671,15.519],[80.073,15.5122]],[[80.071,15.8879],[80.0629,15.8682]],[[80.0751,15.9113],[80.0734,15.9024]],[[80.0768,15.9202],[80.0751,15.9113]],[[80.0817,15.9376],[80.0768,15.9202]],[[80.0848,15.9461],[80.0817,15.9376]],[[80.0879,15.9546],[80.0848,15.9461]],[[80.096,15.9709],[80.0879,15.9546]],[[80.1002,15.979],[80.0961,15.9709]],[[80.1045,15.987],[80.1002,15.979]],[[80.1085,15.9948],[80.1045,15.987]],[[80.1129,16.0032],[80.1087,15.9952]],[[80.1172,16.0105],[80.1129,16.0032]],[[80.1223,16.0188],[80.1175,16.011]],[[80.128,16.0278],[80.1223,16.0188]]]},"properties":{"upc":"N/02004/28001/AP","state":"Andhra Pradesh"}},{"type":"Feature","geometry":{"type":"MultiLineString","coordinates":[[[80.04,15.8006],[80.0305,15.7565]]]},"properties":{"upc":"N/02004/28003/AP","state":"Andhra Pradesh"}},{"type":"Feature","geometry":{"type":"MultiLineString","coordinates":[[[79.995,14.507],[80.0132,14.4695],[80.0103,14.4551],[79.9732,14.398],[79.9435,14.3944]]]},"properties":{"upc":"N/02004/28005/AP","state":"Andhra Pradesh"}},{"type":"Feature","geometry":{"type":"MultiLineString","coordinates":[[[79.8613,14.164],[79.8654,14.1325],[79.8879,14.0939],[79.8968,14.0533],[79.8923,13.9899],[79.9019,13.9733],[79.9005,13.9149],[79.9506,13.811],[79.951,13.7863],[79.9907,13.7454],[80.0105,13.7099],[80.0249,13.6031],[80.0755,13.5253],[80.0965,13.5085],[80.099,13.4933]],[[79.9435,14.3944],[79.8705,14.1908]]]},"properties":{"upc":"N/02004/29002/AP","state":"Andhra Pradesh"}},{"type":"Feature","geometry":{"type":"MultiLineString","coordinates":[[[79.8613,14.164],[79.8706,14.1908]]]},"properties":{"upc":"N/02004/29003/AP","state":"Andhra Pradesh"}},{"type":"Feature","geometry":{"type":"MultiLineString","coordinates":[[[80.1697,13.2161],[80.1526,13.2482],[80.1351,13.3884],[80.1155,13.4136],[80.1138,13.4619],[80.0989,13.4934]]]},"properties":{"upc":"N/02004/30001/TN","state":"Tamil Nadu"}},{"type":"Feature","geometry":{"type":"MultiLineString","coordinates":[[[80.2237,13.142],[80.2047,13.1566],[80.1917,13.1892],[80.1697,13.2161]]]},"properties":{"upc":"N/02004/31001/TN","state":"Tamil Nadu"}},{"type":"Feature","geometry":{"type":"MultiLineString","coordinates":[[[83.3779,17.8949],[83.3586,17.844],[83.3525,17.7905],[83.3583,17.7806],[83.3345,17.762],[83.3202,17.7353],[83.3013,17.7406],[83.2738,17.7354],[83.2393,17.7468],[83.204,17.7224],[83.2058,17.6897],[83.2,17.6832],[83.0304,17.6888]]]},"properties":{"upc":"N/02004/32003/AP","state":"Andhra Pradesh"}},{"type":"Feature","geometry":{"type":"MultiLineString","coordinates":[[[77.306,28.4732],[77.3172,28.3409],[77.2872,28.2669],[77.2907,28.2374],[77.3227,28.1587],[77.3353,28.1446],[77.3295,28.1344],[77.333,28.1065],[77.3482,28.0639],[77.3301,27.9939],[77.3566,27.9227],[77.4222,27.8269],[77.4324,27.7897],[77.4562,27.7807],[77.4891,27.7482],[77.535,27.665],[77.6591,27.5306],[77.653,27.5011],[77.661,27.4675],[77.681,27.4571],[77.6983,27.4307],[77.6928,27.3774],[77.7431,27.3307],[77.7842,27.306],[77.8255,27.2467],[77.9647,27.21],[78.0028,27.2117],[78.0398,27.2032]]]},"properties":{"upc":"N/02005/02001/UP","state":"Uttar Pradesh"}},{"type":"Feature","geometry":{"type":"MultiLineString","coordinates":[[[79.0487,26.7621],[79.0358,26.7899],[78.946,26.8387],[78.8598,26.9276],[78.7675,27.0064],[78.7262,27.0304],[78.6925,27.0706],[78.6642,27.0674],[78.6124,27.0935],[78.5951,27.1103],[78.5022,27.1237],[78.4571,27.1545],[78.4508,27.1723],[78.4163,27.2003],[78.3869,27.2061],[78.3406,27.1924],[78.2787,27.2167],[78.1951,27.2339],[78.0774,27.2169],[78.0427,27.2026],[78.0303,27.2068]]]},"properties":{"upc":"N/02005/03001/UP","state":"Uttar Pradesh"}},{"type":"Feature","geometry":{"type":"MultiLineString","coordinates":[[[80.4168,26.3805],[80.3885,26.4096],[80.3647,26.4014],[80.2206,26.4583],[80.2014,26.455],[80.1433,26.4158],[80.1215,26.4192],[79.9983,26.3788],[79.8974,26.3745],[79.8431,26.3551],[79.7382,26.35],[79.6663,26.363],[79.6175,26.3792],[79.5199,26.4531],[79.5043,26.4557],[79.4958,26.4706],[79.4357,26.4878],[79.3801,26.528],[79.3203,26.5515],[79.161,26.676],[79.1047,26.7349],[79.0482,26.7623]]]},"properties":{"upc":"N/02005/04001/UP","state":"Uttar Pradesh"}},{"type":"Feature","geometry":{"type":"MultiLineString","coordinates":[[[81.494,25.5868],[81.4302,25.6026],[81.4077,25.6247],[81.2655,25.6916],[81.1576,25.7573],[81.1166,25.7685],[80.994,25.8466],[80.8385,25.9221],[80.8271,25.9462],[80.7985,25.9535],[80.7632,25.9771],[80.7004,26.0384],[80.5968,26.109],[80.5101,26.2398],[80.4688,26.3222],[80.4166,26.3807]]]},"properties":{"upc":"N/02005/05001/UP","state":"Uttar Pradesh"}},{"type":"Feature","geometry":{"type":"MultiLineString","coordinates":[[[81.7334,25.0473],[81.7966,25.2807],[81.8284,25.3365]],[[81.8436,25.4083],[81.8412,25.3711],[81.8284,25.3365]]]},"properties":{"upc":"N/02005/08001/UP","state":"Uttar Pradesh"}},{"type":"Feature","geometry":{"type":"MultiLineString","coordinates":[[[82.9138,25.377],[82.9341,25.3896],[83.0281,25.3909],[83.0525,25.3819]]]},"properties":{"upc":"N/02005/09001/UP","state":"Uttar Pradesh"}},{"type":"Feature","geometry":{"type":"MultiLineString","coordinates":[[[82.8254,25.2707],[82.829,25.2837],[82.8824,25.3257],[82.8966,25.3571],[82.9183,25.3809]]]},"properties":{"upc":"N/02005/10001/UP","state":"Uttar Pradesh"}},{"type":"Feature","geometry":{"type":"MultiLineString","coordinates":[[[83.0525,25.3819],[83.0796,25.3827],[83.0991,25.353],[83.1013,25.3238],[83.1101,25.3141],[83.1391,25.3087],[83.1686,25.3227],[83.1926,25.309],[83.1928,25.295],[83.171,25.2677]]]},"properties":{"upc":"N/02005/11001/UP","state":"Uttar Pradesh"}},{"type":"Feature","geometry":{"type":"MultiLineString","coordinates":[[[82.8568,25.2718],[82.8854,25.2713],[82.9265,25.2516],[82.9823,25.2466],[83.0386,25.2583],[83.1032,25.2524],[83.1548,25.2676],[83.324,25.256],[83.4004,25.2455],[83.5192,25.2129],[83.5854,25.1737],[83.6228,25.1655],[83.6524,25.1474],[83.6746,25.125],[83.7947,25.0473],[83.8613,24.9876],[83.958,24.9562],[83.9811,24.9398],[84.0604,24.9189],[84.1453,24.9207],[84.1911,24.9065],[84.2205,24.8851],[84.2256,24.8627],[84.3129,24.7967],[84.3162,24.7786],[84.3375,24.7784],[84.3565,24.7642],[84.3658,24.7429],[84.4029,24.738],[84.5234,24.6812]]]},"properties":{"upc":"N/02005/12001/BR","state":"Bihar"}},{"type":"Feature","geometry":{"type":"MultiLineString","coordinates":[[[85.1561,24.4487],[85.0702,24.4866],[84.9065,24.5337]]]},"properties":{"upc":"N/02005/13002/BR","state":"Bihar"}},{"type":"Feature","geometry":{"type":"MultiLineString","coordinates":[[[84.9065,24.5337],[84.7166,24.5939],[84.5234,24.6812]]]},"properties":{"upc":"N/02005/13003/BR","state":"Bihar"}},{"type":"Feature","geometry":{"type":"MultiLineString","coordinates":[[[85.1489,24.4509],[85.1877,24.4333],[85.2054,24.4333],[85.2264,24.4124],[85.2502,24.4087],[85.252,24.3895],[85.2607,24.382],[85.3634,24.3384],[85.4034,24.3131],[85.4257,24.3121],[85.4555,24.2757]],[[85.4609,24.2695],[85.5493,24.1985],[85.7145,24.1185]],[[85.4555,24.2757],[85.4609,24.2695]]]},"properties":{"upc":"N/02005/14001/JH","state":"Jharkhand"}},{"type":"Feature","geometry":{"type":"MultiLineString","coordinates":[[[85.7379,24.1102],[85.7965,24.0838],[85.8694,24.0677],[85.9197,24.0471],[86.0612,23.9633]]]},"properties":{"upc":"N/02005/15001/JH","state":"Jharkhand"}},{"type":"Feature","geometry":{"type":"MultiLineString","coordinates":[[[86.4247,23.8526],[86.3487,23.8706],[86.3343,23.8676],[86.3254,23.8759],[86.1374,23.9207],[86.0613,23.9633]]]},"properties":{"upc":"N/02005/16001/JH","state":"Jharkhand"}},{"type":"Feature","geometry":{"type":"MultiLineString","coordinates":[[[87.4848,23.4324],[87.5324,23.4074],[87.5525,23.4075],[87.5659,23.3949],[87.691,23.3402],[87.8293,23.266],[87.8375,23.2328],[87.8516,23.2219],[87.8794,23.2142],[87.9212,23.219],[87.9552,23.2089],[87.969,23.1965],[88.0191,23.1919],[88.0317,23.1642]]]},"properties":{"upc":"N/02005/18002/WB","state":"West Bengal"}},{"type":"Feature","geometry":{"type":"MultiLineString","coordinates":[[[88.0317,23.1642],[88.0848,23.0839]],[[88.2879,22.701],[88.3096,22.6576]],[[88.2879,22.7009],[88.2043,22.8845],[88.1937,22.9285],[88.1531,22.9834],[88.1429,23.0171],[88.1161,23.0565],[88.0848,23.0839]]]},"properties":{"upc":"N/02005/19002/WB","state":"West Bengal"}},{"type":"Feature","geometry":{"type":"MultiLineString","coordinates":[[[88.3502,22.6525],[88.3164,22.6575]],[[88.3502,22.6519],[88.3157,22.6569]],[[88.3715,22.6548],[88.3579,22.653]],[[88.3724,22.6523],[88.3712,22.6542]],[[88.3679,22.6515],[88.3578,22.6526]]]},"properties":{"upc":"N/02005/20001/WB","state":"West Bengal"}},{"type":"Feature","geometry":{"type":"MultiLineString","coordinates":[[[74.8981,34.0063],[74.903,34.0017],[74.8967,33.9865],[74.8415,33.9669],[74.7906,33.9647],[74.7509,33.9777],[74.7388,33.9936],[74.7099,34.0096],[74.7044,34.0343],[74.6866,34.0525],[74.6836,34.0884],[74.6623,34.1088],[74.6629,34.1201],[74.6803,34.1386],[74.6896,34.2102],[74.7061,34.2369],[74.808,34.2787]]]},"properties":{"upc":"N/02006/01002/JK","state":"Jammu and Kashmir"}},{"type":"Feature","geometry":{"type":"MultiLineString","coordinates":[[[75.1842,33.5754],[75.1325,33.635],[75.0985,33.7202],[75.0956,33.7435],[75.1047,33.7541],[75.0452,33.8725],[74.9967,33.9219],[74.9823,33.9541],[74.9266,33.9935],[74.9052,33.9956],[74.8907,34.0188],[74.8627,34.0309],[74.8604,34.0376],[74.8683,34.0377]]]},"properties":{"upc":"N/02006/02001/JK","state":"Jammu and Kashmir"}},{"type":"Feature","geometry":{"type":"MultiLineString","coordinates":[[[75.1842,33.4814],[75.1727,33.4884]],[[75.1714,33.4942],[75.1727,33.4893]],[[75.1731,33.4895],[75.1851,33.5682]],[[75.1826,33.5708],[75.1728,33.4896]],[[75.1762,33.4851],[75.1753,33.4854]],[[75.1872,33.4624],[75.1901,33.4488]]]},"properties":{"upc":"N/02006/03001/JK","state":"Jammu and Kashmir"}},{"type":"Feature","geometry":{"type":"MultiLineString","coordinates":[[[75.2786,33.0412],[75.2939,33.13]]]},"properties":{"upc":"N/02006/06001/JK","state":"Jammu and Kashmir"}},{"type":"Feature","geometry":{"type":"MultiLineString","coordinates":[[[74.8852,32.7788],[74.9002,32.7942],[74.8964,32.812],[74.9048,32.833],[74.9179,32.8391],[74.9353,32.8298],[74.9621,32.8565],[74.9543,32.8945],[74.968,32.9001],[74.9659,32.9571],[74.9796,32.95],[75.0038,32.908],[75.0259,32.8969],[75.0463,32.8974],[75.0798,32.8714],[75.0865,32.8768],[75.1168,32.8709],[75.1346,32.8918],[75.1522,32.936]],[[74.9107,32.7558],[74.9172,32.7608],[74.88,32.7634],[74.8877,32.7815],[74.8798,32.7637],[74.8927,32.7629]]]},"properties":{"upc":"N/02006/07001/JK","state":"Jammu and Kashmir"}},{"type":"Feature","geometry":{"type":"MultiLineString","coordinates":[[[74.9563,32.5983],[74.9034,32.5969],[74.8456,32.6316],[74.8159,32.6363],[74.7287,32.7016],[74.7255,32.762],[74.756,32.8251],[74.8139,32.8259],[74.845,32.8378],[74.8575,32.8224],[74.8548,32.8111],[74.8976,32.8163]],[[74.8892,32.8169],[74.8988,32.8192]]]},"properties":{"upc":"N/02007/01001/JK","state":"Jammu and Kashmir"}},{"type":"Feature","geometry":{"type":"MultiLineString","coordinates":[[[75.5907,31.3546],[75.6302,31.4759],[75.6425,31.5623],[75.6385,31.6523],[75.6465,31.6756],[75.6399,31.6871],[75.6599,31.8158],[75.6111,31.9563],[75.6183,32.0842],[75.6044,32.1192],[75.615,32.1619],[75.6304,32.1812],[75.6488,32.185],[75.663,32.206],[75.6566,32.2398],[75.6654,32.25],[75.5907,32.2721],[75.6022,32.3006],[75.5915,32.3422],[75.6056,32.3815]]]},"properties":{"upc":"N/02007/04001/PB","state":"Punjab"}},{"type":"Feature","geometry":{"type":"MultiLineString","coordinates":[[[75.5146,31.4185],[75.5683,31.4219],[75.6704,31.3835],[75.6896,31.28],[75.67,31.2552],[75.6052,31.2493],[75.5137,31.2213]]]},"properties":{"upc":"N/02007/05002/PB","state":"Punjab"}},{"type":"Feature","geometry":{"type":"MultiLineString","coordinates":[[[76.7837,30.4134],[76.8093,30.4118]],[[76.8093,30.4118],[76.848,30.4102],[76.9146,30.376],[76.9124,30.33],[76.8834,30.3028]],[[76.8818,30.3013],[76.8649,30.2847],[76.8458,30.2816],[76.8203,30.2897]],[[76.8203,30.2897],[76.763,30.2952],[76.7222,30.3079]]]},"properties":{"upc":"N/02007/06005/HR","state":"Haryana"}},{"type":"Feature","geometry":{"type":"MultiLineString","coordinates":[[[76.9706,29.4435],[76.9831,29.6196],[76.9775,29.6282],[76.9907,29.6678],[77.0043,29.6776],[77.0059,29.7064],[76.9824,29.7181],[76.8996,29.9418],[76.8543,30.2206],[76.8525,30.2778],[76.8341,30.3362],[76.8033,30.3553],[76.7974,30.3741],[76.776,30.3924],[76.7342,30.4049],[76.6054,30.4796],[76.6005,30.4924],[76.5809,30.4938],[76.2291,30.7012],[76.0833,30.7629],[75.8849,30.8864],[75.8706,30.9308],[75.8373,30.9371],[75.8085,30.9739],[75.7932,30.9759],[75.7822,31.019],[75.7732,31.2046],[75.7658,31.2255],[75.6429,31.3014],[75.6131,31.3099],[75.6152,31.3266],[75.6066,31.3446],[75.5615,31.3614],[75.5183,31.4129]]]},"properties":{"upc":"N/02007/06012/HR","state":"Haryana"}},{"type":"Feature","geometry":{"type":"MultiLineString","coordinates":[[[75.7992,30.8955],[75.7536,30.9097],[75.7442,30.9247],[75.7456,30.9653],[75.7623,30.9821],[75.7914,30.9855]]]},"properties":{"upc":"N/02007/07001/PB","state":"Punjab"}},{"type":"Feature","geometry":{"type":"MultiLineString","coordinates":[[[75.8791,30.9104],[75.8633,30.8895],[75.8492,30.8895],[75.8404,30.9043],[75.8464,30.9067],[75.7763,30.8821]]]},"properties":{"upc":"N/02007/08001/PB","state":"Punjab"}},{"type":"Feature","geometry":{"type":"MultiLineString","coordinates":[[[76.9706,29.4435],[76.9691,29.3901],[76.9795,29.3537]]]},"properties":{"upc":"N/02007/09001/HR","state":"Haryana"}},{"type":"Feature","geometry":{"type":"MultiLineString","coordinates":[[[77.1558,28.7351],[77.1414,28.7818],[77.143,28.803],[76.9795,29.3537]]]},"properties":{"upc":"N/02007/10001/HR","state":"Haryana"}},{"type":"Feature","geometry":{"type":"MultiLineString","coordinates":[[[75.5159,32.3961],[75.5101,32.3983],[75.5245,32.3916],[75.3939,32.4458],[75.2352,32.4988],[75.1339,32.5483],[75.1028,32.5716],[75.0764,32.5511],[75.0645,32.5503],[74.9771,32.5839],[74.8754,32.6672],[74.9058,32.6813],[74.8889,32.7243],[74.9032,32.7289],[74.9107,32.7558]],[[75.597,32.3819],[75.5573,32.3762],[75.5245,32.3917]]]},"properties":{"upc":"N/02007/14001/JK","state":"Jammu and Kashmir"}},{"type":"Feature","geometry":{"type":"MultiLineString","coordinates":[[[79.1226,21.1882],[79.1737,21.2186],[79.1876,21.222],[79.1957,21.213],[79.2238,21.2222]]]},"properties":{"upc":"N/02008/01001/MH","state":"Maharashtra"}},{"type":"Feature","geometry":{"type":"MultiLineString","coordinates":[[[77.9819,27.0616],[77.9453,27.0808],[77.9169,27.0779],[77.8897,27.087],[77.8396,27.1194],[77.812,27.1728],[77.8093,27.2443],[77.8152,27.2616]]]},"properties":{"upc":"N/02008/02001/UP","state":"Uttar Pradesh"}},{"type":"Feature","geometry":{"type":"MultiLineString","coordinates":[[[78.0403,27.0931],[78.0001,27.0706],[77.9707,27.0659]]]},"properties":{"upc":"N/02008/02002/UP","state":"Uttar Pradesh"}},{"type":"Feature","geometry":{"type":"MultiLineString","coordinates":[[[77.9001,26.7362],[77.8904,26.6894],[77.9064,26.6571]],[[77.9024,26.7475],[77.9001,26.7362]],[[77.9174,26.8251],[77.9041,26.756]],[[77.9195,26.8369],[77.9175,26.8263]],[[77.923,26.856],[77.9194,26.8369]],[[77.9304,26.9079],[77.923,26.856]],[[77.9423,26.9615],[77.9304,26.9079]],[[77.9484,26.9749],[77.9423,26.9615]],[[77.9711,27.0313],[77.9494,26.9774]],[[77.9892,27.0833],[77.9749,27.0411]],[[77.9948,27.1],[77.9892,27.0833]],[[78.0267,26.447],[78.0331,26.4389]],[[78.0822,26.3756],[78.0953,26.3543]]]},"properties":{"upc":"N/02008/04001/MP","state":"Madhya Pradesh"}},{"type":"Feature","geometry":{"type":"MultiLineString","coordinates":[[[78.5526,25.4946],[78.5184,25.5229],[78.495,25.5615],[78.4717,25.634],[78.4298,25.6814],[78.4293,25.7125],[78.3984,25.7679],[78.3824,25.8222],[78.3691,25.845],[78.3565,25.8497],[78.3058,25.9518],[78.2843,25.9849],[78.2662,25.987],[78.2524,25.999],[78.2435,26.0877],[78.2171,26.1205]]]},"properties":{"upc":"N/02008/08002/MP","state":"Madhya Pradesh"}},{"type":"Feature","geometry":{"type":"MultiLineString","coordinates":[[[78.4402,24.6713],[78.43,24.7245],[78.4406,24.782],[78.457,24.7984],[78.4675,24.8407],[78.4857,24.8604],[78.4838,24.9191],[78.4659,24.9548],[78.4696,24.9733],[78.4386,25.0147],[78.4222,25.0242],[78.4175,25.0463],[78.4449,25.0721],[78.4596,25.1211],[78.4554,25.1545],[78.4647,25.2177],[78.4807,25.2287],[78.544,25.3259],[78.5419,25.3498],[78.5266,25.3764],[78.488,25.4042],[78.481,25.4591]]]},"properties":{"upc":"N/02008/09001/UP","state":"Uttar Pradesh"}},{"type":"Feature","geometry":{"type":"MultiLineString","coordinates":[[[79.6039,22.5689],[79.6065,22.5742],[79.589,22.5826],[79.5828,22.6084],[79.5473,22.641],[79.5375,22.6359],[79.5126,22.6485],[79.5168,22.6871],[79.5082,22.7129],[79.457,22.7519],[79.4151,22.8233],[79.3273,22.8545],[79.2843,22.9059],[79.2427,22.9368],[79.2221,22.9427],[79.1993,22.9318],[79.148,22.9478],[79.1275,22.9328],[79.1069,22.9364],[79.0832,22.9248],[79.0741,22.9409],[79.0359,22.9442],[79.0178,22.9738],[79.0188,23.0041],[79.0367,23.026],[79.0222,23.05],[79.0312,23.18],[79.0497,23.257],[79.027,23.3472],[79.0323,23.3558],[79.0233,23.3699],[79.034,23.3908],[79.0099,23.4163],[78.9706,23.49],[78.9284,23.5148],[78.8935,23.5495],[78.8692,23.5875],[78.8466,23.606],[78.8387,23.6223],[78.8457,23.633],[78.8187,23.6587],[78.8109,23.6899],[78.8073,23.7916],[78.8325,23.832],[78.831,23.8834],[78.8205,23.8931],[78.7969,23.8815],[78.7727,23.8912],[78.7489,23.9135],[78.6962,23.9273],[78.6508,24.0033],[78.6263,24.0693],[78.6019,24.0972],[78.609,24.1235],[78.5824,24.2028],[78.5846,24.2141],[78.5249,24.3059],[78.5238,24.3477],[78.5386,24.3737],[78.5255,24.4509],[78.4867,24.5309],[78.4923,24.5487],[78.4799,24.5544],[78.4386,24.6351],[78.4551,24.6535],[78.4402,24.6714]]]},"properties":{"upc":"N/02008/16002/MP","state":"Madhya Pradesh"}},{"type":"Feature","geometry":{"type":"MultiLineString","coordinates":[[[79.6037,22.5668],[79.5996,22.5452],[79.5796,22.5184],[79.5825,22.4615],[79.5506,22.4239],[79.5445,22.4099],[79.5522,22.3945],[79.5374,22.3696],[79.5479,22.2888],[79.5447,22.2377],[79.5338,22.2098],[79.5362,22.1594]]]},"properties":{"upc":"N/02008/17001/MP","state":"Madhya Pradesh"}},{"type":"Feature","geometry":{"type":"MultiLineString","coordinates":[[[79.5302,21.8999],[79.5311,21.8783],[79.503,21.834],[79.4939,21.7975]],[[79.4933,21.7966],[79.4254,21.69]]]},"properties":{"upc":"N/02008/19001/MP","state":"Madhya Pradesh"}},{"type":"Feature","geometry":{"type":"MultiLineString","coordinates":[[[79.1864,21.1433],[79.1771,21.0868],[79.0497,21.023],[78.9606,20.8465]],[[79.4238,21.6865],[79.3346,21.5209],[79.322,21.4707],[79.2762,21.4194],[79.2247,21.3269],[79.2376,21.2597],[79.2556,21.2332],[79.2699,21.1909],[79.2472,21.166],[79.1961,21.1587],[79.1864,21.1433]]]},"properties":{"upc":"N/02008/21001/MH","state":"Maharashtra"}},{"type":"Feature","geometry":{"type":"MultiLineString","coordinates":[[[79.0497,21.023],[78.9817,21.0327],[78.9751,21.0538],[78.949,21.0711],[78.9566,21.0975],[78.9217,21.1286],[78.9187,21.1552],[78.9884,21.2123]]]},"properties":{"upc":"N/02008/23001/MH","state":"Maharashtra"}},{"type":"Feature","geometry":{"type":"MultiLineString","coordinates":[[[78.9884,21.2123],[79.0252,21.2293],[79.0307,21.2392],[79.064,21.2427],[79.076,21.2292],[79.1194,21.2102],[79.1506,21.2103],[79.2029,21.1599]]]},"properties":{"upc":"N/02008/24001/MH","state":"Maharashtra"}},{"type":"Feature","geometry":{"type":"MultiLineString","coordinates":[[[79.1455,21.1409],[79.1449,21.159]],[[79.172,21.1449],[79.1351,21.1516]]]},"properties":{"upc":"N/02008/25001/MH","state":"Maharashtra"}},{"type":"Feature","geometry":{"type":"MultiLineString","coordinates":[[[78.9606,20.8465],[78.9578,20.7916],[78.9265,20.7289],[78.9264,20.6109]]]},"properties":{"upc":"N/02009/06001/MH","state":"Maharashtra"}},{"type":"Feature","geometry":{"type":"MultiLineString","coordinates":[[[78.7476,20.442],[78.7411,20.403],[78.7285,20.3878],[78.7162,20.3477],[78.7242,20.3297],[78.7148,20.2989],[78.72,20.2826],[78.6987,20.2315],[78.6413,20.1518],[78.5973,20.1123],[78.5775,20.1086],[78.5466,20.0708],[78.5488,20.032],[78.5353,20.0101],[78.5318,19.9369],[78.5421,19.8941],[78.5692,19.8742],[78.5755,19.8216]]]},"properties":{"upc":"N/02009/09001/MH","state":"Maharashtra"}},{"type":"Feature","geometry":{"type":"MultiLineString","coordinates":[[[78.5756,19.8217],[78.5786,19.8125],[78.5665,19.8045],[78.5655,19.7653],[78.5463,19.7464],[78.5377,19.7141],[78.5002,19.6909],[78.5066,19.6273],[78.4885,19.5977],[78.515,19.5325],[78.4959,19.4829],[78.4615,19.4418],[78.4468,19.3994]]]},"properties":{"upc":"N/02009/14001/TS","state":"Telangana"}},{"type":"Feature","geometry":{"type":"MultiLineString","coordinates":[[[78.4468,19.3994],[78.4046,19.2911],[78.4212,19.2722],[78.4285,19.2492],[78.4044,19.2347],[78.4146,19.2105],[78.438,19.2069],[78.4586,19.1883],[78.471,19.1636],[78.4035,19.1318],[78.3752,19.0878],[78.3741,19.0724],[78.3531,19.0537]]]},"properties":{"upc":"N/02009/15001/TS","state":"Telangana"}},{"type":"Feature","geometry":{"type":"MultiLineString","coordinates":[[[78.3531,19.0537],[78.3809,18.9927],[78.3591,18.9176],[78.3652,18.8944],[78.3357,18.8632],[78.3152,18.8068]]]},"properties":{"upc":"N/02009/16001/TS","state":"Telangana"}},{"type":"Feature","geometry":{"type":"MultiLineString","coordinates":[[[78.4756,17.7113],[78.4924,17.6589],[78.4848,17.6315],[78.4934,17.5717]]]},"properties":{"upc":"N/02009/16003/TS","state":"Telangana"}},{"type":"Feature","geometry":{"type":"MultiLineString","coordinates":[[[78.3152,18.8068],[78.3199,18.7779],[78.2889,18.7644],[78.276,18.7445],[78.2728,18.7188],[78.2183,18.6557],[78.2051,18.624],[78.2431,18.5556],[78.2329,18.5153],[78.2147,18.5035],[78.2238,18.46],[78.234,18.4382],[78.2931,18.3868],[78.2998,18.3719]]]},"properties":{"upc":"N/02009/17001/TS","state":"Telangana"}},{"type":"Feature","geometry":{"type":"MultiLineString","coordinates":[[[78.2998,18.3719],[78.3125,18.3444],[78.3495,18.3457],[78.3601,18.3382],[78.3581,18.2793],[78.382,18.2535],[78.3818,18.2355],[78.3996,18.2024],[78.3952,18.1816],[78.4217,18.1359],[78.418,18.1123],[78.4402,18.0961],[78.4283,18.0683],[78.4298,18.0394],[78.4802,17.9553],[78.4583,17.9355],[78.4723,17.871],[78.4665,17.8494],[78.4756,17.7113]]]},"properties":{"upc":"N/02009/18001/TS","state":"Telangana"}},{"type":"Feature","geometry":{"type":"MultiLineString","coordinates":[[[78.4937,17.5655],[78.4735,17.4778]]]},"properties":{"upc":"N/02009/19002/TS","state":"Telangana"}},{"type":"Feature","geometry":{"type":"MultiLineString","coordinates":[[[78.2912,17.1522],[78.2913,17.1428],[78.22,17.0686],[78.2079,17.0365],[78.1994,17.0317],[78.1767,16.9048],[78.1358,16.7786]]]},"properties":{"upc":"N/02010/01001/TS","state":"Telangana"}},{"type":"Feature","geometry":{"type":"MultiLineString","coordinates":[[[78.3576,17.2345],[78.3065,17.1862],[78.2912,17.1522]]]},"properties":{"upc":"N/02010/01002/TS","state":"Telangana"}},{"type":"Feature","geometry":{"type":"MultiLineString","coordinates":[[[78.1358,16.7786],[78.0312,16.6805],[77.9804,16.6178],[77.934,16.5132],[77.941,16.393],[77.9303,16.3772],[77.946,16.3574]]]},"properties":{"upc":"N/02010/02001/TS","state":"Telangana"}},{"type":"Feature","geometry":{"type":"MultiLineString","coordinates":[[[78.0329,15.8081],[78.005,15.8494],[78.0161,15.8772],[78.0208,15.9436],[77.9352,16.0154],[77.8864,16.111],[77.8905,16.1293],[77.9067,16.147],[77.9658,16.17],[77.9848,16.1885],[77.9841,16.2122],[77.9597,16.2401],[77.946,16.3574]]]},"properties":{"upc":"N/02010/03001/TS","state":"Telangana"}},{"type":"Feature","geometry":{"type":"MultiLineString","coordinates":[[[77.7507,13.814],[77.7219,13.8539],[77.7201,13.8764],[77.7,13.8937],[77.688,13.9422],[77.6767,13.9554],[77.6783,13.9704],[77.6505,13.9968],[77.6154,14.0089],[77.6086,14.018],[77.6142,14.0485],[77.6059,14.0716],[77.6197,14.0943],[77.6039,14.141],[77.6307,14.1851],[77.6243,14.2543],[77.6429,14.3815],[77.6266,14.4369],[77.634,14.5224],[77.6199,14.5806],[77.582,14.6447],[77.5857,14.6962],[77.6022,14.7118],[77.6062,14.7319],[77.5979,14.779],[77.6017,14.8316],[77.5837,14.9125],[77.598,14.9304],[77.5973,14.96],[77.6154,14.9958],[77.6335,15.0776],[77.6599,15.0933],[77.6676,15.1547],[77.6898,15.1866],[77.7219,15.2109],[77.7374,15.2481],[77.7665,15.2634],[77.8504,15.3976],[77.8804,15.4156],[77.8899,15.4576],[77.955,15.6159],[77.9581,15.6559],[78.0259,15.7697],[78.0343,15.7886],[78.0301,15.811]]]},"properties":{"upc":"N/02010/04001/AP","state":"Andhra Pradesh"}},{"type":"Feature","geometry":{"type":"MultiLineString","coordinates":[[[78.0056,15.8527],[78.0081,15.8447]]]},"properties":{"upc":"N/02010/04002/AP","state":"Andhra Pradesh"}},{"type":"Feature","geometry":{"type":"MultiLineString","coordinates":[[[77.7512,13.8124],[77.7843,13.7671],[77.7847,13.6656],[77.7918,13.6295],[77.7776,13.5547],[77.7358,13.4479],[77.7445,13.421],[77.7413,13.3947],[77.7263,13.381],[77.72,13.2683],[77.6966,13.2361]]]},"properties":{"upc":"N/02010/05001/KA","state":"Karnataka"}},{"type":"Feature","geometry":{"type":"MultiLineString","coordinates":[[[77.5914,13.0462],[77.5935,13.0828],[77.6181,13.1476],[77.646,13.1906],[77.6735,13.2125]]]},"properties":{"upc":"N/02010/06001/KA","state":"Karnataka"}},{"type":"Feature","geometry":{"type":"MultiLineString","coordinates":[[[78.2214,12.4967],[78.2143,12.4628],[78.2267,12.4235],[78.1891,12.2107],[78.1685,12.1705],[78.1415,12.1438],[78.1141,12.0902],[78.1005,12.0264],[78.0493,11.9661],[78.0477,11.9452],[78.065,11.9312],[78.0593,11.9083],[78.084,11.8701],[78.0687,11.8489],[78.0623,11.8136]]]},"properties":{"upc":"N/02011/01001/TN","state":"Tamil Nadu"}},{"type":"Feature","geometry":{"type":"MultiLineString","coordinates":[[[78.0623,11.8136],[78.0507,11.7401],[78.1269,11.6815],[78.1207,11.6388],[78.1478,11.6247],[78.1446,11.5344],[78.1724,11.3225],[78.1654,11.2634]]]},"properties":{"upc":"N/02011/02001/TN","state":"Tamil Nadu"}},{"type":"Feature","geometry":{"type":"MultiLineString","coordinates":[[[77.9607,10.3955],[77.9478,10.4864],[77.935,10.5173],[77.9382,10.5413],[77.9472,10.5502],[77.9349,10.6017],[77.9437,10.644],[77.9269,10.6833],[77.9335,10.7024],[77.9281,10.7228],[77.912,10.7564],[77.9299,10.8031],[78.0273,10.8948],[78.0538,10.929],[78.0678,11.0135]],[[77.971,10.8462],[77.9821,10.8549]]]},"properties":{"upc":"N/02011/06001/TN","state":"Tamil Nadu"}},{"type":"Feature","geometry":{"type":"MultiLineString","coordinates":[[[78.2298,9.976],[78.2103,9.993],[78.1473,10.0176],[78.0949,10.0281],[78.0547,10.0502],[77.9784,10.0685]]]},"properties":{"upc":"N/02012/01001/TN","state":"Tamil Nadu"}},{"type":"Feature","geometry":{"type":"MultiLineString","coordinates":[[[77.9443,9.5777],[77.9419,9.5913],[77.9544,9.6011],[77.9824,9.7374],[77.9776,9.7545],[77.9847,9.7975],[77.9755,9.8314],[78.0005,9.8352],[78.0146,9.847],[78.0589,9.9378],[78.0266,9.989]]]},"properties":{"upc":"N/02012/03003/TN","state":"Tamil Nadu"}},{"type":"Feature","geometry":{"type":"MultiLineString","coordinates":[[[77.7956,9.052],[77.8113,9.1113],[77.8527,9.1679],[77.8525,9.1806],[77.8812,9.2046],[77.9064,9.2609],[77.9185,9.311],[77.9156,9.4145],[77.9409,9.4818],[77.9495,9.5594],[77.9443,9.5777]]]},"properties":{"upc":"N/02012/03004/TN","state":"Tamil Nadu"}},{"type":"Feature","geometry":{"type":"MultiLineString","coordinates":[[[77.6793,8.5744],[77.6869,8.5919],[77.6848,8.613],[77.7146,8.659],[77.7489,8.6687],[77.7665,8.6848],[77.7648,8.7222],[77.7238,8.7835],[77.7771,8.8527],[77.7789,8.8739],[77.764,8.9036],[77.7655,8.941],[77.7956,9.052]]]},"properties":{"upc":"N/02012/03005/TN","state":"Tamil Nadu"}},{"type":"Feature","geometry":{"type":"MultiLineString","coordinates":[[[77.5495,8.0816],[77.5386,8.0857],[77.5373,8.1111],[77.5525,8.1372],[77.57,8.1388],[77.5806,8.1682],[77.5712,8.2049],[77.5758,8.2182],[77.568,8.2811],[77.6013,8.3622],[77.6075,8.4035],[77.6334,8.423],[77.6617,8.4794],[77.6462,8.4994],[77.669,8.5346],[77.6793,8.5744]]]},"properties":{"upc":"N/02012/03006/TN","state":"Tamil Nadu"}},{"type":"Feature","geometry":{"type":"MultiLineString","coordinates":[[[78.1202,11.642],[78.0879,11.5984],[77.9577,11.5354],[77.9007,11.4936],[77.8542,11.4917],[77.8145,11.4553],[77.7172,11.4445],[77.7081,11.4374]]]},"properties":{"upc":"N/02013/01001/TN","state":"Tamil Nadu"}},{"type":"Feature","geometry":{"type":"MultiLineString","coordinates":[[[77.7081,11.4374],[77.6761,11.4309],[77.6757,11.4151],[77.6521,11.3984],[77.6545,11.3814],[77.6258,11.3232],[77.5905,11.2932],[77.5599,11.2858],[77.5489,11.2569],[77.5066,11.2372],[77.4938,11.2401],[77.4713,11.2309],[77.4118,11.1989]]]},"properties":{"upc":"N/02013/02001/TN","state":"Tamil Nadu"}},{"type":"Feature","geometry":{"type":"MultiLineString","coordinates":[[[77.4118,11.1989],[77.3503,11.2164],[77.3388,11.2043],[77.294,11.1951],[77.2816,11.1757],[77.2407,11.1762],[77.2112,11.1534],[77.1784,11.1086],[77.086,11.0582]]]},"properties":{"upc":"N/02013/04001/TN","state":"Tamil Nadu"}},{"type":"Feature","geometry":{"type":"MultiLineString","coordinates":[[[76.3266,10.0644],[76.3024,10.0693],[76.2518,10.0329],[76.2645,9.9917]]]},"properties":{"upc":"N/02013/13002/KL","state":"Kerala"}},{"type":"Feature","geometry":{"type":"MultiLineString","coordinates":[[[70.5923,21.7534],[70.5207,21.7374],[70.4675,21.7406],[70.4587,21.7479],[70.3691,21.7617],[70.3084,21.7471],[70.2765,21.7579],[70.2623,21.7528],[70.2529,21.7302],[70.216,21.7238],[70.0962,21.655],[70.0002,21.6273],[69.9859,21.6355],[69.9703,21.6279],[69.9172,21.6267],[69.8869,21.6494],[69.8355,21.6529],[69.7718,21.6746],[69.7231,21.6737],[69.6804,21.6487],[69.636,21.6447]]]},"properties":{"upc":"N/02014/01002/GJ","state":"Gujarat"}},{"type":"Feature","geometry":{"type":"MultiLineString","coordinates":[[[70.5923,21.7534],[70.6137,21.7714],[70.6316,21.7745],[70.6638,21.8051],[70.7246,21.8997],[70.775,21.9438],[70.7987,21.9828],[70.7773,22.1185],[70.7989,22.1825],[70.8,22.2443],[70.8376,22.2824],[70.8323,22.3126]]]},"properties":{"upc":"N/02014/02001/GJ","state":"Gujarat"}},{"type":"Feature","geometry":{"type":"MultiLineString","coordinates":[[[71.084,22.4259],[71.0769,22.4443],[71.0571,22.4578],[71.0442,22.4856],[71.0086,22.5213],[70.9766,22.5897],[70.9538,22.6087],[70.9614,22.6372],[70.9464,22.6648],[70.9316,22.7379],[70.8985,22.791],[70.8502,22.836],[70.8535,22.8586],[70.8279,22.9028],[70.8194,22.9848]]]},"properties":{"upc":"N/02015/02001/GJ","state":"Gujarat"}},{"type":"Feature","geometry":{"type":"MultiLineString","coordinates":[[[70.7807,23.1012],[70.7233,23.1781],[70.7109,23.2206],[70.5647,23.2975],[70.5181,23.3072]],[[70.7806,23.1012],[70.8007,23.0667],[70.7958,23.0748]],[[70.8194,22.9848],[70.8008,23.0668]]]},"properties":{"upc":"N/02015/03001/GJ","state":"Gujarat"}},{"type":"Feature","geometry":{"type":"MultiLineString","coordinates":[[[72.1806,24.2715],[72.204,24.2452]]]},"properties":{"upc":"N/02016/01001/GJ","state":"Gujarat"}},{"type":"Feature","geometry":{"type":"MultiLineString","coordinates":[[[72.9377,24.6788],[72.991,24.7182],[73.0308,24.779],[73.0647,24.7704],[73.0824,24.7518],[73.0973,24.6911],[73.114,24.6778],[73.1753,24.6972],[73.1823,24.706],[73.2442,24.709],[73.2808,24.7343],[73.2864,24.7495],[73.3532,24.7499],[73.4475,24.7881],[73.5165,24.7751],[73.5266,24.7628],[73.5375,24.762],[73.5402,24.7383],[73.5505,24.7301],[73.5601,24.7378],[73.6039,24.7168],[73.6251,24.7322],[73.6387,24.7134],[73.6367,24.6952],[73.6465,24.6757],[73.677,24.6577],[73.7352,24.654],[73.7852,24.5968]]]},"properties":{"upc":"N/02017/03001/RJ","state":"Rajasthan"}},{"type":"Feature","geometry":{"type":"MultiLineString","coordinates":[[[72.4173,24.1745],[72.4234,24.1883],[72.4361,24.1924],[72.4406,24.2135],[72.4815,24.2684],[72.5108,24.2942],[72.5283,24.3318],[72.5887,24.3734]],[[72.5887,24.3734],[72.6946,24.4289]],[[72.6951,24.4291],[72.7352,24.4377],[72.7713,24.4643],[72.7897,24.4689],[72.8082,24.4914],[72.8267,24.5004],[72.8313,24.5189],[72.8492,24.5368],[72.8401,24.5527],[72.8638,24.5714],[72.9254,24.6536]]]},"properties":{"upc":"N/02017/04001/GJ","state":"Gujarat"}},{"type":"Feature","geometry":{"type":"MultiLineString","coordinates":[[[74.5787,24.8359],[74.5699,24.8338]]]},"properties":{"upc":"N/02018/01001/RJ","state":"Rajasthan"}},{"type":"Feature","geometry":{"type":"MultiLineString","coordinates":[[[75.8629,25.0966],[75.9128,25.1295],[75.9311,25.1822]],[[75.759,25.153],[75.7842,25.1548],[75.7984,25.1256],[75.8362,25.1017],[75.8629,25.0966]]]},"properties":{"upc":"N/02018/02001/RJ","state":"Rajasthan"}},{"type":"Feature","geometry":{"type":"MultiLineString","coordinates":[[[75.934,25.1826],[75.9865,25.1935],[76.0065,25.1768],[76.0322,25.1692],[76.2223,25.1661],[76.2416,25.1477],[76.2818,25.1546],[76.3921,25.1127],[76.4365,25.111],[76.45,25.1002],[76.4775,25.0965],[76.4982,25.0697],[76.583,25.13],[76.6188,25.1296],[76.648,25.1067],[76.7863,25.0773],[76.8498,25.1178]]]},"properties":{"upc":"N/02018/03001/RJ","state":"Rajasthan"}},{"type":"Feature","geometry":{"type":"MultiLineString","coordinates":[[[76.8476,25.1167],[76.9342,25.1461],[76.9765,25.1512],[77.0119,25.1403],[77.0318,25.1585],[77.0997,25.1784],[77.134,25.2042],[77.1467,25.2382],[77.1575,25.2273],[77.1588,25.2414],[77.1735,25.2559],[77.2119,25.2732],[77.2567,25.2734],[77.2832,25.243],[77.3457,25.2253],[77.4205,25.2745],[77.4354,25.2935],[77.4944,25.3167],[77.5226,25.3058],[77.5387,25.3092],[77.5754,25.2818],[77.6348,25.2831],[77.7144,25.36],[77.7785,25.3922],[77.7786,25.4158],[77.9068,25.3996],[77.9149,25.4087],[77.9865,25.4224],[78.0562,25.4229],[78.1101,25.4451],[78.1598,25.4553],[78.2165,25.4529],[78.3365,25.4745],[78.5162,25.4574]]]},"properties":{"upc":"N/02018/04002/MP","state":"Madhya Pradesh"}},{"type":"Feature","geometry":{"type":"MultiLineString","coordinates":[[[78.5165,25.4585],[78.5474,25.4781],[78.5507,25.5001],[78.5789,25.4975],[78.6023,25.476],[78.6248,25.4673],[78.7061,25.477],[78.8061,25.5602],[78.8318,25.5691],[78.838,25.5979],[78.868,25.6214],[78.8782,25.6506],[78.9148,25.6968],[78.9342,25.7133],[78.9634,25.7228],[78.9709,25.751],[79.0125,25.7964],[79.0452,25.8129],[79.0767,25.8428],[79.2384,25.8837],[79.2957,25.9165],[79.3438,25.9292],[79.4013,25.9584],[79.4536,25.9634]]]},"properties":{"upc":"N/02020/01001/UP","state":"Uttar Pradesh"}},{"type":"Feature","geometry":{"type":"MultiLineString","coordinates":[[[79.5397,26.0227],[79.7391,26.1138],[79.7958,26.186],[79.8258,26.2126],[79.8328,26.2298],[79.8498,26.2364],[79.8929,26.2829],[79.9531,26.3258],[79.9982,26.3787]]]},"properties":{"upc":"N/02020/02001/UP","state":"Uttar Pradesh"}},{"type":"Feature","geometry":{"type":"MultiLineString","coordinates":[[[82.2241,26.7967],[82.2252,26.7809],[82.2106,26.7699],[82.1812,26.7706],[82.1396,26.7559],[82.1058,26.7684],[82.0563,26.7597],[81.7019,26.7847],[81.5953,26.7828],[81.489,26.8216],[81.3096,26.9123],[81.2309,26.9256],[81.2102,26.9079],[81.1197,26.9034],[81.0146,26.8737],[81.0076,26.8497],[81.0145,26.8134],[80.9759,26.7728],[80.9244,26.7622],[80.8819,26.7769],[80.7977,26.6503],[80.7574,26.6423],[80.727,26.6267],[80.63,26.6145],[80.5073,26.555],[80.491,26.519],[80.465,26.5094],[80.4399,26.4548],[80.4174,26.4443]]]},"properties":{"upc":"N/02021/01001/UP","state":"Uttar Pradesh"}},{"type":"Feature","geometry":{"type":"MultiLineString","coordinates":[[[81.0582,26.795],[81.0239,26.7533],[80.9894,26.7297],[80.9609,26.7247],[80.918,26.7274],[80.8725,26.7196],[80.843,26.7266],[80.8198,26.7784]]]},"properties":{"upc":"N/02021/02002/UP","state":"Uttar Pradesh"}},{"type":"Feature","geometry":{"type":"MultiLineString","coordinates":[[[80.8197,26.7781],[80.797,26.8375],[80.8187,26.8771],[80.8316,26.9525],[80.8716,27.0033],[80.9254,27.0017]]]},"properties":{"upc":"N/02021/03001/UP","state":"Uttar Pradesh"}},{"type":"Feature","geometry":{"type":"MultiLineString","coordinates":[[[81.0279,26.9909],[81.074,26.9759],[81.0702,26.93],[81.081,26.89]]]},"properties":{"upc":"N/02021/04001/UP","state":"Uttar Pradesh"}},{"type":"Feature","geometry":{"type":"MultiLineString","coordinates":[[[80.9254,27.0017],[80.9529,26.9881],[80.9957,27.0015],[81.0279,26.9909]]]},"properties":{"upc":"N/02021/04002/UP","state":"Uttar Pradesh"}},{"type":"Feature","geometry":{"type":"MultiLineString","coordinates":[[[82.224,26.7967],[82.2179,26.8245]],[[82.6829,26.7769],[82.7065,26.7797],[82.7149,26.7988],[82.7548,26.8295],[82.8094,26.8254]]]},"properties":{"upc":"N/02021/06001/UP","state":"Uttar Pradesh"}},{"type":"Feature","geometry":{"type":"MultiLineString","coordinates":[[[83.2837,26.7705],[83.267,26.7669],[83.2567,26.7544]],[[83.2923,26.7846],[83.2862,26.7734]],[[83.2978,26.832],[83.2916,26.8159]],[[83.2916,26.8159],[83.2926,26.7938]],[[83.3161,26.8509],[83.3003,26.837]],[[83.315,26.8627],[83.3161,26.8509]]]},"properties":{"upc":"N/02021/07001/UP","state":"Uttar Pradesh"}},{"type":"Feature","geometry":{"type":"MultiLineString","coordinates":[[[80.3834,26.4087],[80.4172,26.4441]]]},"properties":{"upc":"N/02021/09001/UP","state":"Uttar Pradesh"}},{"type":"Feature","geometry":{"type":"MultiLineString","coordinates":[[[84.4277,26.4733],[84.4523,26.4658]]]},"properties":{"upc":"N/02022/02005/BR","state":"Bihar"}},{"type":"Feature","geometry":{"type":"MultiLineString","coordinates":[[[85.3595,26.1399],[85.3426,26.1494],[85.3409,26.1707],[85.2957,26.2045],[85.2757,26.2313],[85.1618,26.2656],[85.0579,26.42],[84.9366,26.5464],[84.8442,26.516],[84.8169,26.4908]]]},"properties":{"upc":"N/02023/01002/BR","state":"Bihar"}},{"type":"Feature","geometry":{"type":"MultiLineString","coordinates":[[[86.6189,26.3086],[86.67,26.2703],[86.7086,26.2795]]]},"properties":{"upc":"N/02023/02001/BR","state":"Bihar"}},{"type":"Feature","geometry":{"type":"MultiLineString","coordinates":[[[85.341,26.1546],[85.3728,26.1749],[85.4265,26.162],[85.4554,26.1724],[85.489,26.165],[85.5072,26.139],[85.5296,26.1238],[85.5814,26.1109],[85.6025,26.1231],[85.6519,26.1289],[85.6728,26.1447],[85.762,26.158],[85.8313,26.1828],[85.8698,26.1779],[85.896,26.1872],[85.9797,26.1879],[86.0625,26.2142],[86.1351,26.2178],[86.2192,26.2332],[86.2588,26.2792],[86.2925,26.2724],[86.3573,26.3147],[86.4588,26.343],[86.5202,26.3701],[86.5471,26.3534],[86.6095,26.338],[86.6188,26.3085]],[[86.7085,26.2796],[86.7318,26.3026],[86.7584,26.3117],[86.9461,26.3134],[86.999,26.3389],[87.1002,26.3395],[87.2393,26.3172],[87.2473,26.2991],[87.2648,26.2885],[87.2699,26.2561],[87.2942,26.2239],[87.3244,26.2168],[87.4191,26.1702],[87.4525,26.1487],[87.4615,26.1206],[87.4747,26.1123],[87.4937,26.0409],[87.5286,25.979],[87.5386,25.9443],[87.5353,25.8781],[87.5442,25.8545],[87.5434,25.7923]]]},"properties":{"upc":"N/02023/02002/BR","state":"Bihar"}},{"type":"Feature","geometry":{"type":"MultiLineString","coordinates":[[[87.9473,26.0961],[87.9736,26.1152]]]},"properties":{"upc":"N/02023/03001/BR","state":"Bihar"}},{"type":"Feature","geometry":{"type":"MultiLineString","coordinates":[[[87.5434,25.7921],[87.6423,25.8155],[87.6971,25.8525],[87.7424,25.8646],[87.7875,25.8612],[87.811,25.8489],[87.8295,25.9061]]]},"properties":{"upc":"N/02024/01001/BR","state":"Bihar"}},{"type":"Feature","geometry":{"type":"MultiLineString","coordinates":[[[88.1556,26.2352],[88.1949,26.2354],[88.2169,26.2609],[88.2205,26.2813]]]},"properties":{"upc":"N/02025/02001/WB","state":"West Bengal"}},{"type":"Feature","geometry":{"type":"MultiLineString","coordinates":[[[88.2854,26.5872],[88.2973,26.5935],[88.3227,26.5842],[88.3496,26.5861],[88.3689,26.6408],[88.4034,26.6447],[88.4146,26.6578],[88.4375,26.6288],[88.4693,26.6214],[88.5278,26.5709],[88.6643,26.5311],[88.6905,26.5359],[88.7252,26.559],[88.7705,26.5631],[88.794,26.5383],[88.8393,26.5651],[88.9135,26.5573],[88.9435,26.573],[88.9771,26.5763]]]},"properties":{"upc":"N/02025/04001/WB","state":"West Bengal"}},{"type":"Feature","geometry":{"type":"MultiLineString","coordinates":[[[89.2262,26.5114],[89.3565,26.4994],[89.4253,26.4724],[89.4676,26.4672],[89.5538,26.4693],[89.5874,26.4955],[89.6165,26.4867]]]},"properties":{"upc":"N/02025/06001/WB","state":"West Bengal"}},{"type":"Feature","geometry":{"type":"MultiLineString","coordinates":[[[87.8293,25.9053],[87.8477,25.9462],[87.8516,25.999],[87.8734,26.0282],[87.9356,26.0902],[88.0684,26.1662],[88.1565,26.2359]]]},"properties":{"upc":"N/02025/07002/WB","state":"West Bengal"}},{"type":"Feature","geometry":{"type":"MultiLineString","coordinates":[[[88.2205,26.2813],[88.2854,26.329],[88.3073,26.3581],[88.3133,26.3823],[88.2782,26.4097],[88.2583,26.4446],[88.2355,26.4637],[88.2494,26.5415],[88.2854,26.5872]]]},"properties":{"upc":"N/02025/07003/WB","state":"West Bengal"}},{"type":"Feature","geometry":{"type":"MultiLineString","coordinates":[[[89.6165,26.4867],[89.693,26.495],[89.7454,26.4766],[89.8358,26.4695],[89.8654,26.4559]]]},"properties":{"upc":"N/02026/01001/WB","state":"West Bengal"}},{"type":"Feature","geometry":{"type":"MultiLineString","coordinates":[[[90.0767,26.5624],[90.0603,26.5601],[90.0404,26.5205],[90.0224,26.5124],[90.0205,26.49],[89.9882,26.4488],[89.9155,26.4475],[89.9016,26.4374],[89.8753,26.4513]]]},"properties":{"upc":"N/02026/02001/AS","state":"Assam"}},{"type":"Feature","geometry":{"type":"MultiLineString","coordinates":[[[90.3394,26.5529],[90.1938,26.5692],[90.1666,26.5512],[90.1396,26.5528],[90.1162,26.5328],[90.0995,26.5512],[90.0678,26.5626]]]},"properties":{"upc":"N/02026/03001/AS","state":"Assam"}},{"type":"Feature","geometry":{"type":"MultiLineString","coordinates":[[[90.6333,26.4876],[90.5853,26.4898],[90.4613,26.5292],[90.4166,26.552],[90.3904,26.5542],[90.3596,26.5446],[90.3394,26.553]]]},"properties":{"upc":"N/02026/04001/AS","state":"Assam"}},{"type":"Feature","geometry":{"type":"MultiLineString","coordinates":[[[90.8047,26.4889],[90.8773,26.4701],[90.9104,26.4944],[90.9667,26.4875],[90.9655,26.4448],[90.9852,26.4152]]]},"properties":{"upc":"N/02026/05002/AS","state":"Assam"}},{"type":"Feature","geometry":{"type":"MultiLineString","coordinates":[[[90.8051,26.4889],[90.7986,26.4688],[90.7475,26.4654],[90.703,26.4798],[90.6727,26.4772],[90.6598,26.4965],[90.6484,26.4964],[90.6433,26.4874]]]},"properties":{"upc":"N/02026/05003/AS","state":"Assam"}},{"type":"Feature","geometry":{"type":"MultiLineString","coordinates":[[[91.0133,26.4215],[91.0292,26.4251],[91.0645,26.4629],[91.1178,26.4818],[91.1391,26.5011],[91.1762,26.5104],[91.2064,26.5043],[91.2483,26.508]]]},"properties":{"upc":"N/02026/06001/AS","state":"Assam"}},{"type":"Feature","geometry":{"type":"MultiLineString","coordinates":[[[91.2483,26.508],[91.3538,26.525],[91.3708,26.4786],[91.3919,26.4601],[91.4154,26.4516],[91.4412,26.459]]]},"properties":{"upc":"N/02026/07001/AS","state":"Assam"}},{"type":"Feature","geometry":{"type":"MultiLineString","coordinates":[[[91.6568,26.3655],[91.6783,26.35],[91.7152,26.3452],[91.7232,26.3376],[91.7088,26.2772],[91.6886,26.2424],[91.6973,26.218],[91.6755,26.2068],[91.6684,26.1943]]]},"properties":{"upc":"N/02026/08002/AS","state":"Assam"}},{"type":"Feature","geometry":{"type":"MultiLineString","coordinates":[[[91.4412,26.459],[91.5365,26.4533],[91.6169,26.4361],[91.6279,26.4294],[91.6429,26.3739],[91.6568,26.3655]]]},"properties":{"upc":"N/02026/08003/AS","state":"Assam"}},{"type":"Feature","geometry":{"type":"MultiLineString","coordinates":[[[91.6684,26.1943],[91.677,26.1524]]]},"properties":{"upc":"N/02026/09001/AS","state":"Assam"}},{"type":"Feature","geometry":{"type":"MultiLineString","coordinates":[[[91.677,26.1524],[91.6748,26.1297],[91.708,26.1159],[91.7824,26.1113],[91.8174,26.1185]]]},"properties":{"upc":"N/02027/01001/AS","state":"Assam"}},{"type":"Feature","geometry":{"type":"MultiLineString","coordinates":[[[91.8174,26.1185],[91.8765,26.0995],[91.9011,26.1205],[91.9726,26.1222]]]},"properties":{"upc":"N/02027/02001/AS","state":"Assam"}},{"type":"Feature","geometry":{"type":"MultiLineString","coordinates":[[[92.1753,26.1116],[92.2208,26.1264],[92.2761,26.1253],[92.2874,26.1043],[92.3195,26.0997],[92.3502,26.1217],[92.3538,26.1611]]]},"properties":{"upc":"N/02027/03002/AS","state":"Assam"}},{"type":"Feature","geometry":{"type":"MultiLineString","coordinates":[[[91.9726,26.1222],[92.0403,26.1233],[92.0627,26.1121],[92.1006,26.119],[92.1402,26.1032],[92.1753,26.1116]]]},"properties":{"upc":"N/02027/03003/AS","state":"Assam"}},{"type":"Feature","geometry":{"type":"MultiLineString","coordinates":[[[92.3538,26.1611],[92.3533,26.1696],[92.3636,26.1726],[92.3713,26.1875],[92.428,26.2073],[92.4533,26.2129],[92.4931,26.2045],[92.513,26.23],[92.5466,26.248]]]},"properties":{"upc":"N/02027/04002/AS","state":"Assam"}},{"type":"Feature","geometry":{"type":"MultiLineString","coordinates":[[[92.5466,26.248],[92.6118,26.2882],[92.6547,26.2915],[92.7091,26.3143]],[[92.7449,26.3454],[92.7156,26.3268],[92.7091,26.3143]]]},"properties":{"upc":"N/02027/04003/AS","state":"Assam"}},{"type":"Feature","geometry":{"type":"MultiLineString","coordinates":[[[92.7095,26.3136],[92.745,26.2542],[92.736,26.1847],[92.742,26.1718],[92.7824,26.143],[92.8326,26.1342],[92.8549,26.1221]]]},"properties":{"upc":"N/02027/05002/AS","state":"Assam"}},{"type":"Feature","geometry":{"type":"MultiLineString","coordinates":[[[92.8549,26.1221],[92.8762,26.1138],[92.873,26.0978],[92.9111,26.0435],[92.927,25.9874],[92.9531,25.9567],[92.9546,25.9404]]]},"properties":{"upc":"N/02027/05003/AS","state":"Assam"}},{"type":"Feature","geometry":{"type":"MultiLineString","coordinates":[[[92.9546,25.9404],[92.9546,25.9296],[92.9795,25.922],[92.9725,25.913],[92.9767,25.9084],[93.0712,25.8577]]]},"properties":{"upc":"N/02027/05004/AS","state":"Assam"}},{"type":"Feature","geometry":{"type":"MultiLineString","coordinates":[[[93.0712,25.8577],[93.103,25.8472],[93.0923,25.826],[93.1452,25.7938],[93.1506,25.7798],[93.1638,25.7769],[93.1509,25.7522]]]},"properties":{"upc":"N/02027/06001/AS","state":"Assam"}},{"type":"Feature","geometry":{"type":"MultiLineString","coordinates":[[[93.1509,25.7522],[93.1387,25.7413],[93.1298,25.6962],[93.1154,25.6816],[93.122,25.6476],[93.0942,25.6359],[93.0917,25.6108],[93.0983,25.5991]]]},"properties":{"upc":"N/02027/07001/AS","state":"Assam"}},{"type":"Feature","geometry":{"type":"MultiLineString","coordinates":[[[93.0983,25.5991],[93.1019,25.5854],[93.0915,25.5649],[93.1036,25.5518],[93.1068,25.5017],[93.1395,25.4888],[93.1457,25.4775],[93.1371,25.461],[93.1417,25.4311],[93.1316,25.414]]]},"properties":{"upc":"N/02027/08001/AS","state":"Assam"}},{"type":"Feature","geometry":{"type":"MultiLineString","coordinates":[[[93.1316,25.414],[93.1338,25.3978],[93.1261,25.3979],[93.1203,25.385],[93.127,25.3713],[93.1442,25.3652],[93.1382,25.3447],[93.1276,25.3393],[93.1351,25.3296],[93.1302,25.3233]]]},"properties":{"upc":"N/02027/09001/AS","state":"Assam"}},{"type":"Feature","geometry":{"type":"MultiLineString","coordinates":[[[93.1446,25.2382],[93.1461,25.2286]]]},"properties":{"upc":"N/02027/10001/AS","state":"Assam"}},{"type":"Feature","geometry":{"type":"MultiLineString","coordinates":[[[77.1082,28.5335],[77.0576,28.5474]]]},"properties":{"upc":"N/03001/01001/DL","state":"Delhi"}},{"type":"Feature","geometry":{"type":"MultiLineString","coordinates":[[[77.0576,28.5474],[77.0492,28.5529],[77.0339,28.5303]]]},"properties":{"upc":"N/03001/01002/DL","state":"Delhi"}},{"type":"Feature","geometry":{"type":"MultiLineString","coordinates":[[[77.0339,28.5303],[76.9664,28.4605]]]},"properties":{"upc":"N/03001/01003/HR","state":"Haryana"}},{"type":"Feature","geometry":{"type":"MultiLineString","coordinates":[[[76.9664,28.4605],[76.9602,28.4412],[76.9646,28.417],[76.998,28.4029]]]},"properties":{"upc":"N/03001/01004/HR","state":"Haryana"}},{"type":"Feature","geometry":{"type":"MultiLineString","coordinates":[[[77.2726,28.5755],[77.293,28.5684],[77.2914,28.5574],[77.3095,28.5211]]]},"properties":{"upc":"N/03002/01002/DL","state":"Delhi"}},{"type":"Feature","geometry":{"type":"MultiLineString","coordinates":[[[77.336,28.3962],[77.3449,28.3122],[77.3379,28.3048]],[[77.3095,28.5211],[77.3191,28.4496],[77.3363,28.3939]],[[77.316,28.478],[77.3053,28.4875]]]},"properties":{"upc":"N/03002/01003/HR","state":"Haryana"}},{"type":"Feature","geometry":{"type":"MultiLineString","coordinates":[[[77.3351,28.3049],[77.3135,28.3052],[77.3006,28.2933],[77.2408,28.2735],[77.1516,28.1598]]]},"properties":{"upc":"N/03002/01004/HR","state":"Haryana"}},{"type":"Feature","geometry":{"type":"MultiLineString","coordinates":[[[77.034,28.4428],[77.0466,28.3945]],[[77.0466,28.3945],[77.0605,28.3618]]]},"properties":{"upc":"N/03003/01001/HR","state":"Haryana"}},{"type":"Feature","geometry":{"type":"MultiLineString","coordinates":[[[77.0605,28.3618],[77.0651,28.351]],[[77.0651,28.351],[77.0693,28.2525]]]},"properties":{"upc":"N/03003/02001/HR","state":"Haryana"}},{"type":"Feature","geometry":{"type":"MultiLineString","coordinates":[[[74.9024,26.5894],[74.8539,26.6006],[74.7983,26.5588],[74.7058,26.5142],[74.7141,26.4762],[74.7009,26.4437],[74.6147,26.3654],[74.5927,26.3602],[74.5207,26.2854],[74.4995,26.2795],[74.4849,26.2482],[74.437,26.1935],[74.3637,26.154],[74.3451,26.1297],[74.3395,26.0868],[74.3045,26.0705]],[[74.305,26.0712],[74.3393,26.0864],[74.3435,26.1249],[74.3636,26.1538],[74.4378,26.1941],[74.4844,26.2474],[74.4996,26.2795],[74.5201,26.2848],[74.5927,26.3601],[74.615,26.3655],[74.658,26.4058]]]},"properties":{"upc":"N/03004/01001/RJ","state":"Rajasthan"}},{"type":"Feature","geometry":{"type":"MultiLineString","coordinates":[[[73.7845,25.2819],[73.7829,25.2463],[73.8202,25.1908],[73.8397,25.1767],[73.8685,25.0824],[73.8582,25.0542],[73.8599,25.0277],[73.8236,24.939],[73.8314,24.9245],[73.7722,24.8649],[73.7599,24.812],[73.7631,24.7606],[73.7316,24.723],[73.7386,24.6776],[73.721,24.6576]]]},"properties":{"upc":"N/03004/03001/RJ","state":"Rajasthan"}},{"type":"Feature","geometry":{"type":"MultiLineString","coordinates":[[[83.0251,17.7046],[83.0189,17.6879],[83.0304,17.689],[83.0276,17.683]],[[83.3943,17.9007],[83.3055,17.8783],[83.2464,17.8379],[83.1387,17.8023],[83.1298,17.7764],[83.0949,17.7672],[83.0292,17.711],[83.0304,17.689]],[[83.1394,17.8025],[83.1081,17.7724]],[[83.2369,17.8347],[83.2216,17.8385],[83.184,17.8155]]]},"properties":{"upc":"N/03006/02001/AP","state":"Andhra Pradesh"}},{"type":"Feature","geometry":{"type":"MultiLineString","coordinates":[[[76.1222,29.8047],[76.1282,29.7628],[76.1218,29.6639],[76.1267,29.5952],[76.1726,29.5183],[76.1966,29.4561],[76.2419,29.4031],[76.2871,29.3659],[76.2939,29.3492],[76.359,29.3327],[76.3582,29.2865],[76.3368,29.2597]]]},"properties":{"upc":"N/03008/04001/HR","state":"Haryana"}},{"type":"Feature","geometry":{"type":"MultiLineString","coordinates":[[[76.3591,29.3226],[76.3946,29.3218],[76.4335,29.2943],[76.6554,29.1966],[76.7216,29.154]]]},"properties":{"upc":"N/03008/05001/HR","state":"Haryana"}},{"type":"Feature","geometry":{"type":"MultiLineString","coordinates":[[[76.6479,29.9582],[76.6429,29.8682]],[[76.6479,29.9582],[76.6429,29.8682]],[[76.6509,30.0425],[76.6483,29.9762]],[[76.6479,29.9582],[76.6429,29.8682]],[[76.6429,29.8682],[76.6372,29.8482],[76.6429,29.8682]],[[76.6478,29.9636],[76.6479,29.9582],[76.6478,29.9636]],[[76.6482,29.9758],[76.6478,29.9636]],[[76.6482,29.9758],[76.6478,29.9636]],[[76.6482,29.9758],[76.6478,29.9636]],[[76.6504,30.0497],[76.6499,30.056],[76.6504,30.0497]],[[76.6509,30.0425],[76.6483,29.9762]],[[76.6478,29.9636],[76.6479,29.9582],[76.6478,29.9636]],[[76.6482,29.9758],[76.6478,29.9636]],[[76.6482,29.9758],[76.6478,29.9636]],[[76.6482,29.9758],[76.6478,29.9636]],[[76.6501,30.0571],[76.6499,30.057]]]},"properties":{"upc":"N/03009/01002/HR","state":"Haryana"}},{"type":"Feature","geometry":{"type":"MultiLineString","coordinates":[[[76.6292,29.8333],[76.6053,29.7851]],[[76.6052,29.7849],[76.5936,29.7605]],[[76.5935,29.7603],[76.5757,29.7164]],[[76.5756,29.7162],[76.5616,29.66]],[[76.5615,29.6597],[76.5412,29.5668]],[[76.6372,29.8482],[76.6294,29.8335]]]},"properties":{"upc":"N/03009/01003/HR","state":"Haryana"}},{"type":"Feature","geometry":{"type":"MultiLineString","coordinates":[[[76.5412,29.5668],[76.4801,29.3577]]]},"properties":{"upc":"N/03009/01004/HR","state":"Haryana"}},{"type":"Feature","geometry":{"type":"MultiLineString","coordinates":[[[76.4801,29.3577],[76.455,29.1583],[76.4489,29.1246],[76.4378,29.1099]],[[76.3709,28.9149],[76.3481,28.8267],[76.3533,28.7901],[76.3484,28.7511],[76.3061,28.6169]],[[76.2252,28.3124],[76.2002,28.2498],[76.1773,28.1138],[76.1455,28.0869]]]},"properties":{"upc":"N/03009/01005/HR","state":"Haryana"}},{"type":"Feature","geometry":{"type":"MultiLineString","coordinates":[[[76.4377,29.11],[76.4107,29.0764],[76.3966,29.0148],[76.3773,28.9717],[76.3709,28.9149]]]},"properties":{"upc":"N/03009/01006/HR","state":"Haryana"}},{"type":"Feature","geometry":{"type":"MultiLineString","coordinates":[[[76.3015,28.5993],[76.2699,28.5332]],[[76.2699,28.5332],[76.2544,28.4903]],[[76.2544,28.4903],[76.2441,28.379],[76.2252,28.3124]],[[76.3061,28.6169],[76.3015,28.5993]]]},"properties":{"upc":"N/03009/01008/HR","state":"Haryana"}},{"type":"Feature","geometry":{"type":"MultiLineString","coordinates":[[[79.0044,22.1195],[79.0587,22.1761],[79.0546,22.1851],[79.0644,22.1942],[79.0641,22.2073],[79.126,22.2418],[79.133,22.2686],[79.1544,22.283],[79.1611,22.3473],[79.1499,22.3762],[79.1715,22.4361],[79.2078,22.464],[79.2343,22.5659],[79.2097,22.6133],[79.2184,22.6292],[79.2211,22.6926],[79.2295,22.7156],[79.2164,22.7392],[79.2291,22.7605],[79.2242,22.7725],[79.2574,22.8079],[79.244,22.8136],[79.2322,22.847],[79.1907,22.8911],[79.1964,22.9322]]]},"properties":{"upc":"N/03010/04004/MP","state":"Madhya Pradesh"}},{"type":"Feature","geometry":{"type":"MultiLineString","coordinates":[[[78.9175,21.377],[78.9286,21.3468],[78.9196,21.331],[78.9104,21.2601],[78.8884,21.2354],[78.8997,21.2045],[78.8816,21.1393]]]},"properties":{"upc":"N/03010/05001/MH","state":"Maharashtra"}},{"type":"Feature","geometry":{"type":"MultiLineString","coordinates":[[[77.7242,12.7883],[77.7237,12.7935],[77.7492,12.7322],[77.7719,12.7103],[77.8053,12.7051],[77.8299,12.686],[77.8561,12.6833],[77.8688,12.6686]]]},"properties":{"upc":"N/03011/01002/TN","state":"Tamil Nadu"}},{"type":"Feature","geometry":{"type":"MultiLineString","coordinates":[[[77.8688,12.6686],[77.9193,12.6309],[77.9492,12.5903],[77.9707,12.5795],[78.0118,12.5354],[78.0491,12.4075]]]},"properties":{"upc":"N/03011/01003/TN","state":"Tamil Nadu"}},{"type":"Feature","geometry":{"type":"MultiLineString","coordinates":[[[78.0491,12.4075],[78.0673,12.2843],[78.0911,12.2593],[78.1231,12.203],[78.1332,12.1206]]]},"properties":{"upc":"N/03011/01004/TN","state":"Tamil Nadu"}},{"type":"Feature","geometry":{"type":"MultiLineString","coordinates":[[[88.1404,26.5177],[88.1219,26.5067],[88.1304,26.4383],[88.1159,26.4292],[88.066,26.3564],[88.0473,26.3441],[88.0016,26.3489],[87.9742,26.3326],[87.927,26.3326],[87.9114,26.3202],[87.8825,26.3163],[87.8485,26.2919],[87.838,26.2686]]]},"properties":{"upc":"N/03012/02001/BR","state":"Bihar"}},{"type":"Feature","geometry":{"type":"MultiLineString","coordinates":[[[87.8382,26.2652],[87.8266,26.2378],[87.7104,26.1585],[87.6565,26.1561],[87.6237,26.1405],[87.5302,26.1499],[87.4965,26.1398],[87.4884,26.1212],[87.469,26.1162]]]},"properties":{"upc":"N/03012/03001/BR","state":"Bihar"}},{"type":"Feature","geometry":{"type":"MultiLineString","coordinates":[[[87.9204,26.0754],[87.9128,26.0935],[87.9211,26.1349],[87.9027,26.1459],[87.8981,26.1787],[87.8247,26.2367]]]},"properties":{"upc":"N/03012/07001/BR","state":"Bihar"}},{"type":"Feature","geometry":{"type":"MultiLineString","coordinates":[[[73.0377,19.2375],[73.0029,19.2086],[72.9774,19.2119]],[[73.0878,19.2723],[73.0441,19.2429]],[[73.1234,19.3444],[73.1092,19.3264],[73.1079,19.2877],[73.0878,19.2722]],[[73.1228,19.3508],[73.1302,19.3451],[73.1234,19.3444]],[[73.1302,19.3451],[73.1641,19.3178]],[[73.1492,19.3525],[73.1302,19.3451],[73.1375,19.337]],[[73.1641,19.3178],[73.1784,19.2987]]]},"properties":{"upc":"N/04001/01001/MH","state":"Maharashtra"}},{"type":"Feature","geometry":{"type":"MultiLineString","coordinates":[[[73.1582,19.3569],[73.1492,19.3525]],[[73.3176,19.4452],[73.3045,19.4437],[73.2759,19.4154],[73.227,19.3873],[73.1684,19.3629]],[[73.3344,19.4881],[73.3319,19.4785]],[[73.3346,19.469],[73.3318,19.4503],[73.3223,19.4452]],[[73.3751,19.5646],[73.3413,19.5312],[73.3284,19.5067]],[[73.3921,19.5938],[73.3746,19.5691]],[[73.4259,19.6316],[73.392,19.5947]],[[73.4834,19.6411],[73.4624,19.626]],[[73.4911,19.6521],[73.4833,19.642]],[[73.5025,19.6757],[73.4949,19.6519]],[[73.6112,19.7065],[73.5712,19.6859]],[[73.6718,19.7974],[73.6178,19.7113]],[[73.6767,19.8369],[73.6692,19.8153]]]},"properties":{"upc":"N/04001/02001/MH","state":"Maharashtra"}},{"type":"Feature","geometry":{"type":"MultiLineString","coordinates":[[[78.1855,21.1056],[78.1506,21.0894],[78.1002,21.0977],[77.9223,21.0261],[77.8435,21.0157],[77.8298,21.0277],[77.7827,20.9616],[77.7926,20.9399],[77.7511,20.8552],[77.7153,20.8365]]]},"properties":{"upc":"N/04001/07001/MH","state":"Maharashtra"}},{"type":"Feature","geometry":{"type":"MultiLineString","coordinates":[[[77.9702,21.0463],[77.9949,21.0642],[78.0199,21.0642]]]},"properties":{"upc":"N/04001/07002/MH","state":"Maharashtra"}},{"type":"Feature","geometry":{"type":"MultiLineString","coordinates":[[[78.6265,21.146],[78.5698,21.1522],[78.5319,21.14],[78.436,21.1624],[78.2915,21.1538],[78.2023,21.1059],[78.1855,21.1056]]]},"properties":{"upc":"N/04001/08001/MH","state":"Maharashtra"}},{"type":"Feature","geometry":{"type":"MultiLineString","coordinates":[[[79.0021,21.1528],[78.9062,21.1352],[78.8073,21.1409],[78.64,21.1347],[78.6265,21.146]]]},"properties":{"upc":"N/04001/09001/MH","state":"Maharashtra"}},{"type":"Feature","geometry":{"type":"MultiLineString","coordinates":[[[79.172,21.1449],[79.3125,21.1352],[79.3981,21.1387],[79.4837,21.1589],[79.5348,21.1504],[79.596,21.1533]]]},"properties":{"upc":"N/04001/11001/MH","state":"Maharashtra"}},{"type":"Feature","geometry":{"type":"MultiLineString","coordinates":[[[79.7111,21.1217],[79.6759,21.1396],[79.6382,21.1252],[79.596,21.1533]]]},"properties":{"upc":"N/04001/14001/MH","state":"Maharashtra"}},{"type":"Feature","geometry":{"type":"MultiLineString","coordinates":[[[80.4475,21.0746],[80.3366,21.0732],[80.2903,21.0597],[80.0398,21.0887],[79.9858,21.0851],[79.9161,21.0617],[79.8831,21.0625],[79.7715,21.0858],[79.73,21.1014],[79.7111,21.1217]]]},"properties":{"upc":"N/04001/15001/MH","state":"Maharashtra"}},{"type":"Feature","geometry":{"type":"MultiLineString","coordinates":[[[81.2048,21.1505],[81.1502,21.1253],[81.0637,21.1019],[80.8861,21.0858],[80.8599,21.0769],[80.7615,21.0734],[80.7089,21.0874],[80.6623,21.0674],[80.6342,21.0791],[80.5421,21.0893],[80.5036,21.0799],[80.4752,21.0829],[80.4537,21.0722],[80.4291,21.0745]]]},"properties":{"upc":"N/04001/17001/CG","state":"Chhattisgarh"}},{"type":"Feature","geometry":{"type":"MultiLineString","coordinates":[[[81.32,21.2008],[81.3039,21.2137],[81.2274,21.2125],[81.2096,21.1796],[81.2049,21.1507]]]},"properties":{"upc":"N/04001/18001/CG","state":"Chhattisgarh"}},{"type":"Feature","geometry":{"type":"MultiLineString","coordinates":[[[81.5691,21.259],[81.5834,21.2381],[81.6322,21.2152],[81.6728,21.2387],[81.7108,21.2386],[81.8051,21.2272],[81.8798,21.2035],[81.9431,21.1986]],[[81.9603,21.196],[81.9431,21.1986]]]},"properties":{"upc":"N/04001/19001/CG","state":"Chhattisgarh"}},{"type":"Feature","geometry":{"type":"MultiLineString","coordinates":[[[81.1867,21.1412],[81.3293,21.1351],[81.3612,21.11],[81.4179,21.0966],[81.4665,21.0694],[81.5862,21.0826]]]},"properties":{"upc":"N/04001/20002/CG","state":"Chhattisgarh"}},{"type":"Feature","geometry":{"type":"MultiLineString","coordinates":[[[81.5862,21.0826],[81.7554,21.0916],[81.7924,21.0824],[81.8771,21.1103],[82.0056,21.1725]]]},"properties":{"upc":"N/04001/20003/CG","state":"Chhattisgarh"}},{"type":"Feature","geometry":{"type":"MultiLineString","coordinates":[[[83.2515,21.3058],[83.2577,21.3067],[83.2278,21.312],[83.19,21.2994],[83.0792,21.294],[83.0365,21.3104],[83.0049,21.3035],[82.9821,21.3112],[82.9117,21.2894],[82.8883,21.2946],[82.8359,21.2814],[82.8176,21.2849],[82.7854,21.2695],[82.6889,21.2845],[82.6511,21.2824],[82.6381,21.2898],[82.5657,21.2533],[82.5193,21.2618],[82.48,21.2491],[82.454,21.2299],[82.4181,21.2273],[82.3795,21.2135],[82.3583,21.2201],[82.3315,21.2109],[82.2782,21.2274],[82.1847,21.2059],[82.1547,21.2109],[82.0902,21.1873],[82.0663,21.1893],[82.0242,21.1607],[81.9849,21.189],[81.9609,21.188],[81.9603,21.196]]]},"properties":{"upc":"N/04001/21001/CG","state":"Chhattisgarh"}},{"type":"Feature","geometry":{"type":"MultiLineString","coordinates":[[[83.9868,21.4943],[83.9433,21.5023],[83.9199,21.4983],[83.9096,21.4914],[83.8971,21.4566],[83.9001,21.428],[83.832,21.4064],[83.7819,21.3717],[83.7191,21.3627],[83.6938,21.3508],[83.6736,21.3565],[83.6592,21.3482],[83.6367,21.3553],[83.5914,21.338],[83.5728,21.3425],[83.5313,21.3188],[83.4996,21.3248],[83.4003,21.3007],[83.3806,21.3097],[83.328,21.3047],[83.3041,21.3153],[83.2632,21.3075]]]},"properties":{"upc":"N/04001/22001/OR","state":"Odisha"}},{"type":"Feature","geometry":{"type":"MultiLineString","coordinates":[[[86.8725,22.3038],[86.9424,22.3074],[87.0856,22.352],[87.1803,22.3404],[87.2185,22.3157],[87.2551,22.3293],[87.2789,22.3533],[87.3689,22.3814]]]},"properties":{"upc":"N/04001/26001/WB","state":"West Bengal"}},{"type":"Feature","geometry":{"type":"MultiLineString","coordinates":[[[85.272,21.4473],[85.2596,21.4492]],[[85.2849,21.4434],[85.2737,21.4468]],[[85.331,21.4328],[85.3009,21.4378]],[[85.3545,21.4374],[85.3347,21.4324]],[[85.3636,21.4442],[85.3559,21.44]],[[85.365,21.4447],[85.3473,21.431],[85.2535,21.45]],[[85.3818,21.4501],[85.365,21.4447]],[[85.3827,21.4502],[85.3636,21.4442]],[[85.3921,21.4477],[85.3827,21.4502]],[[85.3989,21.4538],[85.3921,21.4477]],[[85.4325,21.4654],[85.4131,21.4512],[85.3989,21.4538]],[[85.4471,21.4777],[85.4401,21.4798],[85.4325,21.4654]],[[85.4686,21.4845],[85.4616,21.4658],[85.4528,21.4773]],[[85.468,21.5212],[85.4673,21.5101]],[[85.4687,21.509],[85.4755,21.4944],[85.4686,21.4845]],[[85.4838,21.544],[85.4692,21.5225]],[[85.5776,21.6318],[85.5734,21.6255],[85.5485,21.6289],[85.5411,21.6024],[85.5227,21.6089],[85.5105,21.5723],[85.4838,21.544]],[[85.5775,21.6318],[85.5711,21.6292]],[[85.5865,21.6538],[85.5811,21.637]],[[85.6119,21.6734],[85.5968,21.6473],[85.5873,21.6611]],[[85.6702,21.6809],[85.6119,21.6734]],[[85.7275,21.7303],[85.6702,21.6809]],[[85.7442,21.7426],[85.7275,21.7303]],[[85.7966,21.7912],[85.7823,21.7688],[85.7442,21.7426]],[[85.8015,21.8124],[85.7966,21.7912]],[[85.9094,21.8507],[85.8061,21.8158]]]},"properties":{"upc":"N/04001/27001/OR","state":"Odisha"}},{"type":"Feature","geometry":{"type":"MultiLineString","coordinates":[[[86.7252,22.2777],[86.7081,22.1933],[86.553,22.1653],[86.5371,22.1531],[86.5177,22.1594],[86.5173,22.1673],[86.5057,22.1639],[86.4582,22.1795],[86.3021,22.1162],[86.2062,22.0672],[86.1142,21.9703],[86.0694,21.9701],[86.0708,21.9486],[86.035,21.8941],[85.9781,21.8819],[85.9083,21.85]]]},"properties":{"upc":"N/04001/28001/OR","state":"Odisha"}},{"type":"Feature","geometry":{"type":"MultiLineString","coordinates":[[[73.0615,18.6818],[73.05,18.7069],[73.0749,18.7264],[73.0634,18.7193]],[[73.0616,18.6816],[73.0779,18.6351]],[[73.0749,18.7264],[73.0872,18.7327],[73.0932,18.7489],[73.0927,18.838],[73.1079,18.8873]],[[73.0778,18.6353],[73.0849,18.6252]],[[73.0849,18.6252],[73.1066,18.6008],[73.1389,18.5366],[73.1931,18.4836],[73.212,18.4118]],[[73.131,18.9645],[73.1251,18.9197],[73.1083,18.8875]],[[73.131,18.9645],[73.1251,18.9197],[73.1083,18.8875]],[[73.212,18.4118],[73.2218,18.3916]],[[73.222,18.3914],[73.2333,18.3595],[73.2372,18.31]]]},"properties":{"upc":"N/04002/01001/MH","state":"Maharashtra"}},{"type":"Feature","geometry":{"type":"MultiLineString","coordinates":[[[74.0936,14.9091],[74.1303,14.8567],[74.1244,14.7895],[74.1599,14.7704],[74.224,14.7634],[74.2777,14.7338],[74.316,14.6823],[74.3158,14.6537],[74.3575,14.6169],[74.3636,14.6019],[74.3824,14.6024],[74.3936,14.5458],[74.4265,14.4858],[74.4374,14.4809],[74.4386,14.4535],[74.4486,14.4468],[74.4275,14.4371],[74.4034,14.4114],[74.411,14.369],[74.4291,14.3334],[74.4277,14.3149],[74.4522,14.2834],[74.4342,14.2674],[74.4399,14.2483],[74.457,14.2412],[74.5015,14.1567],[74.5082,14.0607]],[[74.5078,14.0612],[74.5376,14.0051],[74.5609,13.9911],[74.5614,13.9816],[74.5957,13.9413],[74.6035,13.9097],[74.6206,13.8774],[74.6283,13.8753],[74.6401,13.7912]],[[74.6408,13.7935],[74.636,13.7698],[74.6446,13.6941],[74.6996,13.6765],[74.7088,13.6558],[74.6953,13.6275]]]},"properties":{"upc":"N/04002/02001/KA","state":"Karnataka"}},{"type":"Feature","geometry":{"type":"MultiLineString","coordinates":[[[74.6961,13.6282],[74.712,13.4575],[74.7446,13.4355],[74.7397,13.4227],[74.7497,13.3932],[74.7386,13.3857],[74.7459,13.3702],[74.7357,13.3456],[74.7494,13.2808],[74.7442,13.2455],[74.7519,13.195],[74.7982,13.0647],[74.7929,13.0139]],[[74.864,12.8837],[74.8676,12.8569],[74.8598,12.8462],[74.8571,12.7955],[74.8741,12.7544]]]},"properties":{"upc":"N/04002/03001/KA","state":"Karnataka"}},{"type":"Feature","geometry":{"type":"MultiLineString","coordinates":[[[74.8741,12.7546],[74.8855,12.7442],[74.8843,12.7284],[74.9008,12.7165],[74.9032,12.6821],[74.9185,12.6616],[74.9274,12.6241],[74.9719,12.5234],[74.9921,12.5061],[75.0147,12.5177],[75.0473,12.5099]]]},"properties":{"upc":"N/04002/05001/KL","state":"Kerala"}},{"type":"Feature","geometry":{"type":"MultiLineString","coordinates":[[[75.0464,12.51],[75.0546,12.5086],[75.0507,12.4982],[75.059,12.4878],[75.0647,12.4354],[75.0965,12.4065],[75.1019,12.3891],[75.094,12.3565],[75.1101,12.3295],[75.1025,12.2951],[75.119,12.254],[75.1345,12.2457]]]},"properties":{"upc":"N/04002/06001/KL","state":"Kerala"}},{"type":"Feature","geometry":{"type":"MultiLineString","coordinates":[[[75.1345,12.2457],[75.1545,12.2334],[75.1666,12.1917],[75.2088,12.159],[75.2258,12.1186],[75.2242,12.1055],[75.2701,12.0757],[75.3369,12.0604],[75.3696,12.0026]]]},"properties":{"upc":"N/04002/08001/KL","state":"Kerala"}},{"type":"Feature","geometry":{"type":"MultiLineString","coordinates":[[[75.3694,12.0062],[75.3763,11.9844],[75.357,11.9632],[75.3606,11.9341],[75.4075,11.9007],[75.4164,11.8582],[75.4286,11.8477],[75.4352,11.8183],[75.4533,11.7937]]]},"properties":{"upc":"N/04002/09001/KL","state":"Kerala"}},{"type":"Feature","geometry":{"type":"MultiLineString","coordinates":[[[75.4511,11.7967],[75.5099,11.7649],[75.5191,11.7397],[75.5344,11.7347],[75.5506,11.7152],[75.5466,11.6836]]]},"properties":{"upc":"N/04002/10001/KL","state":"Kerala"}},{"type":"Feature","geometry":{"type":"MultiLineString","coordinates":[[[75.5466,11.6836],[75.5714,11.6429],[75.5791,11.6107],[75.5947,11.5974],[75.5932,11.5843],[75.6074,11.5711],[75.6356,11.4788]],[[75.6356,11.4788],[75.6864,11.4601],[75.7381,11.3796]]]},"properties":{"upc":"N/04002/11001/KL","state":"Kerala"}},{"type":"Feature","geometry":{"type":"MultiLineString","coordinates":[[[75.7363,11.3829],[75.8113,11.2651],[75.8517,11.2309],[75.8746,11.1717]]]},"properties":{"upc":"N/04002/12001/KL","state":"Kerala"}},{"type":"Feature","geometry":{"type":"MultiLineString","coordinates":[[[75.8746,11.1717],[75.8955,11.1493],[75.89,11.1093],[75.9035,11.072],[75.9348,11.0611],[75.9376,11.0359],[75.9595,10.997],[76.0087,10.9732],[76.0023,10.937],[76.035,10.9219]]]},"properties":{"upc":"N/04002/13001/KL","state":"Kerala"}},{"type":"Feature","geometry":{"type":"MultiLineString","coordinates":[[[76.035,10.9219],[76.0517,10.9076],[76.0678,10.8766],[76.0409,10.8668],[76.0284,10.8411],[75.9946,10.8419],[75.9282,10.7624],[75.9633,10.6905]]]},"properties":{"upc":"N/04002/14001/KL","state":"Kerala"}},{"type":"Feature","geometry":{"type":"MultiLineString","coordinates":[[[76.3182,9.7722],[76.3177,9.6996],[76.3401,9.6729],[76.328,9.5983],[76.3278,9.5158],[76.3177,9.4977],[76.3222,9.4789],[76.3384,9.4683],[76.3422,9.4487]]]},"properties":{"upc":"N/04002/17001/KL","state":"Kerala"}},{"type":"Feature","geometry":{"type":"MultiLineString","coordinates":[[[76.3422,9.4487],[76.3537,9.3864],[76.3781,9.3235],[76.3896,9.315],[76.4256,9.3186],[76.4405,9.2842],[76.4588,9.2805],[76.4891,9.1861]]]},"properties":{"upc":"N/04002/18001/KL","state":"Kerala"}},{"type":"Feature","geometry":{"type":"MultiLineString","coordinates":[[[76.4891,9.1861],[76.513,9.1512],[76.5338,9.0738],[76.5432,9.03],[76.5307,8.9647],[76.538,8.943],[76.5554,8.9257]]]},"properties":{"upc":"N/04002/19002/KL","state":"Kerala"}},{"type":"Feature","geometry":{"type":"MultiLineString","coordinates":[[[76.5554,8.9257],[76.6124,8.9191],[76.6449,8.8679],[76.7174,8.8626],[76.7691,8.7983]]]},"properties":{"upc":"N/04002/19003/KL","state":"Kerala"}},{"type":"Feature","geometry":{"type":"MultiLineString","coordinates":[[[76.769,8.7991],[76.7961,8.7518],[76.7951,8.7033],[76.8206,8.6767]],[[76.831,8.6744],[76.8406,8.6615],[76.8571,8.5903],[76.8715,8.5707]]]},"properties":{"upc":"N/04002/19004/KL","state":"Kerala"}},{"type":"Feature","geometry":{"type":"MultiLineString","coordinates":[[[76.8769,8.5512],[76.8834,8.5319],[76.9354,8.4784],[76.98,8.4008],[77.0137,8.3796]]]},"properties":{"upc":"N/04002/20001/KL","state":"Kerala"}},{"type":"Feature","geometry":{"type":"MultiLineString","coordinates":[[[76.8695,8.5739],[76.8769,8.5512]]]},"properties":{"upc":"N/04002/20002/KL","state":"Kerala"}},{"type":"Feature","geometry":{"type":"MultiLineString","coordinates":[[[77.0138,8.3796],[77.0323,8.3667],[77.1295,8.3457],[77.1578,8.3148],[77.2686,8.2562],[77.3196,8.2191],[77.3627,8.2128],[77.3924,8.1969],[77.4396,8.209],[77.4511,8.1809],[77.4905,8.1378],[77.5157,8.1151],[77.5368,8.1085]],[[77.4429,8.196],[77.4499,8.2046],[77.4901,8.2122],[77.5243,8.2437],[77.5671,8.2618]]]},"properties":{"upc":"N/04002/21001/KL","state":"Kerala"}},{"type":"Feature","geometry":{"type":"MultiLineString","coordinates":[[[77.1444,8.3291],[77.1576,8.3149],[77.2687,8.2562],[77.3192,8.2194],[77.3552,8.2119]]]},"properties":{"upc":"N/04002/22001/TN","state":"Tamil Nadu"}},{"type":"Feature","geometry":{"type":"MultiLineString","coordinates":[[[77.3552,8.2119],[77.3925,8.1969],[77.4396,8.209],[77.4512,8.1808],[77.4906,8.1377],[77.5157,8.1151],[77.5368,8.1085]],[[77.4429,8.196],[77.4525,8.2051]],[[77.4558,8.2055],[77.4803,8.2132]],[[77.4824,8.2127],[77.4907,8.2127]],[[77.4908,8.2128],[77.5061,8.2266]],[[77.5062,8.2266],[77.5248,8.244],[77.5667,8.2617]]]},"properties":{"upc":"N/04002/23001/TN","state":"Tamil Nadu"}},{"type":"Feature","geometry":{"type":"MultiLineString","coordinates":[[[74.4458,14.4438],[74.4355,14.436],[74.436,14.4224],[74.4111,14.4063],[74.4074,14.3942]]]},"properties":{"upc":"N/04002/26001/KA","state":"Karnataka"}},{"type":"Feature","geometry":{"type":"MultiLineString","coordinates":[[[74.6984,29.9168],[74.6677,29.9144]],[[74.6652,29.914],[74.6197,29.8725]],[[74.6197,29.8725],[74.5914,29.8424]],[[74.5914,29.8424],[74.5444,29.7958]],[[74.5391,29.7929],[74.5254,29.7892]],[[74.5254,29.7892],[74.5019,29.776]],[[74.8697,30.0767],[74.8604,30.0629],[74.8215,30.0497]],[[74.8215,30.0497],[74.7922,30.0232]],[[74.7921,30.0231],[74.764,29.9989],[74.7485,29.9369],[74.7317,29.922],[74.7023,29.9174]]]},"properties":{"upc":"N/04003/09001/HR","state":"Haryana"}},{"type":"Feature","geometry":{"type":"MultiLineString","coordinates":[[[74.5024,29.7757],[74.465,29.7382],[74.3443,29.5513]]]},"properties":{"upc":"N/04003/10002/RJ","state":"Rajasthan"}},{"type":"Feature","geometry":{"type":"MultiLineString","coordinates":[[[74.3459,29.5536],[74.311,29.5205],[74.2967,29.4644],[74.2369,29.3614]]]},"properties":{"upc":"N/04003/10003/RJ","state":"Rajasthan"}},{"type":"Feature","geometry":{"type":"MultiLineString","coordinates":[[[74.2383,29.3639],[74.1693,29.243],[74.1006,29.0653]]]},"properties":{"upc":"N/04003/10004/RJ","state":"Rajasthan"}},{"type":"Feature","geometry":{"type":"MultiLineString","coordinates":[[[74.1039,29.0739],[74.0497,28.929],[74.0072,28.841]]]},"properties":{"upc":"N/04003/10005/RJ","state":"Rajasthan"}},{"type":"Feature","geometry":{"type":"MultiLineString","coordinates":[[[74.0068,28.8401],[73.9069,28.6326]]]},"properties":{"upc":"N/04003/10006/RJ","state":"Rajasthan"}},{"type":"Feature","geometry":{"type":"MultiLineString","coordinates":[[[73.9075,28.6338],[73.8574,28.5454]],[[73.8595,28.5489],[73.7627,28.3953]]]},"properties":{"upc":"N/04003/10007/RJ","state":"Rajasthan"}},{"type":"Feature","geometry":{"type":"MultiLineString","coordinates":[[[73.762,28.3941],[73.6115,28.1562]]]},"properties":{"upc":"N/04003/10008/RJ","state":"Rajasthan"}},{"type":"Feature","geometry":{"type":"MultiLineString","coordinates":[[[73.5724,28.0823],[73.567,28.0721]],[[73.5724,28.0823],[73.5863,28.1082]],[[73.567,28.0721],[73.5603,28.0581]],[[73.5865,28.1085],[73.6144,28.162]],[[73.567,28.0721],[73.5027,27.9578]]]},"properties":{"upc":"N/04003/10009/RJ","state":"Rajasthan"}},{"type":"Feature","geometry":{"type":"MultiLineString","coordinates":[[[73.5032,27.9586],[73.432,27.8374],[73.3597,27.7516]]]},"properties":{"upc":"N/04003/10010/RJ","state":"Rajasthan"}},{"type":"Feature","geometry":{"type":"MultiLineString","coordinates":[[[73.2133,27.5281],[73.3668,27.7551]]]},"properties":{"upc":"N/04003/11002/RJ","state":"Rajasthan"}},{"type":"Feature","geometry":{"type":"MultiLineString","coordinates":[[[73.0746,27.2903],[73.2133,27.5281]]]},"properties":{"upc":"N/04003/11003/RJ","state":"Rajasthan"}},{"type":"Feature","geometry":{"type":"MultiLineString","coordinates":[[[73.0746,27.2905],[72.951,27.0433]]]},"properties":{"upc":"N/04003/11004/RJ","state":"Rajasthan"}},{"type":"Feature","geometry":{"type":"MultiLineString","coordinates":[[[72.8272,26.7944],[72.951,27.0433]]]},"properties":{"upc":"N/04003/11005/RJ","state":"Rajasthan"}},{"type":"Feature","geometry":{"type":"MultiLineString","coordinates":[[[72.7176,26.563],[72.7549,26.6606],[72.8272,26.7944]]]},"properties":{"upc":"N/04003/11006/RJ","state":"Rajasthan"}},{"type":"Feature","geometry":{"type":"MultiLineString","coordinates":[[[72.7177,26.563],[72.6258,26.4],[72.6101,26.3421],[72.592,26.3106]]]},"properties":{"upc":"N/04003/11007/RJ","state":"Rajasthan"}},{"type":"Feature","geometry":{"type":"MultiLineString","coordinates":[[[72.592,26.3106],[72.587,26.3008]],[[72.5814,26.286],[72.5745,26.271]],[[72.5603,26.2538],[72.5431,26.2409]],[[72.5404,26.2384],[72.5214,26.2174]],[[72.5192,26.2143],[72.5085,26.1958]],[[72.5017,26.1868],[72.4824,26.1669]],[[72.5745,26.271],[72.5603,26.2538]],[[72.5085,26.1958],[72.5017,26.1868]]]},"properties":{"upc":"N/04003/12002/RJ","state":"Rajasthan"}},{"type":"Feature","geometry":{"type":"MultiLineString","coordinates":[[[72.3854,25.925],[72.3773,25.9115]],[[72.3731,25.9034],[72.3643,25.8843]],[[72.3628,25.881],[72.3577,25.8685]],[[72.3565,25.8657],[72.3512,25.8551]],[[72.3475,25.8506],[72.3294,25.8365]],[[72.3254,25.8312],[72.3132,25.8006]],[[72.3123,25.7964],[72.3119,25.7843]],[[72.311,25.7802],[72.3077,25.7717]],[[72.3039,25.7595],[72.2981,25.7504]],[[72.3939,25.9354],[72.3854,25.925]]]},"properties":{"upc":"N/04003/12004/RJ","state":"Rajasthan"}},{"type":"Feature","geometry":{"type":"MultiLineString","coordinates":[[[72.2949,25.7444],[72.2904,25.7357]],[[72.2884,25.7325],[72.2537,25.6865]],[[72.2511,25.6811],[72.2332,25.6106]],[[72.2261,25.5972],[72.2138,25.58]],[[72.197,25.5617],[72.1896,25.552]]]},"properties":{"upc":"N/04003/12005/RJ","state":"Rajasthan"}},{"type":"Feature","geometry":{"type":"MultiLineString","coordinates":[[[72.1859,25.5381],[72.1805,25.5268]],[[72.1794,25.5233],[72.1769,25.5086]],[[72.1751,25.5047],[72.1611,25.4872]],[[72.159,25.4838],[72.1527,25.4706]],[[72.1511,25.4674],[72.1391,25.4444]],[[72.1374,25.4408],[72.1293,25.4235]],[[72.1265,25.418],[72.1166,25.4003]],[[72.115,25.397],[72.1027,25.3712]],[[72.1,25.3661],[72.0812,25.3359]],[[72.079,25.3309],[72.0748,25.3169]]]},"properties":{"upc":"N/04003/12006/RJ","state":"Rajasthan"}},{"type":"Feature","geometry":{"type":"MultiLineString","coordinates":[[[72.0748,25.3169],[72.0721,25.3077]],[[72.0709,25.3047],[72.0663,25.296]],[[72.0559,25.2733],[72.0538,25.2637]],[[72.0518,25.2589],[72.0423,25.2434]],[[72.0403,25.2385],[72.0383,25.229]],[[72.0309,25.2045],[72.0181,25.1884]],[[72.0135,25.1814],[71.9922,25.141]],[[71.9825,25.1264],[71.9726,25.1142]],[[71.9922,25.141],[71.9825,25.1264]]]},"properties":{"upc":"N/04003/12007/RJ","state":"Rajasthan"}},{"type":"Feature","geometry":{"type":"MultiLineString","coordinates":[[[71.8469,24.8614],[71.8434,24.8509]],[[71.8327,24.8274],[71.8255,24.8103]],[[71.8241,24.8077],[71.806,24.7789]],[[71.8038,24.7724],[71.7999,24.7283]],[[71.7901,24.718],[71.7664,24.7134]],[[71.7597,24.7068],[71.7566,24.685]],[[71.7548,24.6799],[71.7463,24.6643]],[[71.7998,24.7274],[71.791,24.7182]],[[71.9726,25.1142],[71.9567,25.0946]],[[71.9534,25.0883],[71.9505,25.0787]],[[71.9455,25.0577],[71.9381,25.0433]],[[71.9339,25.0312],[71.9175,24.9982]],[[71.9126,24.9848],[71.9055,24.9672]],[[71.895,24.9463],[71.8859,24.9279]],[[71.8571,24.8857],[71.851,24.8716]]]},"properties":{"upc":"N/04003/12008/RJ","state":"Rajasthan"}},{"type":"Feature","geometry":{"type":"MultiLineString","coordinates":[[[71.7415,24.6555],[71.7232,24.5934],[71.7015,24.5644],[71.6622,24.4387],[71.6465,24.4114]]]},"properties":{"upc":"N/04003/13002/GJ","state":"Gujarat"}},{"type":"Feature","geometry":{"type":"MultiLineString","coordinates":[[[71.6465,24.4114],[71.6429,24.3705],[71.5996,24.3546],[71.5818,24.3369],[71.5093,24.1707]]]},"properties":{"upc":"N/04003/13003/GJ","state":"Gujarat"}},{"type":"Feature","geometry":{"type":"MultiLineString","coordinates":[[[71.5093,24.1707],[71.4427,24.0308],[71.4345,23.9895],[71.359,23.9265]]]},"properties":{"upc":"N/04003/13004/GJ","state":"Gujarat"}},{"type":"Feature","geometry":{"type":"MultiLineString","coordinates":[[[71.359,23.9265],[71.175,23.7814],[71.1609,23.7623],[71.1392,23.7546],[71.1382,23.7431]]]},"properties":{"upc":"N/04003/13005/GJ","state":"Gujarat"}},{"type":"Feature","geometry":{"type":"MultiLineString","coordinates":[[[70.6741,22.9299],[70.6674,22.9117],[70.6493,22.9036],[70.6162,22.8642],[70.567,22.8307],[70.566,22.8221],[70.5026,22.7927],[70.4859,22.7332],[70.4688,22.7069],[70.4043,22.7076],[70.3852,22.6755],[70.3583,22.662],[70.3933,22.6346],[70.3965,22.6071]]]},"properties":{"upc":"N/04003/14001/GJ","state":"Gujarat"}},{"type":"Feature","geometry":{"type":"MultiLineString","coordinates":[[[75.1932,30.477],[75.1797,30.3587],[75.1386,30.2499],[75.1311,30.1949],[75.1183,30.1696],[75.0133,30.0968],[74.8687,30.0752]]]},"properties":{"upc":"N/04003/15001/PB","state":"Punjab"}},{"type":"Feature","geometry":{"type":"MultiLineString","coordinates":[[[75.207,31.3036],[75.2462,30.9553]]]},"properties":{"upc":"N/04003/15002/PB","state":"Punjab"}},{"type":"Feature","geometry":{"type":"MultiLineString","coordinates":[[[75.2462,30.9553],[75.2562,30.9119],[75.2532,30.8552],[75.2234,30.7089],[75.2166,30.5593],[75.1932,30.477]]]},"properties":{"upc":"N/04003/15003/PB","state":"Punjab"}},{"type":"Feature","geometry":{"type":"MultiLineString","coordinates":[[[78.2171,26.1205],[78.2111,26.1322],[78.2223,26.1713],[78.2377,26.1947],[78.2789,26.2273],[78.2924,26.267],[78.2804,26.2731],[78.2822,26.2923],[78.2629,26.3121],[78.2427,26.3172],[78.1158,26.3234],[78.1076,26.3333]]]},"properties":{"upc":"N/04004/01003/MP","state":"Madhya Pradesh"}},{"type":"Feature","geometry":{"type":"MultiLineString","coordinates":[[[77.6301,25.364],[77.6038,25.4061],[77.6203,25.4527],[77.6256,25.4603],[77.6727,25.4742],[77.681,25.4915],[77.7072,25.5003],[77.7311,25.5382],[77.7381,25.6221],[77.7283,25.67],[77.7317,25.7121],[77.7576,25.7681],[77.7719,25.8448],[77.7657,25.8716],[77.791,25.9379],[77.9214,26.0454],[77.9791,26.0614],[78.0424,26.1157],[78.0703,26.117],[78.096,26.1066],[78.215,26.1237]]]},"properties":{"upc":"N/04004/01006/MP","state":"Madhya Pradesh"}},{"type":"Feature","geometry":{"type":"MultiLineString","coordinates":[[[77.3448,24.6999],[77.4113,24.8065],[77.4982,24.8911],[77.53,24.9108],[77.5564,24.9399],[77.5732,24.9738],[77.5791,25.0312],[77.6074,25.1062],[77.5997,25.1975],[77.6215,25.213],[77.614,25.2385],[77.6339,25.3173],[77.6301,25.364]]]},"properties":{"upc":"N/04004/03001/MP","state":"Madhya Pradesh"}},{"type":"Feature","geometry":{"type":"MultiLineString","coordinates":[[[77.2604,24.6191],[77.2983,24.6651],[77.3405,24.6849],[77.3448,24.6999]]]},"properties":{"upc":"N/04004/03002/MP","state":"Madhya Pradesh"}},{"type":"Feature","geometry":{"type":"MultiLineString","coordinates":[[[76.8916,23.8933],[76.8875,23.9037],[76.8992,23.926]],[[76.8993,23.926],[76.9149,23.9331],[76.9584,24.0609],[76.9745,24.0722],[77.0244,24.1691],[77.04,24.18],[77.0427,24.2124],[77.0849,24.3132],[77.1086,24.3395],[77.1396,24.3949],[77.1719,24.4649],[77.193,24.5385],[77.2289,24.5631],[77.2336,24.5915],[77.2549,24.6057],[77.2604,24.6191]]]},"properties":{"upc":"N/04004/05001/MP","state":"Madhya Pradesh"}},{"type":"Feature","geometry":{"type":"MultiLineString","coordinates":[[[76.1107,23.0182],[76.0878,22.9945]],[[76.1556,23.293],[76.1678,23.2483],[76.1489,23.2331],[76.1548,23.1808],[76.1477,23.1256],[76.114,23.0251]],[[76.2353,23.3817],[76.2113,23.3684],[76.1783,23.3345],[76.1556,23.293]],[[76.3818,23.4919],[76.3172,23.4453],[76.2845,23.4451],[76.2523,23.4285],[76.2452,23.4158],[76.2474,23.3955],[76.2353,23.3817]],[[76.5404,23.6123],[76.5078,23.5922],[76.4873,23.5595],[76.4516,23.554],[76.4263,23.5169],[76.3818,23.4919]],[[76.6269,23.6661],[76.5404,23.6123]],[[76.7113,23.7083],[76.6913,23.7072],[76.6269,23.6661]],[[76.7513,23.7397],[76.7338,23.7167],[76.7113,23.7083]],[[76.7622,23.7525],[76.7513,23.7397]],[[76.8048,23.7972],[76.7622,23.7525]],[[76.8852,23.887],[76.8048,23.7972]]]},"properties":{"upc":"N/04004/06001/MP","state":"Madhya Pradesh"}},{"type":"Feature","geometry":{"type":"MultiLineString","coordinates":[[[75.9356,22.7657],[75.9293,22.7085],[75.9021,22.6457],[75.808,22.6292]],[[75.9356,22.7657],[75.9386,22.8338],[75.975,22.8887],[75.9762,22.9013],[76.0113,22.9263]]]},"properties":{"upc":"N/04004/07001/MP","state":"Madhya Pradesh"}},{"type":"Feature","geometry":{"type":"MultiLineString","coordinates":[[[75.806,22.6278],[75.7944,22.6099],[75.735,22.616],[75.6942,22.5905],[75.6689,22.5949],[75.6479,22.5778],[75.6664,22.4891],[75.6454,22.4556],[75.62,22.4327],[75.5867,22.4121],[75.5546,22.4058],[75.5323,22.3883],[75.5323,22.3776],[75.4965,22.325],[75.5024,22.3009],[75.4709,22.2472],[75.4551,22.1697]]]},"properties":{"upc":"N/04004/09001/MP","state":"Madhya Pradesh"}},{"type":"Feature","geometry":{"type":"MultiLineString","coordinates":[[[75.4551,22.1697],[75.4429,22.1577],[75.4487,22.126],[75.4393,22.1085],[75.3921,22.0708],[75.3776,22.0523],[75.378,22.0408],[75.354,22.0323],[75.3242,21.9933],[75.3008,21.9836],[75.2328,21.8879],[75.2035,21.8672],[75.1606,21.7616],[75.1238,21.7288],[75.1094,21.68],[75.0794,21.6585],[75.0695,21.6055],[75.0557,21.5838]]]},"properties":{"upc":"N/04004/11001/MP","state":"Madhya Pradesh"}},{"type":"Feature","geometry":{"type":"MultiLineString","coordinates":[[[75.0517,21.5674],[75.0485,21.5331],[75.002,21.482]],[[75.002,21.482],[74.9876,21.4362],[74.9682,21.4044]],[[74.9682,21.4044],[74.9458,21.3472],[74.8975,21.3295],[74.8775,21.3053]],[[74.8775,21.3053],[74.8491,21.2856],[74.8473,21.273]],[[74.8473,21.273],[74.8277,21.1878],[74.8094,21.1519]],[[74.8094,21.1519],[74.7907,21.1204],[74.7913,21.0899]],[[74.7913,21.0899],[74.7866,20.9723],[74.775,20.9405],[74.8,20.9185],[74.7907,20.8813]]]},"properties":{"upc":"N/04004/12001/MH","state":"Maharashtra"}},{"type":"Feature","geometry":{"type":"MultiLineString","coordinates":[[[74.0345,20.2098],[73.9878,20.1802],[73.9773,20.1423],[73.8704,20.0403],[73.8066,20.0094],[73.8014,19.9964],[73.7177,19.9264],[73.6999,19.9036],[73.6748,19.8282]]]},"properties":{"upc":"N/04004/17002/MH","state":"Maharashtra"}},{"type":"Feature","geometry":{"type":"MultiLineString","coordinates":[[[75.8883,22.6385],[75.8875,22.6155],[75.8989,22.5914]],[[75.8989,22.5914],[75.9013,22.5818]],[[75.9037,22.5682],[75.9083,22.5505]],[[75.9081,22.5454],[75.9108,22.5208]],[[75.9229,22.4981],[75.9328,22.4915]],[[75.9375,22.4887],[75.9522,22.4689]],[[75.9543,22.4488],[75.9795,22.4134]],[[75.9814,22.3853],[75.9766,22.3692]],[[75.9765,22.4062],[75.9814,22.3853]]]},"properties":{"upc":"N/04005/01003/MP","state":"Madhya Pradesh"}},{"type":"Feature","geometry":{"type":"MultiLineString","coordinates":[[[76.1286,22.0568],[76.1611,21.9696],[76.1554,21.9427],[76.1766,21.9155],[76.1739,21.8998],[76.1885,21.8749],[76.2075,21.8461],[76.2271,21.8326],[76.2269,21.8154],[76.2579,21.7324]],[[76.2579,21.7324],[76.3237,21.6329],[76.3218,21.5962]],[[76.3181,21.643],[76.3234,21.6338]]]},"properties":{"upc":"N/04005/02001/MP","state":"Madhya Pradesh"}},{"type":"Feature","geometry":{"type":"MultiLineString","coordinates":[[[76.9868,20.6933],[76.977,20.5671],[76.9634,20.5201],[76.9493,20.5051],[76.9464,20.4746],[76.9307,20.473],[76.9276,20.4634],[76.9413,20.4392],[76.9281,20.4021],[76.9426,20.3872],[76.9316,20.3599],[76.9372,20.3464]],[[76.9372,20.3464],[76.9613,20.3153]]]},"properties":{"upc":"N/04005/05001/MH","state":"Maharashtra"}},{"type":"Feature","geometry":{"type":"MultiLineString","coordinates":[[[76.9613,20.3153],[76.9874,20.2619],[77.0141,20.2548],[77.0122,20.2259],[77.0212,20.2156]],[[77.0212,20.2156],[77.0909,20.147],[77.0835,20.1244],[77.0905,20.0963],[77.1416,20.0747],[77.1444,20.0662]],[[77.1444,20.0662],[77.1364,20.0357],[77.1412,20.0072]]]},"properties":{"upc":"N/04005/06001/MH","state":"Maharashtra"}},{"type":"Feature","geometry":{"type":"MultiLineString","coordinates":[[[77.1412,20.0072],[77.1402,19.9966]],[[77.1402,19.9966],[77.1417,19.977],[77.1537,19.9588],[77.1481,19.9422]],[[77.1481,19.9422],[77.1777,19.8295],[77.1758,19.7931]],[[77.1758,19.7931],[77.1627,19.7668],[77.1811,19.7377],[77.1816,19.7059],[77.222,19.7044],[77.2477,19.6951]]]},"properties":{"upc":"N/04005/07001/MH","state":"Maharashtra"}},{"type":"Feature","geometry":{"type":"MultiLineString","coordinates":[[[77.242,19.6974],[77.327,19.6798],[77.3571,19.6288],[77.3904,19.6004]],[[77.3904,19.6004],[77.421,19.5081],[77.4216,19.4755],[77.4118,19.4434]],[[77.4034,19.4205],[77.4118,19.4434]]]},"properties":{"upc":"N/04005/08001/MH","state":"Maharashtra"}},{"type":"Feature","geometry":{"type":"MultiLineString","coordinates":[[[77.7292,18.3087],[77.7122,18.3433],[77.6758,18.3798],[77.6688,18.4617],[77.6333,18.5091],[77.603,18.5193],[77.5935,18.5329]],[[77.7424,18.2982],[77.7292,18.3087]],[[77.8606,18.2308],[77.8182,18.2338],[77.7424,18.2982]]]},"properties":{"upc":"N/04005/11001/TS","state":"Telangana"}},{"type":"Feature","geometry":{"type":"MultiLineString","coordinates":[[[78.0036,17.8873],[77.9851,17.9143],[77.9847,17.9355],[77.9489,17.9541],[77.9313,17.9768],[77.9205,18.0526],[77.8754,18.0877],[77.8889,18.1699],[77.8832,18.18],[77.8863,18.2138],[77.8747,18.2275],[77.8606,18.2308]]]},"properties":{"upc":"N/04005/12001/TS","state":"Telangana"}},{"type":"Feature","geometry":{"type":"MultiLineString","coordinates":[[[78.1283,17.5783],[78.129,17.6432],[78.1053,17.6623],[78.0981,17.6834],[78.0914,17.7189],[78.0952,17.7465],[78.0839,17.7809],[78.055,17.8086],[78.0036,17.8873]]]},"properties":{"upc":"N/04005/13002/TS","state":"Telangana"}},{"type":"Feature","geometry":{"type":"MultiLineString","coordinates":[[[70.5181,23.3072],[70.4667,23.312],[70.3352,23.2851],[70.2487,23.2057],[70.2198,23.1962],[70.2071,23.1798],[70.1835,23.134],[70.1458,23.0935],[70.1433,23.0362]]]},"properties":{"upc":"N/04006/01001/GJ","state":"Gujarat"}},{"type":"Feature","geometry":{"type":"MultiLineString","coordinates":[[[72.6783,23.026],[72.6922,23.0253],[72.7303,23.0019],[72.757,23.0052],[72.8476,22.994],[72.8804,22.9805],[72.9327,22.9415],[72.9828,22.8841],[73.0191,22.9021],[73.0949,22.9024],[73.2017,22.9168],[73.2433,22.9363],[73.3064,22.9428],[73.3341,22.9212],[73.3397,22.8348],[73.4031,22.8073],[73.5704,22.7829],[73.6137,22.8166],[73.6269,22.8167]]]},"properties":{"upc":"N/04006/03002/GJ","state":"Gujarat"}},{"type":"Feature","geometry":{"type":"MultiLineString","coordinates":[[[73.646,22.8113],[73.6758,22.7865],[73.7782,22.8009],[73.8457,22.793],[73.8952,22.81],[73.9151,22.8059],[73.9284,22.8245],[73.9656,22.8326],[73.9897,22.8241],[74.0065,22.8362],[74.0971,22.8437],[74.1293,22.8341],[74.1479,22.8459],[74.2046,22.8408],[74.2375,22.8213],[74.2708,22.8237],[74.2944,22.8124]]]},"properties":{"upc":"N/04006/04001/GJ","state":"Gujarat"}},{"type":"Feature","geometry":{"type":"MultiLineString","coordinates":[[[75.776,22.6913],[75.7526,22.6796],[75.7183,22.6828],[75.7031,22.6743],[75.6614,22.6714],[75.6264,22.6849],[75.5373,22.6717],[75.5226,22.6606],[75.4667,22.6637],[75.3914,22.6192],[75.3504,22.6139],[75.2995,22.6188],[75.2263,22.5848],[75.1961,22.5943],[75.1799,22.59],[75.1076,22.5986],[75.0954,22.6169],[75.0462,22.6297],[75.0144,22.6518],[74.975,22.6524],[74.9386,22.6669],[74.9321,22.6805],[74.9158,22.6839],[74.8257,22.7469],[74.7375,22.7566],[74.6774,22.7794],[74.6146,22.7835],[74.6045,22.7947],[74.5695,22.8014],[74.5602,22.8182],[74.5015,22.8083],[74.4349,22.7844]]]},"properties":{"upc":"N/04006/05001/MP","state":"Madhya Pradesh"}},{"type":"Feature","geometry":{"type":"MultiLineString","coordinates":[[[73.9926,18.4933],[74.1909,18.4901],[74.2373,18.4827]],[[76.0234,17.721],[76.0586,17.7476],[76.1008,17.7655],[76.1488,17.7716],[76.1629,17.7865]],[[75.9266,17.6823],[76.0234,17.721]],[[76.1611,17.7812],[76.1645,17.791],[76.2339,17.8171],[76.2588,17.8206],[76.288,17.8103],[76.3143,17.8298],[76.344,17.8256],[76.3766,17.8345]],[[76.3518,17.8284],[76.4078,17.8436]],[[76.4936,17.8664],[76.6618,17.8294],[76.7096,17.8284],[76.7196,17.8407],[76.7359,17.8262],[76.7556,17.8268]],[[76.4031,17.8417],[76.4936,17.8664]],[[76.7556,17.8268],[76.7986,17.8289]]]},"properties":{"upc":"N/04007/01001/MH","state":"Maharashtra"}},{"type":"Feature","geometry":{"type":"MultiLineString","coordinates":[[[75.1687,18.0374],[75.1216,18.0521],[75.0991,18.0777]],[[75.5115,17.8551],[75.4292,17.9045],[75.3696,17.9271],[75.2684,18.0015],[75.1686,18.0375]]]},"properties":{"upc":"N/04007/02001/MH","state":"Maharashtra"}},{"type":"Feature","geometry":{"type":"MultiLineString","coordinates":[[[74.2248,18.0318],[74.2143,18.0342]],[[74.2496,18.0288],[74.2398,18.0301]],[[74.276,18.0211],[74.2633,18.0243]],[[74.288,18.0181],[74.276,18.0211]],[[74.3364,18.0148],[74.288,18.0181]],[[74.3428,18.0132],[74.3602,18.0089]],[[74.3638,18.0081],[74.3782,18.0054]],[[74.426,18.0102],[74.4026,18.0031]],[[74.4461,18.0054],[74.43,18.0104]],[[74.4589,17.9937],[74.4657,17.9872]],[[74.5134,17.9824],[74.5,17.9829]],[[74.5337,17.9799],[74.5149,17.9821]],[[74.5501,17.9721],[74.5388,17.9773]],[[74.5792,17.9571],[74.5634,17.9621]],[[74.6268,17.9514],[74.6099,17.9537]]]},"properties":{"upc":"N/04007/06001/MH","state":"Maharashtra"}},{"type":"Feature","geometry":{"type":"MultiLineString","coordinates":[[[74.8804,17.8633],[74.8697,17.8648]],[[74.9328,17.8464],[74.9213,17.8464]],[[74.7594,17.8847],[74.7448,17.8889]]]},"properties":{"upc":"N/04007/07001/MH","state":"Maharashtra"}},{"type":"Feature","geometry":{"type":"MultiLineString","coordinates":[[[75.2601,17.6951],[75.1818,17.7207],[75.1113,17.7754],[75.0378,17.805],[74.9858,17.8161]]]},"properties":{"upc":"N/04007/08001/MH","state":"Maharashtra"}},{"type":"Feature","geometry":{"type":"MultiLineString","coordinates":[[[75.2665,17.6955],[75.2574,17.6956]],[[75.3835,17.7143],[75.3749,17.711],[75.3587,17.7232],[75.3313,17.7276],[75.3011,17.7189],[75.2665,17.6955]],[[75.5288,17.7807],[75.4501,17.7557],[75.3835,17.7143]],[[75.5636,17.7964],[75.5319,17.7829]],[[75.5636,17.7964],[75.5744,17.7958]],[[75.6383,17.8092],[75.5744,17.7958]]]},"properties":{"upc":"N/04007/09001/MH","state":"Maharashtra"}},{"type":"Feature","geometry":{"type":"MultiLineString","coordinates":[[[75.9216,17.6918],[75.9281,17.683],[76.0155,17.714],[76.0583,17.7476],[76.1011,17.7657],[76.1487,17.7717],[76.1642,17.7905],[76.2334,17.817],[76.3156,17.8301]],[[76.3156,17.8301],[76.3515,17.8283]],[[76.3515,17.8283],[76.4929,17.8664],[76.6023,17.844],[76.6199,17.8509],[76.6614,17.8295],[76.7094,17.8284],[76.7198,17.8406],[76.7363,17.826],[76.7916,17.8288]],[[76.7916,17.8288],[76.8645,17.8395],[76.9853,17.8135],[77.0957,17.7686],[77.156,17.7636]],[[77.156,17.7636],[77.2869,17.7631],[77.3632,17.7218],[77.3789,17.7226],[77.4442,17.6933],[77.5538,17.7],[77.5833,17.6887]],[[77.6689,17.6745],[77.9274,17.6234]],[[77.9762,17.6162],[78.0812,17.5888]]]},"properties":{"upc":"N/04007/12003/KA","state":"Karnataka"}},{"type":"Feature","geometry":{"type":"MultiLineString","coordinates":[[[80.2714,16.7925],[80.2228,16.8406],[80.1668,16.8811],[80.1148,16.9123],[80.0944,16.9164],[80.0127,16.9785],[79.9552,16.9872],[79.9266,17.016],[79.9009,17.0082],[79.8784,17.0189],[79.7664,17.0981],[79.6641,17.1119],[79.6339,17.1314],[79.6161,17.156],[79.5989,17.1445],[79.5625,17.1524],[79.5527,17.1635],[79.4265,17.1561],[79.3735,17.1716],[79.3063,17.1586],[79.2437,17.1924],[79.2164,17.2],[79.1954,17.1961],[79.124,17.2325],[78.9748,17.2286],[78.8893,17.256],[78.8488,17.2584],[78.8032,17.2806],[78.7765,17.285]]]},"properties":{"upc":"N/04007/14001/TS","state":"Telangana"}},{"type":"Feature","geometry":{"type":"MultiLineString","coordinates":[[[80.2984,16.7514],[80.3139,16.7204],[80.3458,16.7117],[80.3752,16.6912]],[[80.4213,16.6483],[80.4724,16.6092],[80.5108,16.6003],[80.5313,16.5735],[80.5694,16.557],[80.5996,16.5204]]]},"properties":{"upc":"N/04007/15001/AP","state":"Andhra Pradesh"}},{"type":"Feature","geometry":{"type":"MultiLineString","coordinates":[[[80.2683,16.7954],[80.2726,16.771],[80.2984,16.7514]],[[80.3752,16.6912],[80.396,16.6568],[80.4213,16.6483]]]},"properties":{"upc":"N/04007/16001/AP","state":"Andhra Pradesh"}},{"type":"Feature","geometry":{"type":"MultiLineString","coordinates":[[[75.9351,17.6717],[75.9225,17.6734]],[[75.959,17.6629],[75.9351,17.6717]],[[75.959,17.6629],[75.9812,17.6536]],[[75.9967,17.6449],[76.0219,17.6282]],[[76.031,17.6216],[76.0219,17.6282]],[[76.0512,17.6049],[76.031,17.6216]],[[76.0697,17.5925],[76.0586,17.6002]],[[76.0889,17.5815],[76.0696,17.5924]],[[76.1089,17.5693],[76.0929,17.5785]],[[76.1339,17.5603],[76.1088,17.5693]],[[76.1494,17.5541],[76.1339,17.5603]],[[76.1578,17.5499],[76.1494,17.5541]],[[76.1791,17.5395],[76.1578,17.5499]],[[76.2033,17.5369],[76.1791,17.5395]],[[76.2229,17.519],[76.2032,17.5369]]]},"properties":{"upc":"N/04008/01001/MH","state":"Maharashtra"}},{"type":"Feature","geometry":{"type":"MultiLineString","coordinates":[[[76.4009,17.3458],[76.5003,17.2437],[76.6014,17.1738],[76.6203,17.1506]],[[76.6203,17.1506],[76.7118,17.0569],[76.8504,16.8778]]]},"properties":{"upc":"N/04008/03002/KA","state":"Karnataka"}},{"type":"Feature","geometry":{"type":"MultiLineString","coordinates":[[[76.8504,16.8778],[76.9029,16.8037],[76.999,16.7391],[77.0406,16.702],[77.0733,16.6415],[77.2094,16.4408],[77.2107,16.416]]]},"properties":{"upc":"N/04008/03003/KA","state":"Karnataka"}},{"type":"Feature","geometry":{"type":"MultiLineString","coordinates":[[[77.2107,16.416],[77.3066,16.3406],[77.3836,16.317],[77.4417,16.2811],[77.4647,16.2489],[77.4699,16.2224],[77.504,16.2005]]]},"properties":{"upc":"N/04008/03004/KA","state":"Karnataka"}},{"type":"Feature","geometry":{"type":"MultiLineString","coordinates":[[[77.7695,15.9721],[77.6942,16.0374],[77.62,16.0817],[77.5786,16.1465],[77.4988,16.2041]]]},"properties":{"upc":"N/04008/04002/TS","state":"Telangana"}},{"type":"Feature","geometry":{"type":"MultiLineString","coordinates":[[[78.0256,15.7533],[78.0275,15.7613],[78.0139,15.7668]],[[78.0256,15.7533],[78.0275,15.7613],[77.9721,15.8027],[77.9037,15.8765],[77.8107,15.9311],[77.7695,15.9721]]]},"properties":{"upc":"N/04008/04003/TS","state":"Telangana"}},{"type":"Feature","geometry":{"type":"MultiLineString","coordinates":[[[78.7923,14.5085],[78.7972,14.5816],[78.7772,14.6405],[78.7816,14.6526],[78.76,14.6691],[78.7227,14.7273],[78.7043,14.7849],[78.6475,14.8576],[78.605,14.9411],[78.5824,14.9621],[78.5081,15.1178],[78.4936,15.1338],[78.5007,15.1511],[78.5175,15.3521],[78.5088,15.3777],[78.5096,15.4317],[78.448,15.4624],[78.4377,15.4815],[78.4119,15.4941],[78.34,15.5097],[78.3009,15.5469],[78.2295,15.547],[78.1806,15.5591],[78.1729,15.6014],[78.1739,15.6838],[78.0811,15.7236],[78.0663,15.7491],[78.0324,15.7446],[78.0193,15.7623]]]},"properties":{"upc":"N/04008/05001/AP","state":"Andhra Pradesh"}},{"type":"Feature","geometry":{"type":"MultiLineString","coordinates":[[[79.2488,14.0529],[79.2866,13.9724],[79.3329,13.932],[79.3725,13.9231],[79.3814,13.8789],[79.4204,13.7796],[79.4819,13.7274],[79.4893,13.7033],[79.5318,13.6486]]]},"properties":{"upc":"N/04008/06001/AP","state":"Andhra Pradesh"}},{"type":"Feature","geometry":{"type":"MultiLineString","coordinates":[[[78.8845,14.4487],[78.9025,14.4353],[78.9231,14.4335],[78.9358,14.4188],[78.9583,14.4163],[78.9654,14.4057],[79.0067,14.4007],[79.0307,14.3563],[79.063,14.3246]],[[79.063,14.3246],[79.0968,14.3037],[79.097,14.2671],[79.1197,14.1972],[79.2302,14.0853],[79.2488,14.0529]]]},"properties":{"upc":"N/04008/06002/AP","state":"Andhra Pradesh"}},{"type":"Feature","geometry":{"type":"MultiLineString","coordinates":[[[79.597,13.299],[79.7879,13.351],[79.8136,13.3453],[79.8577,13.3169],[79.8963,13.3071]]]},"properties":{"upc":"N/04008/07002/AP","state":"Andhra Pradesh"}},{"type":"Feature","geometry":{"type":"MultiLineString","coordinates":[[[79.8963,13.3071],[80.0035,13.3],[80.0498,13.2818],[80.0704,13.2852]]]},"properties":{"upc":"N/04008/08002/TN","state":"Andhra Pradesh"}},{"type":"Feature","geometry":{"type":"MultiLineString","coordinates":[[[72.669,21.1787],[72.7211,21.1906],[72.751,21.1382],[72.7792,21.1205],[72.8129,21.1204],[72.8953,21.0888],[72.978,21.0864]],[[72.978,21.0864],[73.0375,21.1034],[73.0951,21.1018],[73.1326,21.11],[73.2598,21.0953],[73.2799,21.1054],[73.3017,21.0969],[73.3397,21.1003],[73.3664,21.1251],[73.4676,21.1313],[73.5726,21.1669],[73.592,21.1839],[73.6347,21.1646],[73.7386,21.1634]]]},"properties":{"upc":"N/04009/01001/GJ","state":"Gujarat"}},{"type":"Feature","geometry":{"type":"MultiLineString","coordinates":[[[73.747,21.1651],[73.7303,21.1629]],[[73.823,21.1697],[73.7917,21.1554],[73.7808,21.1638],[73.747,21.1651]],[[73.8382,21.1655],[73.823,21.1697]],[[73.8672,21.1696],[73.8382,21.1655]],[[73.9058,21.1788],[73.8672,21.1696]],[[73.9344,21.1863],[73.9058,21.1788]],[[74.0442,21.1581],[74.0222,21.1708],[73.9344,21.1863]],[[74.0581,21.1465],[74.0442,21.1581]],[[74.1446,21.0938],[74.1318,21.1068]],[[74.1983,21.0399],[74.1446,21.0938]],[[74.2502,21.014],[74.2091,21.0242],[74.2021,21.0345]],[[74.2971,20.9988],[74.2502,21.014]],[[74.685,20.9019],[74.6128,20.9162],[74.5947,20.9091],[74.5421,20.933],[74.5059,20.9341],[74.4962,20.9459],[74.459,20.9448],[74.4347,20.9712],[74.4076,20.984],[74.3517,20.9886],[74.3185,21.0085],[74.2971,20.9988]],[[74.7303,20.9032],[74.685,20.9019]],[[74.7436,20.8948],[74.7303,20.9032]],[[74.7551,20.8872],[74.7436,20.8948]],[[74.8637,20.8871],[74.8481,20.8882],[74.8114,20.8588],[74.7789,20.8549],[74.7652,20.8619],[74.7551,20.8872]],[[74.8878,20.8838],[74.8637,20.8871]]]},"properties":{"upc":"N/04009/02002/MH","state":"Maharashtra"}},{"type":"Feature","geometry":{"type":"MultiLineString","coordinates":[[[74.9464,20.8664],[74.8878,20.8838]],[[75.0931,20.8736],[75.024,20.858],[74.9464,20.8664]],[[75.1012,20.8775],[75.0931,20.8736]],[[75.4212,21.016],[75.4056,21.0126],[75.3445,20.9359],[75.3158,20.9173],[75.214,20.891],[75.1159,20.8851],[75.1012,20.8775]],[[75.6266,21.0016],[75.5724,21.0374],[75.4922,21.0336],[75.4633,21.0123],[75.4509,21.0196],[75.4212,21.016]]]},"properties":{"upc":"N/04009/03001/MH","state":"Maharashtra"}},{"type":"Feature","geometry":{"type":"MultiLineString","coordinates":[[[75.5607,20.9997],[75.5253,21.0178]],[[75.5859,21.0078],[75.5698,20.9944],[75.5626,20.998]]]},"properties":{"upc":"N/04009/04001/MH","state":"Maharashtra"}},{"type":"Feature","geometry":{"type":"MultiLineString","coordinates":[[[75.6986,21.0237],[75.6619,21.0123],[75.6497,20.9995],[75.6266,21.0016]],[[76.1578,20.9961],[76.1404,21.0279],[76.0348,21.036],[75.9952,21.0169],[75.9239,21.0127],[75.9132,21.0238],[75.8961,21.0223],[75.848,21.0395],[75.8121,21.0421],[75.7787,21.0288],[75.7518,21.0458],[75.7266,21.0373],[75.7126,21.0225],[75.6986,21.0237]]]},"properties":{"upc":"N/04009/05001/MH","state":"Maharashtra"}},{"type":"Feature","geometry":{"type":"MultiLineString","coordinates":[[[77.4188,20.7382],[77.3542,20.7232],[77.3243,20.7036],[77.2822,20.6902],[77.2161,20.7109]],[[77.5026,20.7531],[77.4188,20.7382]],[[77.6155,20.7692],[77.5687,20.7695],[77.5026,20.7531]],[[77.6602,20.7801],[77.6344,20.7666],[77.6146,20.7692]],[[77.6997,20.807],[77.6902,20.7943],[77.6602,20.7801]],[[77.7153,20.8365],[77.6997,20.807]]]},"properties":{"upc":"N/04009/06002/MH","state":"Maharashtra"}},{"type":"Feature","geometry":{"type":"MultiLineString","coordinates":[[[76.9316,20.6885],[76.8737,20.6729]],[[77.2114,20.7113],[77.1697,20.7174],[77.1442,20.7068],[77.1035,20.7071],[77.0564,20.6929],[77.0083,20.66],[76.9436,20.69],[76.9316,20.6885]]]},"properties":{"upc":"N/04009/06003/MH","state":"Maharashtra"}},{"type":"Feature","geometry":{"type":"MultiLineString","coordinates":[[[76.8737,20.6729],[76.832,20.6685],[76.795,20.6868],[76.7672,20.6792],[76.7558,20.6657],[76.6121,20.6759],[76.6017,20.6882],[76.6008,20.7229],[76.5889,20.7381],[76.5297,20.7571],[76.473,20.8214],[76.4448,20.8186],[76.3956,20.8367],[76.3356,20.8363]]]},"properties":{"upc":"N/04009/06004/MH","state":"Maharashtra"}},{"type":"Feature","geometry":{"type":"MultiLineString","coordinates":[[[76.2103,20.9337],[76.1578,20.9961]],[[76.2062,20.9004],[76.2106,20.9182]],[[76.2106,20.9182],[76.2103,20.9338]],[[76.2534,20.8745],[76.2182,20.8854],[76.2064,20.9003]],[[76.3356,20.8363],[76.3186,20.834],[76.2534,20.8745]]]},"properties":{"upc":"N/04009/06005/MH","state":"Maharashtra"}},{"type":"Feature","geometry":{"type":"MultiLineString","coordinates":[[[81.5676,21.2592],[81.5625,21.275],[81.5677,21.2846],[81.5925,21.2981],[81.6076,21.3305],[81.6559,21.3456],[81.6791,21.3956],[81.6741,21.4171],[81.6849,21.4692],[81.6988,21.4951],[81.6924,21.5051],[81.7042,21.6167]]]},"properties":{"upc":"N/04010/01001/CG","state":"Chhattisgarh"}},{"type":"Feature","geometry":{"type":"MultiLineString","coordinates":[[[81.7042,21.6167],[81.7191,21.6305],[81.7176,21.6425],[81.7596,21.6779],[81.8067,21.7621],[81.9242,21.8487],[81.972,21.8959]]]},"properties":{"upc":"N/04010/02001/CG","state":"Chhattisgarh"}},{"type":"Feature","geometry":{"type":"MultiLineString","coordinates":[[[82.103,21.9633],[82.1227,21.9618]],[[81.9783,21.8945],[81.9868,21.8992]],[[82.0081,21.9259],[82.0135,21.9352]],[[82.0197,21.9443],[82.0291,21.9579]],[[82.0308,21.9597],[82.0433,21.9703]],[[82.0782,21.9817],[82.0866,21.9763]]]},"properties":{"upc":"N/04010/03001/CG","state":"Chhattisgarh"}},{"type":"Feature","geometry":{"type":"MultiLineString","coordinates":[[[82.2128,22.0233],[82.2953,22.0598],[82.3092,22.0868],[82.3315,22.1021],[82.3812,22.1169],[82.4262,22.1186],[82.4949,22.1526],[82.5418,22.161],[82.6109,22.2188],[82.6495,22.2633],[82.7971,22.2651]]]},"properties":{"upc":"N/04010/04001/CG","state":"Chhattisgarh"}},{"type":"Feature","geometry":{"type":"MultiLineString","coordinates":[[[82.7972,22.265],[82.9085,22.2789],[83.0623,22.3631],[83.0991,22.3935],[83.1856,22.4411],[83.237,22.4547],[83.3152,22.4549],[83.5092,22.5295],[83.5646,22.5619]]]},"properties":{"upc":"N/04010/06001/CG","state":"Chhattisgarh"}},{"type":"Feature","geometry":{"type":"MultiLineString","coordinates":[[[85.0945,23.3173],[85.0382,23.3058],[85.0229,23.2933],[84.9838,23.2901],[84.9453,23.2662]],[[84.9453,23.2662],[84.82,23.1806],[84.7779,23.1681],[84.7661,23.1505],[84.7091,23.1417],[84.6943,23.1285]],[[84.6942,23.1284],[84.5813,23.0534]],[[85.0947,23.3173],[85.0382,23.3058],[85.0229,23.2933],[84.9838,23.2901],[84.9453,23.2662]]]},"properties":{"upc":"N/04010/10001/JH","state":"Jharkhand"}},{"type":"Feature","geometry":{"type":"MultiLineString","coordinates":[[[85.2974,23.3818],[85.2633,23.3738],[85.1909,23.3241],[85.1085,23.3165]]]},"properties":{"upc":"N/04010/11001/JH","state":"Jharkhand"}},{"type":"Feature","geometry":{"type":"MultiLineString","coordinates":[[[85.7394,23.5444],[85.7256,23.525],[85.6692,23.4974],[85.5793,23.4926],[85.4956,23.5086]]]},"properties":{"upc":"N/04010/14001/JH","state":"Jharkhand"}},{"type":"Feature","geometry":{"type":"MultiLineString","coordinates":[[[86.1831,23.6125],[86.1231,23.6413],[86.0812,23.6414],[86.0663,23.6641],[86.0215,23.6731],[85.9786,23.6575],[85.9537,23.6602],[85.9402,23.6508],[85.8856,23.6485],[85.8533,23.6153],[85.8189,23.6125],[85.7974,23.5767],[85.766,23.5507],[85.7223,23.5351],[85.6808,23.5698],[85.5496,23.6151]]]},"properties":{"upc":"N/04010/15001/JH","state":"Jharkhand"}},{"type":"Feature","geometry":{"type":"MultiLineString","coordinates":[[[85.8086,23.5963],[85.7989,23.5794]],[[85.7974,23.5776],[85.7894,23.5704]],[[86.0068,23.6649],[85.9893,23.6657],[85.9682,23.649],[85.864,23.6381],[85.8186,23.6132],[85.7989,23.5794]],[[85.7974,23.5776],[85.7394,23.5444]]]},"properties":{"upc":"N/04010/16001/JH","state":"Jharkhand"}},{"type":"Feature","geometry":{"type":"MultiLineString","coordinates":[[[86.3329,23.8682],[86.3259,23.8603]],[[86.3259,23.8603],[86.3096,23.8497],[86.293,23.8166],[86.2474,23.7795]],[[86.2474,23.7795],[86.256,23.7551],[86.2429,23.7473]],[[86.2429,23.7473],[86.2158,23.7388]],[[86.2158,23.7388],[86.2023,23.7304],[86.2009,23.7077]],[[86.2009,23.7077],[86.2091,23.6777],[86.1853,23.6294]],[[86.1853,23.6294],[86.1822,23.6147],[86.2062,23.5647]],[[86.2062,23.5647],[86.1984,23.5076]],[[86.1984,23.5076],[86.2122,23.4487]]]},"properties":{"upc":"N/04010/17001/JH","state":"Jharkhand"}},{"type":"Feature","geometry":{"type":"MultiLineString","coordinates":[[[75.7579,30.7667],[75.8197,30.7856],[75.8622,30.7776],[75.9445,30.7895],[75.9706,30.7854],[76.0061,30.8021]]]},"properties":{"upc":"N/04011/04002/PB","state":"Punjab"}},{"type":"Feature","geometry":{"type":"MultiLineString","coordinates":[[[75.1767,30.3475],[75.2885,30.3844],[75.3498,30.4203],[75.402,30.5117]]]},"properties":{"upc":"N/04011/04003/PB","state":"Punjab"}},{"type":"Feature","geometry":{"type":"MultiLineString","coordinates":[[[75.402,30.5117],[75.4369,30.5531],[75.5617,30.6439],[75.6221,30.7137],[75.6495,30.7155],[75.7579,30.7666]]]},"properties":{"upc":"N/04011/04004/PB","state":"Punjab"}},{"type":"Feature","geometry":{"type":"MultiLineString","coordinates":[[[77.3585,16.394],[77.4222,16.4641],[77.4408,16.4653],[77.4962,16.4941],[77.535,16.4993],[77.5847,16.5469],[77.6531,16.5813],[77.7054,16.5978]]]},"properties":{"upc":"N/04012/01001/TS","state":"Telangana"}},{"type":"Feature","geometry":{"type":"MultiLineString","coordinates":[[[77.7054,16.5978],[77.7982,16.6028],[77.8884,16.6719],[77.9408,16.6978],[78.0272,16.7222],[78.0737,16.7238]]]},"properties":{"upc":"N/04012/02001/TS","state":"Telangana"}},{"type":"Feature","geometry":{"type":"MultiLineString","coordinates":[[[74.5807,15.8024],[74.6813,15.839],[74.7388,15.8292],[74.7961,15.8494],[74.8814,15.8532],[74.9343,15.8714],[74.9978,15.8762],[75.0259,15.9082],[75.0787,15.9413],[75.1162,15.9829],[75.1761,16.0245],[75.2184,16.0404],[75.3491,16.046],[75.4696,16.0318],[75.7634,16.0439],[75.8193,16.0255],[75.8918,16.0311],[76.0552,16.0126],[76.1098,16.0214],[76.1676,16.0082],[76.216,16.0166],[76.2678,16.016],[76.2818,16.0083],[76.3002,16.0149],[76.3645,16.0102],[76.3834,16.0194],[76.4262,16.0195],[76.5705,16.0662],[76.6083,16.0852],[76.7987,16.0928],[76.8235,16.1113],[76.9389,16.1382],[76.9633,16.1599],[77.0367,16.1592],[77.2047,16.2017],[77.2479,16.205],[77.2563,16.2129],[77.2817,16.2955],[77.3338,16.3192],[77.339,16.3298]]]},"properties":{"upc":"N/04012/04001/KA","state":"Karnataka"}},{"type":"Feature","geometry":{"type":"MultiLineString","coordinates":[[[76.0443,17.9816],[76.0762,17.9793],[76.09,17.9858],[76.0978,18.0157],[76.0763,18.0288]],[[76.0709,18.0088],[76.1839,18.019],[76.2271,18.0347],[76.2824,18.0881],[76.2844,18.098],[76.3525,18.1213],[76.4245,18.1947],[76.4439,18.1957],[76.5083,18.2345]]]},"properties":{"upc":"N/04014/01001/MH","state":"Maharashtra"}},{"type":"Feature","geometry":{"type":"MultiLineString","coordinates":[[[76.5084,18.2344],[76.5594,18.3822],[76.5932,18.3889],[76.611,18.4152],[76.635,18.4227]],[[76.6368,18.4233],[76.7126,18.4401],[76.7624,18.4782],[76.8006,18.4832],[76.8366,18.5029]],[[76.8366,18.5028],[76.8451,18.515],[76.8683,18.5153],[76.8838,18.5246]],[[76.8838,18.5246],[76.8925,18.5283]]]},"properties":{"upc":"N/04014/02001/MH","state":"Maharashtra"}},{"type":"Feature","geometry":{"type":"MultiLineString","coordinates":[[[76.8925,18.5284],[76.9016,18.5476]],[[76.9016,18.5476],[76.9236,18.5896],[76.9357,18.5909],[76.9749,18.6247],[76.9741,18.6406],[76.9629,18.6447],[76.9499,18.6722],[76.9559,18.6948],[76.95,18.7081]],[[76.95,18.7081],[76.9556,18.7541],[76.9977,18.8116]],[[77.0006,18.8152],[77.0475,18.8661]],[[77.0475,18.8661],[77.0659,18.8863]],[[77.0694,18.8906],[77.1,18.9338],[77.1238,18.9381],[77.1317,18.963],[77.2106,19.0237]]]},"properties":{"upc":"N/04014/03001/MH","state":"Maharashtra"}},{"type":"Feature","geometry":{"type":"MultiLineString","coordinates":[[[77.2106,19.0237],[77.2864,19.1092],[77.3205,19.13],[77.3552,19.1387],[77.3509,19.1783],[77.3408,19.1908],[77.3655,19.2601],[77.3867,19.284],[77.3891,19.2966],[77.381,19.3085],[77.3929,19.3553],[77.3915,19.3909],[77.4034,19.4205]]]},"properties":{"upc":"N/04014/04001/MH","state":"Maharashtra"}},{"type":"Feature","geometry":{"type":"MultiLineString","coordinates":[[[77.4092,19.4315],[77.4231,19.4316],[77.4555,19.4564],[77.486,19.4581],[77.5244,19.4852],[77.5771,19.502]],[[77.5782,19.5029],[77.6178,19.5117],[77.6457,19.5019],[77.6575,19.5341],[77.6859,19.5555],[77.6878,19.584],[77.7001,19.6065]],[[77.7001,19.6065],[77.6859,19.6304],[77.7217,19.6778],[77.7187,19.6908],[77.7352,19.739],[77.7739,19.8058]]]},"properties":{"upc":"N/04014/05001/MH","state":"Maharashtra"}},{"type":"Feature","geometry":{"type":"MultiLineString","coordinates":[[[77.7739,19.8058],[77.8084,19.8466],[77.8581,19.8472],[77.875,19.8559],[77.8903,19.8902],[77.9198,19.9231],[77.9234,19.9324],[77.9153,19.9445],[77.9277,19.9636],[77.9343,20.024],[77.9451,20.0456],[77.9411,20.0607],[77.9537,20.0881],[77.9553,20.138],[77.9646,20.1454],[77.9629,20.1552],[77.985,20.198],[78.003,20.2093],[78.0539,20.2782],[78.0699,20.3304],[78.1,20.3674]]]},"properties":{"upc":"N/04014/06001/MH","state":"Maharashtra"}},{"type":"Feature","geometry":{"type":"MultiLineString","coordinates":[[[78.1,20.3674],[78.105,20.3558],[78.1298,20.3546],[78.1478,20.3643],[78.1661,20.3935],[78.263,20.4175],[78.3333,20.4553],[78.3604,20.5041],[78.3865,20.5251],[78.4041,20.5736],[78.4757,20.6403],[78.526,20.6704],[78.54,20.6894]]]},"properties":{"upc":"N/04014/07001/MH","state":"Maharashtra"}},{"type":"Feature","geometry":{"type":"MultiLineString","coordinates":[[[78.54,20.6894],[78.5411,20.7011],[78.5724,20.7247],[78.5841,20.768],[78.6401,20.7688],[78.6662,20.7813],[78.6983,20.8264],[78.7095,20.8258],[78.7246,20.838],[78.85,20.8465],[78.8974,20.8663],[78.9176,20.8649],[78.9895,20.9112]]]},"properties":{"upc":"N/04014/08001/MH","state":"Maharashtra"}},{"type":"Feature","geometry":{"type":"MultiLineString","coordinates":[[[77.5112,23.2528],[77.6354,23.258]],[[77.6354,23.258],[77.6612,23.259],[77.6801,23.2779]],[[77.6803,23.2778],[77.6889,23.2762],[77.7393,23.3145]],[[77.7393,23.3145],[77.7706,23.3389],[77.7701,23.3536]],[[77.7701,23.3536],[77.749,23.418],[77.7332,23.4378],[77.6978,23.451],[77.745,23.4907]]]},"properties":{"upc":"N/04017/01001/MP","state":"Madhya Pradesh"}},{"type":"Feature","geometry":{"type":"MultiLineString","coordinates":[[[80.0092,25.3894],[80.0031,25.4019],[80.0421,25.4791],[80.0975,25.7114],[80.1577,25.8307],[80.1362,25.8781],[80.143,25.9363],[80.1574,25.9462],[80.1647,25.9654],[80.1536,25.9867],[80.1538,26.0219],[80.1766,26.1935],[80.1982,26.2344],[80.2953,26.3418],[80.3192,26.421]]]},"properties":{"upc":"N/04017/11001/UP","state":"Uttar Pradesh"}},{"type":"Feature","geometry":{"type":"MultiLineString","coordinates":[[[81.691,20.9133],[81.6978,20.9502],[81.7243,20.9974],[81.7295,21.0363],[81.7512,21.0646],[81.7519,21.0856],[81.7043,21.1866]]]},"properties":{"upc":"N/04018/01001/CG","state":"Chhattisgarh"}},{"type":"Feature","geometry":{"type":"MultiLineString","coordinates":[[[81.5119,20.683],[81.5181,20.7208],[81.5281,20.7303],[81.553,20.7436],[81.5778,20.7414],[81.602,20.7569],[81.652,20.7723],[81.681,20.8157],[81.7045,20.827],[81.6873,20.8808],[81.691,20.9132]]]},"properties":{"upc":"N/04018/02001/CG","state":"Chhattisgarh"}},{"type":"Feature","geometry":{"type":"MultiLineString","coordinates":[[[81.7517,21.086],[81.7664,21.064],[81.7483,21.0102],[81.7417,20.7745],[81.7709,20.717]]]},"properties":{"upc":"N/04018/03003/CG","state":"Chhattisgarh"}},{"type":"Feature","geometry":{"type":"MultiLineString","coordinates":[[[81.763,20.5328],[81.7507,20.3707],[81.731,20.3405],[81.7399,20.3054]],[[81.7399,20.3048],[81.7655,20.2214]],[[81.7649,20.5461],[81.763,20.5328]],[[81.7709,20.717],[81.7756,20.693],[81.7648,20.5461]]]},"properties":{"upc":"N/04018/03004/CG","state":"Chhattisgarh"}},{"type":"Feature","geometry":{"type":"MultiLineString","coordinates":[[[81.7655,20.2214],[81.7678,20.1798],[81.7814,20.1633],[81.7814,20.132],[81.86,20.0363]],[[81.86,20.0363],[81.8664,20.0288]]]},"properties":{"upc":"N/04018/03005/CG","state":"Chhattisgarh"}},{"type":"Feature","geometry":{"type":"MultiLineString","coordinates":[[[81.8652,20.0302],[81.982,19.9074],[82.0002,19.8788]]]},"properties":{"upc":"N/04018/04002/OR","state":"Odisha"}},{"type":"Feature","geometry":{"type":"MultiLineString","coordinates":[[[82.0002,19.8788],[82.0368,19.8276],[82.0743,19.7973],[82.1189,19.7383],[82.1473,19.7151],[82.1873,19.6482]]]},"properties":{"upc":"N/04018/04003/OR","state":"Odisha"}},{"type":"Feature","geometry":{"type":"MultiLineString","coordinates":[[[82.1873,19.6482],[82.257,19.534],[82.4455,19.2954]]]},"properties":{"upc":"N/04018/04004/OR","state":"Odisha"}},{"type":"Feature","geometry":{"type":"MultiLineString","coordinates":[[[82.4455,19.2954],[82.4985,19.2081],[82.5639,19.129]]]},"properties":{"upc":"N/04018/04005/OR","state":"Odisha"}},{"type":"Feature","geometry":{"type":"MultiLineString","coordinates":[[[82.5639,19.1291],[82.6322,19.0513],[82.6644,18.9991],[82.6862,18.992],[82.6966,18.9612],[82.7448,18.9016],[82.7815,18.8384],[82.8125,18.8242]]]},"properties":{"upc":"N/04018/04006/OR","state":"Odisha"}},{"type":"Feature","geometry":{"type":"MultiLineString","coordinates":[[[82.8125,18.8242],[82.8488,18.7704],[82.8716,18.7506],[82.8722,18.6577],[82.8792,18.6392],[82.8741,18.5286],[82.8874,18.4988],[82.908,18.4804],[82.9402,18.4819]]]},"properties":{"upc":"N/04018/04007/OR","state":"Odisha"}},{"type":"Feature","geometry":{"type":"MultiLineString","coordinates":[[[82.9402,18.4819],[82.9661,18.4599]]]},"properties":{"upc":"N/04018/04008/OR","state":"Odisha"}},{"type":"Feature","geometry":{"type":"MultiLineString","coordinates":[[[82.9661,18.4601],[82.984,18.4379],[82.9825,18.4236],[82.9583,18.3976],[82.9657,18.382],[82.9787,18.3789],[83.0405,18.4058],[83.0413,18.4284]]]},"properties":{"upc":"N/04018/04009/OR","state":"Odisha"}},{"type":"Feature","geometry":{"type":"MultiLineString","coordinates":[[[83.0413,18.4284],[83.0721,18.4422],[83.0954,18.4373],[83.1166,18.456],[83.1457,18.4605],[83.1912,18.4407],[83.2217,18.4362],[83.2438,18.4421],[83.2619,18.4245],[83.2636,18.377]]]},"properties":{"upc":"N/04018/05002/AP","state":"Andhra Pradesh"}},{"type":"Feature","geometry":{"type":"MultiLineString","coordinates":[[[83.2636,18.377],[83.2568,18.3447],[83.2678,18.3051],[83.2626,18.162]]]},"properties":{"upc":"N/04018/05003/AP","state":"Andhra Pradesh"}},{"type":"Feature","geometry":{"type":"MultiLineString","coordinates":[[[83.2626,18.162],[83.2641,18.0961],[83.2406,18.01],[83.201,17.9621]]]},"properties":{"upc":"N/04018/05004/AP","state":"Andhra Pradesh"}},{"type":"Feature","geometry":{"type":"MultiLineString","coordinates":[[[83.201,17.9621],[83.1682,17.9357],[83.148,17.8548],[83.144,17.8039]]]},"properties":{"upc":"N/04018/05005/AP","state":"Andhra Pradesh"}},{"type":"Feature","geometry":{"type":"MultiLineString","coordinates":[[[79.8647,23.1609],[79.8635,23.1305],[79.8754,23.1062],[79.9072,23.0953],[79.911,23.0873],[79.9077,23.0473],[79.8825,22.9952],[79.8469,22.9543],[79.827,22.8854],[79.7722,22.8547],[79.7264,22.7649],[79.716,22.7572],[79.716,22.736],[79.6654,22.6617],[79.663,22.6467],[79.6187,22.6102],[79.6059,22.5784]]]},"properties":{"upc":"N/04019/01001/MP","state":"Madhya Pradesh"}},{"type":"Feature","geometry":{"type":"MultiLineString","coordinates":[[[79.8647,23.1608],[79.8664,23.185],[79.8895,23.2232],[79.9465,23.2399],[79.9823,23.2966],[80.0104,23.3203],[80.0284,23.3621],[80.0646,23.3944],[80.0912,23.4393],[80.0988,23.4727],[80.0944,23.4921],[80.1188,23.5035],[80.2028,23.5867],[80.2302,23.6008],[80.237,23.6141]]]},"properties":{"upc":"N/04019/02001/MP","state":"Madhya Pradesh"}},{"type":"Feature","geometry":{"type":"MultiLineString","coordinates":[[[80.2371,23.6143],[80.244,23.6405],[80.2676,23.6518],[80.2778,23.6736],[80.2928,23.6795],[80.3195,23.7112],[80.3357,23.7549]],[[80.4014,23.9497],[80.3946,23.8988]],[[80.711,24.193],[80.6236,24.1478],[80.5369,24.0766],[80.4882,24.0623],[80.4642,24.0326],[80.432,24.0151],[80.4014,23.9497]]]},"properties":{"upc":"N/04019/03001/MP","state":"Madhya Pradesh"}},{"type":"Feature","geometry":{"type":"MultiLineString","coordinates":[[[80.3366,23.7568],[80.3308,23.7794],[80.3486,23.8615],[80.3946,23.8988]]]},"properties":{"upc":"N/04019/04001/MP","state":"Madhya Pradesh"}},{"type":"Feature","geometry":{"type":"MultiLineString","coordinates":[[[81.2265,24.509],[81.1832,24.4881],[81.1672,24.4885],[81.1408,24.4707],[81.052,24.378],[81.0358,24.3501],[80.997,24.3302],[80.9841,24.3045],[80.9532,24.3019],[80.9275,24.2789],[80.8517,24.2845],[80.8245,24.2675],[80.8069,24.273],[80.77,24.2477],[80.7518,24.2475],[80.7327,24.2093],[80.711,24.193]]]},"properties":{"upc":"N/04019/05001/MP","state":"Madhya Pradesh"}},{"type":"Feature","geometry":{"type":"MultiLineString","coordinates":[[[82.1591,24.8772],[82.1678,24.8744],[82.157,24.8629],[82.1245,24.8546],[82.1251,24.825],[82.1112,24.7984]],[[82.1668,24.8857],[82.1585,24.8811],[82.1616,24.8746]],[[82.3864,25.0292],[82.3662,25.0041],[82.3473,25.0012],[82.2579,24.955],[82.2445,24.9383],[82.1668,24.8857]]]},"properties":{"upc":"N/04019/07001/UP","state":"Uttar Pradesh"}},{"type":"Feature","geometry":{"type":"MultiLineString","coordinates":[[[82.803,25.0972],[82.7113,25.0877],[82.6912,25.1043],[82.668,25.1091],[82.6402,25.094],[82.5963,25.0921],[82.5814,25.0828],[82.5555,25.0855],[82.522,25.1024],[82.4777,25.064],[82.4184,25.0345],[82.3864,25.0292]]]},"properties":{"upc":"N/04019/08001/UP","state":"Uttar Pradesh"}},{"type":"Feature","geometry":{"type":"MultiLineString","coordinates":[[[83.0368,25.2579],[83.0297,25.2115],[82.9686,25.1748],[82.9107,25.1143],[82.8813,25.0983],[82.7906,25.0973]]]},"properties":{"upc":"N/04019/09001/UP","state":"Uttar Pradesh"}},{"type":"Feature","geometry":{"type":"MultiLineString","coordinates":[[[77.7849,28.7069],[77.7931,28.7103]],[[77.807,28.7157],[77.8151,28.7194]],[[77.8169,28.7204],[77.8565,28.7109],[78.0182,28.7707]],[[78.0225,28.7719],[78.0629,28.7833],[78.0816,28.7768]],[[78.0816,28.7768],[78.0919,28.7733]],[[78.0924,28.7731],[78.1122,28.7661]],[[78.1122,28.7661],[78.1279,28.7604]],[[78.1279,28.7604],[78.1407,28.7586],[78.2219,28.8092]],[[78.2219,28.8092],[78.2624,28.8377],[78.3423,28.8371]],[[78.3423,28.8371],[78.3864,28.8366]],[[78.3876,28.8366],[78.4835,28.8334]],[[78.4835,28.8334],[78.5371,28.825]],[[78.5371,28.825],[78.5471,28.8235]],[[78.5526,28.8226],[78.59,28.817],[78.6902,28.8232]]]},"properties":{"upc":"N/04020/02001/UP","state":"Uttar Pradesh"}},{"type":"Feature","geometry":{"type":"MultiLineString","coordinates":[[[78.6967,28.8206],[78.7635,28.7852],[78.8474,28.8319],[78.9787,28.7927],[79.0208,28.7564],[79.0569,28.7494],[79.1603,28.6254],[79.1775,28.6211],[79.1771,28.5903],[79.2002,28.552],[79.2594,28.5171],[79.2826,28.4922],[79.2849,28.4716],[79.3014,28.4573],[79.3294,28.4513],[79.3451,28.4382],[79.3966,28.4478],[79.4695,28.4358],[79.489,28.4252],[79.4986,28.4037],[79.495,28.2891],[79.5043,28.2763]],[[79.2409,28.5276],[79.2589,28.5174]],[[79.2656,28.5065],[79.2793,28.4947]]]},"properties":{"upc":"N/04020/04001/UP","state":"Uttar Pradesh"}},{"type":"Feature","geometry":{"type":"MultiLineString","coordinates":[[[79.2839,28.4802],[79.3017,28.457],[79.3287,28.4515],[79.3438,28.4385],[79.396,28.4479],[79.4698,28.4357],[79.49,28.4242],[79.4987,28.4019],[79.4953,28.2882],[79.524,28.2345]],[[79.524,28.2345],[79.5315,28.2213]]]},"properties":{"upc":"N/04020/05002/UP","state":"Uttar Pradesh"}},{"type":"Feature","geometry":{"type":"MultiLineString","coordinates":[[[80.6574,27.5641],[80.6691,27.5532],[80.7014,27.5546],[80.7178,27.5458],[80.8116,27.4224],[80.8565,27.1788],[80.9133,27.0203],[80.9378,26.9192],[80.9314,26.8809],[80.9158,26.8715],[80.9354,26.8558],[80.9283,26.8483]]]},"properties":{"upc":"N/04020/06001/UP","state":"Uttar Pradesh"}},{"type":"Feature","geometry":{"type":"MultiLineString","coordinates":[[[82.0075,26.759],[81.9978,26.779],[81.9972,26.8082],[82.0082,26.8203],[82.0522,26.8261],[82.0967,26.8466],[82.1536,26.8426],[82.218,26.8244]]]},"properties":{"upc":"N/04020/07001/UP","state":"Uttar Pradesh"}},{"type":"Feature","geometry":{"type":"MultiLineString","coordinates":[[[77.4583,28.6383],[77.5333,28.5742],[77.5516,28.5765],[77.5815,28.5304],[77.679,28.4622],[77.7095,28.4643],[77.7252,28.4435],[77.8138,28.4189],[77.8363,28.3686],[77.8553,28.2886],[77.8869,28.2694],[77.8753,28.2213],[77.9129,28.1371],[77.9331,28.113],[77.9364,28.0718],[77.9758,28.0458],[77.9715,28.0278],[78.0184,27.941],[78.0282,27.8747],[78.0447,27.8595],[78.0819,27.8452],[78.1297,27.862],[78.1539,27.8549]]]},"properties":{"upc":"N/04021/01001/UP","state":"Uttar Pradesh"}},{"type":"Feature","geometry":{"type":"MultiLineString","coordinates":[[[78.3343,27.7328],[78.3794,27.6843],[78.4,27.6817],[78.5027,27.6336]],[[78.3343,27.7328],[78.3547,27.7096],[78.4021,27.6804],[78.5027,27.6336]]]},"properties":{"upc":"N/04021/02001/UP","state":"Uttar Pradesh"}},{"type":"Feature","geometry":{"type":"MultiLineString","coordinates":[[[78.5027,27.6336],[78.6051,27.5968],[78.6615,27.5567],[78.6932,27.5484],[78.778,27.4923],[78.8781,27.4468]],[[78.5027,27.6336],[78.5732,27.6117],[78.62,27.5875],[78.6824,27.5862],[78.7006,27.5663],[78.7056,27.5413],[78.7244,27.5272],[78.778,27.4923],[78.8358,27.4723],[78.8781,27.4468]],[[78.6681,27.5549],[78.6803,27.5519]]]},"properties":{"upc":"N/04021/03001/UP","state":"Uttar Pradesh"}},{"type":"Feature","geometry":{"type":"MultiLineString","coordinates":[[[78.8781,27.4468],[79.107,27.3125],[79.1736,27.2528],[79.2733,27.2266],[79.285,27.2061],[79.3118,27.2101],[79.3919,27.1889]],[[78.8781,27.4468],[78.9714,27.4026],[78.9891,27.3773],[79.1084,27.3116],[79.1644,27.2648],[79.1787,27.2645],[79.2036,27.2465],[79.2994,27.2206],[79.327,27.2013],[79.3919,27.1889]]]},"properties":{"upc":"N/04021/04001/UP","state":"Uttar Pradesh"}},{"type":"Feature","geometry":{"type":"MultiLineString","coordinates":[[[79.3909,27.1893],[79.4435,27.177],[79.5118,27.1449],[79.5492,27.1381],[79.6941,27.1208],[79.7297,27.13],[79.849,27.0702],[79.8781,27.066],[79.8892,27.0267],[79.9171,27.011],[79.9445,27.0171],[79.9945,26.9628]]]},"properties":{"upc":"N/04021/05002/UP","state":"Uttar Pradesh"}},{"type":"Feature","geometry":{"type":"MultiLineString","coordinates":[[[79.994,26.9635],[80.0249,26.9147],[80.043,26.8688],[80.0734,26.8467],[80.0744,26.8169],[80.1027,26.7472],[80.102,26.7301],[80.1268,26.697],[80.1525,26.6851],[80.1473,26.668],[80.1755,26.6282],[80.2029,26.6219],[80.2208,26.5787],[80.2234,26.5491],[80.2454,26.5124]]]},"properties":{"upc":"N/04021/05003/UP","state":"Uttar Pradesh"}},{"type":"Feature","geometry":{"type":"MultiLineString","coordinates":[[[80.1014,12.9129],[80.0995,12.9378],[80.1188,12.9546],[80.1277,13.0128],[80.1473,13.0298],[80.15,13.0504],[80.1607,13.059],[80.166,13.1218],[80.175,13.1369],[80.2112,13.1513]]]},"properties":{"upc":"N/04022/01001/TN","state":"Tamil Nadu"}},{"type":"Feature","geometry":{"type":"MultiLineString","coordinates":[[[79.8805,12.5067],[79.8426,12.4553],[79.8213,12.4085],[79.7892,12.3795],[79.7747,12.3265],[79.6853,12.2683],[79.6635,12.2406],[79.6652,12.2283]],[[79.9347,12.6374],[79.9146,12.5659],[79.8905,12.5172]],[[79.9405,12.6473],[79.9346,12.6372]],[[79.9539,12.6561],[79.9418,12.658],[79.9405,12.6474]],[[79.9548,12.6564],[79.9429,12.6577],[79.9405,12.6474]],[[80.1014,12.9118],[79.9834,12.733],[79.9796,12.7124],[79.96,12.6883],[79.9611,12.6612],[79.9548,12.6564]]]},"properties":{"upc":"N/04022/02001/TN","state":"Tamil Nadu"}},{"type":"Feature","geometry":{"type":"MultiLineString","coordinates":[[[79.6652,12.2283],[79.6571,12.2143],[79.6404,12.2133],[79.5639,12.0969],[79.534,12.0151],[79.5147,11.9982],[79.4981,11.9629],[79.4737,11.9502],[79.4679,11.9056],[79.4438,11.8807],[79.4096,11.7983],[79.3746,11.7496],[79.3311,11.7132]]]},"properties":{"upc":"N/04022/03001/TN","state":"Tamil Nadu"}},{"type":"Feature","geometry":{"type":"MultiLineString","coordinates":[[[78.8248,11.0845],[78.8036,11.0232],[78.7095,10.8758],[78.7118,10.8031],[78.707,10.7913],[78.6913,10.7851]]]},"properties":{"upc":"N/04022/05001/TN","state":"Tamil Nadu"}},{"type":"Feature","geometry":{"type":"MultiLineString","coordinates":[[[78.6904,10.785],[78.6338,10.7359],[78.6231,10.7005],[78.5824,10.6426],[78.5023,10.5501],[78.4447,10.4384],[78.4124,10.4016],[78.3831,10.3836],[78.3901,10.339],[78.386,10.2556],[78.3692,10.2218],[78.3708,10.1986],[78.3495,10.1276],[78.3581,10.0899],[78.3488,10.0518],[78.3504,10.0209],[78.3402,10.0158],[78.3146,10.0226],[78.2483,9.9946],[78.1711,9.9346]]]},"properties":{"upc":"N/04022/06002/TN","state":"Tamil Nadu"}},{"type":"Feature","geometry":{"type":"MultiLineString","coordinates":[[[75.9137,17.6928],[75.9166,17.7133],[75.9573,17.7741],[75.9633,17.845],[75.9803,17.8929],[76.0232,17.9434],[76.0912,18.0634],[76.0538,18.1639],[76.0534,18.2021],[76.0369,18.2249],[76.0379,18.2417],[76.0241,18.2676],[75.997,18.3028],[75.9605,18.3108],[75.9415,18.3259],[75.9388,18.3721],[75.8822,18.3895],[75.8569,18.4165]]]},"properties":{"upc":"N/04023/01001/MH","state":"Maharashtra"}},{"type":"Feature","geometry":{"type":"MultiLineString","coordinates":[[[75.0761,20.3152],[75.0877,20.295],[75.1197,20.2719],[75.1199,20.25],[75.1318,20.2354],[75.131,20.1367],[75.1156,20.0897],[75.1569,20.0275],[75.133,20.0028],[75.122,19.9719],[75.2003,19.9297],[75.207,19.8825],[75.2534,19.8638],[75.2704,19.8324],[75.3019,19.8238],[75.3311,19.8291],[75.3976,19.8187],[75.4471,19.8321]]]},"properties":{"upc":"N/04023/04001/MH","state":"Maharashtra"}},{"type":"Feature","geometry":{"type":"MultiLineString","coordinates":[[[74.9594,20.5517],[74.9604,20.5635],[74.9375,20.5806],[74.8908,20.643],[74.8685,20.7135],[74.7824,20.8755]],[[75.0488,20.3835],[75.0284,20.4371],[74.9822,20.4346],[74.9696,20.4513],[74.9836,20.4896],[74.9594,20.5517]]]},"properties":{"upc":"N/04023/07002/MH","state":"Maharashtra"}},{"type":"Feature","geometry":{"type":"MultiLineString","coordinates":[[[76.2043,22.7183],[76.2551,22.7143],[76.4142,22.7253],[76.4496,22.7145],[76.5101,22.7221],[76.5407,22.7081],[76.5714,22.7104],[76.5944,22.6933],[76.6258,22.7009],[76.6728,22.6994],[76.6938,22.6875],[76.7522,22.6756],[76.774,22.6564]]]},"properties":{"upc":"N/04024/01003/MP","state":"Madhya Pradesh"}},{"type":"Feature","geometry":{"type":"MultiLineString","coordinates":[[[76.774,22.6564],[76.8921,22.5953]],[[76.8923,22.5948],[76.9053,22.5831],[76.9565,22.5761],[76.9903,22.4965]],[[76.9903,22.4965],[76.9953,22.4722]],[[76.9953,22.4722],[77.0729,22.3732]]]},"properties":{"upc":"N/04024/01004/MP","state":"Madhya Pradesh"}},{"type":"Feature","geometry":{"type":"MultiLineString","coordinates":[[[77.0729,22.3732],[77.1163,22.3733],[77.1364,22.3504],[77.2212,22.3299],[77.2431,22.3146],[77.2876,22.3156],[77.3331,22.2918]]]},"properties":{"upc":"N/04024/02002/MP","state":"Madhya Pradesh"}},{"type":"Feature","geometry":{"type":"MultiLineString","coordinates":[[[77.3331,22.2918],[77.3862,22.2623],[77.438,22.1842],[77.4606,22.1815],[77.4844,22.1909],[77.5135,22.1855],[77.4989,22.1509],[77.4982,22.1103],[77.5057,22.089],[77.5321,22.0684],[77.5715,22.0699],[77.6194,22.0439]]]},"properties":{"upc":"N/04024/02003/MP","state":"Madhya Pradesh"}},{"type":"Feature","geometry":{"type":"MultiLineString","coordinates":[[[77.8794,21.885],[77.8558,21.8681],[77.7962,21.8594],[77.7699,21.8699],[77.7416,21.9179],[77.7147,21.9367],[77.7083,21.9703],[77.6788,21.9984],[77.663,21.9996],[77.6637,22.0154],[77.6476,22.0302],[77.6194,22.0439]]]},"properties":{"upc":"N/04024/03001/MP","state":"Madhya Pradesh"}},{"type":"Feature","geometry":{"type":"MultiLineString","coordinates":[[[78.7412,21.4884],[78.6735,21.5068],[78.6068,21.5482],[78.5936,21.5718],[78.5637,21.5809],[78.5478,21.6019],[78.4724,21.6302],[78.4639,21.648],[78.4447,21.6622],[78.3808,21.6952],[78.3749,21.7131],[78.3528,21.726],[78.337,21.752],[78.2839,21.7707],[78.2542,21.7626],[78.2305,21.8035],[78.2143,21.8164],[78.1931,21.824],[78.1617,21.8219],[78.1402,21.8383],[78.0913,21.8328],[78.0438,21.8521],[77.9979,21.8451],[77.9843,21.8629],[77.9436,21.8592],[77.9194,21.8671],[77.8786,21.8916],[77.8699,21.9169],[77.8729,21.9379]],[[79.0788,21.1843],[79.0878,21.2695],[79.0715,21.3056],[78.9508,21.3735],[78.9473,21.3849],[78.924,21.3998],[78.8559,21.4041],[78.8041,21.4254],[78.7663,21.4587],[78.7501,21.4869],[78.7412,21.4884]]]},"properties":{"upc":"N/04024/04001/MH","state":"Maharashtra"}},{"type":"Feature","geometry":{"type":"MultiLineString","coordinates":[[[79.0787,21.1671],[79.0788,21.1843]],[[79.0813,21.1543],[79.0716,21.1709]]]},"properties":{"upc":"N/04024/05001/MH","state":"Maharashtra"}},{"type":"Feature","geometry":{"type":"MultiLineString","coordinates":[[[77.3613,15.9466],[77.3675,15.9617],[77.3854,15.9734],[77.3816,15.9975],[77.4028,16.029],[77.3975,16.0712],[77.409,16.0919],[77.3871,16.1491],[77.4089,16.2072],[77.4003,16.2343],[77.4031,16.341],[77.3849,16.3711],[77.3571,16.3794]]]},"properties":{"upc":"N/04025/01001/KA","state":"Karnataka"}},{"type":"Feature","geometry":{"type":"MultiLineString","coordinates":[[[76.9003,15.0877],[76.8757,15.0484],[76.8391,15.0156],[76.8318,14.9601],[76.7772,14.8872],[76.7783,14.8403],[76.7367,14.8046],[76.7243,14.7767]],[[76.9106,15.2063],[76.9137,15.1959],[76.9655,15.1578]],[[76.9655,15.1578],[76.9943,15.123]]]},"properties":{"upc":"N/04025/07001/KA","state":"Karnataka"}},{"type":"Feature","geometry":{"type":"MultiLineString","coordinates":[[[76.7243,14.7767],[76.718,14.7544],[76.6925,14.7216],[76.68,14.6616],[76.6657,14.6358],[76.6717,14.5979],[76.6672,14.53],[76.6767,14.4691],[76.6663,14.4528],[76.6704,14.433],[76.6528,14.377],[76.6541,14.3509],[76.6325,14.3351],[76.6266,14.3176],[76.6567,14.2767],[76.6679,14.2348],[76.6671,14.1803],[76.6289,13.995],[76.635,13.9388],[76.5994,13.8976]]]},"properties":{"upc":"N/04025/09001/KA","state":"Karnataka"}},{"type":"Feature","geometry":{"type":"MultiLineString","coordinates":[[[76.2008,13.0066],[76.2048,13.0155]],[[76.2055,13.0181],[76.208,13.0325]],[[76.2113,13.0548],[76.2186,13.0636]],[[76.2186,13.0636],[76.2239,13.0725]],[[76.2239,13.0725],[76.2275,13.0808]],[[76.2279,13.0817],[76.23,13.0926]],[[76.2341,13.1037],[76.2443,13.1123]],[[76.2565,13.1225],[76.2632,13.1328]],[[76.2664,13.1405],[76.2728,13.1546]],[[76.2769,13.1661],[76.2816,13.1762]],[[76.2816,13.1762],[76.2899,13.1902]],[[76.2907,13.1916],[76.2964,13.2021]],[[76.2977,13.2044],[76.3066,13.2184]],[[76.3066,13.2184],[76.312,13.2411]],[[76.312,13.2411],[76.311,13.2507]],[[76.5296,13.6626],[76.5302,13.6804]],[[76.5335,13.6469],[76.5318,13.6568]],[[76.5329,13.6957],[76.5421,13.7038]],[[76.5449,13.7041],[76.5524,13.7102]],[[76.5526,13.7111],[76.5559,13.7228]],[[76.5655,13.7336],[76.5759,13.7493]],[[76.5759,13.7493],[76.5865,13.7813]],[[76.5865,13.7813],[76.5881,13.7963]],[[76.5873,13.8031],[76.5876,13.8134]],[[76.5876,13.8134],[76.5907,13.8303]],[[76.5915,13.8342],[76.6017,13.8768]],[[76.6019,13.8811],[76.5994,13.8976]]]},"properties":{"upc":"N/04025/10001/KA","state":"Karnataka"}},{"type":"Feature","geometry":{"type":"MultiLineString","coordinates":[[[72.815,22.0475],[72.8615,22.0188],[72.8746,21.9612],[72.9017,21.913],[72.9298,21.8346],[72.9353,21.7465],[72.9662,21.7054]]]},"properties":{"upc":"N/04026/01001/GJ","state":"Gujarat"}},{"type":"Feature","geometry":{"type":"MultiLineString","coordinates":[[[72.0693,21.9046],[72.1012,22.0156],[72.0999,22.0397],[72.1094,22.0509]],[[72.0693,21.9046],[72.0627,21.8174],[72.0786,21.7722]],[[72.0786,21.7722],[72.0815,21.7472]]]},"properties":{"upc":"N/04026/04001/GJ","state":"Gujarat"}},{"type":"Feature","geometry":{"type":"MultiLineString","coordinates":[[[72.1501,21.743],[72.1282,21.7513],[72.1228,21.7634],[72.0817,21.7473]],[[72.157,21.695],[72.1589,21.7217],[72.1501,21.743]]]},"properties":{"upc":"N/04026/04002/GJ","state":"Gujarat"}},{"type":"Feature","geometry":{"type":"MultiLineString","coordinates":[[[78.55,13.1939],[78.4623,13.1994],[78.4209,13.1841],[78.4036,13.1544],[78.392,13.1488],[78.369,13.1584]]]},"properties":{"upc":"N/04027/01001/KA","state":"Karnataka"}},{"type":"Feature","geometry":{"type":"MultiLineString","coordinates":[[[78.7633,13.2063],[78.7317,13.2211],[78.7212,13.2],[78.6776,13.1952],[78.6464,13.1811],[78.547,13.1941]],[[78.9463,13.2038],[78.9039,13.2058],[78.8842,13.1914],[78.8316,13.1864],[78.7633,13.2063]]]},"properties":{"upc":"N/04027/03001/AP","state":"Andhra Pradesh"}},{"type":"Feature","geometry":{"type":"MultiLineString","coordinates":[[[79.0654,13.1977],[79.0671,13.2331],[79.0474,13.2896],[79.0807,13.3398],[79.1004,13.4012],[79.1953,13.4826],[79.2435,13.5564],[79.2763,13.5781],[79.3143,13.5793],[79.3499,13.5973]]]},"properties":{"upc":"N/04027/04001/AP","state":"Andhra Pradesh"}},{"type":"Feature","geometry":{"type":"MultiLineString","coordinates":[[[79.5071,13.6158],[79.5316,13.6481],[79.5642,13.665],[79.5719,13.6809],[79.6673,13.7251],[79.6801,13.757],[79.7241,13.7693],[79.8247,13.8492],[79.8343,13.8654],[79.8745,13.8851]],[[79.8745,13.8851],[79.9097,13.9031]]]},"properties":{"upc":"N/04027/06001/AP","state":"Andhra Pradesh"}},{"type":"Feature","geometry":{"type":"MultiLineString","coordinates":[[[78.8707,23.1763],[78.7935,23.1554]],[[78.942,23.1609],[78.914,23.177],[78.8707,23.1763]],[[78.9975,23.1281],[78.9583,23.1435],[78.942,23.1609]],[[79.0312,23.1209],[78.9975,23.1281]],[[79.0711,23.1096],[79.0445,23.1171]],[[79.0872,23.1046],[79.0781,23.1076]],[[79.1716,23.1033],[79.0916,23.1032]],[[79.2004,23.107],[79.1716,23.1033]],[[79.2216,23.1116],[79.2004,23.107]],[[79.252,23.1042],[79.2245,23.1114]],[[79.2705,23.1075],[79.252,23.1042]]]},"properties":{"upc":"N/04028/02001/MP","state":"Madhya Pradesh"}},{"type":"Feature","geometry":{"type":"MultiLineString","coordinates":[[[76.6997,12.9707],[76.7312,12.9618],[76.773,12.9629],[76.9054,12.9961],[76.9795,13.0053],[77.0218,13.0003],[77.0342,13.0093],[77.0218,13.0003],[76.9795,13.0053],[76.9066,12.9963]],[[76.6997,12.9707],[76.7196,12.9652]],[[76.894,12.9931],[76.773,12.9629],[76.7196,12.9652]],[[76.894,12.9931],[76.9066,12.9963]],[[77.0371,13.0115],[77.0472,13.0186],[77.0371,13.0115]],[[77.0611,13.0206],[77.0472,13.0186]],[[77.0472,13.0185],[77.0698,13.0211]],[[77.0611,13.0206],[77.1077,13.04],[77.0752,13.0263]],[[77.1077,13.04],[77.1206,13.0411],[77.1077,13.04]],[[77.1206,13.0411],[77.204,13.0763],[77.304,13.0632],[77.204,13.0763],[77.1206,13.0411]],[[77.304,13.0632],[77.3403,13.0611],[77.304,13.0632]],[[77.3403,13.0611],[77.3625,13.0706],[77.3403,13.0611]],[[77.3625,13.0706],[77.3721,13.0829],[77.3625,13.0706]],[[77.3721,13.0829],[77.3856,13.0979]],[[77.3856,13.0979],[77.3721,13.0829]]]},"properties":{"upc":"N/04029/01001/KA","state":"Karnataka"}},{"type":"Feature","geometry":{"type":"MultiLineString","coordinates":[[[76.6997,12.9707],[76.5897,12.9586],[76.5149,12.9277],[76.4251,12.9074],[76.4021,12.9332],[76.3384,12.9445],[76.3178,12.9761],[76.2372,12.9765],[76.2237,12.9852],[76.1387,13.0021],[76.1077,12.9875],[76.0588,12.9924]]]},"properties":{"upc":"N/04029/02001/KA","state":"Karnataka"}},{"type":"Feature","geometry":{"type":"MultiLineString","coordinates":[[[75.7694,12.9339],[75.7568,12.9189],[75.7419,12.9179],[75.722,12.8851]],[[76.0563,12.9921],[75.9581,12.9477],[75.9145,12.9562],[75.9018,12.9453],[75.8853,12.9449],[75.8416,12.9605],[75.7941,12.933],[75.7694,12.9339]]]},"properties":{"upc":"N/04029/03001/KA","state":"Karnataka"}},{"type":"Feature","geometry":{"type":"MultiLineString","coordinates":[[[75.4366,12.8251],[75.3258,12.8513],[75.2636,12.8349],[75.2304,12.8369],[75.2119,12.8251],[75.1654,12.8234],[75.0724,12.8432],[75.0552,12.8587],[75.0467,12.8793],[75.0336,12.8817]]]},"properties":{"upc":"N/04029/07002/KA","state":"Karnataka"}},{"type":"Feature","geometry":{"type":"MultiLineString","coordinates":[[[75.5438,12.831],[75.5608,12.8363]],[[75.5364,12.8293],[75.5433,12.831]],[[75.5303,12.8279],[75.5003,12.8315],[75.4639,12.8218]],[[75.4368,12.8251],[75.4585,12.8209]]]},"properties":{"upc":"N/04029/07003/KA","state":"Karnataka"}},{"type":"Feature","geometry":{"type":"MultiLineString","coordinates":[[[76.6997,12.9707],[76.5897,12.9586],[76.5149,12.9277],[76.4251,12.9074],[76.4021,12.9332],[76.3384,12.9445],[76.3178,12.9761],[76.2372,12.9765],[76.2237,12.9852],[76.1387,13.0021],[76.1077,12.9875],[76.0588,12.9924]]]},"properties":{"upc":"N/04029/09001/KA","state":"Karnataka"}},{"type":"Feature","geometry":{"type":"MultiLineString","coordinates":[[[84.0961,21.3288],[84.0877,21.3347],[84.0789,21.3679],[84.0432,21.4088],[84.0182,21.424],[84.0157,21.4566]],[[84.3199,21.0637],[84.27,21.0806],[84.2485,21.1029],[84.2179,21.1061],[84.2074,21.1198],[84.1765,21.1291],[84.1619,21.1538],[84.1661,21.2003],[84.1355,21.2429],[84.1335,21.2805],[84.118,21.3024],[84.1017,21.3107],[84.0962,21.3287]],[[85.0503,20.8222],[85.0358,20.8226],[85.0087,20.8058],[84.8904,20.8708],[84.8733,20.8935],[84.7896,20.9208],[84.7694,20.9148],[84.7312,20.9261],[84.6887,20.9506],[84.6336,20.9684],[84.6069,20.9687],[84.5545,20.9955],[84.4945,21.0073],[84.4722,21.0187],[84.4547,21.0475],[84.4282,21.0666],[84.3925,21.0746],[84.3786,21.0639],[84.3634,21.076],[84.3201,21.0637]]]},"properties":{"upc":"N/04030/02001/OR","state":"Odisha"}},{"type":"Feature","geometry":{"type":"MultiLineString","coordinates":[[[85.9408,20.5246],[85.9266,20.5301],[85.8355,20.5202],[85.7861,20.5488],[85.6927,20.5695],[85.6416,20.6013],[85.619,20.6382],[85.5988,20.6343],[85.582,20.6419],[85.5723,20.6917],[85.5127,20.7],[85.5069,20.7045],[85.5106,20.7189],[85.481,20.7373]],[[85.533,20.6976],[85.5088,20.7102]]]},"properties":{"upc":"N/04030/03001/OR","state":"Odisha"}},{"type":"Feature","geometry":{"type":"MultiLineString","coordinates":[[[85.4836,20.7367],[85.4044,20.7724],[85.3134,20.7874],[85.2944,20.8125],[85.2321,20.8387],[85.1934,20.8001],[85.1324,20.8023]],[[85.4836,20.7367],[85.4044,20.7724],[85.3134,20.7874],[85.2944,20.8125],[85.2321,20.8387],[85.1913,20.7996],[85.0855,20.8084],[85.0483,20.8222]]]},"properties":{"upc":"N/04030/03002/OR","state":"Odisha"}},{"type":"Feature","geometry":{"type":"MultiLineString","coordinates":[[[85.2341,20.8375],[85.2153,20.8427],[85.2263,20.9423],[85.2052,20.9751]]]},"properties":{"upc":"N/04030/06001/OR","state":"Odisha"}},{"type":"Feature","geometry":{"type":"MultiLineString","coordinates":[[[77.4672,12.9009],[77.4267,12.8554],[77.4093,12.819],[77.3876,12.8156],[77.3764,12.8054],[77.3689,12.7806],[77.3339,12.7676],[77.3085,12.7443],[77.2905,12.7398],[77.2562,12.7489],[77.173,12.6458],[77.1238,12.6356],[77.0939,12.6203]]]},"properties":{"upc":"N/04031/01001/KA","state":"Karnataka"}},{"type":"Feature","geometry":{"type":"MultiLineString","coordinates":[[[77.0939,12.6203],[77.0742,12.6016],[76.9599,12.5476],[76.8759,12.545],[76.8577,12.5161],[76.7835,12.4901],[76.7472,12.464],[76.6979,12.4101],[76.6693,12.3983],[76.661,12.3504]]]},"properties":{"upc":"N/04031/02001/KA","state":"Karnataka"}},{"type":"Feature","geometry":{"type":"MultiLineString","coordinates":[[[76.9609,28.6883],[76.9466,28.6897],[76.9441,28.6719],[76.9188,28.6634],[76.8886,28.6794],[76.8664,28.7211],[76.8163,28.7403],[76.7615,28.7739],[76.7418,28.8016],[76.7086,28.8192],[76.6934,28.8372],[76.6754,28.8454],[76.6438,28.8383],[76.5703,28.8453],[76.4948,28.8817],[76.4607,28.92]]]},"properties":{"upc":"N/04032/01001/HR","state":"Haryana"}},{"type":"Feature","geometry":{"type":"MultiLineString","coordinates":[[[75.7283,29.1762],[75.7677,29.1723],[75.8088,29.1191],[75.8451,29.1031],[75.9242,29.0971],[75.9417,29.1297],[75.9581,29.1336],[75.9972,29.1052],[76.0078,29.0878],[76.1183,29.0541],[76.1867,29.0143],[76.2699,28.9819],[76.2893,28.9517],[76.3181,28.9571],[76.3578,28.9299],[76.4131,28.942],[76.4636,28.9183],[76.4806,28.9314],[76.546,28.9476]]]},"properties":{"upc":"N/04032/02001/HR","state":"Haryana"}},{"type":"Feature","geometry":{"type":"MultiLineString","coordinates":[[[75.7086,29.1801],[75.6712,29.2201],[75.6352,29.3294],[75.5769,29.3756],[75.4923,29.5012],[75.4491,29.5292],[75.4178,29.5292],[75.3904,29.5184],[75.3558,29.5202]]]},"properties":{"upc":"N/04032/03001/HR","state":"Haryana"}},{"type":"Feature","geometry":{"type":"MultiLineString","coordinates":[[[75.3559,29.5202],[75.2214,29.5337],[75.1169,29.5258],[75.0933,29.5344],[75.0558,29.5743],[75.0216,29.5845],[74.9207,29.7189],[74.8993,29.7637],[74.8537,29.8027],[74.7967,29.8778],[74.7083,29.9669]]]},"properties":{"upc":"N/04032/04001/HR","state":"Haryana"}},{"type":"Feature","geometry":{"type":"MultiLineString","coordinates":[[[84.483,22.2225],[84.4938,22.2554],[84.5245,22.296],[84.5182,22.338],[84.5691,22.3695],[84.6091,22.4206],[84.6089,22.4315]]]},"properties":{"upc":"N/04033/05001/OR","state":"Odisha"}},{"type":"Feature","geometry":{"type":"MultiLineString","coordinates":[[[78.093,9.8245],[78.092,9.7626],[78.1022,9.6939],[78.089,9.6762],[78.0983,9.6569],[78.0892,9.5644],[78.1142,9.5276],[78.0993,9.4834],[78.0982,9.4267],[78.1143,9.3956],[78.0011,9.154],[77.9997,9.1385],[78.0105,9.0985],[78.0479,9.0293],[78.1186,8.8586],[78.0805,8.8142],[78.1061,8.7851]]]},"properties":{"upc":"N/04035/01001/TN","state":"Tamil Nadu"}},{"type":"Feature","geometry":{"type":"MultiLineString","coordinates":[[[76.3685,15.2509],[76.4194,15.2512],[76.4723,15.2387],[76.5405,15.2444],[76.5894,15.2246],[76.6643,15.2082],[76.7054,15.1852],[76.7745,15.196],[76.799,15.1902],[76.8329,15.1744],[76.8408,15.1498],[76.8601,15.1367],[76.8894,15.0863],[76.9477,15.0977],[77.0272,15.1424],[77.1564,15.1347]]]},"properties":{"upc":"N/04036/02001/KA","state":"Karnataka"}},{"type":"Feature","geometry":{"type":"MultiLineString","coordinates":[[[75.096,15.3125],[75.1135,15.3146],[75.1374,15.2996]],[[75.1375,15.2996],[75.1948,15.3392],[75.2012,15.3603],[75.2406,15.3653]],[[75.2408,15.3653],[75.2538,15.3653]],[[75.2575,15.365],[75.2767,15.3629]],[[75.2769,15.3629],[75.2865,15.3625]],[[75.2867,15.3625],[75.3061,15.3637]],[[75.3063,15.3637],[75.3345,15.3615],[75.388,15.3852]],[[75.3881,15.3854],[75.4152,15.4099]],[[75.4154,15.41],[75.4357,15.4194]],[[75.4438,15.4201],[75.4514,15.4278]],[[75.4516,15.4279],[75.4614,15.4297]],[[75.466,15.4299],[75.4762,15.4301]],[[75.4764,15.4301],[75.5131,15.4262]],[[75.5133,15.4262],[75.5288,15.4245]],[[75.529,15.4244],[75.5615,15.4236]],[[75.5651,15.4236],[75.577,15.4229]],[[75.5814,15.4222],[75.5966,15.4196],[75.6109,15.3998],[75.6411,15.4033],[75.6632,15.3912],[75.704,15.3901],[75.7593,15.41],[75.8039,15.4159],[75.8325,15.3967],[75.8931,15.3794],[75.9207,15.3912],[76.0433,15.3833],[76.1106,15.3581],[76.127,15.3276],[76.1422,15.3191],[76.1991,15.3472],[76.249,15.3464],[76.3012,15.3245]]]},"properties":{"upc":"N/04036/04001/KA","state":"Karnataka"}},{"type":"Feature","geometry":{"type":"MultiLineString","coordinates":[[[72.9165,25.0076],[72.8684,24.9332]],[[72.8686,24.9336],[72.8689,24.8911],[72.8889,24.8707],[72.9102,24.8724]],[[72.9102,24.8724],[72.9581,24.8535]],[[72.9402,25.0304],[72.9165,25.0076]],[[72.9581,24.8535],[73.0079,24.828]],[[73.0079,24.828],[73.0165,24.8144]],[[73.0165,24.8144],[73.019,24.8049]],[[73.019,24.8049],[73.0313,24.7807]],[[73.0548,25.1552],[73.0282,25.1392],[73.0319,25.1145],[72.9458,25.0355]],[[73.1348,25.2396],[73.1016,25.1832],[73.0548,25.1552]],[[73.2005,25.3684],[73.1752,25.3167],[73.1627,25.3086],[73.1604,25.2857],[73.1342,25.2389]],[[73.2319,25.457],[73.2023,25.3739]],[[73.3078,25.6324],[73.2319,25.457]],[[73.308,25.6336],[73.3234,25.7221]]]},"properties":{"upc":"N/04037/01001/RJ","state":"Rajasthan"}},{"type":"Feature","geometry":{"type":"MultiLineString","coordinates":[[[75.8758,26.8903],[75.8708,26.8917],[76.0099,26.855],[76.1687,26.8579],[76.2585,26.893],[76.3129,26.8982],[76.3494,26.9167],[76.3639,26.9049],[76.4683,26.9158],[76.5683,26.948],[76.7945,26.971],[76.9018,27.034]]]},"properties":{"upc":"N/04038/01001/RJ","state":"Rajasthan"}},{"type":"Feature","geometry":{"type":"MultiLineString","coordinates":[[[77.4381,27.183],[77.322,27.1648],[77.1599,27.1127],[77.0575,27.097],[76.9432,27.0536],[76.9264,27.0359],[76.9018,27.034]]]},"properties":{"upc":"N/04038/02001/RJ","state":"Rajasthan"}},{"type":"Feature","geometry":{"type":"MultiLineString","coordinates":[[[77.8345,27.1445],[77.781,27.1385],[77.6783,27.1031],[77.5808,27.1542],[77.5126,27.2063],[77.4381,27.183]]]},"properties":{"upc":"N/04038/03001/RJ","state":"Rajasthan"}},{"type":"Feature","geometry":{"type":"MultiLineString","coordinates":[[[77.2829,28.6137],[77.2552,28.6653],[77.2608,28.7375]]]},"properties":{"upc":"N/04040/01002/DL","state":"Delhi"}},{"type":"Feature","geometry":{"type":"MultiLineString","coordinates":[[[77.2702,28.756],[77.2815,28.7689],[77.2739,28.8152],[77.2483,28.8795]],[[77.2609,28.7383],[77.2661,28.7492]]]},"properties":{"upc":"N/04040/01003/UP","state":"Uttar Pradesh"}},{"type":"Feature","geometry":{"type":"MultiLineString","coordinates":[[[77.2492,28.8774],[77.2607,28.9831],[77.255,29.0087],[77.2728,29.025],[77.2736,29.0464],[77.332,29.1909],[77.3786,29.3536],[77.403,29.3983],[77.4262,29.5184],[77.4635,29.5788],[77.4947,29.6686],[77.5564,29.784],[77.5646,29.834],[77.5886,29.8902]]]},"properties":{"upc":"N/04040/02001/UP","state":"Uttar Pradesh"}},{"type":"Feature","geometry":{"type":"MultiLineString","coordinates":[[[77.759,30.016],[77.7246,30.0144],[77.6858,29.9884]],[[77.8631,30.1364],[77.7793,30.0632],[77.7816,30.0387],[77.759,30.016]],[[77.8486,29.8668],[77.8553,29.899],[77.785,29.9665],[77.7592,30.0158]],[[77.8508,29.8557],[77.8486,29.8668]],[[77.8709,29.8139],[77.8508,29.8557]]]},"properties":{"upc":"N/04040/04004/UK","state":"Uttarakhand"}},{"type":"Feature","geometry":{"type":"MultiLineString","coordinates":[[[77.731,30.0143],[77.752,30.0131],[77.7667,30.021],[77.7818,30.0389],[77.7835,30.0673]]]},"properties":{"upc":"N/04040/04005/UK","state":"Uttarakhand"}},{"type":"Feature","geometry":{"type":"MultiLineString","coordinates":[[[76.2144,24.5081],[76.25,24.4971]],[[75.9854,24.7822],[75.989,24.7629]],[[75.989,24.7629],[75.9873,24.7542]],[[75.9873,24.7542],[75.9919,24.7137]],[[75.9919,24.7137],[76.0242,24.6881],[76.0344,24.6574]],[[76.0344,24.6574],[76.0273,24.6466],[76.0299,24.6296],[76.0673,24.5874],[76.1436,24.5563],[76.1636,24.5358],[76.1652,24.5237],[76.2007,24.5057]],[[76.2007,24.5057],[76.2144,24.5081]]]},"properties":{"upc":"N/05003/02001/RJ","state":"Rajasthan"}},{"type":"Feature","geometry":{"type":"MultiLineString","coordinates":[[[75.7962,23.2172],[75.8566,23.3596],[75.8962,23.4969],[75.9033,23.5576],[75.9631,23.6164],[75.9951,23.6776],[75.9945,23.7015],[76.0285,23.7307],[76.0536,23.7943],[76.0833,23.817],[76.0849,23.835],[76.1104,23.8617],[76.101,23.9449],[76.1246,23.9768],[76.1372,24.0109],[76.1427,24.0685],[76.1533,24.0817],[76.151,24.127],[76.1707,24.1651],[76.1744,24.1968],[76.1519,24.2865]]]},"properties":{"upc":"N/05003/04001/MP","state":"Madhya Pradesh"}},{"type":"Feature","geometry":{"type":"MultiLineString","coordinates":[[[86.8758,22.3043],[86.7252,22.2774]],[[86.4044,22.657],[86.4568,22.6207],[86.5147,22.5641],[86.5183,22.5506],[86.5471,22.5254],[86.5581,22.496],[86.579,22.4807],[86.5899,22.4536],[86.6112,22.4394],[86.6197,22.4161],[86.6934,22.3339],[86.7136,22.2841],[86.7268,22.2783]]]},"properties":{"upc":"N/05004/02003/JH","state":"Jharkhand"}},{"type":"Feature","geometry":{"type":"MultiLineString","coordinates":[[[86.7377,21.9643],[86.7468,21.936]],[[86.6472,22.0975],[86.64,22.0877],[86.6457,22.0673],[86.7,21.9976],[86.7078,21.9725],[86.7344,21.9673]],[[86.6468,22.1816],[86.6454,22.147],[86.6548,22.1101],[86.6472,22.0975]],[[86.7558,21.9031],[86.8401,21.8001],[86.8526,21.7357],[86.9233,21.6327],[86.9288,21.5911]],[[86.7478,21.9137],[86.7558,21.9031]],[[86.9288,21.5911],[86.9256,21.553]]]},"properties":{"upc":"N/05004/03001/OR","state":"Odisha"}},{"type":"Feature","geometry":{"type":"MultiLineString","coordinates":[[[85.4182,23.2752],[85.4128,23.2847]],[[85.4321,23.4449],[85.4625,23.4203],[85.474,23.3976],[85.4534,23.3619],[85.4361,23.3597],[85.4035,23.3337],[85.4037,23.3185],[85.4161,23.3004],[85.4145,23.2782]]]},"properties":{"upc":"N/05004/04002/JH","state":"Jharkhand"}},{"type":"Feature","geometry":{"type":"MultiLineString","coordinates":[[[85.4182,23.2752],[85.4561,23.2521],[85.4987,23.2019],[85.541,23.2137],[85.5537,23.2067],[85.556,23.1889],[85.5878,23.1755],[85.5966,23.1636],[85.6176,23.1044],[85.6727,23.0517],[85.7313,23.031],[85.7713,23.0038],[85.8558,22.9758],[85.8943,22.9737],[85.9416,22.958],[85.999,22.9655]]]},"properties":{"upc":"N/05004/04003/JH","state":"Jharkhand"}},{"type":"Feature","geometry":{"type":"MultiLineString","coordinates":[[[86.1111,22.8949],[86.1933,22.8766],[86.202,22.8543],[86.2156,22.8439],[86.2863,22.8225],[86.3332,22.7843],[86.3459,22.76],[86.3875,22.7242],[86.4044,22.6572]]]},"properties":{"upc":"N/05004/04005/JH","state":"Jharkhand"}},{"type":"Feature","geometry":{"type":"MultiLineString","coordinates":[[[84.9134,25.5817],[84.92,25.5533],[84.9396,25.5463],[84.962,25.4933],[85.0239,25.477],[85.0918,25.4771],[85.1641,25.4502],[85.2196,25.4442]]]},"properties":{"upc":"N/05005/07001/BR","state":"Bihar"}},{"type":"Feature","geometry":{"type":"MultiLineString","coordinates":[[[84.6741,24.6116],[84.751,24.7292],[84.8555,24.8564],[84.8811,24.899],[84.9095,24.9193],[84.9907,25.0093]]]},"properties":{"upc":"N/05005/08001/BR","state":"Bihar"}},{"type":"Feature","geometry":{"type":"MultiLineString","coordinates":[[[84.9907,25.0093],[85.0056,25.0684],[85.0525,25.1371],[85.0633,25.1705],[85.129,25.2432],[85.147,25.3069],[85.1698,25.345],[85.2111,25.4501]]]},"properties":{"upc":"N/05005/08002/BR","state":"Bihar"}},{"type":"Feature","geometry":{"type":"MultiLineString","coordinates":[[[85.3804,25.6883],[85.3788,25.6792]],[[85.3835,25.6945],[85.4235,25.7233],[85.4733,25.7751],[85.4884,25.8109],[85.5147,25.826],[85.5331,25.8487],[85.6302,25.8575],[85.6677,25.8737]],[[85.6677,25.8737],[85.696,25.8713],[85.7543,25.8908]],[[85.6986,25.8722],[85.7164,25.8622]]]},"properties":{"upc":"N/05005/08003/BR","state":"Bihar"}},{"type":"Feature","geometry":{"type":"MultiLineString","coordinates":[[[85.7502,25.8883],[85.8391,25.9584],[85.8618,26.0136],[85.8608,26.0706],[85.8756,26.0851],[85.9176,26.0953],[85.9399,26.1406],[85.9369,26.1871]]]},"properties":{"upc":"N/05005/08004/BR","state":"Bihar"}},{"type":"Feature","geometry":{"type":"MultiLineString","coordinates":[[[76.1396,28.007],[76.1609,28.026],[76.1641,28.0462],[76.1591,28.0709],[76.14,28.0912],[76.0896,28.1013],[76.0609,28.0797],[76.033,28.0951],[75.9995,28.0928],[75.9625,28.1194]],[[76.1198,27.9079],[76.1092,27.9061],[76.1018,27.8933]],[[76.1027,27.998],[76.1396,28.007]],[[76.2316,27.7833],[76.1899,27.8003],[76.1194,27.8629],[76.1174,27.8775],[76.1292,27.8929],[76.1199,27.9097],[76.1364,27.9762]],[[76.1364,27.9762],[76.1373,27.9871],[76.1205,27.9987]],[[76.1365,27.9767],[76.136,28.002]]]},"properties":{"upc":"N/05006/01001/HR","state":"Haryana"}},{"type":"Feature","geometry":{"type":"MultiLineString","coordinates":[[[76.2823,28.116],[76.2353,28.1124],[76.2207,28.095],[76.1573,28.0732]]]},"properties":{"upc":"N/05006/01002/HR","state":"Haryana"}},{"type":"Feature","geometry":{"type":"MultiLineString","coordinates":[[[76.2823,28.116],[76.3759,28.1495],[76.4073,28.152],[76.4408,28.1752],[76.4757,28.1873],[76.5729,28.1949]]]},"properties":{"upc":"N/05006/01003/HR","state":"Haryana"}},{"type":"Feature","geometry":{"type":"MultiLineString","coordinates":[[[76.6689,28.181],[76.6248,28.1489],[76.5932,28.1551],[76.5687,28.1792],[76.5653,28.1943]]]},"properties":{"upc":"N/05006/01004/HR","state":"Haryana"}},{"type":"Feature","geometry":{"type":"MultiLineString","coordinates":[[[78.5847,10.8791],[78.5303,10.8969],[78.4888,10.9005],[78.458,10.9128],[78.4198,10.944],[78.364,10.9558],[78.3278,10.9498],[78.2414,10.9571],[78.2181,10.9316],[78.1755,10.9361],[78.0966,10.9071],[78.0546,10.9291]]]},"properties":{"upc":"N/05007/02001/TN","state":"Tamil Nadu"}},{"type":"Feature","geometry":{"type":"MultiLineString","coordinates":[[[79.1736,10.7815],[79.1428,10.7427],[79.0719,10.7226],[79.0154,10.7307],[78.948,10.7167],[78.9079,10.7303],[78.8388,10.7387],[78.7728,10.7885],[78.7155,10.8128]]]},"properties":{"upc":"N/05007/04001/TN","state":"Tamil Nadu"}},{"type":"Feature","geometry":{"type":"MultiLineString","coordinates":[[[77.9843,9.812],[77.9114,9.7754],[77.8651,9.712],[77.831,9.7052],[77.7369,9.5917],[77.6979,9.5697],[77.6311,9.4497],[77.6239,9.4103],[77.6081,9.4005],[77.5719,9.4059],[77.5376,9.3954]]]},"properties":{"upc":"N/05009/01002/TN","state":"Tamil Nadu"}},{"type":"Feature","geometry":{"type":"MultiLineString","coordinates":[[[72.0157,24.5156],[72.0207,24.4964],[72.0369,24.5],[72.0937,24.4404],[72.1135,24.408],[72.1238,24.3707]]]},"properties":{"upc":"N/05010/01001/GJ","state":"Gujarat"}},{"type":"Feature","geometry":{"type":"MultiLineString","coordinates":[[[71.6419,24.3694],[71.7624,24.2674]],[[71.7624,24.2674],[71.8437,24.1908],[71.8768,24.172],[71.9197,24.1143]],[[71.9197,24.1143],[71.933,24.096]],[[71.9399,24.0912],[71.9597,24.0753]],[[71.9597,24.0753],[72.0368,24.0109],[72.1042,23.9814]],[[72.1042,23.9814],[72.1317,23.9648]],[[72.1317,23.9648],[72.164,23.9475]],[[72.164,23.9475],[72.178,23.941]],[[72.178,23.941],[72.2062,23.9038]],[[72.2062,23.9038],[72.2426,23.8605]],[[72.2426,23.8605],[72.263,23.8378]],[[72.263,23.8378],[72.3246,23.7546],[72.3954,23.7127]],[[72.3954,23.7127],[72.4197,23.677]],[[72.4197,23.677],[72.4357,23.6429]],[[72.4357,23.6429],[72.5027,23.4761]],[[72.5027,23.4761],[72.55,23.4198],[72.6082,23.3876]],[[72.6082,23.3876],[72.6332,23.3672]],[[72.6332,23.3672],[72.6514,23.3518]],[[72.6514,23.3518],[72.6831,23.3218],[72.7811,23.2812],[72.7898,23.2601],[72.7855,23.1962]],[[72.7823,23.1329],[72.7729,22.9939],[72.7496,22.9219]],[[72.7855,23.1962],[72.7823,23.1329]]]},"properties":{"upc":"N/05010/04001/GJ","state":"Gujarat"}},{"type":"Feature","geometry":{"type":"MultiLineString","coordinates":[[[79.554,17.1578],[79.5965,17.1895],[79.6246,17.1943],[79.6662,17.1801],[79.6958,17.1564],[79.7473,17.1508],[79.8028,17.1637],[79.8486,17.1873],[79.8829,17.1943],[79.9148,17.1899],[80.0648,17.2367]]]},"properties":{"upc":"N/05011/01001/TS","state":"Telangana"}},{"type":"Feature","geometry":{"type":"MultiLineString","coordinates":[[[80.0609,17.2354],[80.0858,17.2178],[80.1516,17.1917],[80.2263,17.1966],[80.3584,17.1737]]]},"properties":{"upc":"N/05011/02002/TS","state":"Telangana"}},{"type":"Feature","geometry":{"type":"MultiLineString","coordinates":[[[80.3584,17.1737],[80.4857,17.1622],[80.534,17.1661],[80.6329,17.1492]]]},"properties":{"upc":"N/05011/02003/TS","state":"Telangana"}},{"type":"Feature","geometry":{"type":"MultiLineString","coordinates":[[[80.6329,17.1492],[80.732,17.148],[80.7812,17.1354],[80.8633,17.1503],[80.9451,17.117],[81.0165,17.1149]]]},"properties":{"upc":"N/05011/02004/TS","state":"Telangana"}},{"type":"Feature","geometry":{"type":"MultiLineString","coordinates":[[[81.0171,17.1149],[81.0898,17.1099],[81.1184,17.0951],[81.1989,17.0916],[81.2677,17.0782]]]},"properties":{"upc":"N/05011/03002/AP","state":"Andhra Pradesh"}},{"type":"Feature","geometry":{"type":"MultiLineString","coordinates":[[[81.2677,17.0782],[81.3725,17.0743],[81.4179,17.0825],[81.5033,17.0666],[81.5344,17.0454]]]},"properties":{"upc":"N/05011/03003/AP","state":"Andhra Pradesh"}},{"type":"Feature","geometry":{"type":"MultiLineString","coordinates":[[[76.579,30.4945],[76.5673,30.4746],[76.571,30.4589],[76.438,30.3449]],[[76.821,30.655],[76.7087,30.5487],[76.6006,30.4927]]]},"properties":{"upc":"N/05012/01005/PB","state":"Punjab"}},{"type":"Feature","geometry":{"type":"MultiLineString","coordinates":[[[76.438,30.3449],[76.4432,30.3262],[76.3956,30.2719],[76.3142,30.3039]]]},"properties":{"upc":"N/05012/02002/PB","state":"Punjab"}},{"type":"Feature","geometry":{"type":"MultiLineString","coordinates":[[[76.3142,30.3039],[76.2355,30.2794],[76.1262,30.2612],[76.043,30.2653],[76.016,30.2536],[75.9595,30.2588],[75.8971,30.247]]]},"properties":{"upc":"N/05012/02003/PB","state":"Punjab"}},{"type":"Feature","geometry":{"type":"MultiLineString","coordinates":[[[75.5956,30.2741],[75.5841,30.2958],[75.5677,30.3072]]]},"properties":{"upc":"N/05012/02006/PB","state":"Punjab"}},{"type":"Feature","geometry":{"type":"MultiLineString","coordinates":[[[75.8557,30.2209],[75.8781,30.1906],[75.8842,30.1663],[75.9296,30.1158],[76.0072,30.0506],[76.0303,29.9884],[76.0955,29.9127],[76.1221,29.8045]]]},"properties":{"upc":"N/05012/02009/PB","state":"Punjab"}},{"type":"Feature","geometry":{"type":"MultiLineString","coordinates":[[[75.5677,30.3072],[75.5573,30.3371],[75.5027,30.3341],[75.3648,30.2889]],[[75.7992,30.2499],[75.7758,30.2645],[75.6378,30.2475],[75.5956,30.2741]]]},"properties":{"upc":"N/05012/03001/PB","state":"Punjab"}},{"type":"Feature","geometry":{"type":"MultiLineString","coordinates":[[[85.377,26.0778],[85.2956,26.1221],[85.3405,26.1708]]]},"properties":{"upc":"N/05014/01001/BR","state":"Bihar"}},{"type":"Feature","geometry":{"type":"MultiLineString","coordinates":[[[73.8807,18.8396],[73.8967,18.8463],[73.8995,18.8774],[73.9131,18.8844],[73.9208,18.9226],[73.941,18.9427],[73.9452,18.9697],[73.9303,19.0064],[73.9626,19.0384],[73.9589,19.0584],[73.9907,19.1291],[74.0661,19.1641],[74.1172,19.2035],[74.1419,19.2594],[74.1695,19.294],[74.1744,19.3163],[74.2136,19.3538],[74.2038,19.3673],[74.2126,19.3926],[74.2066,19.4228],[74.1858,19.4414],[74.2076,19.4648],[74.198,19.4893],[74.2042,19.5397],[74.1841,19.5879],[74.1819,19.6144],[74.1609,19.6481],[74.1424,19.7237],[74.0238,19.8196]]]},"properties":{"upc":"N/05015/02001/MH","state":"Maharashtra"}},{"type":"Feature","geometry":{"type":"MultiLineString","coordinates":[[[80.7785,24.5797],[80.7882,24.5584]],[[80.7882,24.5584],[80.7952,24.5538]],[[80.7952,24.5538],[80.8039,24.5374]],[[80.8039,24.5374],[80.8238,24.5203],[80.792,24.3918],[80.8028,24.3824],[80.801,24.365]],[[80.801,24.365],[80.7942,24.3449]],[[80.7915,24.3386],[80.7791,24.3174]],[[80.779,24.3165],[80.7928,24.2631]]]},"properties":{"upc":"N/05016/01001/MP","state":"Madhya Pradesh"}},{"type":"Feature","geometry":{"type":"MultiLineString","coordinates":[[[74.7304,19.0786],[74.7467,19.097]],[[74.7304,19.0786],[74.7467,19.097]]]},"properties":{"upc":"N/05017/04001/MH","state":"Maharashtra"}},{"type":"Feature","geometry":{"type":"MultiLineString","coordinates":[[[80.9456,26.768],[81.0142,26.5963],[81.1137,26.4671],[81.1446,26.3797],[81.2476,26.2352],[81.2528,26.2144]]]},"properties":{"upc":"N/05018/01001/UP","state":"Uttar Pradesh"}},{"type":"Feature","geometry":{"type":"MultiLineString","coordinates":[[[81.2521,26.187],[81.2528,26.176]],[[81.2589,26.1383],[81.259,26.127]],[[81.2709,26.0649],[81.2674,26.0524]],[[81.268,26.046],[81.2747,26.0329]],[[81.2844,25.9139],[81.2805,25.9054]],[[81.2805,25.905],[81.2834,25.8808]],[[81.2834,26.0072],[81.2864,25.998]],[[81.2834,25.8805],[81.2932,25.8694]],[[81.4653,25.7414],[81.4803,25.7268]],[[81.5217,25.6988],[81.5324,25.6932]],[[81.6168,25.6249],[81.6093,25.616]],[[81.6143,25.6367],[81.6172,25.6253]]]},"properties":{"upc":"N/05018/02001/UP","state":"Uttar Pradesh"}},{"type":"Feature","geometry":{"type":"MultiLineString","coordinates":[[[78.3524,10.0271],[78.4543,10.0712],[78.4904,10.0701],[78.6109,10.0986],[78.6751,10.1219],[78.7341,10.0839]]]},"properties":{"upc":"N/05020/01002/TN","state":"Tamil Nadu"}},{"type":"Feature","geometry":{"type":"MultiLineString","coordinates":[[[78.8593,10.3521],[78.8247,10.2812],[78.7622,10.2182],[78.7319,10.1703],[78.6921,10.1432],[78.6751,10.1219]]]},"properties":{"upc":"N/05020/02001/TN","state":"Tamil Nadu"}},{"type":"Feature","geometry":{"type":"MultiLineString","coordinates":[[[78.7881,10.4158],[78.8103,10.426],[78.8519,10.4108],[78.9065,10.4476],[78.959,10.525],[79.0039,10.5702],[79.0177,10.575],[79.0517,10.6596],[79.105,10.7365],[79.1441,10.7432],[79.1632,10.7661],[79.1716,10.7872],[79.1408,10.8272],[79.1653,10.8734],[79.203,10.905],[79.2973,10.9418],[79.3473,10.9476],[79.3547,10.97],[79.3951,10.9881],[79.4077,11.0094],[79.4121,11.0567],[79.4532,11.0905],[79.4491,11.1452],[79.5218,11.4178],[79.5422,11.4283],[79.5676,11.5111],[79.5579,11.5338],[79.5493,11.6098],[79.5494,11.7647],[79.559,11.8161],[79.5347,12.0176]]]},"properties":{"upc":"N/05020/03001/TN","state":"Tamil Nadu"}},{"type":"Feature","geometry":{"type":"MultiLineString","coordinates":[[[79.0371,10.6287],[79.0225,10.5894],[78.9249,10.4803],[78.9017,10.4019],[78.8593,10.3521]],[[79.1048,10.7363],[79.0371,10.6287]]]},"properties":{"upc":"N/05020/03002/TN","state":"Tamil Nadu"}},{"type":"Feature","geometry":{"type":"MultiLineString","coordinates":[[[76.6797,28.8687],[76.6513,28.9092],[76.6056,28.9329]],[[76.6079,28.9389],[76.6116,28.9488]],[[76.6116,28.9488],[76.6168,28.9569]],[[76.6168,28.9569],[76.6269,28.9781]],[[76.6269,28.9781],[76.6429,29.0015],[76.6554,29.0022],[76.6603,29.0166]],[[76.6603,29.0166],[76.6672,29.0387]],[[76.6694,29.0457],[76.6808,29.0673],[76.684,29.0966],[76.7018,29.1204],[76.7165,29.1197]],[[76.6759,28.8463],[76.6797,28.8687]],[[76.7165,29.1197],[76.728,29.1175],[76.7352,29.1245],[76.7316,29.1303]],[[76.7256,29.1598],[76.7412,29.182]],[[76.7263,29.1355],[76.7197,29.1496],[76.7256,29.1598]],[[76.7412,29.182],[76.7657,29.2009]],[[76.7657,29.2009],[76.7793,29.2082]],[[76.7793,29.2082],[76.798,29.2154]],[[76.8002,29.2176],[76.8121,29.2483],[76.8272,29.2628],[76.8644,29.2748],[76.9142,29.3173],[76.9372,29.3322],[76.9465,29.3302]],[[76.9465,29.3302],[76.9863,29.3299]]]},"properties":{"upc":"N/05021/01001/HR","state":"Haryana"}},{"type":"Feature","geometry":{"type":"MultiLineString","coordinates":[[[76.2316,27.7833],[76.2814,27.7718],[76.3338,27.7952],[76.4158,27.7932],[76.526,27.8099],[76.6049,27.7825],[76.6285,27.7449],[76.6018,27.644],[76.6478,27.6209],[76.6763,27.5863],[76.7944,27.5144],[76.8138,27.4914],[76.8387,27.4865]]]},"properties":{"upc":"N/05022/01001/RJ","state":"Rajasthan"}},{"type":"Feature","geometry":{"type":"MultiLineString","coordinates":[[[78.711,14.7261],[78.7291,14.7128],[78.7573,14.7218]],[[78.7573,14.7218],[78.8191,14.7141]],[[78.8208,14.7142],[78.8612,14.7088]],[[78.8887,14.7082],[78.8612,14.7088]],[[78.8887,14.7082],[78.9354,14.7169]],[[78.9439,14.7189],[78.9718,14.7164]],[[78.9718,14.7164],[79.015,14.7216]],[[79.015,14.7216],[79.0357,14.7259]],[[79.046,14.7476],[79.0357,14.7259]],[[79.046,14.7476],[79.0629,14.7545],[79.089,14.7448]]]},"properties":{"upc":"N/05023/02001/AP","state":"Andhra Pradesh"}},{"type":"Feature","geometry":{"type":"MultiLineString","coordinates":[[[79.0966,14.7429],[79.1187,14.7327]],[[79.1187,14.7327],[79.1449,14.7157]],[[79.1449,14.7157],[79.2143,14.6671],[79.238,14.6586]],[[79.2408,14.6587],[79.2655,14.6544]],[[79.2655,14.6544],[79.2821,14.6495]],[[79.2821,14.6495],[79.3077,14.6374]],[[79.3077,14.6374],[79.378,14.6452],[79.4079,14.6129]],[[79.4079,14.6129],[79.4238,14.5931]],[[79.4238,14.5931],[79.4408,14.5665]],[[79.4408,14.5665],[79.443,14.5586]],[[79.443,14.5586],[79.4461,14.5475]],[[79.4461,14.5475],[79.4537,14.5316],[79.4799,14.5124]],[[79.484,14.5096],[79.5003,14.4924]],[[79.5003,14.4924],[79.612,14.4438]],[[79.612,14.4438],[79.6455,14.42]],[[79.6455,14.42],[79.6696,14.4096]],[[79.6696,14.4096],[79.7419,14.3567]],[[79.7419,14.3567],[79.7508,14.3454]],[[79.7508,14.3454],[79.761,14.3296]],[[79.761,14.3296],[79.7909,14.3055],[79.8808,14.2893]],[[79.8808,14.2893],[79.9077,14.2807]]]},"properties":{"upc":"N/05023/03002/AP","state":"Andhra Pradesh"}},{"type":"Feature","geometry":{"type":"MultiLineString","coordinates":[[[74.5286,30.1512],[74.6725,29.9921]]]},"properties":{"upc":"N/05025/02002/PB","state":"Punjab"}},{"type":"Feature","geometry":{"type":"MultiLineString","coordinates":[[[77.6194,29.0805],[77.6081,29.0927]],[[77.5811,29.1214],[77.5725,29.1304]],[[77.4255,29.2999],[77.4186,29.3088]],[[77.3362,29.4421],[77.3384,29.4557]],[[77.29,29.4783],[77.2649,29.4798]],[[77.2388,29.4993],[77.2302,29.5057]],[[77.1484,29.5723],[77.1391,29.5784]],[[77.3317,29.4312],[77.3362,29.4418]],[[77.3385,29.4567],[77.3337,29.4651]],[[77.3235,29.4699],[77.2903,29.4783]]]},"properties":{"upc":"N/05026/02001/UP","state":"Uttar Pradesh"}},{"type":"Feature","geometry":{"type":"MultiLineString","coordinates":[[[77.7997,28.9264],[77.8099,28.9505],[77.7975,28.9922],[77.7774,29.0247]],[[78.0594,28.7825],[78.0465,28.7942],[78.0459,28.8088],[78.0264,28.8228],[77.9899,28.8424],[77.9278,28.8603],[77.9237,28.8714],[77.8738,28.8981],[77.7996,28.9258],[77.745,28.9172]]]},"properties":{"upc":"N/05026/04001/UP","state":"Uttar Pradesh"}},{"type":"Feature","geometry":{"type":"MultiLineString","coordinates":[[[77.7753,29.0274],[77.7286,29.103],[77.7124,29.1173]]]},"properties":{"upc":"N/05026/04002/UP","state":"Uttar Pradesh"}},{"type":"Feature","geometry":{"type":"MultiLineString","coordinates":[[[78.3181,18.7927],[78.4624,18.8324],[78.5192,18.8388],[78.5623,18.829],[78.6077,18.8337],[78.7007,18.8068],[78.7422,18.8156],[78.8058,18.7992],[78.8342,18.7992],[78.85,18.8079],[78.8797,18.8033],[78.8932,18.8212],[78.9634,18.8456],[78.9961,18.8426],[79.0428,18.8528],[79.1047,18.8894],[79.135,18.8885],[79.1857,18.9111],[79.2055,18.8974],[79.2995,18.864],[79.3912,18.8705],[79.4253,18.896],[79.4315,18.9178],[79.4497,18.9281]]]},"properties":{"upc":"N/05027/01001/TS","state":"Telangana"}},{"type":"Feature","geometry":{"type":"MultiLineString","coordinates":[[[77.8729,21.9383],[77.8634,22.0503],[77.9051,22.1953],[77.8928,22.251],[77.873,22.2701],[77.8658,22.2889],[77.8623,22.3453],[77.846,22.3756],[77.8355,22.4477],[77.8391,22.4805],[77.8245,22.5151],[77.8255,22.5327],[77.8127,22.5493]]]},"properties":{"upc":"N/05029/01001/MP","state":"Madhya Pradesh"}},{"type":"Feature","geometry":{"type":"MultiLineString","coordinates":[[[77.0209,23.558],[77.0366,23.6328],[77.0745,23.637],[77.0651,23.6541],[77.0652,23.6862],[77.0854,23.7283],[77.0596,23.7515],[77.0189,23.7654],[76.9946,23.7831],[76.8919,23.8931]],[[77.2405,23.3543],[77.152,23.3829],[77.1139,23.408],[77.0818,23.4135],[77.0779,23.4622],[77.0665,23.4866],[77.04,23.5014],[77.0278,23.5178],[77.0209,23.558]],[[77.3173,23.3177],[77.2405,23.3543]]]},"properties":{"upc":"N/05029/02001/MP","state":"Madhya Pradesh"}},{"type":"Feature","geometry":{"type":"MultiLineString","coordinates":[[[75.1371,30.8265],[75.1454,30.8018],[75.1153,30.7706],[75.1035,30.7416],[75.074,30.7048],[74.9838,30.4777]]]},"properties":{"upc":"N/05031/03001/PB","state":"Punjab"}},{"type":"Feature","geometry":{"type":"MultiLineString","coordinates":[[[78.8688,18.8002],[78.876,18.7884]],[[78.8904,18.7533],[78.9028,18.749]],[[78.9161,18.7223],[78.9192,18.7133]],[[78.9205,18.7089],[78.9269,18.6937]],[[79.0219,18.5359],[79.0344,18.53]],[[79.0486,18.523],[79.0587,18.5175]],[[79.0595,18.5171],[79.0708,18.511]],[[79.1374,18.5137],[79.1521,18.5116]],[[79.1631,18.506],[79.1703,18.4987]],[[79.1717,18.4974],[79.1801,18.4899]],[[79.1816,18.4884],[79.1911,18.4777]],[[78.9913,18.5754],[78.9967,18.5665]],[[79.0778,18.5058],[79.0871,18.5071]],[[79.0913,18.5117],[79.0996,18.517]],[[79.1076,18.5196],[79.122,18.5186]],[[79.1234,18.5179],[79.1374,18.5137]],[[79.1521,18.5116],[79.1631,18.506]]]},"properties":{"upc":"N/05032/01001/TS","state":"Telangana"}},{"type":"Feature","geometry":{"type":"MultiLineString","coordinates":[[[79.192,18.4586],[79.1921,18.4451]],[[79.1907,18.4347],[79.1898,18.4217]],[[79.1908,18.4143],[79.1954,18.4018]]]},"properties":{"upc":"N/05032/02001/TS","state":"Telangana"}},{"type":"Feature","geometry":{"type":"MultiLineString","coordinates":[[[76.5905,10.8373],[76.5465,10.8869],[76.5232,10.949]],[[76.6558,10.8241],[76.6316,10.8332],[76.6119,10.8269],[76.5905,10.8373]],[[76.7017,10.7751],[76.6627,10.8193]]]},"properties":{"upc":"N/05033/07003/KL","state":"Kerala"}},{"type":"Feature","geometry":{"type":"MultiLineString","coordinates":[[[76.5014,11.0146],[76.4687,11.0222],[76.4155,11.0065],[76.394,11.0086],[76.3744,11.02],[76.3577,11.0531],[76.3358,11.0747]],[[76.5232,10.949],[76.526,10.9841],[76.5025,11.0136]]]},"properties":{"upc":"N/05033/07004/KL","state":"Kerala"}},{"type":"Feature","geometry":{"type":"MultiLineString","coordinates":[[[76.3358,11.0747],[76.2872,11.1229],[76.2218,11.1335],[76.1506,11.1642],[76.1314,11.1849]]]},"properties":{"upc":"N/05033/07005/KL","state":"Kerala"}},{"type":"Feature","geometry":{"type":"MultiLineString","coordinates":[[[76.1314,11.1849],[76.0946,11.2068],[76.0557,11.2165],[75.9112,11.231]]]},"properties":{"upc":"N/05033/07006/KL","state":"Kerala"}},{"type":"Feature","geometry":{"type":"MultiLineString","coordinates":[[[75.9112,11.231],[75.863,11.2428],[75.8417,11.2378]]]},"properties":{"upc":"N/05033/07007/KL","state":"Kerala"}},{"type":"Feature","geometry":{"type":"MultiLineString","coordinates":[[[77.8494,19.0951],[77.8949,19.1019],[77.9513,19.093],[77.9949,19.1049],[78.1567,19.1057],[78.1861,19.094],[78.2491,19.1053],[78.3465,19.0874]]]},"properties":{"upc":"N/05034/02001/TS","state":"Telangana"}},{"type":"Feature","geometry":{"type":"MultiLineString","coordinates":[[[74.6746,30.9054],[74.734,30.8763],[74.9107,30.8472]]]},"properties":{"upc":"N/05035/02001/PB","state":"Punjab"}},{"type":"Feature","geometry":{"type":"MultiLineString","coordinates":[[[75.7704,26.9988],[75.7683,27.0316],[75.7311,27.1138],[75.7288,27.1372],[75.7395,27.1775],[75.6397,27.2562],[75.5993,27.3513],[75.5763,27.3729],[75.5554,27.3784]]]},"properties":{"upc":"N/05038/01001/RJ","state":"Rajasthan"}},{"type":"Feature","geometry":{"type":"MultiLineString","coordinates":[[[75.5536,27.3797],[75.5214,27.4058],[75.4135,27.4643],[75.3631,27.4747],[75.3484,27.5061],[75.3033,27.5146],[75.2622,27.5478],[75.2018,27.5781],[75.1925,27.5764]]]},"properties":{"upc":"N/05038/02001/RJ","state":"Rajasthan"}},{"type":"Feature","geometry":{"type":"MultiLineString","coordinates":[[[75.6316,23.1649],[75.6705,23.1562],[75.7035,23.1651],[75.7732,23.1096],[75.8724,23.0998],[76.0004,22.9996],[76.0278,22.9914]],[[75.8366,23.1079],[75.8379,23.1499],[75.8253,23.1898],[75.7969,23.2178]],[[75.9922,22.9094],[75.9632,22.9552],[75.9714,23.0245]]]},"properties":{"upc":"N/05042/01001/MP","state":"Madhya Pradesh"}},{"type":"Feature","geometry":{"type":"MultiLineString","coordinates":[[[77.641,28.9685],[77.3151,28.9573],[77.22,28.9451],[77.221,28.9847],[77.1968,28.9864]]]},"properties":{"upc":"N/05043/02002/UP","state":"Uttar Pradesh"}},{"type":"Feature","geometry":{"type":"MultiLineString","coordinates":[[[78.0706,27.8678],[78.0866,27.8136],[78.087,27.7231],[78.0602,27.6334],[78.0159,27.5961],[78.0392,27.564],[78.0456,27.54],[78.0434,27.4686],[78.0383,27.4425],[78.0304,27.4392],[78.037,27.4313],[78.038,27.3968],[78.0296,27.3089],[78.0489,27.2308],[78.0409,27.2048]]]},"properties":{"upc":"N/05045/01002/UP","state":"Uttar Pradesh"}},{"type":"Feature","geometry":{"type":"MultiLineString","coordinates":[[[79.189,13.0438],[79.1395,13.0733],[79.0963,13.1842],[79.0678,13.1978],[79.0286,13.1939],[78.9463,13.2038]]]},"properties":{"upc":"N/05047/01001/AP","state":"Andhra Pradesh"}},{"type":"Feature","geometry":{"type":"MultiLineString","coordinates":[[[79.1762,13.0499],[79.2053,13.0353],[79.236,13.0015],[79.2726,12.9857],[79.3073,12.9528],[79.3553,12.9565],[79.3852,12.9184]]]},"properties":{"upc":"N/05047/02001/TN","state":"Tamil Nadu"}},{"type":"Feature","geometry":{"type":"MultiLineString","coordinates":[[[77.3399,29.4609],[77.3569,29.4723],[77.5393,29.4752],[77.5676,29.4818],[77.6006,29.4675],[77.6316,29.4697]],[[77.6319,29.4699],[77.6503,29.5037],[77.6797,29.5279],[77.6995,29.5322],[77.7202,29.5255]]]},"properties":{"upc":"N/05048/03001/UP","state":"Uttar Pradesh"}},{"type":"Feature","geometry":{"type":"MultiLineString","coordinates":[[[79.076,13.1439],[79.1578,13.186],[79.217,13.2034],[79.3192,13.2755],[79.3972,13.308],[79.4381,13.3102]]]},"properties":{"upc":"N/05052/01002/AP","state":"Andhra Pradesh"}},{"type":"Feature","geometry":{"type":"MultiLineString","coordinates":[[[79.4381,13.3102],[79.5136,13.3163],[79.597,13.299]]]},"properties":{"upc":"N/05052/02002/TN","state":"Andhra Pradesh"}},{"type":"Feature","geometry":{"type":"MultiLineString","coordinates":[[[78.1556,8.7581],[78.106,8.785],[78.0489,8.7433],[78.0157,8.7343],[77.9118,8.7385],[77.8918,8.7313],[77.8741,8.7347],[77.8473,8.7135],[77.8184,8.7076],[77.7633,8.7154]]]},"properties":{"upc":"N/05055/01001/TN","state":"Tamil Nadu"}},{"type":"Feature","geometry":{"type":"MultiLineString","coordinates":[[[84.6054,25.5663],[84.5978,25.5292],[84.5327,25.5164],[84.4657,25.491],[84.4523,25.4788],[84.4159,25.48],[84.4008,25.4609],[84.3581,25.4516],[84.3064,25.4225],[84.2734,25.381],[84.1837,25.3192]]]},"properties":{"upc":"N/05056/01002/BR","state":"Bihar"}},{"type":"Feature","geometry":{"type":"MultiLineString","coordinates":[[[84.1837,25.3191],[84.0772,25.2424],[84.0495,25.2489],[83.9484,25.2366],[83.661,25.1831],[83.6311,25.1572]]]},"properties":{"upc":"N/05056/01003/BR","state":"Bihar"}},{"type":"Feature","geometry":{"type":"MultiLineString","coordinates":[[[80.1784,12.6191],[80.143,12.5843],[80.1475,12.5488],[80.1419,12.5225],[80.1334,12.4971],[80.1151,12.4752],[80.1153,12.4407],[80.093,12.3984]],[[80.1968,12.6343],[80.1784,12.6191]]]},"properties":{"upc":"N/06001/02002/TN","state":"Tamil Nadu"}},{"type":"Feature","geometry":{"type":"MultiLineString","coordinates":[[[80.093,12.3984],[80.0345,12.3177],[80.0183,12.3016],[80.0071,12.3045],[79.9826,12.2766],[79.9703,12.2404],[79.9769,12.2264],[79.9621,12.1993],[79.9441,12.1885]]]},"properties":{"upc":"N/06001/02003/TN","state":"Tamil Nadu"}},{"type":"Feature","geometry":{"type":"MultiLineString","coordinates":[[[79.8612,12.0567],[79.753,12.0302],[79.6753,11.942],[79.6712,11.9189]],[[79.9439,12.1882],[79.9215,12.1365],[79.8813,12.0735],[79.8604,12.0564]]]},"properties":{"upc":"N/06001/02004/TN","state":"Tamil Nadu"}},{"type":"Feature","geometry":{"type":"MultiLineString","coordinates":[[[78.653,17.4312],[78.7016,17.4547],[78.7886,17.4709],[78.8501,17.5025],[78.8919,17.5003],[78.9471,17.5433]]]},"properties":{"upc":"N/06003/01001/TS","state":"Telangana"}},{"type":"Feature","geometry":{"type":"MultiLineString","coordinates":[[[78.9477,17.5438],[78.9855,17.5731],[78.998,17.6041],[79.02,17.6269],[79.0633,17.64],[79.0762,17.6584],[79.1346,17.6987],[79.1801,17.7042],[79.2008,17.7303],[79.2325,17.7392],[79.2712,17.7721],[79.3106,17.7924],[79.3811,17.8664]],[[79.3812,17.8665],[79.4383,17.9119],[79.4559,17.9766],[79.5229,18.0424],[79.6376,18.0353]]]},"properties":{"upc":"N/06003/02001/TS","state":"Telangana"}},{"type":"Feature","geometry":{"type":"MultiLineString","coordinates":[[[74.5706,30.2123],[74.4889,30.2041]],[[74.8873,30.2353],[74.7819,30.2311],[74.7013,30.2147],[74.5706,30.2123]]]},"properties":{"upc":"N/06008/01001/PB","state":"Punjab"}},{"type":"Feature","geometry":{"type":"MultiLineString","coordinates":[[[74.4461,30.2015],[74.2267,30.1585],[74.2147,30.1245],[74.1896,30.1142],[74.1605,30.1326]],[[74.1612,30.1304],[74.0557,30.107],[73.9788,30.0628],[73.9072,30.0102],[73.9001,29.9699]]]},"properties":{"upc":"N/06008/05001/PB","state":"Punjab"}},{"type":"Feature","geometry":{"type":"MultiLineString","coordinates":[[[85.3593,26.1358],[85.3588,26.1181],[85.3814,26.0941],[85.4236,26.0706],[85.454,26.0317],[85.499,26.0115],[85.5716,25.9579],[85.6678,25.8516],[85.7495,25.7981],[85.7995,25.7234],[85.8225,25.6689],[85.8549,25.6358],[85.8747,25.5916],[85.8991,25.5653],[85.9296,25.5023],[85.9559,25.5003],[86.0198,25.4699],[86.0279,25.4473]]]},"properties":{"upc":"N/06011/01001/BR","state":"Bihar"}},{"type":"Feature","geometry":{"type":"MultiLineString","coordinates":[[[76.7963,30.3752],[76.7781,30.4286],[76.7808,30.4434],[76.8276,30.5595],[76.8471,30.5878],[76.8245,30.6203],[76.8165,30.6648]]]},"properties":{"upc":"N/06012/01001/PB","state":"Punjab"}},{"type":"Feature","geometry":{"type":"MultiLineString","coordinates":[[[76.71,31.0329],[76.7252,31.0079],[76.7505,30.9881]],[[76.71,31.0329],[76.7152,31.046]],[[76.7505,30.9881],[76.7631,30.9597],[76.8284,30.8943]],[[76.8284,30.8943],[76.8782,30.828]]]},"properties":{"upc":"N/06012/05001/HP","state":"Himachal Pradesh"}},{"type":"Feature","geometry":{"type":"MultiLineString","coordinates":[[[74.415,19.8383],[74.4426,19.8299],[74.4624,19.8114]],[[74.4624,19.8114],[74.4708,19.8069]],[[74.0182,19.8194],[74.0396,19.8269],[74.0467,19.8414],[74.1044,19.8402],[74.2577,19.8037],[74.3295,19.8272],[74.3558,19.8263],[74.3934,19.8442],[74.415,19.8384]]]},"properties":{"upc":"N/06013/01001/MH","state":"Maharashtra"}},{"type":"Feature","geometry":{"type":"MultiLineString","coordinates":[[[74.5492,25.2817],[74.5619,25.3071]],[[74.5492,25.2817],[74.5651,25.3122]],[[74.3939,25.2203],[74.4252,25.2218]],[[74.2848,25.1992],[74.3548,25.2097],[74.3692,25.2202],[74.4252,25.2218]],[[74.2848,25.1992],[74.3935,25.2201]],[[74.539,25.2772],[74.5492,25.2817]],[[74.539,25.2772],[74.5492,25.2817]],[[74.4957,25.2772],[74.5108,25.2825],[74.539,25.2772]],[[74.4252,25.2218],[74.4324,25.2349],[74.4755,25.2555],[74.4929,25.2755]],[[74.4252,25.2218],[74.4324,25.2349],[74.4755,25.2555],[74.4981,25.2787],[74.539,25.2772]],[[74.2525,25.2037],[74.2739,25.201]],[[74.2525,25.2037],[74.2739,25.201]],[[74.2524,25.2037],[74.2739,25.201]],[[74.2524,25.2037],[74.2739,25.201]],[[74.1531,25.124],[74.2134,25.1455],[74.2291,25.1611],[74.2384,25.1963],[74.2521,25.2036]],[[74.1531,25.124],[74.2134,25.1455],[74.2287,25.1603],[74.2427,25.2007]],[[74.153,25.124],[74.2134,25.1455],[74.2291,25.1611],[74.2386,25.1966],[74.2522,25.2036]],[[74.153,25.124],[74.2134,25.1455],[74.2287,25.1603],[74.2427,25.2007]],[[74.0809,25.1168],[74.1526,25.1239]],[[74.0809,25.1168],[74.1526,25.1239]],[[73.9235,25.0661],[73.9586,25.1032]],[[73.9235,25.0661],[73.9586,25.1032]],[[73.903,25.0432],[73.9234,25.066]],[[73.903,25.0432],[73.9234,25.066]],[[73.903,25.0432],[73.9234,25.066]],[[73.903,25.0432],[73.9234,25.066]],[[73.8906,25.035],[73.9021,25.0421]],[[73.8906,25.035],[73.9021,25.0421]],[[73.8906,25.035],[73.9021,25.0421]],[[73.9586,25.1032],[73.9698,25.1092]],[[73.9586,25.1032],[73.9698,25.1092]],[[73.9335,25.0757],[73.9586,25.1032]],[[73.9335,25.0757],[73.9586,25.1032]],[[74.2739,25.201],[74.2846,25.1992]],[[74.2739,25.201],[74.2846,25.1992]],[[74.0195,25.1113],[74.0718,25.1191]],[[74.0195,25.1113],[74.0366,25.1181],[74.1,25.1149],[74.1526,25.1239]],[[74.0062,25.1118],[74.1526,25.1239]],[[74.0062,25.1118],[74.0718,25.1191]],[[73.9781,25.1114],[74.0062,25.1118]],[[73.9781,25.1114],[74.0062,25.1118]],[[73.9781,25.1114],[74.0062,25.1118]],[[73.9781,25.1114],[74.0062,25.1118]],[[73.8702,25.0313],[73.8779,25.0268]],[[73.8702,25.0313],[73.8779,25.0268]],[[73.8589,25.0275],[73.8658,25.0332],[73.8836,25.0265],[73.9021,25.0421]],[[73.8589,25.0275],[73.8658,25.0332],[73.883,25.0263],[73.8906,25.035]]]},"properties":{"upc":"N/06015/01001/RJ","state":"Rajasthan"}},{"type":"Feature","geometry":{"type":"MultiLineString","coordinates":[[[74.6105,25.4184],[74.649,25.4267],[74.691,25.4116],[74.7132,25.3861],[74.7111,25.3478],[74.7483,25.3242],[74.9128,25.304],[74.9966,25.2712],[75.0374,25.2459],[75.063,25.205],[75.1085,25.1876],[75.115,25.1452]]]},"properties":{"upc":"N/06015/01002/RJ","state":"Rajasthan"}},{"type":"Feature","geometry":{"type":"MultiLineString","coordinates":[[[77.4299,18.3126],[77.4226,18.2869],[77.4256,18.2099],[77.4488,18.1017],[77.4765,18.0398],[77.468,18.0272],[77.5163,17.9317]]]},"properties":{"upc":"N/06016/01001/KA","state":"Karnataka"}},{"type":"Feature","geometry":{"type":"MultiLineString","coordinates":[[[79.7242,28.9314],[79.7256,28.9195],[79.7027,28.9018],[79.7227,28.8006],[79.7255,28.7082],[79.6924,28.5863],[79.6552,28.5544],[79.6098,28.5459],[79.5722,28.4899],[79.5137,28.4608],[79.4802,28.432]]]},"properties":{"upc":"N/06017/02001/UP","state":"Uttar Pradesh"}},{"type":"Feature","geometry":{"type":"MultiLineString","coordinates":[[[81.3,24.472],[81.3017,24.4872]]]},"properties":{"upc":"N/06018/01001/MP","state":"Madhya Pradesh"}},{"type":"Feature","geometry":{"type":"MultiLineString","coordinates":[[[81.7334,25.0473],[81.7966,25.2807],[81.8284,25.3365]],[[81.8436,25.4083],[81.8412,25.3711],[81.8284,25.3365]]]},"properties":{"upc":"N/06019/02002/UP","state":"Uttar Pradesh"}},{"type":"Feature","geometry":{"type":"MultiLineString","coordinates":[[[75.6398,30.966],[75.7008,30.9666]],[[75.7008,30.9666],[75.7106,30.9706]],[[75.7112,30.9708],[75.7255,30.9765]],[[75.7255,30.9765],[75.7453,30.982]],[[75.7453,30.982],[75.7637,30.9826]],[[76.0196,30.9487],[75.9215,30.9823],[75.7996,30.987]]]},"properties":{"upc":"N/06022/04001/PB","state":"Punjab"}},{"type":"Feature","geometry":{"type":"MultiLineString","coordinates":[[[76.0061,30.8021],[76.0291,30.8219],[76.0441,30.875],[76.0168,30.9362],[76.0206,30.9485],[76.205,30.9236],[76.313,30.8933]]]},"properties":{"upc":"N/06022/04002/PB","state":"Punjab"}},{"type":"Feature","geometry":{"type":"MultiLineString","coordinates":[[[78.1356,9.937],[78.1324,9.9545],[78.1493,9.9984]]]},"properties":{"upc":"N/06024/01001/TN","state":"Tamil Nadu"}},{"type":"Feature","geometry":{"type":"MultiLineString","coordinates":[[[78.1493,9.9984],[78.1545,10.034],[78.1672,10.0461],[78.181,10.127],[78.1913,10.1439]],[[78.1918,10.1447],[78.2219,10.2045],[78.2191,10.2393]]]},"properties":{"upc":"N/06024/02001/TN","state":"Tamil Nadu"}},{"type":"Feature","geometry":{"type":"MultiLineString","coordinates":[[[75.7748,31.2422],[75.7885,31.2777]],[[75.7795,31.1742],[75.8002,31.1816],[75.807,31.2023]],[[75.7885,31.2777],[75.792,31.2872]],[[75.792,31.2872],[75.8109,31.3386],[75.8087,31.3662],[75.8732,31.4853],[75.9216,31.4867]],[[75.807,31.2023],[75.8065,31.2162]],[[75.9216,31.4867],[75.9557,31.4959],[75.9601,31.5216]]]},"properties":{"upc":"N/06030/01001/PB","state":"Punjab"}},{"type":"Feature","geometry":{"type":"MultiLineString","coordinates":[[[76.9602,28.4396],[76.9287,28.4333],[76.8489,28.3858]],[[76.8489,28.3858],[76.822,28.37]],[[76.8159,28.3672],[76.8087,28.3619]],[[76.8065,28.3601],[76.7939,28.3429],[76.7911,28.3153],[76.7575,28.3151],[76.7429,28.3068]],[[76.7428,28.3068],[76.7304,28.2995]],[[76.7304,28.2995],[76.6985,28.3035]],[[76.6985,28.3035],[76.6782,28.2852]],[[76.6782,28.2852],[76.6663,28.2737]],[[76.6663,28.2737],[76.6317,28.229]]]},"properties":{"upc":"N/06031/01001/HR","state":"Haryana"}},{"type":"Feature","geometry":{"type":"MultiLineString","coordinates":[[[76.3386,29.2541],[76.3955,29.1475],[76.4154,29.1381],[76.4247,29.093],[76.4522,29.0806],[76.484,29.0497],[76.5459,28.9487],[76.6094,28.9381]]]},"properties":{"upc":"N/06033/01001/HR","state":"Haryana"}},{"type":"Feature","geometry":{"type":"MultiLineString","coordinates":[[[69.6747,23.2709],[69.6926,23.2681],[69.6955,23.2577]],[[69.7008,23.247],[69.6955,23.2577]],[[69.7466,23.2319],[69.7008,23.247]],[[69.7958,23.212],[69.7812,23.2284],[69.7698,23.2231],[69.7466,23.2319]],[[69.8375,23.1993],[69.7967,23.212]],[[69.8457,23.1967],[69.8375,23.1993]],[[69.8671,23.1913],[69.8457,23.1967]],[[69.9011,23.1802],[69.8671,23.1913]],[[69.911,23.1768],[69.9011,23.1802]],[[69.9548,23.165],[69.911,23.1768]],[[69.974,23.1508],[69.9548,23.165]],[[69.9968,23.1385],[69.974,23.1508]],[[70.0294,23.1464],[70.0013,23.1364]],[[70.1149,23.1497],[70.0634,23.1265],[70.0294,23.1464]],[[70.1507,23.1727],[70.1149,23.1497]],[[70.2163,23.1956],[70.154,23.1754]]]},"properties":{"upc":"N/06034/01001/GJ","state":"Gujarat"}},{"type":"Feature","geometry":{"type":"MultiLineString","coordinates":[[[70.1459,23.0859],[70.1301,23.0947],[70.063,23.0944],[70.0352,23.0926],[70.0219,23.077],[69.9674,23.0887],[69.9437,23.0792],[69.9363,23.0625],[69.9171,23.0557],[69.8898,23.0253],[69.8518,23.0012],[69.7881,22.9225],[69.7471,22.9032],[69.7159,22.9071],[69.6963,22.8974]]]},"properties":{"upc":"N/06035/01001/GJ","state":"Gujarat"}},{"type":"Feature","geometry":{"type":"MultiLineString","coordinates":[[[76.9419,30.5725],[76.9507,30.602],[76.9308,30.6308],[76.8868,30.6445],[76.8902,30.6898],[76.8724,30.6996]]]},"properties":{"upc":"N/06037/01001/HR","state":"Haryana"}},{"type":"Feature","geometry":{"type":"MultiLineString","coordinates":[[[77.0384,30.2711],[77.0069,30.2857],[76.9946,30.3087],[76.9766,30.3223],[77.0273,30.4195],[77.0175,30.4484],[77.0221,30.4811],[76.9885,30.5103],[76.9815,30.5414],[76.9607,30.5665],[76.9419,30.5725]]]},"properties":{"upc":"N/06037/02001/HR","state":"Haryana"}},{"type":"Feature","geometry":{"type":"MultiLineString","coordinates":[[[76.9686,30.3005],[76.9641,30.2726],[76.9489,30.2489],[76.8674,30.1947]]]},"properties":{"upc":"N/06037/03001/HR","state":"Haryana"}},{"type":"Feature","geometry":{"type":"MultiLineString","coordinates":[[[76.6669,30.091],[76.7068,30.1037],[76.7673,30.1458],[76.8595,30.1914]]]},"properties":{"upc":"N/06037/04001/HR","state":"Haryana"}},{"type":"Feature","geometry":{"type":"MultiLineString","coordinates":[[[72.9888,18.9039],[72.9841,18.9113]],[[72.9842,18.9113],[72.9936,18.9061],[72.9888,18.9039]],[[72.9842,18.9114],[72.9905,18.9052],[73.0003,18.9101]],[[72.9968,18.8973],[72.9836,18.8994]],[[72.9885,18.9029],[72.9885,18.9029]],[[72.9901,18.9037],[72.9901,18.9037]],[[73.0004,18.9099],[72.9913,18.9017]]]},"properties":{"upc":"N/06039/01002/MH","state":"Maharashtra"}},{"type":"Feature","geometry":{"type":"MultiLineString","coordinates":[[[73.0322,18.9506],[73.0349,18.9618]],[[73.0361,18.9629],[73.0424,18.9618]]]},"properties":{"upc":"N/06039/01003/MH","state":"Maharashtra"}},{"type":"Feature","geometry":{"type":"MultiLineString","coordinates":[[[73.0007,18.9101],[73.0323,18.9505]],[[73.0286,19.0121],[73.0371,18.9945],[73.0358,18.9666]]]},"properties":{"upc":"N/06039/01004/MH","state":"Maharashtra"}},{"type":"Feature","geometry":{"type":"MultiLineString","coordinates":[[[73.139,18.9658],[73.0881,18.9815],[73.1064,19.0176]]]},"properties":{"upc":"N/06039/01005/MH","state":"Maharashtra"}},{"type":"Feature","geometry":{"type":"MultiLineString","coordinates":[[[88.0849,22.0592],[88.0868,22.047]]]},"properties":{"upc":"N/06040/01001/WB","state":"West Bengal"}},{"type":"Feature","geometry":{"type":"MultiLineString","coordinates":[[[87.8595,22.4325],[87.8637,22.415],[87.856,22.3851],[87.8796,22.2872],[87.8973,22.2597],[87.9086,22.1969],[87.956,22.153],[87.9911,22.1338],[87.9995,22.1203],[88.0849,22.0592]]]},"properties":{"upc":"N/06040/02001/WB","state":"West Bengal"}},{"type":"Feature","geometry":{"type":"MultiLineString","coordinates":[[[85.1318,26.0273],[85.1171,26.0703],[85.0704,26.0962],[85.0579,26.1245],[85.006,26.1639],[84.9974,26.1937],[84.9756,26.2264],[84.941,26.263],[84.9219,26.2677],[84.9132,26.2924],[84.8831,26.3096]]]},"properties":{"upc":"N/06044/02001/BR","state":"Bihar"}},{"type":"Feature","geometry":{"type":"MultiLineString","coordinates":[[[84.8823,26.31],[84.8369,26.3424],[84.8111,26.3808],[84.7477,26.4104],[84.7527,26.4504],[84.7287,26.5052],[84.6909,26.5224],[84.6807,26.5358],[84.6846,26.5532],[84.6703,26.5649]]]},"properties":{"upc":"N/06044/03001/BR","state":"Bihar"}},{"type":"Feature","geometry":{"type":"MultiLineString","coordinates":[[[74.1605,30.1326],[74.1719,30.1845],[74.109,30.2803],[74.1009,30.3071],[74.0858,30.3163],[74.063,30.3509],[74.0702,30.3914],[74.065,30.442]],[[74.225,30.1568],[74.2126,30.1824],[74.1736,30.1947],[74.1553,30.2092]]]},"properties":{"upc":"N/06047/01002/PB","state":"Punjab"}},{"type":"Feature","geometry":{"type":"MultiLineString","coordinates":[[[74.5528,31.1424],[74.5668,31.1451]],[[74.5668,31.1451],[74.8033,31.5211]]]},"properties":{"upc":"N/07001/01001/PB","state":"Punjab"}},{"type":"Feature","geometry":{"type":"MultiLineString","coordinates":[[[74.8171,31.7066],[74.7769,31.7703],[74.7684,31.8116],[74.7774,31.8213],[74.7787,31.8406],[74.7655,31.862],[74.8077,31.9124],[74.9203,31.9733]]]},"properties":{"upc":"N/07001/02001/PB","state":"Punjab"}},{"type":"Feature","geometry":{"type":"MultiLineString","coordinates":[[[74.9203,31.9733],[75.0106,32.0242],[75.0401,32.0172],[75.0602,32.0344],[75.1674,32.0116],[75.3772,32.031],[75.3839,32.0212]]]},"properties":{"upc":"N/07001/03001/PB","state":"Punjab"}},{"type":"Feature","geometry":{"type":"MultiLineString","coordinates":[[[74.8033,31.5211],[74.8372,31.5755],[74.7879,31.5947],[74.719,31.6052],[74.7196,31.6232],[74.742,31.6547],[74.7537,31.7076],[74.7909,31.7423]],[[74.8953,31.5626],[74.8685,31.5625],[74.8375,31.576]],[[74.9841,31.5626],[74.8952,31.5626]]]},"properties":{"upc":"N/07001/04001/PB","state":"Punjab"}},{"type":"Feature","geometry":{"type":"MultiLineString","coordinates":[[[70.7863,25.7161],[70.7781,25.7072],[70.7772,25.6751],[70.8157,25.574],[70.7992,25.5449],[70.8056,25.528],[70.835,25.5154],[70.8366,25.4893],[70.8616,25.4407],[70.855,25.4036],[70.9643,25.3398],[70.948,25.2794],[70.9773,25.2643],[71.0009,25.272],[71.0584,25.2723],[71.1018,25.2467],[71.1346,25.243],[71.1586,25.1408],[71.1525,25.1237],[71.1548,24.9789],[71.1462,24.9222],[71.1615,24.8165],[71.1186,24.7664]],[[71.1615,24.8165],[71.2019,24.8406],[71.2439,24.8425],[71.2831,24.8735],[71.3574,24.8969],[71.3785,24.9275],[71.4006,24.9399],[71.4736,24.9653],[71.5417,24.958],[71.6516,25.0135],[71.6813,25.015]]]},"properties":{"upc":"N/07003/01001/RJ","state":"Rajasthan"}},{"type":"Feature","geometry":{"type":"MultiLineString","coordinates":[[[70.9389,26.9097],[70.9126,26.909],[70.9043,26.9158],[70.8955,26.9411],[70.8826,26.9507],[70.8377,27.0313],[70.8178,27.0816],[70.7999,27.0836],[70.7857,27.0949],[70.7636,27.13],[70.6526,27.2453],[70.5871,27.3061],[70.5285,27.3481],[70.528,27.3776],[70.5111,27.3986],[70.4859,27.4001],[70.4602,27.4806],[70.461,27.5669],[70.4484,27.6063],[70.4591,27.6517],[70.444,27.6694],[70.4491,27.6924],[70.4224,27.7265],[70.4192,27.743],[70.3532,27.7952]],[[70.9657,26.9225],[70.9419,26.9185],[70.9389,26.91]]]},"properties":{"upc":"N/07004/01001/RJ","state":"Rajasthan"}},{"type":"Feature","geometry":{"type":"MultiLineString","coordinates":[[[72.8229,28.4981],[72.8015,28.4967]],[[73.0176,28.5167],[73.0036,28.488],[72.9698,28.4561],[72.9318,28.4363]],[[73.0535,28.9007],[73.0525,28.8918]],[[73.0543,28.9097],[73.0534,28.9008]],[[73.0552,28.9187],[73.0542,28.9097]],[[73.056,28.9277],[73.055,28.9187]],[[73.058,28.9457],[73.0559,28.9277]],[[73.0589,28.8756],[73.0543,28.848]],[[73.059,28.9547],[73.0579,28.9457]],[[73.06,28.9636],[73.0589,28.9547]],[[73.0609,28.9726],[73.0598,28.9636]],[[73.064,29.0037],[73.0542,28.9882]],[[73.085,28.5945],[73.0678,28.5784],[73.0367,28.5665],[73.0174,28.5167]],[[73.1173,28.7102],[73.1167,28.7012]],[[73.1187,28.7201],[73.1172,28.7102]],[[73.1281,28.6541],[73.1263,28.6407]],[[73.1285,28.6311],[73.1274,28.6221]],[[73.1311,28.6054],[73.1008,28.591]],[[73.2242,29.1987],[73.1926,29.1637],[73.1795,29.1313],[73.0711,29.0305],[73.0638,29.0037]],[[73.403,29.497],[73.373,29.4705],[73.28,29.4224],[73.2257,29.3731]]]},"properties":{"upc":"N/07005/01001/RJ","state":"Rajasthan"}},{"type":"Feature","geometry":{"type":"MultiLineString","coordinates":[[[70.2887,25.7541],[70.292,25.7943],[70.2588,25.7992],[70.2265,25.8291],[70.2291,25.8506],[70.2209,25.8601],[70.221,25.8794],[70.2127,25.8822],[70.2197,25.906],[70.1934,25.9334],[70.1953,25.946],[70.1744,25.9889],[70.2229,26.0785],[70.3795,26.257]],[[70.3733,26.8034],[70.3978,26.8964],[70.425,26.9039],[70.4483,26.9256],[70.4751,26.9363],[70.462,27.0272],[70.4324,27.0395],[70.4305,27.0691],[70.4158,27.0958],[70.423,27.1386],[70.3712,27.1485],[70.3611,27.1718],[70.3495,27.1758],[70.3283,27.1703],[70.2997,27.1836],[70.2244,27.1881],[70.1945,27.1992],[70.1817,27.2125],[70.1487,27.2096],[70.0873,27.2267],[70.0609,27.2617],[70.0594,27.2887],[70.0476,27.3113],[70.0635,27.347],[70.0959,27.3846],[70.1112,27.4325],[70.1887,27.5854],[70.2066,27.6106],[70.2513,27.644],[70.2776,27.6874],[70.3213,27.7199],[70.3406,27.7452],[70.3598,27.7976]],[[70.3795,26.257],[70.3648,26.2624],[70.3585,26.275],[70.3279,26.2615],[70.291,26.282],[70.2759,26.3005],[70.2862,26.3432],[70.2482,26.3414],[70.2637,26.4066],[70.2502,26.411],[70.2456,26.4395],[70.2939,26.5452],[70.2568,26.5713],[70.2877,26.6396],[70.3568,26.7491],[70.3785,26.8147]]]},"properties":{"upc":"N/07006/01001/RJ","state":"Rajasthan"}},{"type":"Feature","geometry":{"type":"MultiLineString","coordinates":[[[72.2814,27.508],[72.2967,27.4568],[72.3534,27.3852]],[[72.2902,28.0121],[72.2547,27.9976],[72.1608,28.0068],[72.1334,28.0188],[72.1271,28.0125],[72.1213,27.9549],[72.158,27.8656],[72.1592,27.8497],[72.1472,27.8234],[72.1528,27.7944],[72.1483,27.7458],[72.1861,27.7046],[72.2494,27.5845],[72.247,27.5572],[72.2814,27.508]],[[72.3258,28.0329],[72.2891,28.0115]],[[72.3484,28.046],[72.3258,28.0329]],[[72.4907,28.4177],[72.4288,28.3117],[72.3958,28.2736],[72.3888,28.2312],[72.3929,28.1258],[72.3484,28.046]],[[72.5977,28.702],[72.705,28.6515],[72.7527,28.5548],[72.7701,28.5451],[72.7876,28.5214]],[[72.7856,28.524],[72.8062,28.5144]],[[72.7876,28.5214],[72.7964,28.5018]],[[72.8065,28.5135],[72.7993,28.5028],[72.729,28.4827],[72.6319,28.484],[72.6098,28.4701],[72.6007,28.4472],[72.5822,28.4351],[72.5259,28.4502],[72.5172,28.4382],[72.5001,28.4336],[72.4907,28.4177]]]},"properties":{"upc":"N/07007/01001/RJ","state":"Rajasthan"}},{"type":"Feature","geometry":{"type":"MultiLineString","coordinates":[[[70.3779,26.255],[70.4314,26.3228],[70.5198,26.409],[70.5766,26.4898],[70.6402,26.5224],[70.7095,26.6103],[70.6918,26.6452],[70.6986,26.7037],[70.7167,26.7193],[70.7736,26.728],[70.8022,26.752],[70.8612,26.8392],[70.9388,26.9096],[70.962,26.8883]]]},"properties":{"upc":"N/07008/01001/RJ","state":"Rajasthan"}},{"type":"Feature","geometry":{"type":"MultiLineString","coordinates":[[[85.0758,26.5105],[85.0697,26.5641],[85.1376,26.6521],[85.145,26.6751],[85.1966,26.6883],[85.2452,26.7265],[85.2606,26.7238],[85.2692,26.7397]]]},"properties":{"upc":"N/07010/01001/BR","state":"Bihar"}},{"type":"Feature","geometry":{"type":"MultiLineString","coordinates":[[[81.5372,27.1649],[81.5102,27.146],[81.5155,27.1247],[81.5276,27.119]],[[81.5372,27.1649],[81.5445,27.1801],[81.5475,27.2642],[81.5226,27.4016],[81.5377,27.4609],[81.5783,27.5526]]]},"properties":{"upc":"N/07013/03001/UP","state":"Uttar Pradesh"}},{"type":"Feature","geometry":{"type":"MultiLineString","coordinates":[[[81.222,26.9295],[81.2906,26.9702],[81.4036,27.093],[81.4453,27.0998],[81.4901,27.0944],[81.5276,27.119]],[[81.2372,26.9268],[81.2208,26.9292],[81.2768,26.9609]]]},"properties":{"upc":"N/07013/03002/UP","state":"Uttar Pradesh"}},{"type":"Feature","geometry":{"type":"MultiLineString","coordinates":[[[81.5798,27.5968],[81.5496,27.6803],[81.5298,27.8214],[81.5007,27.8682],[81.6009,28.0197]]]},"properties":{"upc":"N/07013/04001/UP","state":"Uttar Pradesh"}},{"type":"Feature","geometry":{"type":"MultiLineString","coordinates":[[[83.2756,27.0179],[83.28,26.9745],[83.3042,26.9455]],[[83.279,27.0861],[83.2712,27.0799],[83.2677,27.0356],[83.2756,27.0179]],[[83.2864,27.1061],[83.279,27.0861]],[[83.2861,27.1151],[83.2864,27.1061]],[[83.2998,27.1358],[83.2861,27.1151]],[[83.3197,27.1521],[83.2998,27.1358]],[[83.3042,26.9455],[83.3058,26.8903]],[[83.3058,26.8903],[83.3124,26.8652]],[[83.3379,27.1713],[83.324,27.1564]],[[83.3597,27.2093],[83.3485,27.1788],[83.3379,27.1713]],[[83.3522,27.3254],[83.3481,27.3176],[83.3639,27.2814],[83.3649,27.2421],[83.3582,27.2334],[83.3637,27.2218]],[[83.3891,27.3744],[83.3522,27.3254]],[[83.3637,27.2218],[83.3597,27.2093]],[[83.4069,27.4029],[83.3891,27.3744]],[[83.4413,27.4528],[83.4197,27.4404],[83.4069,27.4029]],[[83.4698,27.4756],[83.4413,27.4528]]]},"properties":{"upc":"N/07014/01001/UP","state":"Uttar Pradesh"}},{"type":"Feature","geometry":{"type":"MultiLineString","coordinates":[[[87.2352,26.318],[87.2356,26.3737],[87.2461,26.3831],[87.2597,26.3826]]]},"properties":{"upc":"N/07015/01001/BR","state":"Bihar"}},{"type":"Feature","geometry":{"type":"MultiLineString","coordinates":[[[84.8554,26.9883],[84.8296,26.9154],[84.8042,26.884],[84.7825,26.8782],[84.7678,26.8164],[84.7447,26.7878],[84.7428,26.764],[84.7522,26.7318],[84.8139,26.7114],[84.9116,26.6636],[84.9169,26.6711],[84.9253,26.6669],[84.9302,26.6538],[84.9095,26.6032],[84.9077,26.5639],[84.9332,26.5483]]]},"properties":{"upc":"N/07016/01001/BR","state":"Bihar"}},{"type":"Feature","geometry":{"type":"MultiLineString","coordinates":[[[69.0073,22.2171],[69.0306,22.23],[69.1275,22.1948],[69.1996,22.1946],[69.2655,22.1757],[69.3308,22.1711],[69.3441,22.1585],[69.4998,22.2106],[69.5429,22.2054],[69.6342,22.2131]],[[69.6834,22.2469],[69.6914,22.2564],[69.6806,22.2722],[69.726,22.3038]]]},"properties":{"upc":"N/07024/01001/GJ","state":"Gujarat"}},{"type":"Feature","geometry":{"type":"MultiLineString","coordinates":[[[74.8068,14.5974],[74.8399,14.6144],[74.8681,14.6474],[74.8842,14.6807],[74.9092,14.6852],[74.9172,14.6987],[74.9682,14.7029],[74.9996,14.6935],[75.033,14.6984],[75.0488,14.6898],[75.072,14.7005],[75.12,14.7051],[75.1447,14.7319],[75.1691,14.7258],[75.2508,14.7748],[75.2984,14.779],[75.3397,14.7679],[75.3846,14.785]]]},"properties":{"upc":"N/07036/01001/KA","state":"Karnataka"}},{"type":"Feature","geometry":{"type":"MultiLineString","coordinates":[[[74.4454,14.4501],[74.4657,14.477],[74.4921,14.4828],[74.5441,14.5209],[74.6524,14.5283],[74.6986,14.5494],[74.7296,14.5437],[74.7462,14.5574],[74.7641,14.56],[74.8068,14.5974]]]},"properties":{"upc":"N/07036/02001/KA","state":"Karnataka"}},{"type":"Feature","geometry":{"type":"MultiLineString","coordinates":[[[80.3164,13.1838],[80.3042,13.1863],[80.2927,13.1753],[80.2701,13.178]]]},"properties":{"upc":"N/07050/01001/TN","state":"Tamil Nadu"}},{"type":"Feature","geometry":{"type":"MultiLineString","coordinates":[[[82.2489,17.0225],[82.2841,17.0141],[82.2692,16.9484],[82.2563,16.9401]]]},"properties":{"upc":"N/07050/02001/AP","state":"Andhra Pradesh"}},{"type":"Feature","geometry":{"type":"MultiLineString","coordinates":[[[80.2879,13.076],[80.2804,13.0692],[80.2676,13.0793],[80.2689,13.0687],[80.2574,13.0612],[80.2503,13.071],[80.2289,13.0678],[80.2181,13.0804],[80.1933,13.079],[80.1632,13.0613]]]},"properties":{"upc":"N/07052/01002/TN","state":"Tamil Nadu"}},{"type":"Feature","geometry":{"type":"MultiLineString","coordinates":[[[82.1478,17.047],[82.1604,17.0335],[82.2489,17.0225]]]},"properties":{"upc":"N/07060/01002/AP","state":"Andhra Pradesh"}},{"type":"Feature","geometry":{"type":"MultiLineString","coordinates":[[[79.9077,14.2807],[79.9278,14.2951],[80.0169,14.2594],[80.0613,14.2582]]]},"properties":{"upc":"N/07068/01001/AP","state":"Andhra Pradesh"}},{"type":"Feature","geometry":{"type":"MultiLineString","coordinates":[[[79.8736,14.1188],[79.9643,14.1162],[80.0198,14.142],[80.0857,14.1428],[80.1115,14.2359]]]},"properties":{"upc":"N/07069/01001/AP","state":"Andhra Pradesh"}},{"type":"Feature","geometry":{"type":"MultiLineString","coordinates":[[[83.1337,17.7827],[83.1737,17.7677],[83.1799,17.7567],[83.1756,17.742],[83.2165,17.7082]]]},"properties":{"upc":"N/07071/01004/AP","state":"Andhra Pradesh"}},{"type":"Feature","geometry":{"type":"MultiLineString","coordinates":[[[80.0997,14.1963],[80.0629,14.204],[80.0631,14.2731],[80.0776,14.2938]]]},"properties":{"upc":"N/07076/01002/AP","state":"Andhra Pradesh"}},{"type":"Feature","geometry":{"type":"MultiLineString","coordinates":[[[83.2925,17.7138],[83.289,17.6901],[83.295,17.6936]]]},"properties":{"upc":"N/07083/01001/AP","state":"Andhra Pradesh"}},{"type":"Feature","geometry":{"type":"MultiLineString","coordinates":[[[75.2579,31.532],[75.2856,31.5784],[75.2608,31.6588],[75.2709,31.6821],[75.2514,31.6884],[75.2354,31.7098],[75.2251,31.7764]]]},"properties":{"upc":"N/07090/01001/PB","state":"Punjab"}},{"type":"Feature","geometry":{"type":"MultiLineString","coordinates":[[[75.2251,31.7764],[75.1644,31.7971],[75.165,31.8136],[75.1927,31.8446],[75.1871,31.8604],[75.0955,31.9415],[75.07,31.9712],[75.0454,32.0216]]]},"properties":{"upc":"N/07090/01002/PB","state":"Punjab"}},{"type":"Feature","geometry":{"type":"MultiLineString","coordinates":[[[80.058,28.9776],[80.0833,28.9554]]]},"properties":{"upc":"N/07091/01001/UK","state":"Uttarakhand"}},{"type":"Feature","geometry":{"type":"MultiLineString","coordinates":[[[80.0082,20.1993],[79.9934,20.1986]],[[79.983,20.1962],[79.9572,20.1854]],[[79.947,20.1754],[79.9389,20.1564]],[[79.9369,20.1506],[79.9338,20.1403]],[[79.932,20.1371],[79.9154,20.1182]],[[79.906,20.1123],[79.8819,20.1052]],[[79.8795,20.1046],[79.8503,20.0975]],[[79.8355,20.0911],[79.8094,20.0745]],[[79.8046,20.0715],[79.7712,20.0516]],[[79.7628,20.0411],[79.7554,20.0175]],[[79.7524,20.0127],[79.7433,20.0039]],[[79.7367,19.9913],[79.7342,19.9768]],[[79.7329,19.9707],[79.7191,19.9145]],[[79.7183,19.9101],[79.71,19.833]],[[79.7127,19.8233],[79.7188,19.8153]],[[79.721,19.8094],[79.7232,19.7805]],[[79.7243,19.7737],[79.7285,19.7555]],[[79.7298,19.7513],[79.7391,19.7287]],[[79.7393,19.7162],[79.7229,19.6704]],[[79.7209,19.6663],[79.6939,19.6255]],[[79.6909,19.6214],[79.6705,19.594]],[[79.6677,19.5844],[79.6686,19.5733]],[[79.6656,19.5615],[79.6519,19.5498]],[[79.6466,19.5452],[79.6269,19.5271]],[[79.6144,19.5187],[79.6082,19.5025]],[[79.6077,19.5013],[79.6031,19.4885]],[[79.6021,19.4848],[79.5999,19.4738]],[[79.5879,19.427],[79.585,19.4132]],[[79.5841,19.4061],[79.5826,19.3746]],[[79.5838,19.3576],[79.5889,19.3322]],[[79.591,19.3257],[79.5996,19.3059]],[[79.6006,19.2984],[79.5981,19.2812]],[[79.5977,19.2781],[79.5929,19.2406]],[[79.5861,19.2304],[79.5601,19.2147]],[[79.5506,19.2053],[79.5334,19.1776]],[[79.5238,19.1571],[79.5111,19.1389]],[[79.5025,19.133],[79.4805,19.1273]],[[79.4773,19.1267],[79.4575,19.1246]],[[79.9932,20.1986],[79.9832,20.1963]],[[79.9569,20.1853],[79.9471,20.1757]],[[79.9151,20.1179],[79.9064,20.1125]],[[79.8502,20.0974],[79.8355,20.0912]],[[79.7708,20.0514],[79.763,20.0416]],[[79.743,20.0035],[79.7367,19.9918]],[[79.71,19.8325],[79.7125,19.8237]],[[79.7391,19.7285],[79.7394,19.7164]],[[79.5826,19.3743],[79.5838,19.3579]],[[79.5928,19.2401],[79.5865,19.2306]],[[79.5599,19.2145],[79.5508,19.2056]],[[79.5108,19.1385],[79.5031,19.1331]]]},"properties":{"upc":"N/08001/02001/TS","state":"Telangana"}},{"type":"Feature","geometry":{"type":"MultiLineString","coordinates":[[[79.4283,19.1789],[79.4074,19.2872],[79.3811,19.3038],[79.3572,19.3348],[79.3155,19.3446],[79.2879,19.3853],[79.2907,19.4114],[79.2988,19.4306],[79.313,19.4405],[79.3241,19.499],[79.3452,19.5416],[79.3401,19.5582],[79.3451,19.575]]]},"properties":{"upc":"N/08002/03002/TS","state":"Telangana"}},{"type":"Feature","geometry":{"type":"MultiLineString","coordinates":[[[79.5182,18.8522],[79.4821,18.8846],[79.4498,18.9278],[79.4582,18.9722],[79.4843,19.0382],[79.4682,19.1076],[79.4283,19.1789]]]},"properties":{"upc":"N/08002/04001/TS","state":"Telangana"}},{"type":"Feature","geometry":{"type":"MultiLineString","coordinates":[[[79.5553,18.8427],[79.5536,18.816],[79.5979,18.7658],[79.6655,18.7218],[79.6128,18.6501],[79.6126,18.6144],[79.5802,18.624],[79.5531,18.6049],[79.5623,18.5765],[79.5989,18.5368],[79.6168,18.5289]],[[79.6051,18.5331],[79.631,18.5224],[79.6634,18.4543],[79.6517,18.3371],[79.6542,18.3036],[79.6796,18.22],[79.6714,18.129],[79.6854,18.0435]]]},"properties":{"upc":"N/08002/05001/TS","state":"Telangana"}},{"type":"Feature","geometry":{"type":"MultiLineString","coordinates":[[[80.6194,17.1295],[80.637,17.1767],[80.6816,17.2413],[80.6801,17.2717],[80.6932,17.2975],[80.691,17.3443],[80.6642,17.3588],[80.6607,17.3803],[80.6428,17.3882],[80.6434,17.414],[80.6685,17.4454],[80.671,17.4638],[80.6591,17.4809]]]},"properties":{"upc":"N/08002/06002/TS","state":"Telangana"}},{"type":"Feature","geometry":{"type":"MultiLineString","coordinates":[[[79.963,17.8814],[79.9521,17.8826],[79.8935,17.9305],[79.9125,17.9523],[79.9142,17.9806],[79.8769,18.044],[79.8729,18.0793],[79.8513,18.1135]]]},"properties":{"upc":"N/08002/06003/TS","state":"Telangana"}},{"type":"Feature","geometry":{"type":"MultiLineString","coordinates":[[[80.2119,17.2533],[80.2543,17.143],[80.2946,17.1046],[80.3368,17.0336],[80.3584,17.0145],[80.4488,16.8573],[80.5018,16.8031],[80.5114,16.7815]],[[80.5114,16.7814],[80.5274,16.7578],[80.5329,16.7302],[80.5523,16.705],[80.5546,16.6802],[80.5701,16.6627],[80.578,16.6259],[80.6122,16.5653]]]},"properties":{"upc":"N/08002/07001/TS","state":"Telangana"}},{"type":"Feature","geometry":{"type":"MultiLineString","coordinates":[[[86.2288,20.9145],[86.1682,20.935],[86.1242,20.9733],[86.1245,21.0351],[86.1091,21.0637],[86.1212,21.1967],[86.1168,21.2078],[86.0959,21.2145],[86.0934,21.2571],[86.0749,21.2976],[86.0416,21.3215],[86.0401,21.3393],[86.0152,21.3517],[85.9951,21.3512],[85.9822,21.3662],[85.9028,21.389],[85.9018,21.4005],[85.878,21.4185],[85.865,21.4623],[85.7955,21.5484],[85.7483,21.5678],[85.7184,21.5628],[85.6842,21.5706],[85.6618,21.5955],[85.6224,21.5933],[85.5739,21.6142],[85.5874,21.6587],[85.5866,21.6998],[85.5665,21.7702],[85.5728,21.8096],[85.5641,21.8254],[85.5727,21.8878],[85.6031,21.9569]]]},"properties":{"upc":"N/08003/06001/OR","state":"Odisha"}},{"type":"Feature","geometry":{"type":"MultiLineString","coordinates":[[[76.7837,30.4134],[76.7483,30.4083],[76.7367,30.3942],[76.7022,30.2072],[76.7057,30.1937],[76.6791,30.1396],[76.6788,30.111],[76.6676,30.1025],[76.6695,30.0722],[76.6085,30.02]]]},"properties":{"upc":"N/08004/01001/HR","state":"Haryana"}},{"type":"Feature","geometry":{"type":"MultiLineString","coordinates":[[[76.6085,30.02],[76.6096,29.9766],[76.5985,29.9618],[76.5513,29.9478],[76.4511,29.8538],[76.4504,29.8455],[76.4743,29.8252],[76.4781,29.7944],[76.4625,29.7609],[76.4092,29.7332]]]},"properties":{"upc":"N/08004/02001/HR","state":"Haryana"}},{"type":"Feature","geometry":{"type":"MultiLineString","coordinates":[[[76.4092,29.7332],[76.2768,29.6903],[76.2585,29.6626],[76.2421,29.6593],[76.1429,29.5765],[76.093,29.5806],[76.0229,29.5395],[76.0058,29.5333],[75.9884,29.5372],[75.9785,29.5208],[75.9569,29.5172],[75.9438,29.5034],[75.9268,29.5042],[75.9239,29.4216],[75.9128,29.3816],[75.926,29.367],[75.9157,29.3484],[75.8847,29.3537],[75.8326,29.3239],[75.8159,29.2901],[75.7645,29.2299],[75.6821,29.2237],[75.6296,29.1647],[75.6324,29.151],[75.6809,29.0967],[75.6045,29.0079],[75.6038,28.9755],[75.5942,28.9659],[75.605,28.9368],[75.5904,28.9014],[75.5934,28.8661],[75.5745,28.844],[75.576,28.829],[75.5628,28.8235],[75.5177,28.7688]]]},"properties":{"upc":"N/08004/03001/HR","state":"Haryana"}},{"type":"Feature","geometry":{"type":"MultiLineString","coordinates":[[[75.5176,28.7689],[75.4919,28.7398],[75.4793,28.7054],[75.4631,28.688],[75.4119,28.6656],[75.3944,28.6709],[75.3712,28.6618],[75.3579,28.6402],[75.3584,28.6067],[75.2829,28.554],[75.2685,28.5353],[75.2285,28.518],[75.1961,28.4812],[75.1604,28.4577],[75.1498,28.4352],[75.1374,28.4322],[75.1304,28.4133],[75.0558,28.3296],[75.0152,28.3179],[74.9878,28.2764],[74.9603,28.2003],[74.9675,28.1635],[74.9613,28.1351],[74.9469,28.114],[74.9462,28.0817],[74.9364,28.0616],[74.9509,28.0148],[74.8913,27.9473],[74.8768,27.9175],[74.6801,27.7228]]]},"properties":{"upc":"N/08004/04001/RJ","state":"Rajasthan"}},{"type":"Feature","geometry":{"type":"MultiLineString","coordinates":[[[74.6801,27.7228],[74.5342,27.6984],[74.4675,27.6458],[74.4113,27.6404],[74.3707,27.6023],[74.3491,27.5486],[74.3556,27.5318],[74.3255,27.5166],[74.2803,27.5012],[74.233,27.4971],[74.0991,27.4554],[74.0491,27.4595],[74.0246,27.4099],[73.9221,27.3156],[73.9186,27.2975],[73.8944,27.2942],[73.8436,27.2571],[73.7805,27.2276],[73.7494,27.1984]]]},"properties":{"upc":"N/08004/05001/RJ","state":"Rajasthan"}},{"type":"Feature","geometry":{"type":"MultiLineString","coordinates":[[[88.5408,22.9239],[88.5462,22.9908],[88.533,23.0087],[88.5328,23.0234],[88.5462,23.0945],[88.5564,23.1062]],[[88.5564,23.1062],[88.5662,23.1472],[88.5584,23.1814],[88.5281,23.2045]],[[88.5289,23.204],[88.491,23.2305],[88.4671,23.2341],[88.4641,23.2561],[88.4335,23.2725],[88.4893,23.3847],[88.4743,23.4006],[88.4687,23.4305]]]},"properties":{"upc":"N/08005/01001/WB","state":"West Bengal"}},{"type":"Feature","geometry":{"type":"MultiLineString","coordinates":[[[88.4687,23.4305],[88.4496,23.4766],[88.4522,23.5094],[88.429,23.5402]],[[88.4257,23.5467],[88.3883,23.6064],[88.3202,23.6628]],[[88.3153,23.6665],[88.2965,23.6951],[88.2954,23.7297]],[[88.2954,23.7297],[88.298,23.7523],[88.2828,23.7748]],[[88.2614,23.8305],[88.2573,23.8397]],[[88.2512,23.8589],[88.236,23.9092],[88.2404,23.9449]],[[88.2435,23.9978],[88.2468,24.0339]],[[88.2475,24.0372],[88.2475,24.0462]],[[88.2573,23.8397],[88.2512,23.8589]],[[88.2404,23.9449],[88.2413,23.9934]],[[88.274,23.7855],[88.2614,23.8305]],[[88.2828,23.7748],[88.274,23.7855]]]},"properties":{"upc":"N/08005/02001/WB","state":"West Bengal"}},{"type":"Feature","geometry":{"type":"MultiLineString","coordinates":[[[88.2475,24.0462],[88.2484,24.0558],[88.2143,24.0884],[88.2176,24.1253],[88.1184,24.211],[88.0319,24.2998],[88.025,24.3233],[88.0425,24.3763],[88.0335,24.4123],[88.0375,24.4565],[88.0293,24.503],[88.0375,24.5242],[88.0282,24.5345],[88.0347,24.5437],[88.0215,24.5545],[88.0163,24.5945],[87.9913,24.6299],[87.9582,24.6395],[87.9236,24.6821],[87.9121,24.7678],[87.922,24.8011]]]},"properties":{"upc":"N/08005/03001/WB","state":"West Bengal"}},{"type":"Feature","geometry":{"type":"MultiLineString","coordinates":[[[87.9438,24.8079],[87.9583,24.8122],[87.9881,24.8483],[88.077,24.8968],[88.124,24.963],[88.1628,24.988],[88.1689,25.0092],[88.1365,25.0949],[88.1874,25.204],[88.1663,25.2498],[88.1609,25.2997],[88.1621,25.3803],[88.1765,25.4278],[88.1771,25.4883],[88.1333,25.5694]]]},"properties":{"upc":"N/08005/04001/WB","state":"West Bengal"}},{"type":"Feature","geometry":{"type":"MultiLineString","coordinates":[[[87.9167,24.7936],[87.955,24.8101]]]},"properties":{"upc":"N/08005/04002/WB","state":"West Bengal"}},{"type":"Feature","geometry":{"type":"MultiLineString","coordinates":[[[88.1333,25.5694],[88.0979,25.5912],[88.1022,25.6266],[88.0896,25.6565]],[[88.0911,25.6541],[88.0495,25.7048],[87.9842,25.7373],[87.912,25.8051],[87.9189,25.8586],[87.8671,25.878]]]},"properties":{"upc":"N/08005/05001/WB","state":"West Bengal"}},{"type":"Feature","geometry":{"type":"MultiLineString","coordinates":[[[87.8671,25.878],[87.8294,25.883]]]},"properties":{"upc":"N/08005/06001/WB","state":"West Bengal"}},{"type":"Feature","geometry":{"type":"MultiLineString","coordinates":[[[78.9574,15.3802],[79.034,15.3816],[79.1123,15.5642],[79.1173,15.5961],[79.1846,15.7038],[79.2075,15.7245],[79.2174,15.7494],[79.2365,15.7596],[79.2567,15.795]],[[79.2631,15.8091],[79.2726,15.825]],[[79.3242,15.9064],[79.403,15.9297],[79.4346,15.9622],[79.4515,16.0054],[79.4868,16.0269],[79.577,16.0109],[79.6308,16.0132]],[[79.6308,16.0132],[79.6863,16.0034],[79.7073,16.0186]]]},"properties":{"upc":"N/08006/02001/AP","state":"Andhra Pradesh"}},{"type":"Feature","geometry":{"type":"MultiLineString","coordinates":[[[78.3284,15.3396],[78.345,15.3542],[78.505,15.3928],[78.6132,15.3917],[78.6461,15.4027],[78.6721,15.39],[78.6944,15.4085],[78.7211,15.4033],[78.7613,15.4262],[78.7713,15.4177],[78.7739,15.423],[78.7942,15.4168],[78.8098,15.4001],[78.8567,15.3785],[78.8926,15.3759],[78.9301,15.3913],[78.9574,15.3802]]]},"properties":{"upc":"N/08006/03001/AP","state":"Andhra Pradesh"}},{"type":"Feature","geometry":{"type":"MultiLineString","coordinates":[[[78.0294,15.0096],[78.0974,15.0561],[78.1132,15.0862],[78.1129,15.1524],[78.0996,15.1757],[78.1051,15.2063],[78.1433,15.245],[78.1717,15.2543],[78.2121,15.2989],[78.2309,15.3008],[78.246,15.3165],[78.2762,15.318],[78.3284,15.3396]]]},"properties":{"upc":"N/08006/04001/AP","state":"Andhra Pradesh"}},{"type":"Feature","geometry":{"type":"MultiLineString","coordinates":[[[82.2505,17.0393],[82.2444,17.1084],[82.251,17.1285],[82.2752,17.1417],[82.2801,17.1613],[82.2959,17.1667],[82.3296,17.2348],[82.344,17.2428]]]},"properties":{"upc":"N/08006/06001/AP","state":"Andhra Pradesh"}},{"type":"Feature","geometry":{"type":"MultiLineString","coordinates":[[[76.3021,15.3243],[76.3136,15.3775],[76.2973,15.4313],[76.27,15.4809],[76.2679,15.5045],[76.2397,15.5467],[76.2375,15.5845],[76.1958,15.7575],[76.1783,15.7966],[76.1633,15.9041],[76.1405,15.9252],[76.1251,15.9639],[76.109,15.9729],[76.0861,16.0099],[76.0675,16.044],[76.0574,16.0868],[76.0199,16.155],[75.9164,16.2978],[75.9224,16.3329],[75.9458,16.3761],[75.9287,16.3906],[75.8984,16.4477],[75.8043,16.6645],[75.7499,16.7471],[75.7335,16.799],[75.7479,16.8232]]]},"properties":{"upc":"N/08007/02001/KA","state":"Karnataka"}},{"type":"Feature","geometry":{"type":"MultiLineString","coordinates":[[[76.0729,16.0339],[76.109,15.9732],[76.1253,15.9635],[76.1405,15.9252],[76.1634,15.9039],[76.1783,15.7968],[76.1959,15.7577],[76.2374,15.5847],[76.2393,15.5487],[76.2678,15.5044],[76.27,15.481],[76.2969,15.4321],[76.3135,15.3777],[76.3107,15.3439],[76.3012,15.3259],[76.3134,15.3183],[76.3213,15.2884],[76.3615,15.2506],[76.3616,15.2357]]]},"properties":{"upc":"N/08007/03001/KA","state":"Karnataka"}},{"type":"Feature","geometry":{"type":"MultiLineString","coordinates":[[[76.3607,15.2365],[76.3772,15.1865],[76.356,15.1351],[76.356,15.0583]],[[76.3565,15.0565],[76.3716,15.0066],[76.362,14.9422]],[[76.361,15.2368],[76.3776,15.1834],[76.3566,15.1354],[76.3519,15.0701],[76.3572,15.0586]],[[76.362,14.9421],[76.3763,14.9007]],[[76.366,14.9362],[76.377,14.9007]],[[76.3764,14.9007],[76.3924,14.8948],[76.4289,14.8476],[76.4322,14.785],[76.4659,14.6839]],[[76.377,14.9007],[76.3933,14.8946],[76.4296,14.8474],[76.4327,14.7852],[76.4619,14.71],[76.4698,14.6629],[76.471,14.65],[76.429,14.5415]],[[76.3874,14.4056],[76.3712,14.3754],[76.3991,14.3201],[76.4043,14.2358]],[[76.4264,14.536],[76.3904,14.4484],[76.3874,14.4056]],[[76.4191,14.5177],[76.3898,14.4483],[76.3871,14.4061],[76.3706,14.3765],[76.3985,14.3203],[76.4038,14.2358]],[[76.4259,14.5362],[76.4191,14.5177]],[[76.4659,14.6838],[76.4705,14.6503],[76.4278,14.542]]]},"properties":{"upc":"N/08007/04001/KA","state":"Karnataka"}},{"type":"Feature","geometry":{"type":"MultiLineString","coordinates":[[[83.7501,24.1673],[83.6561,24.2024],[83.6481,24.213],[83.5613,24.2571],[83.5592,24.2699],[83.5413,24.2772],[83.4367,24.2711],[83.3998,24.2547]]]},"properties":{"upc":"N/08008/02001/JH","state":"Jharkhand"}},{"type":"Feature","geometry":{"type":"MultiLineString","coordinates":[[[83.8853,24.172],[83.8798,24.1651]],[[83.8622,24.1549],[83.8493,24.1501]],[[83.8493,24.1501],[83.8622,24.1549]],[[83.8993,24.1937],[83.9052,24.2017]]]},"properties":{"upc":"N/08008/03001/JH","state":"Jharkhand"}},{"type":"Feature","geometry":{"type":"MultiLineString","coordinates":[[[85.0171,23.4836],[84.9116,23.5383],[84.8316,23.5367]]]},"properties":{"upc":"N/08008/07001/JH","state":"Jharkhand"}},{"type":"Feature","geometry":{"type":"MultiLineString","coordinates":[[[85.325,23.3781],[85.2892,23.3842],[85.2024,23.4217],[85.1476,23.4322],[85.0747,23.4668],[85.0171,23.4836]]]},"properties":{"upc":"N/08008/08001/JH","state":"Jharkhand"}},{"type":"Feature","geometry":{"type":"MultiLineString","coordinates":[[[68.966,22.244],[69.0051,22.2208],[69.0958,22.0935],[69.1437,22.0739],[69.2441,21.9933],[69.3026,21.9203],[69.3125,21.8961],[69.3358,21.8839],[69.364,21.8497],[69.3857,21.8403],[69.4061,21.8077],[69.4489,21.7752],[69.4821,21.7612],[69.4991,21.7306],[69.5486,21.6814],[69.573,21.6919],[69.5869,21.6898],[69.6042,21.6818],[69.6071,21.6541],[69.636,21.6447]],[[68.966,22.244],[68.9572,22.2725],[68.9715,22.344]]]},"properties":{"upc":"N/08009/01001/GJ","state":"Gujarat"}},{"type":"Feature","geometry":{"type":"MultiLineString","coordinates":[[[69.6838,21.5603],[69.6789,21.5966],[69.6642,21.6182],[69.6847,21.6444],[69.685,21.6555],[69.6383,21.6823],[69.6031,21.6824]]]},"properties":{"upc":"N/08009/01002/GJ","state":"Gujarat"}},{"type":"Feature","geometry":{"type":"MultiLineString","coordinates":[[[69.6497,21.5938],[69.7107,21.5415],[69.7619,21.4818],[69.8064,21.4632],[69.803,21.449],[69.8114,21.4301],[69.8999,21.3333],[69.9343,21.2813],[69.9575,21.2581],[69.9842,21.2561],[69.9961,21.247],[70.0784,21.152],[70.1009,21.1341],[70.1214,21.1312],[70.1252,21.1185],[70.1415,21.1078],[70.1634,21.1016],[70.1749,21.0827],[70.2123,21.057],[70.2277,21.0301],[70.2896,21.0535]]]},"properties":{"upc":"N/08009/02001/GJ","state":"Gujarat"}},{"type":"Feature","geometry":{"type":"MultiLineString","coordinates":[[[70.4279,20.8981],[70.492,20.8969],[70.6009,20.9233],[70.6342,20.9108],[70.6848,20.8166],[70.7,20.812],[70.7148,20.7933],[70.74,20.7963]]]},"properties":{"upc":"N/08009/04001/GJ","state":"Gujarat"}},{"type":"Feature","geometry":{"type":"MultiLineString","coordinates":[[[70.74,20.7963],[70.8093,20.8012],[70.8542,20.8214],[70.895,20.8217],[70.9131,20.809],[70.9375,20.8056],[71.002,20.8063],[71.0423,20.8201],[71.0821,20.8463],[71.1031,20.8494]]]},"properties":{"upc":"N/08009/05001/GJ","state":"Gujarat"}},{"type":"Feature","geometry":{"type":"MultiLineString","coordinates":[[[71.1031,20.8494],[71.1614,20.8567],[71.2131,20.8995],[71.2637,20.9167],[71.3358,20.9186],[71.3793,20.9669],[71.4066,20.9809],[71.4272,20.982],[71.4259,20.9971]]]},"properties":{"upc":"N/08009/06001/GJ","state":"Gujarat"}},{"type":"Feature","geometry":{"type":"MultiLineString","coordinates":[[[71.4259,20.9971],[71.4353,21.0092],[71.505,21.0074],[71.5316,21.0185],[71.5512,21.0116],[71.7088,21.0504],[71.7505,21.0706],[71.7456,21.0956]]]},"properties":{"upc":"N/08009/07001/GJ","state":"Gujarat"}},{"type":"Feature","geometry":{"type":"MultiLineString","coordinates":[[[71.4259,20.9971],[71.4353,21.0092],[71.505,21.0074],[71.5316,21.0185],[71.5512,21.0116],[71.7088,21.0504],[71.7505,21.0706],[71.7456,21.0956]]]},"properties":{"upc":"N/08009/07002/GJ","state":"Gujarat"}},{"type":"Feature","geometry":{"type":"MultiLineString","coordinates":[[[71.7456,21.0956],[71.761,21.113],[71.7854,21.1072],[71.8022,21.1335],[71.9205,21.2359],[71.9606,21.2899],[72.0048,21.3222],[72.022,21.3457],[72.0243,21.3637]]]},"properties":{"upc":"N/08009/08002/GJ","state":"Gujarat"}},{"type":"Feature","geometry":{"type":"MultiLineString","coordinates":[[[72.0243,21.3637],[72.0458,21.3718],[72.0982,21.4231],[72.1095,21.4254],[72.1309,21.5765],[72.1245,21.5893],[72.141,21.6096],[72.144,21.6673],[72.157,21.695]]]},"properties":{"upc":"N/08009/09001/GJ","state":"Gujarat"}},{"type":"Feature","geometry":{"type":"MultiLineString","coordinates":[[[75.4318,17.5048],[75.4564,17.5021],[75.4631,17.5191],[75.4905,17.5362]],[[75.4906,17.5363],[75.5719,17.5676]],[[75.572,17.5677],[75.5772,17.5853],[75.6291,17.6161],[75.8157,17.6685]],[[75.8158,17.6685],[75.8275,17.6674]],[[75.8577,17.668],[75.866,17.6651]],[[75.8783,17.6671],[75.8952,17.67]],[[75.8445,17.6687],[75.857,17.6686]]]},"properties":{"upc":"N/08011/01001/MH","state":"Maharashtra"}},{"type":"Feature","geometry":{"type":"MultiLineString","coordinates":[[[75.3244,17.4513],[75.4022,17.4941]],[[75.4023,17.4941],[75.4318,17.5048]],[[75.0916,17.3657],[75.1681,17.4265],[75.1693,17.4489],[75.1782,17.4609],[75.1937,17.4615],[75.2437,17.4323],[75.2618,17.4294],[75.2978,17.4315],[75.3243,17.4512]]]},"properties":{"upc":"N/08011/02001/MH","state":"Maharashtra"}},{"type":"Feature","geometry":{"type":"MultiLineString","coordinates":[[[74.5675,16.8112],[74.5931,16.8231],[74.6236,16.8199]],[[74.6245,16.8197],[74.6561,16.7985],[74.6646,16.8004],[74.6916,16.8448],[74.6815,16.8806],[74.71,16.928],[74.7321,16.9529],[74.759,16.9657],[74.7632,16.981],[74.7949,17.0107]]]},"properties":{"upc":"N/08011/04001/MH","state":"Maharashtra"}},{"type":"Feature","geometry":{"type":"MultiLineString","coordinates":[[[73.2694,17.0392],[73.2773,17.0338],[73.2743,17.025],[73.2859,17.0012],[73.3039,17.0069],[73.3206,16.9939],[73.3649,16.9995]],[[73.3721,17.0013],[73.381,17.0063]],[[73.381,17.0063],[73.4057,17.0149]],[[73.4847,16.9878],[73.5537,16.9692]],[[73.5538,16.9691],[73.5646,16.964]],[[73.5646,16.964],[73.5944,16.9655],[73.6148,16.9793],[73.6374,16.9684],[73.684,16.9822]],[[73.684,16.9822],[73.6876,16.9893],[73.7366,16.9948],[73.7424,17.0053],[73.7658,17.0021]],[[73.7658,17.0021],[73.773,16.9966]],[[73.777,17.0006],[73.7793,16.9943]],[[73.7907,16.9742],[73.8071,16.9666]],[[73.8071,16.9666],[73.8404,16.9601]],[[73.8466,16.9588],[73.8573,16.9558]],[[73.8598,16.954],[73.8702,16.9514]],[[73.8702,16.9514],[73.8883,16.9488]],[[73.8883,16.9488],[73.921,16.9285],[73.9502,16.923],[73.9639,16.9007],[73.9804,16.8927]],[[73.9804,16.8927],[73.9905,16.8951]],[[73.9905,16.8951],[74.0456,16.8802],[74.0601,16.8576],[74.0921,16.8415]],[[74.0921,16.8415],[74.1119,16.8371]],[[74.1119,16.8371],[74.1264,16.8291]],[[74.1264,16.8291],[74.1565,16.7893]],[[74.1554,16.7858],[74.1663,16.7712]],[[74.1663,16.7712],[74.1734,16.7619],[74.1975,16.7569],[74.255,16.7748]],[[74.255,16.7748],[74.2755,16.7798],[74.2903,16.7691],[74.3192,16.765],[74.3509,16.7425]]]},"properties":{"upc":"N/08011/06002/MH","state":"Maharashtra"}},{"type":"Feature","geometry":{"type":"MultiLineString","coordinates":[[[75.9633,28.1182],[75.9484,28.1361],[75.9441,28.1212],[75.8333,28.0928],[75.8196,28.0974],[75.7615,28.14],[75.743,28.1752],[75.6935,28.2055],[75.668,28.2286],[75.6632,28.2428],[75.652,28.2406],[75.6453,28.2575],[75.6114,28.2261],[75.5346,28.2009],[75.5174,28.1868],[75.491,28.1827],[75.4359,28.1561],[75.4113,28.139],[75.4122,28.1216],[75.3892,28.1099],[75.3844,28.1175],[75.2497,28.0703],[75.0827,28.0511],[74.9617,27.9994],[74.9633,27.9813],[74.933,28.01],[74.8666,28.0427],[74.7914,28.0404],[74.7525,28.0577],[74.5617,28.0559],[74.4575,28.0358],[74.2361,28.0769],[74.191,28.0662],[74.1639,28.0679],[74.0959,28.0855],[73.9592,28.0938],[73.9126,28.0877],[73.8262,28.105],[73.6435,28.0682],[73.5513,28.0736],[73.3578,28.018],[73.3292,28.0177],[73.3233,28.0332],[73.2862,28.0226],[73.2159,28.035],[73.199,28.0513],[73.144,28.0429],[73.0857,27.9767],[73.0266,27.9688],[72.9694,27.8914],[72.9049,27.866],[72.8939,27.8487],[72.8274,27.7999],[72.7842,27.7839],[72.7672,27.7537],[72.7442,27.7421],[72.6879,27.6897],[72.6385,27.614],[72.4559,27.4867],[72.4047,27.4658],[72.3711,27.4228],[72.3354,27.3563],[72.3184,27.2617],[72.3644,27.2218],[72.3929,27.1538],[72.3772,27.1127]]]},"properties":{"upc":"N/08012/01001/RJ","state":"Rajasthan"}},{"type":"Feature","geometry":{"type":"MultiLineString","coordinates":[[[72.0401,27.0184],[71.9767,27.0158],[71.9661,27.0273],[71.9236,27.0229],[71.9013,27.0004],[71.8976,26.9317],[71.8742,26.9327]],[[71.8742,26.9327],[71.7595,26.9716],[71.7344,26.9847],[71.7121,27.0127],[71.6186,27.0395],[71.5531,27.0292],[71.5145,27.0364],[71.4265,27.0289],[71.1058,26.9215],[71.0793,26.9189],[71.0627,26.9352],[71.0374,26.9401],[70.9657,26.9225]],[[71.8742,26.9327],[71.8976,26.9317],[71.9013,27.0004],[71.9246,27.0234],[71.9668,27.0272],[71.9767,27.0158],[72.1348,27.0231],[72.3154,27.1035],[72.3419,27.0998],[72.3772,27.1127],[72.3419,27.0998],[72.3154,27.1035],[72.1356,27.0233],[72.0911,27.0207]]]},"properties":{"upc":"N/08012/02001/RJ","state":"Rajasthan"}},{"type":"Feature","geometry":{"type":"MultiLineString","coordinates":[[[78.685,25.4028],[78.7139,25.3879],[78.748,25.3858]],[[78.7473,25.3858],[78.7676,25.3805]],[[78.7682,25.3799],[78.7873,25.3765]],[[78.8069,25.3709],[78.8168,25.3676]],[[78.8419,25.3618],[78.8535,25.3578]],[[78.8993,25.348],[78.8817,25.3527]],[[78.9102,25.345],[78.9002,25.3478]],[[78.9445,25.3351],[78.9298,25.3391]],[[78.9676,25.3288],[78.9546,25.332]],[[78.9993,25.3136],[78.9845,25.3208]],[[79.0359,25.2977],[79.016,25.3066]],[[79.0472,25.2901],[79.0611,25.282]],[[79.1115,25.2682],[79.0641,25.2807]],[[79.1292,25.2707],[79.1196,25.2682]]]},"properties":{"upc":"N/08013/01001/MP","state":"Madhya Pradesh"}},{"type":"Feature","geometry":{"type":"MultiLineString","coordinates":[[[79.2916,25.2351],[79.3111,25.2211],[79.3314,25.181]],[[79.3314,25.181],[79.3581,25.158],[79.4147,25.0855],[79.4483,25.0887],[79.5217,25.0237],[79.5417,24.9771],[79.5628,24.9585]],[[79.5599,24.961],[79.6058,24.9332]],[[79.6058,24.9332],[79.6136,24.9274]],[[79.6136,24.9274],[79.6225,24.9148],[79.6206,24.8859],[79.6294,24.8695],[79.701,24.8208],[79.7576,24.8038]],[[79.7607,24.8031],[79.8812,24.7671]]]},"properties":{"upc":"N/08013/02001/MP","state":"Madhya Pradesh"}},{"type":"Feature","geometry":{"type":"MultiLineString","coordinates":[[[77.0279,11.1536],[77.0299,11.1205]],[[77.0792,11.231],[77.041,11.1964],[77.0279,11.1536]],[[77.1208,11.2794],[77.1135,11.2567],[77.0792,11.231]],[[77.1127,11.733],[77.1152,11.7225]],[[77.1161,11.7161],[77.1251,11.6893]],[[77.1538,11.3322],[77.1283,11.3033],[77.1208,11.2794]],[[77.1251,11.6893],[77.1324,11.6548],[77.1266,11.6163]],[[77.1265,11.6097],[77.1272,11.5927]],[[77.1266,11.6163],[77.1265,11.6097]],[[77.1273,11.5927],[77.1326,11.5857]],[[77.1326,11.5857],[77.1381,11.5537],[77.1625,11.5465]],[[77.179,11.3442],[77.1538,11.3322]],[[77.1625,11.5465],[77.2033,11.5268]],[[77.1874,11.3784],[77.179,11.3442]],[[77.195,11.4245],[77.1874,11.3784]],[[77.2187,11.5176],[77.2275,11.4815],[77.195,11.4245]],[[77.2033,11.5268],[77.2187,11.5176]]]},"properties":{"upc":"N/08014/01001/TN","state":"Tamil Nadu"}},{"type":"Feature","geometry":{"type":"MultiLineString","coordinates":[[[77.5273,12.8575],[77.5471,12.8827],[77.569,12.8946],[77.5729,12.9076]],[[77.0031,11.8156],[77.009,11.828],[76.9556,11.8639],[76.9502,11.8981],[76.9284,11.9141],[76.9254,11.9333],[76.9398,11.9485],[76.9769,12.0367],[76.9864,12.0436],[77.0155,12.0391],[77.0333,12.0606],[77.0559,12.0662],[77.0691,12.0813],[77.0767,12.15],[77.0909,12.1716],[77.1279,12.1854],[77.1422,12.2078],[77.1472,12.2363],[77.1605,12.2471],[77.1533,12.2701],[77.0979,12.3114],[77.064,12.3781],[77.0724,12.388],[77.1028,12.3974],[77.1583,12.4017],[77.2155,12.4229],[77.2714,12.4289],[77.3253,12.4565],[77.3966,12.5068],[77.4073,12.529],[77.4071,12.5608],[77.4339,12.5952],[77.4323,12.6347],[77.4807,12.7026],[77.4878,12.7665],[77.5128,12.7939],[77.5127,12.83],[77.5273,12.8575]]]},"properties":{"upc":"N/08014/03001/KA","state":"Karnataka"}},{"type":"Feature","geometry":{"type":"MultiLineString","coordinates":[[[74.1138,26.0713],[74.1131,26.0846],[74.0988,26.0885],[74.0842,26.1095],[74.0258,26.1425],[73.9983,26.1638],[73.9938,26.1772],[73.954,26.196],[73.9004,26.2045],[73.7894,26.2048],[73.7507,26.2199],[73.7267,26.2085],[73.6473,26.2168],[73.4994,26.2651],[73.4158,26.2822],[73.2732,26.2663],[73.1988,26.2956],[73.1471,26.3382],[73.1393,26.3351]]]},"properties":{"upc":"N/08015/01001/RJ","state":"Rajasthan"}},{"type":"Feature","geometry":{"type":"MultiLineString","coordinates":[[[73.1137,26.4635],[73.1534,26.427],[73.1957,26.4167],[73.2446,26.3885],[73.2527,26.3622],[73.2406,26.3355],[73.245,26.2848],[73.239,26.2682]]]},"properties":{"upc":"N/08015/02001/RJ","state":"Rajasthan"}},{"type":"Feature","geometry":{"type":"MultiLineString","coordinates":[[[72.968,26.3217],[72.9134,26.3094],[72.8927,26.3178],[72.8318,26.317],[72.8102,26.3246],[72.7807,26.3148],[72.6885,26.3172],[72.6349,26.2836],[72.5817,26.3194],[72.5624,26.3097],[72.5225,26.3495],[72.5153,26.3782],[72.4925,26.3921],[72.4894,26.4189],[72.4793,26.4312],[72.4392,26.4338],[72.4369,26.4439],[72.4022,26.4743],[72.3945,26.5154],[72.3714,26.5495],[72.3266,26.5716],[72.3223,26.6014],[72.3299,26.6394],[72.3203,26.7041],[72.3321,26.7452],[72.311,26.821],[72.2551,26.8232],[72.2117,26.8477],[72.1875,26.8439],[72.1566,26.8557],[72.1177,26.8522],[72.0316,26.8711],[72.0095,26.8852],[71.9483,26.9008],[71.9224,26.9209]]]},"properties":{"upc":"N/08015/03001/RJ","state":"Rajasthan"}},{"type":"Feature","geometry":{"type":"MultiLineString","coordinates":[[[85.1168,25.5831],[85.196,25.5852],[85.249,25.5705],[85.2722,25.5268],[85.2647,25.5093],[85.2773,25.4924],[85.3519,25.4858],[85.3833,25.47],[85.4253,25.4713],[85.461,25.4561],[85.5377,25.4494]]]},"properties":{"upc":"N/08017/01001/BR","state":"Bihar"}},{"type":"Feature","geometry":{"type":"MultiLineString","coordinates":[[[85.5377,25.4496],[85.6423,25.4327],[85.6701,25.4444],[85.7026,25.4374],[85.7739,25.4398],[85.8613,25.4058],[85.8726,25.3929],[85.956,25.3762]]]},"properties":{"upc":"N/08017/02001/BR","state":"Bihar"}},{"type":"Feature","geometry":{"type":"MultiLineString","coordinates":[[[85.9543,25.3765],[85.9832,25.3589],[86.0119,25.388]]]},"properties":{"upc":"N/08017/03001/BR","state":"Bihar"}},{"type":"Feature","geometry":{"type":"MultiLineString","coordinates":[[[86.0113,25.3875],[86.0279,25.4469],[86.1632,25.413],[86.2508,25.4086],[86.3283,25.4268],[86.4103,25.4208],[86.4321,25.4359],[86.4547,25.4809],[86.4895,25.5065]]]},"properties":{"upc":"N/08017/04001/BR","state":"Bihar"}},{"type":"Feature","geometry":{"type":"MultiLineString","coordinates":[[[86.4895,25.5066],[86.5881,25.5055],[86.7276,25.4056],[86.9109,25.4003],[86.9285,25.411],[86.9662,25.4014],[86.9699,25.3883],[87.0529,25.376],[87.0836,25.3836],[87.114,25.3778],[87.1698,25.398],[87.205,25.3966],[87.261,25.4555],[87.2689,25.4883],[87.3231,25.5326],[87.344,25.536],[87.3477,25.5519],[87.3962,25.584],[87.4083,25.661],[87.4465,25.7055],[87.4668,25.7503],[87.5263,25.7694],[87.543,25.7918]]]},"properties":{"upc":"N/08017/05001/BR","state":"Bihar"}},{"type":"Feature","geometry":{"type":"MultiLineString","coordinates":[[[81.2501,26.1771],[81.2696,26.1682],[81.2973,26.1268],[81.3966,26.0596],[81.4408,26.0346],[81.4725,26.0363],[81.4863,26.0158],[81.5071,26.0032],[81.6024,25.9725],[81.6455,25.9465],[81.7316,25.9284],[81.8072,25.9337],[81.8533,25.9203],[81.8991,25.8906],[81.9243,25.8917],[81.9948,25.8721],[82.0231,25.8128],[82.0772,25.7553],[82.1381,25.727],[82.1763,25.6792],[82.2141,25.6789],[82.2251,25.6592],[82.2644,25.6606],[82.4869,25.7028],[82.5646,25.7426],[82.6333,25.7396]]]},"properties":{"upc":"N/08018/02001/UP","state":"Uttar Pradesh"}},{"type":"Feature","geometry":{"type":"MultiLineString","coordinates":[[[79.4682,11.9061],[79.4768,11.8992],[79.5106,11.8981]],[[79.5107,11.8983],[79.5197,11.9014]],[[79.5197,11.9014],[79.5639,11.8968]],[[79.5639,11.8968],[79.5827,11.9027],[79.5982,11.9225],[79.6363,11.9182]],[[79.6448,11.918],[79.6821,11.9185],[79.7029,11.9073]],[[79.7029,11.9073],[79.714,11.9018]]]},"properties":{"upc":"N/08019/01002/TN","state":"Tamil Nadu"}},{"type":"Feature","geometry":{"type":"MultiLineString","coordinates":[[[79.714,11.9018],[79.7574,11.881],[79.7656,11.8651],[79.7605,11.8048],[79.7291,11.7714],[79.7116,11.7031],[79.7224,11.6809],[79.7466,11.6701],[79.7327,11.6327]]]},"properties":{"upc":"N/08019/02002/TN","state":"Tamil Nadu"}},{"type":"Feature","geometry":{"type":"MultiLineString","coordinates":[[[79.7327,11.6327],[79.7132,11.5823],[79.7241,11.5553],[79.7093,11.4453],[79.6967,11.426],[79.6746,11.4239],[79.6739,11.4036],[79.6976,11.3695],[79.708,11.2777],[79.7212,11.2696],[79.7254,11.2511],[79.7204,11.2249],[79.7327,11.2119],[79.7522,11.2151],[79.7554,11.2076]]]},"properties":{"upc":"N/08019/03002/TN","state":"Tamil Nadu"}},{"type":"Feature","geometry":{"type":"MultiLineString","coordinates":[[[79.7546,11.2005],[79.7622,11.1643],[79.7819,11.1366]],[[79.7819,11.1366],[79.7989,11.1173]],[[79.7974,10.8815],[79.7999,10.8707]],[[79.8169,10.9502],[79.8118,10.9002],[79.7974,10.8815]],[[79.7989,11.1173],[79.7997,11.1037]],[[79.7997,11.1037],[79.817,11.0648]],[[79.7999,10.8707],[79.8217,10.8294]],[[79.8157,10.9765],[79.8165,10.9675]],[[79.8194,10.998],[79.8131,10.9909],[79.8157,10.9765]],[[79.8165,10.9675],[79.8168,10.9525]],[[79.817,11.0648],[79.8231,11.0552]],[[79.8237,11.0037],[79.8194,10.998]],[[79.8222,10.8258],[79.8234,10.8103]],[[79.8231,11.0552],[79.8289,11.0373]],[[79.8234,10.8103],[79.8254,10.8]],[[79.8245,10.7931],[79.8258,10.7709]],[[79.826,10.7668],[79.8249,10.7564]],[[79.8269,11.0319],[79.8264,11.0061]]]},"properties":{"upc":"N/08019/04001/TN","state":"Tamil Nadu"}},{"type":"Feature","geometry":{"type":"MultiLineString","coordinates":[[[81.0032,26.8018],[81.0469,26.7809],[81.1108,26.7707],[81.1868,26.7324],[81.2127,26.7124],[81.2451,26.7012],[81.2768,26.6757],[81.2782,26.6636],[81.3789,26.5957],[81.4138,26.5835],[81.5778,26.4729],[81.6744,26.4479],[81.7795,26.3864],[81.7869,26.3659],[81.8308,26.3612],[81.8646,26.3437],[81.8906,26.313],[81.9396,26.305],[81.982,26.2737],[82.0372,26.2548]]]},"properties":{"upc":"N/08020/01001/UP","state":"Uttar Pradesh"}},{"type":"Feature","geometry":{"type":"MultiLineString","coordinates":[[[82.0361,26.2554],[82.1037,26.2187],[82.1142,26.1989],[82.1432,26.2019],[82.2026,26.1522],[82.2315,26.1455],[82.2418,26.1234],[82.2817,26.1032],[82.2943,26.0823],[82.3452,26.05],[82.3695,26.0122],[82.3687,26.0012],[82.4337,25.9076],[82.4617,25.9033],[82.4846,25.8643],[82.5189,25.8485],[82.531,25.8264]]]},"properties":{"upc":"N/08020/02001/UP","state":"Uttar Pradesh"}},{"type":"Feature","geometry":{"type":"MultiLineString","coordinates":[[[82.531,25.8264],[82.5524,25.8154],[82.5601,25.7961],[82.5891,25.7744],[82.6375,25.7525],[82.6411,25.7378],[82.6603,25.7175],[82.6845,25.7151],[82.6893,25.7018],[82.7255,25.6757],[82.7732,25.6038],[82.7755,25.5575],[82.7943,25.5538],[82.8022,25.5396],[82.788,25.5244],[82.7988,25.483],[82.8359,25.4664],[82.8605,25.4307]]]},"properties":{"upc":"N/08020/03001/UP","state":"Uttar Pradesh"}},{"type":"Feature","geometry":{"type":"MultiLineString","coordinates":[[[76.6317,30.7607],[76.5939,30.8094],[76.5633,30.8182],[76.5637,30.8511]]]},"properties":{"upc":"N/08021/01001/PB","state":"Punjab"}},{"type":"Feature","geometry":{"type":"MultiLineString","coordinates":[[[76.5637,30.8511],[76.5303,30.953],[76.5355,30.9792],[76.5915,31.0201],[76.5989,31.0778],[76.6148,31.0957],[76.589,31.1185],[76.5656,31.1819],[76.5721,31.1842]]]},"properties":{"upc":"N/08021/02001/PB","state":"Punjab"}},{"type":"Feature","geometry":{"type":"MultiLineString","coordinates":[[[76.5699,31.1836],[76.5894,31.186],[76.6165,31.2086],[76.6262,31.2045],[76.6503,31.213],[76.6642,31.2329]]]},"properties":{"upc":"N/08021/03002/HP","state":"Himachal Pradesh"}},{"type":"Feature","geometry":{"type":"MultiLineString","coordinates":[[[77.0614,31.677],[77.0592,31.6686],[77.0713,31.6744]],[[76.9483,31.6812],[76.9532,31.6951],[76.9661,31.7014]],[[77.0313,31.7055],[77.0503,31.675],[77.0614,31.677]],[[76.9669,31.7016],[77.0154,31.7223]],[[77.0154,31.7223],[77.0244,31.7136]],[[77.0244,31.7136],[77.0313,31.7055]],[[76.9459,31.6642],[76.9489,31.6741]],[[76.9439,31.639],[76.9513,31.6449],[76.9459,31.6642]]]},"properties":{"upc":"N/08021/04001/HP","state":"Himachal Pradesh"}},{"type":"Feature","geometry":{"type":"MultiLineString","coordinates":[[[77.076,31.6742],[77.0898,31.6859],[77.2007,31.7125],[77.207,31.7519]]]},"properties":{"upc":"N/08021/05001/HP","state":"Himachal Pradesh"}},{"type":"Feature","geometry":{"type":"MultiLineString","coordinates":[[[77.207,31.7519],[77.1704,31.8388]],[[77.1704,31.8388],[77.1511,31.8962],[77.1151,31.9386],[77.1127,31.9512],[77.1242,31.9728]]]},"properties":{"upc":"N/08021/06001/HP","state":"Himachal Pradesh"}},{"type":"Feature","geometry":{"type":"MultiLineString","coordinates":[[[77.1242,31.9728],[77.1326,31.9896],[77.1263,31.9983],[77.1316,32.0098],[77.1253,32.0149],[77.1313,32.0258],[77.1262,32.0428],[77.1355,32.0562],[77.1215,32.0954],[77.1489,32.1146],[77.1567,32.1452],[77.1706,32.1552],[77.1899,32.1897],[77.1909,32.2484]]]},"properties":{"upc":"N/08021/07001/HP","state":"Himachal Pradesh"}},{"type":"Feature","geometry":{"type":"MultiLineString","coordinates":[[[70.9658,26.9225],[70.9628,26.8874],[71.0087,26.8513],[71.0542,26.8312],[71.1003,26.783],[71.1628,26.7434],[71.1927,26.7106],[71.2099,26.6452],[71.1747,26.5715],[71.1708,26.524],[71.1778,26.5083],[71.2057,26.4933],[71.2163,26.4295],[71.2369,26.4104],[71.2107,26.3456],[71.1912,26.3204],[71.2,26.2599],[71.2497,26.1785],[71.2884,26.1435],[71.3667,26.0087]],[[71.412,25.7482],[71.416,25.761],[71.4026,25.8228]]]},"properties":{"upc":"N/08022/01001/RJ","state":"Rajasthan"}},{"type":"Feature","geometry":{"type":"MultiLineString","coordinates":[[[71.4122,25.7467],[71.3913,25.7294],[71.3839,25.7093],[71.3979,25.6803],[71.3975,25.6131],[71.4105,25.5927],[71.4074,25.5603]],[[71.4075,25.5605],[71.3969,25.4546],[71.3626,25.4324],[71.3486,25.4128],[71.3879,25.3697],[71.4058,25.2738],[71.4275,25.2495],[71.4383,25.209],[71.474,25.1686],[71.4848,25.1314],[71.4961,25.1184],[71.5239,25.1177],[71.6286,25.0703],[71.6398,25.0525],[71.6807,25.0235],[71.6835,24.9826]]]},"properties":{"upc":"N/08022/02001/RJ","state":"Rajasthan"}},{"type":"Feature","geometry":{"type":"MultiLineString","coordinates":[[[71.6835,24.9826],[71.7144,24.9685],[71.7825,24.8103],[71.7643,24.6581]]]},"properties":{"upc":"N/08022/02002/RJ","state":"Rajasthan"}},{"type":"Feature","geometry":{"type":"MultiLineString","coordinates":[[[81.2183,26.2276],[81.1897,26.2398],[81.0656,26.2179],[80.9302,26.1323],[80.9088,26.0667],[80.9121,25.9884],[80.8309,25.9408],[80.774,25.9719],[80.7402,25.9339],[80.7407,25.8858],[80.7106,25.8846],[80.6797,25.8552],[80.6322,25.8475],[80.6203,25.8232],[80.6296,25.7929],[80.6282,25.7624],[80.6005,25.6987],[80.5683,25.6769],[80.5293,25.6206],[80.5025,25.5968],[80.3704,25.4993]]]},"properties":{"upc":"N/08023/01001/UP","state":"Uttar Pradesh"}},{"type":"Feature","geometry":{"type":"MultiLineString","coordinates":[[[81.2495,26.2501],[81.2417,26.244]],[[81.3642,26.3147],[81.2495,26.2501]],[[81.5453,26.4039],[81.4462,26.349],[81.3642,26.3147]],[[81.6632,26.4655],[81.642,26.4614],[81.6208,26.443],[81.5933,26.4387],[81.5453,26.4039]],[[81.6802,26.4713],[81.6632,26.4655]],[[81.7103,26.4784],[81.6802,26.4713]],[[81.7296,26.481],[81.7103,26.4784]],[[81.7611,26.5037],[81.7296,26.481]],[[81.8635,26.5655],[81.7611,26.5037]],[[81.9063,26.5921],[81.8635,26.5655]],[[81.9525,26.6356],[81.9272,26.6049],[81.9063,26.5921]],[[82.013,26.6732],[81.9525,26.6356]],[[82.0983,26.7241],[82.013,26.6732]],[[82.1419,26.7608],[82.0983,26.7241]]]},"properties":{"upc":"N/08023/03001/UP","state":"Uttar Pradesh"}},{"type":"Feature","geometry":{"type":"MultiLineString","coordinates":[[[80.5817,28.4271],[80.5667,28.4186],[80.5495,28.3733],[80.5358,28.3585],[80.5226,28.3577],[80.4697,28.3227],[80.3511,28.3011],[80.3399,28.2871],[80.2976,28.2685],[80.2602,28.2193],[80.2574,28.1919],[80.1164,28.0821],[80.1031,28.0561],[80.0551,28.0399],[79.9368,27.9321],[79.8983,27.9157],[79.8757,27.8651],[79.9091,27.82],[79.9261,27.8156],[79.934,27.8028],[79.9404,27.7555],[79.9336,27.6867],[79.9366,27.6713],[79.9551,27.6654],[79.9677,27.6455],[79.9589,27.6249],[80.0016,27.5761],[80.0292,27.5082],[80.1161,27.445],[80.1204,27.4286],[80.1026,27.3983],[80.1049,27.3838],[80.1474,27.3471],[80.1828,27.3337],[80.2106,27.2782],[80.2622,27.2154],[80.3401,27.1593],[80.3837,27.1085],[80.4254,27.1031],[80.5225,27.0557],[80.5506,27.0181],[80.5932,26.9924],[80.6113,26.9653],[80.6357,26.9482],[80.6658,26.9331],[80.7016,26.9347],[80.7683,26.8848],[80.8702,26.8733]]]},"properties":{"upc":"N/08024/01002/UP","state":"Uttar Pradesh"}},{"type":"Feature","geometry":{"type":"MultiLineString","coordinates":[[[85.5663,24.5837],[85.536,24.5869],[85.5138,24.6033]]]},"properties":{"upc":"N/08025/01002/BR","state":"Bihar"}},{"type":"Feature","geometry":{"type":"MultiLineString","coordinates":[[[85.5138,24.6033],[85.4915,24.6404],[85.5071,24.6862]],[[85.5071,24.6862],[85.5439,24.8095],[85.5483,24.8501],[85.5467,24.8681],[85.5278,24.8923],[85.5369,24.9208],[85.5272,25.0067]]]},"properties":{"upc":"N/08025/01003/BR","state":"Bihar"}},{"type":"Feature","geometry":{"type":"MultiLineString","coordinates":[[[85.5048,25.195],[85.5029,25.2234],[85.5183,25.2497]],[[85.5236,25.1205],[85.5048,25.195]],[[85.518,25.2615],[85.525,25.3583],[85.5423,25.3955],[85.5373,25.446]],[[85.5255,25.1094],[85.5236,25.1205]],[[85.5311,25.0764],[85.5255,25.1094]],[[85.5272,25.0067],[85.5311,25.0764]]]},"properties":{"upc":"N/08025/01004/BR","state":"Bihar"}},{"type":"Feature","geometry":{"type":"MultiLineString","coordinates":[[[85.5706,24.4528],[85.6009,24.4976],[85.5967,24.5316],[85.5765,24.5482],[85.5785,24.5676],[85.5663,24.5837]]]},"properties":{"upc":"N/08025/03001/JH","state":"Jharkhand"}},{"type":"Feature","geometry":{"type":"MultiLineString","coordinates":[[[85.4176,24.3056],[85.4305,24.3429],[85.4753,24.3523],[85.4897,24.4138],[85.5071,24.4197],[85.5258,24.4423],[85.5412,24.44],[85.5706,24.4528]]]},"properties":{"upc":"N/08025/04001/JH","state":"Jharkhand"}},{"type":"Feature","geometry":{"type":"MultiLineString","coordinates":[[[85.4176,24.3056],[85.4045,24.2583],[85.4047,24.2278],[85.3778,24.1635],[85.394,24.0919],[85.3851,24.0401],[85.3904,24.0057],[85.4003,23.9918],[85.3728,23.9622]]]},"properties":{"upc":"N/08025/05001/JH","state":"Jharkhand"}},{"type":"Feature","geometry":{"type":"MultiLineString","coordinates":[[[85.3728,23.9622],[85.3763,23.9367],[85.421,23.8875],[85.4319,23.886],[85.4752,23.7822],[85.5006,23.7525],[85.5042,23.7351],[85.52,23.724],[85.5125,23.7033],[85.5274,23.6919],[85.5313,23.6703],[85.5565,23.6478],[85.5543,23.6234],[85.532,23.5992],[85.5379,23.5848],[85.5282,23.5654],[85.4979,23.5387],[85.5,23.5106],[85.4747,23.4757],[85.4321,23.4449]]]},"properties":{"upc":"N/08025/06001/JH","state":"Jharkhand"}},{"type":"Feature","geometry":{"type":"MultiLineString","coordinates":[[[77.6938,27.4121],[77.7531,27.4157],[77.7512,27.5306],[77.8048,27.5496],[77.8142,27.5769],[77.859,27.5947]]]},"properties":{"upc":"N/08026/02002/UP","state":"Uttar Pradesh"}},{"type":"Feature","geometry":{"type":"MultiLineString","coordinates":[[[77.6938,27.4186],[77.6947,27.4056]]]},"properties":{"upc":"N/08026/02003/UP","state":"Uttar Pradesh"}},{"type":"Feature","geometry":{"type":"MultiLineString","coordinates":[[[77.858,27.5946],[77.9356,27.6042],[78.0407,27.6327],[78.12,27.6212],[78.1292,27.6325],[78.1747,27.6408]]]},"properties":{"upc":"N/08026/02004/UP","state":"Uttar Pradesh"}},{"type":"Feature","geometry":{"type":"MultiLineString","coordinates":[[[79.1521,28.066],[79.2352,28.1387],[79.2956,28.213],[79.3221,28.2244],[79.3264,28.2366],[79.359,28.2597],[79.3637,28.2923],[79.3778,28.2979],[79.395,28.2924]],[[79.339,28.4429],[79.3293,28.4223],[79.3374,28.4053],[79.3626,28.3878],[79.3942,28.2928],[79.4449,28.2831],[79.4916,28.2883],[79.4967,28.2946]]]},"properties":{"upc":"N/08026/03003/UP","state":"Uttar Pradesh"}},{"type":"Feature","geometry":{"type":"MultiLineString","coordinates":[[[75.4133,25.7304],[75.4037,25.7397],[75.402,25.7836],[75.5488,25.8682],[75.5923,25.9035],[75.6053,25.928],[75.6617,25.9716],[75.6848,26.0135],[75.7028,26.0252],[75.722,26.0799],[75.764,26.1344],[75.7873,26.1434],[75.8136,26.1785],[75.8391,26.1922],[75.8629,26.2614],[75.8911,26.283],[75.9117,26.3235],[75.9489,26.356],[75.937,26.4198],[75.9511,26.5131],[75.948,26.5458],[75.9729,26.5775],[75.981,26.611],[75.9715,26.6571],[75.9155,26.6721],[75.8889,26.7139],[75.8331,26.7715]]]},"properties":{"upc":"N/08027/01001/RJ","state":"Rajasthan"}},{"type":"Feature","geometry":{"type":"MultiLineString","coordinates":[[[76.5005,24.2047],[76.5156,24.2495],[76.5113,24.2751],[76.529,24.2917],[76.5292,24.3458],[76.5626,24.3808],[76.5634,24.4153],[76.4748,24.4188],[76.4343,24.4088],[76.3785,24.4346],[76.3595,24.4611],[76.3337,24.4785],[76.2501,24.4971]]]},"properties":{"upc":"N/08028/01001/RJ","state":"Rajasthan"}},{"type":"Feature","geometry":{"type":"MultiLineString","coordinates":[[[77.3697,23.273],[77.3517,23.2891],[77.3533,23.2969],[77.3447,23.2956],[77.3168,23.3183]]]},"properties":{"upc":"N/08028/03002/MP","state":"Madhya Pradesh"}},{"type":"Feature","geometry":{"type":"MultiLineString","coordinates":[[[75.9055,12.4389],[75.9223,12.4367]],[[75.9119,12.4393],[75.9223,12.4367],[75.9119,12.4393]],[[75.927,12.4361],[75.927,12.4361]],[[75.9432,12.4338],[75.9569,12.4279],[75.9432,12.4338]],[[75.9626,12.4243],[75.9678,12.42],[75.9626,12.4243]],[[75.9837,12.4161],[75.9899,12.4175],[75.9837,12.4161]],[[76.0152,12.4027],[76.0097,12.4101]],[[76.0152,12.4027],[76.0097,12.4101]],[[76.0162,12.4013],[76.0199,12.3964],[76.0162,12.4013]],[[76.0201,12.3962],[76.0244,12.3904],[76.0201,12.3962]],[[76.0257,12.389],[76.0257,12.389]],[[76.0401,12.3758],[76.0455,12.3705],[76.0401,12.3758]],[[76.0558,12.3665],[76.0784,12.3671],[76.0558,12.3665]],[[76.0856,12.3658],[76.1017,12.3595],[76.0856,12.3658]],[[76.1154,12.3479],[76.12,12.3401],[76.1154,12.3479]],[[76.1287,12.3325],[76.1417,12.3271],[76.1287,12.3325]],[[76.1501,12.3253],[76.1608,12.325],[76.1501,12.3253]],[[76.1639,12.325],[76.1789,12.3251],[76.1639,12.325]],[[76.1855,12.3261],[76.1916,12.328],[76.1855,12.3261]],[[76.211,12.3268],[76.2278,12.3193],[76.211,12.3268]],[[76.2408,12.3176],[76.2547,12.3197],[76.2408,12.3176]],[[76.2619,12.3219],[76.2752,12.3278],[76.2619,12.3219]]]},"properties":{"upc":"N/08029/01003/KA","state":"Karnataka"}},{"type":"Feature","geometry":{"type":"MultiLineString","coordinates":[[[78.1521,10.4836],[78.1388,10.4664],[78.065,10.4215],[78.0444,10.4163],[78.0003,10.3795],[77.9648,10.3854]],[[78.3831,10.5924],[78.2928,10.5461],[78.2319,10.5285],[78.2026,10.5034],[78.1521,10.4836]],[[78.6176,10.7665],[78.5357,10.7095],[78.5093,10.6768],[78.4374,10.6306],[78.4295,10.6155],[78.3831,10.5923]]]},"properties":{"upc":"N/08031/01001/TN","state":"Tamil Nadu"}},{"type":"Feature","geometry":{"type":"MultiLineString","coordinates":[[[77.1712,9.6107],[77.1772,9.6199],[77.191,9.6195],[77.2363,9.6792],[77.2535,9.6907],[77.2715,9.7176],[77.2644,9.7336],[77.2753,9.7489],[77.3078,9.7633],[77.3217,9.7888],[77.3752,9.8336],[77.4188,9.9411],[77.4384,9.961],[77.4728,10.0378],[77.5342,10.0783],[77.5643,10.1056],[77.5766,10.1293]],[[77.5767,10.1293],[77.6145,10.1308],[77.6313,10.1432],[77.7149,10.1631],[77.7594,10.162],[77.7927,10.1876],[77.8318,10.2542],[77.8663,10.2709],[77.9076,10.3207],[77.949,10.3444],[77.952,10.372]]]},"properties":{"upc":"N/08031/02002/TN","state":"Tamil Nadu"}},{"type":"Feature","geometry":{"type":"MultiLineString","coordinates":[[[78.1644,29.9453],[78.1745,29.9371],[78.186,29.8464],[78.2396,29.8111],[78.2488,29.7927],[78.2764,29.7686],[78.2486,29.7386],[78.2629,29.6916],[78.2477,29.6593],[78.2512,29.6497],[78.2823,29.6402]],[[78.3383,29.5754],[78.3124,29.5893],[78.301,29.6254],[78.2823,29.6402]],[[78.3383,29.5754],[78.3504,29.4608]],[[78.3561,29.441],[78.347,29.4525],[78.3504,29.4608]],[[78.3561,29.441],[78.3931,29.4385]]]},"properties":{"upc":"N/08032/01001/UK","state":"Uttarakhand"}},{"type":"Feature","geometry":{"type":"MultiLineString","coordinates":[[[78.3931,29.4385],[78.4443,29.4232],[78.4483,29.3993],[78.5007,29.3206],[78.54,29.3164],[78.568,29.3263],[78.5721,29.3344],[78.6319,29.3062],[78.6547,29.3226],[78.6749,29.3758],[78.6879,29.3894],[78.7408,29.3751],[78.7659,29.3594],[78.7951,29.301],[78.8357,29.2982],[78.8664,29.2799],[78.8769,29.2519],[78.9073,29.2365],[78.9292,29.2126],[78.9416,29.1759],[78.9634,29.1634],[79.0086,29.1599],[79.0292,29.1469],[79.0866,29.149]]]},"properties":{"upc":"N/08032/02001/UK","state":"Uttarakhand"}},{"type":"Feature","geometry":{"type":"MultiLineString","coordinates":[[[79.0866,29.149],[79.1479,29.1253],[79.166,29.1019]],[[79.166,29.1019],[79.2002,29.0807]],[[79.2002,29.0807],[79.2173,29.0666],[79.2573,29.0569]],[[79.2573,29.0569],[79.2689,29.0477],[79.2765,29.0211],[79.3308,28.9928]],[[79.3308,28.9928],[79.4148,28.9622]],[[79.4148,28.9622],[79.4987,28.9192]],[[79.4987,28.9192],[79.5135,28.8855],[79.526,28.884]],[[79.526,28.884],[79.5401,28.897],[79.5502,28.8933]],[[79.5502,28.8933],[79.6154,28.8632],[79.6311,28.8707]],[[79.6311,28.8707],[79.6419,28.8662],[79.6798,28.8809]],[[79.6798,28.8809],[79.6922,28.9045],[79.7027,28.8996]]]},"properties":{"upc":"N/08032/03001/UK","state":"Uttarakhand"}},{"type":"Feature","geometry":{"type":"MultiLineString","coordinates":[[[75.7657,32.2885],[75.7741,32.2804],[75.8275,32.2766],[75.8769,32.2887],[75.893,32.3011],[75.9538,32.2983],[76.0197,32.2639],[76.0228,32.2554]]]},"properties":{"upc":"N/08033/01002/HP","state":"Himachal Pradesh"}},{"type":"Feature","geometry":{"type":"MultiLineString","coordinates":[[[76.0226,32.2555],[76.0501,32.2437],[76.0545,32.2317],[76.0894,32.2246]]]},"properties":{"upc":"N/08033/01003/HP","state":"Himachal Pradesh"}},{"type":"Feature","geometry":{"type":"MultiLineString","coordinates":[[[76.0882,32.2245],[76.1357,32.2188],[76.1678,32.2278],[76.2081,32.1891],[76.2486,32.1725]]]},"properties":{"upc":"N/08033/02002/HP","state":"Himachal Pradesh"}},{"type":"Feature","geometry":{"type":"MultiLineString","coordinates":[[[84.7783,25.797],[84.8556,25.831],[84.8631,25.8436],[84.8806,25.8463],[84.961,25.9213],[84.9943,25.933],[85.0218,25.9538]],[[84.9963,25.9348],[85.0031,25.9405]],[[85.0036,25.9408],[85.0111,25.9459]],[[85.0186,25.9514],[85.0511,25.9959],[85.073,25.9991],[85.1119,26.0346],[85.1295,26.0341]],[[85.1254,26.0337],[85.1651,26.0384],[85.1886,26.062],[85.2201,26.0747],[85.2459,26.1016],[85.2671,26.1119],[85.3553,26.1214]],[[85.2228,26.0773],[85.2627,26.1097]]]},"properties":{"upc":"N/08034/01001/BR","state":"Bihar"}},{"type":"Feature","geometry":{"type":"MultiLineString","coordinates":[[[83.906,25.5673],[83.8884,25.5659]],[[83.9697,25.5931],[83.9391,25.568]],[[83.9783,25.5989],[83.9697,25.5931]]]},"properties":{"upc":"N/08034/03004/BR","state":"Bihar"}},{"type":"Feature","geometry":{"type":"MultiLineString","coordinates":[[[77.7315,28.9237],[77.7467,28.8883],[77.7426,28.8483],[77.7556,28.801],[77.8261,28.7325],[77.8135,28.7184],[77.7821,28.7059],[77.7865,28.6121],[77.7733,28.6014],[77.7774,28.5686],[77.7951,28.5606],[77.8252,28.4169]]]},"properties":{"upc":"N/08035/01001/UP","state":"Uttar Pradesh"}},{"type":"Feature","geometry":{"type":"MultiLineString","coordinates":[[[77.639,28.9101],[77.6468,29.0011],[77.6748,29.0349],[77.7075,29.049],[77.7252,29.2418],[77.7092,29.2765],[77.7244,29.3203],[77.702,29.3824],[77.6994,29.4233],[77.7346,29.4329],[77.7368,29.4529],[77.7516,29.4698],[77.7438,29.4901],[77.714,29.5203],[77.7306,29.5305]]]},"properties":{"upc":"N/08035/02001/UP","state":"Uttar Pradesh"}},{"type":"Feature","geometry":{"type":"MultiLineString","coordinates":[[[77.7221,29.5265],[77.7711,29.5744],[77.8087,29.6268],[77.8201,29.656],[77.8481,29.6755],[77.8607,29.7891],[77.8734,29.7924],[77.88,29.8122],[77.9086,29.813],[77.9319,29.8325]],[[77.9319,29.8325],[77.9652,29.9001],[78.1276,29.924],[78.1716,29.952],[78.1899,30.0047]]]},"properties":{"upc":"N/08035/04007/UK","state":"Uttarakhand"}},{"type":"Feature","geometry":{"type":"MultiLineString","coordinates":[[[77.2055,13.2648],[77.1973,13.2584],[77.0534,13.281],[77.0411,13.3303],[76.9899,13.4063],[76.9942,13.4494],[77.0128,13.4785],[77.0344,13.4904]]]},"properties":{"upc":"N/08036/01001/KA","state":"Karnataka"}},{"type":"Feature","geometry":{"type":"MultiLineString","coordinates":[[[76.8532,13.3238],[76.7875,13.3392],[76.7209,13.3209]],[[76.9922,13.3307],[76.9763,13.3335],[76.8941,13.3168]],[[76.889,13.3171],[76.8715,13.3184]],[[76.9923,13.3302],[76.948,13.3289],[76.9023,13.3148],[76.8713,13.3178]],[[76.8533,13.3243],[76.7879,13.3398],[76.721,13.3215]],[[77.0265,13.3388],[76.9966,13.3315]],[[77.0267,13.3384],[76.9967,13.331]],[[76.6209,13.3077],[76.5941,13.3034],[76.5647,13.2852]],[[76.6211,13.3082],[76.5939,13.3039],[76.5643,13.2856]],[[76.6619,13.3131],[76.6499,13.3106]],[[76.6499,13.3105],[76.6363,13.307]],[[76.662,13.3125],[76.65,13.3101]],[[76.65,13.3101],[76.6364,13.3065]],[[76.6996,13.3189],[76.6684,13.3136]],[[76.6993,13.3205],[76.6683,13.3142]],[[76.6326,13.3051],[76.6209,13.3078]],[[76.6325,13.3056],[76.621,13.3082]],[[76.8715,13.3183],[76.8533,13.3243]],[[76.8714,13.3179],[76.8532,13.3238]]]},"properties":{"upc":"N/08036/02001/KA","state":"Karnataka"}},{"type":"Feature","geometry":{"type":"MultiLineString","coordinates":[[[76.5645,13.2854],[76.5022,13.2707],[76.4623,13.2856],[76.4307,13.2672],[76.4006,13.2665],[76.3277,13.2779],[76.3006,13.2951],[76.2819,13.2964],[76.2583,13.2832],[76.2334,13.3098],[76.2322,13.3421],[76.1855,13.3885],[76.1721,13.4154],[76.155,13.4237]]]},"properties":{"upc":"N/08036/03001/KA","state":"Karnataka"}},{"type":"Feature","geometry":{"type":"MultiLineString","coordinates":[[[75.8523,13.7014],[75.8188,13.6851],[75.7485,13.7659],[75.7251,13.807],[75.6842,13.8272],[75.6751,13.8645],[75.6466,13.8868],[75.5939,13.9145],[75.5781,13.8983],[75.5337,13.9018],[75.528,13.9382],[75.5155,13.96]]]},"properties":{"upc":"N/08036/05001/KA","state":"Karnataka"}},{"type":"Feature","geometry":{"type":"MultiLineString","coordinates":[[[85.8098,25.2659],[86.0214,25.2249]],[[85.9769,25.3591],[86.0195,25.2281],[86.0552,25.1815],[86.0789,25.1351],[86.1258,25.1162],[86.1923,25.1633],[86.233,25.2059],[86.2748,25.217],[86.334,25.2689],[86.4266,25.291],[86.4664,25.3274],[86.4655,25.3408]]]},"properties":{"upc":"N/08038/01001/BR","state":"Bihar"}},{"type":"Feature","geometry":{"type":"MultiLineString","coordinates":[[[86.4643,25.3407],[86.5295,25.3435]],[[86.5295,25.3436],[86.5285,25.3086],[86.5465,25.2849],[86.6277,25.2327],[86.6421,25.2328]]]},"properties":{"upc":"N/08038/02001/BR","state":"Bihar"}},{"type":"Feature","geometry":{"type":"MultiLineString","coordinates":[[[87.2272,25.2018],[87.2662,25.2039],[87.2904,25.2297],[87.304,25.2702],[87.316,25.2791],[87.3774,25.2898]],[[87.3774,25.2898],[87.4054,25.2871],[87.4221,25.275],[87.4388,25.2821],[87.4788,25.2573],[87.4866,25.2664]],[[87.4866,25.2664],[87.4936,25.2725],[87.5063,25.2651]]]},"properties":{"upc":"N/08038/03001/BR","state":"Bihar"}},{"type":"Feature","geometry":{"type":"MultiLineString","coordinates":[[[86.6421,25.2328],[86.7181,25.2259],[86.7441,25.2158],[86.78,25.2328],[86.9169,25.2255]]]},"properties":{"upc":"N/08038/03002/BR","state":"Bihar"}},{"type":"Feature","geometry":{"type":"MultiLineString","coordinates":[[[86.9208,25.2226],[86.9635,25.2048],[87.0016,25.2186]],[[87.0016,25.2186],[87.0392,25.2208],[87.1306,25.2082],[87.1494,25.1989],[87.2272,25.2018]]]},"properties":{"upc":"N/08038/03003/BR","state":"Bihar"}},{"type":"Feature","geometry":{"type":"MultiLineString","coordinates":[[[74.2329,26.7098],[74.1967,26.671],[74.1897,26.6443]],[[74.2329,26.7098],[74.2588,26.7562],[74.2593,26.8036],[74.2722,26.8114],[74.2726,26.8317],[74.3053,26.8915],[74.2993,26.9037]],[[74.3217,27.1233],[74.3451,27.1657],[74.3405,27.1976],[74.3523,27.22],[74.3449,27.2736],[74.3299,27.2767],[74.307,27.2989],[74.3223,27.3158],[74.3341,27.3873],[74.3453,27.406],[74.3554,27.4778],[74.3479,27.5265]],[[74.3218,27.1233],[74.2979,27.1207],[74.2769,27.1063],[74.2341,27.0639],[74.2137,27.0543],[74.1711,27.0078],[74.2011,26.9793],[74.2334,26.9651],[74.2735,26.9181],[74.2993,26.9036]],[[74.0874,26.6477],[74.0696,26.6455],[74.0357,26.6094]],[[74.0875,26.6478],[74.1897,26.6443]]]},"properties":{"upc":"N/08039/01001/RJ","state":"Rajasthan"}},{"type":"Feature","geometry":{"type":"MultiLineString","coordinates":[[[83.3396,26.6992],[83.3326,26.7067]],[[83.3753,26.6389],[83.3446,26.6935]],[[83.426,26.5714],[83.3774,26.6349]],[[83.4236,26.4872],[83.4169,26.5073],[83.4264,26.5243],[83.4106,26.5391],[83.426,26.5714]],[[83.4396,26.4468],[83.4236,26.4872]],[[83.4473,26.4253],[83.4401,26.4449]],[[83.4579,26.3905],[83.4491,26.4203]],[[83.4975,26.3045],[83.4579,26.3905]],[[83.4769,26.2551],[83.4772,26.2668]],[[83.5197,26.1954],[83.5113,26.2282],[83.4787,26.2422],[83.4769,26.2551]],[[83.4772,26.2668],[83.4774,26.2786]],[[83.4774,26.2786],[83.4795,26.2901],[83.4975,26.3045]]]},"properties":{"upc":"N/08040/01001/UP","state":"Uttar Pradesh"}},{"type":"Feature","geometry":{"type":"MultiLineString","coordinates":[[[83.5227,26.1447],[83.5325,26.1556],[83.5197,26.1954]],[[83.553,26.0779],[83.5243,26.1117],[83.5227,26.1447]],[[83.5455,25.8927],[83.5234,25.9064],[83.5244,25.9188]],[[83.5266,25.9684],[83.5485,25.9922]],[[83.5268,25.9257],[83.5319,25.9514],[83.5267,25.9616]],[[83.543,25.705],[83.5447,25.7167]],[[83.5517,25.6735],[83.543,25.705]],[[83.5447,25.7167],[83.5491,25.7406]],[[83.5485,25.9922],[83.5622,25.9979],[83.5599,26.0154]],[[83.5491,25.7406],[83.5546,25.7869]],[[83.5592,25.8834],[83.5493,25.8909]],[[83.5648,26.0465],[83.5531,26.0776]],[[83.5546,25.7869],[83.558,25.8459]],[[83.5572,26.023],[83.5648,26.0465]],[[83.558,25.8459],[83.5583,25.8617]],[[83.5583,25.8617],[83.5592,25.8834]]]},"properties":{"upc":"N/08040/02001/UP","state":"Uttar Pradesh"}},{"type":"Feature","geometry":{"type":"MultiLineString","coordinates":[[[83.0611,25.3851],[83.1022,25.4419],[83.1043,25.4549],[83.1534,25.4889],[83.1409,25.5003],[83.1449,25.5251],[83.2369,25.5536],[83.2578,25.5426],[83.3168,25.5389],[83.3591,25.5492],[83.3904,25.5447],[83.4651,25.5642],[83.5373,25.5939],[83.5515,25.6732]]]},"properties":{"upc":"N/08040/03001/UP","state":"Uttar Pradesh"}},{"type":"Feature","geometry":{"type":"MultiLineString","coordinates":[[[82.6373,26.5368],[82.5694,26.461],[82.5827,26.4461],[82.5789,26.4328],[82.5644,26.4153],[82.5381,26.4022],[82.509,26.4132],[82.4769,26.4136],[82.3508,26.3728],[82.2965,26.3681],[82.2866,26.3549],[82.1549,26.3243],[82.129,26.3404],[82.1122,26.3386]]]},"properties":{"upc":"N/08041/01001/UP","state":"Uttar Pradesh"}},{"type":"Feature","geometry":{"type":"MultiLineString","coordinates":[[[77.012,10.6957],[77.0201,10.7476],[77.0142,10.7881],[77.0193,10.8227],[76.9984,10.9038],[76.9809,10.9293]]]},"properties":{"upc":"N/08042/01001/TN","state":"Tamil Nadu"}},{"type":"Feature","geometry":{"type":"MultiLineString","coordinates":[[[77.3604,10.5678],[77.4029,10.5479],[77.4259,10.5241],[77.4968,10.4908],[77.6438,10.48],[77.7387,10.4984]]]},"properties":{"upc":"N/08042/02001/TN","state":"Tamil Nadu"}},{"type":"Feature","geometry":{"type":"MultiLineString","coordinates":[[[77.3535,10.5698],[77.2953,10.6022],[77.2148,10.6137],[77.176,10.6117],[77.0981,10.6342],[77.0776,10.6575],[77.0204,10.6965],[77.0169,10.7117]],[[77.2704,10.6053],[77.2898,10.5796],[77.2998,10.5795]],[[77.2177,10.5919],[77.2332,10.6094]]]},"properties":{"upc":"N/08042/02002/TN","state":"Tamil Nadu"}},{"type":"Feature","geometry":{"type":"MultiLineString","coordinates":[[[77.8111,10.4639],[77.7752,10.4833]],[[77.8093,10.4542],[77.8133,10.4627]],[[77.8112,10.436],[77.8093,10.4542]],[[77.819,10.4176],[77.8156,10.43]],[[77.8175,10.4011],[77.819,10.4176]],[[77.8202,10.3898],[77.8175,10.4011]],[[77.8327,10.3701],[77.8202,10.3898]],[[77.8352,10.357],[77.8327,10.3701]],[[77.8363,10.3347],[77.833,10.3461]],[[77.8331,10.3466],[77.8352,10.357]],[[77.8483,10.3218],[77.8366,10.3343]],[[77.8686,10.2708],[77.8521,10.3157]],[[77.873,10.2532],[77.8692,10.2688]],[[77.8879,10.2361],[77.8752,10.2491]],[[77.8982,10.2216],[77.8899,10.2337]]]},"properties":{"upc":"N/08042/02003/TN","state":"Tamil Nadu"}},{"type":"Feature","geometry":{"type":"MultiLineString","coordinates":[[[77.7752,10.4833],[77.7663,10.5011],[77.7527,10.5052],[77.7387,10.4984]]]},"properties":{"upc":"N/08042/03001/TN","state":"Tamil Nadu"}},{"type":"Feature","geometry":{"type":"MultiLineString","coordinates":[[[74.9953,13.1943],[74.9914,13.1495],[74.9992,13.0954],[74.9935,13.0828],[74.9735,13.0831],[74.9656,13.0671],[74.9695,13.0097],[74.9525,12.9772],[74.9333,12.9614],[74.9334,12.9452],[74.9432,12.9345],[74.9213,12.9319],[74.8939,12.9081],[74.8869,12.8878],[74.8728,12.883]]]},"properties":{"upc":"N/08043/01001/KA","state":"Karnataka"}},{"type":"Feature","geometry":{"type":"MultiLineString","coordinates":[[[80.0979,29.08],[80.107,29.0766],[80.1022,29.0566],[80.0706,28.9931],[80.053,28.9744],[80.017,28.9702],[80.0038,28.9542],[79.9706,28.9548],[79.947,28.9459],[79.9358,28.9309],[79.8712,28.9402],[79.8329,28.9278],[79.7931,28.9396],[79.7235,28.9313],[79.7021,28.9171]]]},"properties":{"upc":"N/08044/01001/UK","state":"Uttarakhand"}},{"type":"Feature","geometry":{"type":"MultiLineString","coordinates":[[[79.1682,10.7806],[79.1928,10.8399],[79.1946,10.8676],[79.2692,10.8922],[79.2923,10.9074],[79.3123,10.9337],[79.3452,10.9399],[79.3542,10.9694],[79.3887,10.9823],[79.4008,10.997],[79.4106,11.043],[79.4251,11.069]]]},"properties":{"upc":"N/08045/01001/TN","state":"Tamil Nadu"}},{"type":"Feature","geometry":{"type":"MultiLineString","coordinates":[[[79.5101,11.3668],[79.4613,11.1849],[79.4428,11.1424],[79.4545,11.1027],[79.4464,11.0847],[79.4246,11.0686]],[[79.5623,11.4864],[79.5393,11.4439],[79.5246,11.4328],[79.5101,11.3668]],[[79.5348,12.0173],[79.5591,11.7998],[79.5892,11.7673],[79.5861,11.7518],[79.5515,11.7387],[79.5525,11.5845],[79.5708,11.5728],[79.5776,11.5564],[79.5591,11.5329],[79.5678,11.5119],[79.5615,11.4819]]]},"properties":{"upc":"N/08045/02001/TN","state":"Tamil Nadu"}},{"type":"Feature","geometry":{"type":"MultiLineString","coordinates":[[[78.6132,9.5155],[78.64,9.4983]],[[78.6404,9.498],[78.6828,9.4262]],[[78.6539,9.4762],[78.6404,9.498]],[[78.6743,9.4361],[78.6539,9.4762]],[[78.6855,9.4223],[78.7051,9.4101]],[[78.689,9.4184],[78.6775,9.4334]],[[78.7053,9.4099],[78.7127,9.3999],[78.7053,9.4099]],[[78.7168,9.396],[78.7413,9.3779]],[[78.7229,9.3894],[78.7175,9.3952]],[[78.7412,9.3779],[78.7713,9.3704]],[[78.7712,9.3704],[78.8129,9.3772]],[[78.7764,9.3696],[78.8076,9.3736],[78.8333,9.3945],[78.8499,9.3926],[78.8616,9.3779]],[[78.8129,9.3772],[78.8232,9.3866]],[[78.8275,9.3905],[78.8342,9.3945]],[[78.8616,9.3779],[78.851,9.3917]],[[78.8616,9.3778],[78.8975,9.3483],[78.8914,9.3575]],[[78.867,9.3677],[78.8616,9.3779]],[[78.8976,9.3483],[78.9101,9.3445]],[[78.9114,9.3442],[78.952,9.3403],[79.0164,9.3093]],[[78.9385,9.3416],[78.9497,9.3407]],[[78.9527,9.34],[78.9658,9.335]],[[78.9731,9.3328],[78.9862,9.3265]],[[79.0165,9.3091],[79.0398,9.2921],[79.0879,9.2766],[79.1565,9.2795]],[[79.0219,9.303],[79.0311,9.2977]],[[79.0414,9.2914],[79.0504,9.2878]],[[79.0525,9.2871],[79.0621,9.2845]],[[79.0727,9.2802],[79.0872,9.2768]],[[79.0913,9.2763],[79.1131,9.2788]],[[79.1141,9.2788],[79.1242,9.2782]],[[79.1249,9.2781],[79.1381,9.2811]]]},"properties":{"upc":"N/08046/02001/TN","state":"Tamil Nadu"}},{"type":"Feature","geometry":{"type":"MultiLineString","coordinates":[[[79.1719,9.2811],[79.186,9.2821]],[[79.1889,9.282],[79.209,9.2806]],[[79.2118,9.2796],[79.2194,9.2742]],[[79.2267,9.2726],[79.254,9.2777]],[[79.2817,9.2797],[79.2999,9.2767]],[[79.3482,9.2238],[79.3613,9.2141]]]},"properties":{"upc":"N/08046/03001/TN","state":"Tamil Nadu"}},{"type":"Feature","geometry":{"type":"MultiLineString","coordinates":[[[78.7311,10.7016],[78.7478,10.6236],[78.7753,10.5853],[78.7782,10.4712],[78.7901,10.4083],[78.7871,10.3591],[78.7722,10.3369],[78.7705,10.295],[78.7518,10.2583],[78.7511,10.2324],[78.772,10.1839],[78.7617,10.1095],[78.7262,10.0736],[78.7578,10.0427]]]},"properties":{"upc":"N/08047/01001/TN","state":"Tamil Nadu"}},{"type":"Feature","geometry":{"type":"MultiLineString","coordinates":[[[78.8529,9.3905],[78.8913,9.4692],[78.8597,9.5525],[78.8653,9.6682],[78.8927,9.7973],[78.8508,9.863],[78.8453,9.9026],[78.8342,9.9194],[78.813,9.927],[78.7578,10.0427]]]},"properties":{"upc":"N/08047/02001/TN","state":"Tamil Nadu"}},{"type":"Feature","geometry":{"type":"MultiLineString","coordinates":[[[79.6669,12.2448],[79.6507,12.2563],[79.6018,12.2451],[79.4987,12.2571],[79.436,12.2487],[79.4236,12.2519],[79.4232,12.2622],[79.4141,12.2668],[79.3795,12.2507],[79.2794,12.2408],[79.2349,12.247],[79.2243,12.2583],[79.197,12.2399],[79.1008,12.2375],[79.0866,12.2107],[79.0386,12.2084],[79.0277,12.2126],[79.0203,12.2361],[78.9859,12.2539],[78.8888,12.2804],[78.8546,12.2779],[78.808,12.3006],[78.7859,12.2848],[78.7467,12.282],[78.7052,12.264],[78.6835,12.2655],[78.6072,12.2476],[78.5093,12.2825],[78.4649,12.3406],[78.4059,12.3771],[78.3323,12.4746],[78.2304,12.5154]]]},"properties":{"upc":"N/08048/01002/TN","state":"Tamil Nadu"}},{"type":"Feature","geometry":{"type":"MultiLineString","coordinates":[[[78.7246,10.8988],[78.7482,10.8872],[78.7718,10.8863],[78.7882,10.8908],[78.7992,10.9072],[78.845,10.9078],[78.8593,10.9255],[78.8762,10.9241],[78.8993,10.937],[78.9072,10.9535],[78.9254,10.9564],[79.0063,11.0325],[79.0162,11.0333]]]},"properties":{"upc":"N/08049/01001/TN","state":"Tamil Nadu"}},{"type":"Feature","geometry":{"type":"MultiLineString","coordinates":[[[79.0162,11.0333],[79.0303,11.0413],[79.0434,11.0369],[79.0704,11.0538],[79.0812,11.0487],[79.128,11.0733],[79.1329,11.0895],[79.1642,11.1102],[79.2693,11.1504],[79.3114,11.1931],[79.337,11.2011],[79.3737,11.1912],[79.3873,11.2121],[79.4669,11.2057]]]},"properties":{"upc":"N/08049/02001/TN","state":"Tamil Nadu"}},{"type":"Feature","geometry":{"type":"MultiLineString","coordinates":[[[79.4757,11.236],[79.4908,11.2468],[79.5267,11.2536],[79.5371,11.2692],[79.5616,11.2657],[79.5714,11.2983],[79.6254,11.3147],[79.6412,11.3349],[79.6407,11.3468],[79.6821,11.3853]]]},"properties":{"upc":"N/08049/03002/TN","state":"Tamil Nadu"}},{"type":"Feature","geometry":{"type":"MultiLineString","coordinates":[[[82.6367,26.6083],[82.6159,26.5913]],[[82.6159,26.5913],[82.6122,26.5667],[82.6375,26.5329],[82.6911,26.523],[82.7511,26.4709],[82.7814,26.4561],[82.8181,26.4009],[82.8517,26.382]],[[82.8529,26.3817],[82.9063,26.3587],[82.9388,26.3224],[83.0032,26.2791]]]},"properties":{"upc":"N/08050/01001/UP","state":"Uttar Pradesh"}},{"type":"Feature","geometry":{"type":"MultiLineString","coordinates":[[[83.0018,26.28],[83.0835,26.2099],[83.0867,26.1931],[83.1031,26.1808],[83.1656,26.0933],[83.1478,26.0692],[83.1452,26.045],[83.1162,26.0224],[83.1187,25.9981],[83.094,25.9864],[83.0783,25.9888],[83.0332,25.966],[83.0156,25.8794]]]},"properties":{"upc":"N/08050/02001/UP","state":"Uttar Pradesh"}},{"type":"Feature","geometry":{"type":"MultiLineString","coordinates":[[[83.0156,25.8794],[83.0036,25.8644],[83.0058,25.8398],[82.9906,25.8032],[82.9958,25.7872],[82.9906,25.7598],[82.9994,25.7444],[82.9876,25.7232],[82.99,25.6316],[82.9951,25.5807],[83.0018,25.5556],[83.012,25.5486],[82.9864,25.484],[83.0022,25.4631],[82.9968,25.3884]]]},"properties":{"upc":"N/08050/03001/UP","state":"Uttar Pradesh"}},{"type":"Feature","geometry":{"type":"MultiLineString","coordinates":[[[86.6395,25.4664],[86.6546,25.4822],[86.6504,25.5076],[86.6602,25.5301],[86.7167,25.5285],[86.7429,25.5723],[86.7295,25.6081],[86.7239,25.675],[86.7103,25.6858],[86.712,25.7069],[86.6921,25.7021],[86.6668,25.7231],[86.5762,25.7343],[86.5279,25.7993],[86.5213,25.8285],[86.5334,25.8521],[86.5977,25.8572],[86.6465,25.8914],[86.7495,25.9108]]]},"properties":{"upc":"N/08052/01001/BR","state":"Bihar"}},{"type":"Feature","geometry":{"type":"MultiLineString","coordinates":[[[86.7495,25.9108],[86.767,25.9109],[86.7694,25.8884],[86.8009,25.8862],[86.8408,25.9094],[86.867,25.914],[86.9534,25.8936],[86.9889,25.9089],[87.0078,25.9056],[87.0498,25.9145],[87.122,25.8856],[87.1345,25.9072],[87.1592,25.9108],[87.2404,25.8793],[87.2481,25.8668],[87.2608,25.8696],[87.2994,25.8488],[87.3064,25.8524],[87.3855,25.8291],[87.425,25.7956],[87.4472,25.7904],[87.4651,25.7467]]]},"properties":{"upc":"N/08052/02001/BR","state":"Bihar"}},{"type":"Feature","geometry":{"type":"MultiLineString","coordinates":[[[76.1105,28.845],[76.1312,28.8574],[76.1607,28.9086],[76.161,28.9272],[76.1706,28.9376],[76.1779,29.0192]],[[76.1779,29.0192],[76.1959,29.0653],[76.1998,29.1047],[76.2207,29.147],[76.2225,29.1814]],[[76.2225,29.1814],[76.2357,29.2072],[76.301,29.2683],[76.3091,29.2949],[76.3242,29.296]],[[76.3242,29.296],[76.3457,29.2974]],[[76.3458,29.2974],[76.3493,29.3086]]]},"properties":{"upc":"N/08054/01001/HR","state":"Haryana"}},{"type":"Feature","geometry":{"type":"MultiLineString","coordinates":[[[76.3676,29.4312],[76.583,29.5096]],[[76.4507,29.4637],[76.466,29.469]],[[76.583,29.5096],[76.6452,29.542],[76.6711,29.5682],[76.7105,29.5897],[76.7449,29.5995],[76.7922,29.6272],[76.9034,29.6608],[76.923,29.6864],[76.9725,29.6911]]]},"properties":{"upc":"N/08054/02001/HR","state":"Haryana"}},{"type":"Feature","geometry":{"type":"MultiLineString","coordinates":[[[84.3498,26.2943],[84.3428,26.3421],[84.3474,26.3791],[84.4279,26.4614],[84.4249,26.4749]],[[84.3505,26.2752],[84.347,26.3338]],[[84.3804,26.4111],[84.4019,26.4372]],[[84.702,25.7893],[84.4985,26.0076],[84.4796,26.0534],[84.4186,26.1548],[84.4048,26.1565],[84.4085,26.1717],[84.3884,26.2017],[84.3905,26.2181],[84.3793,26.2432],[84.3498,26.2566],[84.3506,26.2775]]]},"properties":{"upc":"N/08055/01001/BR","state":"Bihar"}},{"type":"Feature","geometry":{"type":"MultiLineString","coordinates":[[[84.6866,25.8029],[84.7,25.8115],[84.7806,25.8006],[84.8069,25.7775],[84.8059,25.7655],[84.8265,25.7383],[84.8514,25.7326],[84.9256,25.7476],[85.0071,25.7502],[85.0276,25.7639],[85.0297,25.777],[85.0639,25.7843],[85.1293,25.7526],[85.1434,25.7355],[85.1399,25.7163],[85.1492,25.7062],[85.2217,25.7023]]]},"properties":{"upc":"N/08055/02001/BR","state":"Bihar"}},{"type":"Feature","geometry":{"type":"MultiLineString","coordinates":[[[76.8307,30.3388],[76.8371,30.347],[76.9686,30.3006]]]},"properties":{"upc":"N/08056/01001/HR","state":"Haryana"}},{"type":"Feature","geometry":{"type":"MultiLineString","coordinates":[[[77.347,30.0748],[77.2518,30.0858],[77.2352,30.0948],[77.2223,30.1081],[77.2166,30.1335],[77.2338,30.1943],[77.0518,30.2718],[77.0384,30.2711]]]},"properties":{"upc":"N/08056/02001/HR","state":"Haryana"}},{"type":"Feature","geometry":{"type":"MultiLineString","coordinates":[[[77.3929,29.9866],[77.394,30.0254],[77.3869,30.0426],[77.3438,30.0763]],[[77.581,29.8872],[77.5327,29.884],[77.5027,29.8958],[77.4744,29.9371],[77.4299,29.954]]]},"properties":{"upc":"N/08056/03001/UP","state":"Uttar Pradesh"}},{"type":"Feature","geometry":{"type":"MultiLineString","coordinates":[[[72.2456,25.9202],[72.2511,25.9153],[72.2664,25.9282],[72.3558,25.9319],[72.487,26.0068],[72.5133,26.0338],[72.5539,26.0193],[72.66,26.0632],[72.7198,26.0665],[72.7475,26.0585],[72.7764,26.0653],[72.8378,26.1083],[72.8905,26.1111],[72.9232,26.1755],[72.9434,26.1974]]]},"properties":{"upc":"N/08057/01001/RJ","state":"Rajasthan"}},{"type":"Feature","geometry":{"type":"MultiLineString","coordinates":[[[71.4162,25.7615],[71.457,25.799],[71.4534,25.8134],[71.4595,25.8199],[71.4741,25.8213],[71.5088,25.8573],[71.5505,25.8766],[71.6314,25.8661]],[[71.6314,25.8661],[71.6839,25.8793],[71.7129,25.8984],[71.7771,25.8966],[71.8173,25.9119],[71.8641,25.9055],[71.9601,25.9289],[72.0244,25.9096],[72.0577,25.9205]]]},"properties":{"upc":"N/08057/02001/RJ","state":"Rajasthan"}},{"type":"Feature","geometry":{"type":"MultiLineString","coordinates":[[[76.9618,28.9267],[76.9373,28.911],[76.9212,28.8875],[76.9223,28.8707],[76.8976,28.8669],[76.8823,28.8495],[76.8636,28.846]],[[77.1973,28.9864],[77.1529,28.9862],[77.1349,28.9689],[77.1076,28.9652],[77.0947,28.9503],[76.9618,28.9267]]]},"properties":{"upc":"N/08058/01001/HR","state":"Haryana"}},{"type":"Feature","geometry":{"type":"MultiLineString","coordinates":[[[76.8636,28.846],[76.8425,28.8438],[76.8256,28.8155],[76.7582,28.7823],[76.7491,28.7693],[76.746,28.7338],[76.7052,28.7019],[76.7039,28.6859],[76.6646,28.6219]]]},"properties":{"upc":"N/08058/02001/HR","state":"Haryana"}},{"type":"Feature","geometry":{"type":"MultiLineString","coordinates":[[[76.6646,28.6219],[76.641,28.6123],[76.5594,28.6396],[76.5032,28.6011],[76.4535,28.6056],[76.4432,28.6201],[76.4079,28.6391],[76.3671,28.6421],[76.3355,28.6316],[76.3253,28.609],[76.2917,28.5988],[76.263,28.5778],[76.2497,28.5928],[76.1239,28.5952],[76.0883,28.5828],[76.0229,28.544],[75.968,28.5343],[75.8764,28.4587],[75.8368,28.458],[75.8096,28.4446]]]},"properties":{"upc":"N/08058/03001/HR","state":"Haryana"}},{"type":"Feature","geometry":{"type":"MultiLineString","coordinates":[[[74.9369,31.6263],[75.0138,31.6461],[75.2395,31.6761],[75.2596,31.6885],[75.2841,31.6801],[75.4132,31.6848]]]},"properties":{"upc":"N/08059/01002/PB","state":"Punjab"}},{"type":"Feature","geometry":{"type":"MultiLineString","coordinates":[[[75.4132,31.6848],[75.4538,31.6867],[75.4763,31.7071],[75.4936,31.7116],[75.542,31.6833],[75.5873,31.6903],[75.6074,31.6839],[75.6452,31.6932],[75.6669,31.6791],[75.6655,31.6589]]]},"properties":{"upc":"N/08059/01003/PB","state":"Punjab"}},{"type":"Feature","geometry":{"type":"MultiLineString","coordinates":[[[78.083,27.9398],[78.1124,28.0204],[78.1078,28.0362],[78.1256,28.045],[78.1843,28.1317],[78.2149,28.2231],[78.342,28.178],[78.3702,28.1889],[78.3942,28.1862],[78.4173,28.2007],[78.4351,28.2284],[78.4313,28.2443],[78.4065,28.2622],[78.4128,28.2688],[78.7832,28.4811],[78.7986,28.6106],[78.7899,28.671],[78.7969,28.69],[78.7861,28.6978],[78.7634,28.7884]]]},"properties":{"upc":"N/08060/01001/UP","state":"Uttar Pradesh"}},{"type":"Feature","geometry":{"type":"MultiLineString","coordinates":[[[76.7033,30.7312],[76.628,30.7543]]]},"properties":{"upc":"N/08061/01001/PB","state":"Punjab"}},{"type":"Feature","geometry":{"type":"MultiLineString","coordinates":[[[75.7375,31.2467],[75.7624,31.251],[75.8174,31.2125],[75.9937,31.1855],[76.0938,31.1427],[76.1344,31.1391],[76.1794,31.1037],[76.2685,31.0712],[76.2725,31.0605],[76.3521,31.0199],[76.4363,31.0045],[76.492,30.9832]]]},"properties":{"upc":"N/08061/02001/PB","state":"Punjab"}},{"type":"Feature","geometry":{"type":"MultiLineString","coordinates":[[[85.2224,20.9206],[85.2516,20.9183],[85.2732,20.9464],[85.3152,20.9277],[85.3604,20.9302],[85.3789,20.9418],[85.4519,20.9416],[85.5148,20.9304],[85.5273,20.9333],[85.5318,20.9459],[85.5549,20.9407]],[[85.2347,20.9194],[85.2467,20.9182]],[[85.5549,20.9407],[85.5718,20.9286]]]},"properties":{"upc":"N/08062/01001/OR","state":"Odisha"}},{"type":"Feature","geometry":{"type":"MultiLineString","coordinates":[[[85.5717,20.9287],[85.6075,20.9164],[85.6599,20.9149],[85.6816,20.9022],[85.718,20.9195],[85.7761,20.9217],[85.7976,20.917],[85.8239,20.8901],[85.8329,20.8939],[85.8384,20.9164],[85.8686,20.9605],[85.9327,20.9682],[85.9577,20.9847],[85.9874,20.9882]]]},"properties":{"upc":"N/08062/02001/OR","state":"Odisha"}},{"type":"Feature","geometry":{"type":"MultiLineString","coordinates":[[[85.991,20.9792],[85.9897,20.9486],[86.0126,20.915],[86.0102,20.8745]],[[86.0102,20.8722],[86.033,20.8373]],[[86.0362,20.8328],[86.0478,20.8159]],[[86.0478,20.8159],[86.0528,20.8082]],[[86.0564,20.803],[86.0804,20.7713]],[[86.0804,20.7713],[86.0887,20.7581]],[[86.0887,20.7581],[86.0973,20.7466]],[[86.0973,20.7466],[86.1107,20.7256],[86.1076,20.7092],[86.1275,20.7018]],[[86.1275,20.7018],[86.1388,20.6985]]]},"properties":{"upc":"N/08062/03001/OR","state":"Odisha"}},{"type":"Feature","geometry":{"type":"MultiLineString","coordinates":[[[70.3646,21.4859],[70.3336,21.4746],[70.2607,21.3767],[70.2471,21.3137],[70.2656,21.18],[70.2905,21.0824],[70.2898,21.0246],[70.3441,20.9454],[70.3882,20.9286]],[[70.365,21.486],[70.4289,21.5018],[70.454,21.5769],[70.4658,21.582],[70.4703,21.5735],[70.5142,21.636],[70.588,21.7178],[70.5808,21.7332],[70.5939,21.7536]]]},"properties":{"upc":"N/08063/01002/GJ","state":"Gujarat"}},{"type":"Feature","geometry":{"type":"MultiLineString","coordinates":[[[70.4915,21.6025],[70.4372,21.5824],[70.3902,21.5515],[70.3646,21.4859]]]},"properties":{"upc":"N/08063/02001/GJ","state":"Gujarat"}},{"type":"Feature","geometry":{"type":"MultiLineString","coordinates":[[[86.0471,22.9641],[86.0277,22.9644]],[[86.0277,22.9644],[86.0243,22.9575],[86.0097,22.9571]],[[86.0885,22.956],[86.0471,22.9641]],[[86.1369,23.0064],[86.1338,22.9937]],[[86.1331,22.9917],[86.1275,22.9842]],[[86.1083,22.9627],[86.0969,22.9588]],[[86.1168,22.9758],[86.1083,22.9627]],[[86.1604,23.0358],[86.1402,23.0097]],[[86.1911,23.0599],[86.1702,23.0458]],[[86.2341,23.1064],[86.2287,23.0909]],[[86.2287,23.0909],[86.2168,23.0781]],[[86.2168,23.0781],[86.1932,23.0614]],[[86.283,23.183],[86.2769,23.1761]],[[86.2888,23.1935],[86.283,23.183]],[[86.2759,23.1753],[86.2671,23.1678]],[[86.2624,23.1637],[86.2413,23.1179]]]},"properties":{"upc":"N/08064/01001/WB","state":"West Bengal"}},{"type":"Feature","geometry":{"type":"MultiLineString","coordinates":[[[86.3036,23.3808],[86.3126,23.3752],[86.3156,23.3489],[86.3267,23.3305],[86.357,23.3077]]]},"properties":{"upc":"N/08064/02001/WB","state":"West Bengal"}},{"type":"Feature","geometry":{"type":"MultiLineString","coordinates":[[[79.0576,28.747],[79.0591,28.8115],[79.0675,28.8206],[79.2357,28.8781],[79.2572,28.9029],[79.2941,28.9051],[79.3793,28.9561]]]},"properties":{"upc":"N/08065/01001/UK","state":"Uttarakhand"}},{"type":"Feature","geometry":{"type":"MultiLineString","coordinates":[[[78.9678,28.7941],[78.9768,28.7938],[79.0241,28.8402],[79.0675,28.8186],[79.0727,28.8223]]]},"properties":{"upc":"N/08065/01002/UP","state":"Uttar Pradesh"}},{"type":"Feature","geometry":{"type":"MultiLineString","coordinates":[[[79.4278,28.9535],[79.3954,28.9406],[79.3713,28.9427],[79.334,28.9745],[79.335,28.9874],[79.3542,29.0084],[79.3959,29.0144]]]},"properties":{"upc":"N/08065/04001/UK","state":"Uttarakhand"}},{"type":"Feature","geometry":{"type":"MultiLineString","coordinates":[[[84.7187,22.4217],[84.7461,22.3719],[84.753,22.2971],[84.7657,22.2883],[84.7706,22.2688],[84.7914,22.2531],[84.7776,22.2361],[84.7966,22.2173],[84.8117,22.2169]]]},"properties":{"upc":"N/08066/01001/OR","state":"Odisha"}},{"type":"Feature","geometry":{"type":"MultiLineString","coordinates":[[[84.811,22.2173],[84.8752,22.1692],[84.8697,22.1486],[84.8749,22.1336],[84.9029,22.0942],[84.9121,22.0708],[84.9083,22.0541],[84.9219,22.0434],[84.883,21.963],[84.8829,21.9482],[84.9192,21.8755]]]},"properties":{"upc":"N/08066/02001/OR","state":"Odisha"}},{"type":"Feature","geometry":{"type":"MultiLineString","coordinates":[[[84.9192,21.8754],[84.9005,21.8254],[84.9241,21.802],[84.9209,21.7795],[84.9068,21.7524],[84.8784,21.7439],[84.874,21.7193],[84.8959,21.6969],[84.8992,21.6832],[84.8919,21.6686],[84.9442,21.6525],[84.971,21.6121],[84.9916,21.6022],[84.9989,21.5477],[84.9898,21.5434]]]},"properties":{"upc":"N/08066/03001/OR","state":"Odisha"}},{"type":"Feature","geometry":{"type":"MultiLineString","coordinates":[[[85.0535,25.583],[84.9071,25.5826],[84.8263,25.5697]],[[85.043,25.595],[85.0429,25.583]]]},"properties":{"upc":"N/08067/01001/BR","state":"Bihar"}},{"type":"Feature","geometry":{"type":"MultiLineString","coordinates":[[[84.8263,25.5697],[84.8134,25.5627],[84.789,25.5772],[84.742,25.5878],[84.6794,25.588],[84.6424,25.5842],[84.6135,25.5645],[84.5495,25.5775],[84.5022,25.5724],[84.4169,25.5977]]]},"properties":{"upc":"N/08067/02001/BR","state":"Bihar"}},{"type":"Feature","geometry":{"type":"MultiLineString","coordinates":[[[84.4169,25.5977],[84.3977,25.5895],[84.3491,25.6092],[84.3013,25.6099],[84.2026,25.5737],[84.1148,25.5852],[83.9942,25.5805],[83.9792,25.5989]]]},"properties":{"upc":"N/08067/03001/BR","state":"Bihar"}},{"type":"Feature","geometry":{"type":"MultiLineString","coordinates":[[[85.1099,25.5628],[85.111,25.5097],[85.0981,25.4659],[85.0769,25.4264],[85.0715,25.397],[85.0456,25.3609],[85.045,25.3343],[85.0317,25.3243],[85.015,25.2909],[85.001,25.2429]]]},"properties":{"upc":"N/08068/01002/BR","state":"Bihar"}},{"type":"Feature","geometry":{"type":"MultiLineString","coordinates":[[[85.0009,25.2428],[84.9831,25.2323],[84.974,25.2143],[84.9857,25.1788],[84.9871,25.1318],[84.98,25.0894],[84.9626,25.0751],[84.9701,25.0565],[84.97,24.9823],[84.9803,24.9699],[84.9947,24.8811]]]},"properties":{"upc":"N/08068/01003/BR","state":"Bihar"}},{"type":"Feature","geometry":{"type":"MultiLineString","coordinates":[[[84.9947,24.8807],[84.9896,24.8462],[84.9666,24.8252],[84.9471,24.787],[84.9263,24.7747],[84.9211,24.7346],[84.9555,24.712],[84.9632,24.6815],[84.9065,24.5337]]]},"properties":{"upc":"N/08068/01004/BR","state":"Bihar"}},{"type":"Feature","geometry":{"type":"MultiLineString","coordinates":[[[78.0647,15.7495],[78.2692,15.8395],[78.2879,15.856],[78.3664,15.8551],[78.3906,15.8721],[78.4155,15.864],[78.441,15.8661],[78.4784,15.8448]],[[78.4784,15.8448],[78.54,15.8326],[78.5673,15.8641],[78.6085,15.8797]]]},"properties":{"upc":"N/08069/01001/AP","state":"Andhra Pradesh"}},{"type":"Feature","geometry":{"type":"MultiLineString","coordinates":[[[78.6085,15.8797],[78.6561,15.8833],[78.7289,15.8602],[78.805,15.8894],[78.8446,15.8757],[78.8476,15.8685],[78.8766,15.8739],[78.9396,15.8953],[78.9711,15.9164],[79.0458,15.9192],[79.0651,15.9089],[79.0942,15.9085]]]},"properties":{"upc":"N/08069/02001/AP","state":"Andhra Pradesh"}},{"type":"Feature","geometry":{"type":"MultiLineString","coordinates":[[[79.3501,13.5975],[79.467,13.6158],[79.5074,13.6146],[79.5181,13.559],[79.5406,13.5458],[79.5319,13.5287],[79.5325,13.4963],[79.5454,13.4606],[79.5599,13.4496],[79.5621,13.4034],[79.5767,13.3438],[79.5924,13.3225],[79.5823,13.2994],[79.5825,13.2574]],[[79.5825,13.2574],[79.6053,13.1925],[79.618,13.1838],[79.711,13.214],[79.7994,13.1946],[79.8138,13.1821],[79.8104,13.1573],[79.8174,13.1523],[79.8555,13.1528],[79.879,13.1414],[79.8905,13.1491]]]},"properties":{"upc":"N/08070/01001/TN","state":"Tamil Nadu"}},{"type":"Feature","geometry":{"type":"MultiLineString","coordinates":[[[80.0175,13.1254],[80.003,13.1397],[79.9863,13.1307]],[[79.9863,13.1307],[79.9673,13.138],[79.9441,13.1349]],[[79.9415,13.1339],[79.9079,13.1514],[79.8912,13.1499]]]},"properties":{"upc":"N/08070/01002/TN","state":"Tamil Nadu"}},{"type":"Feature","geometry":{"type":"MultiLineString","coordinates":[[[76.8448,30.6642],[76.9035,30.7459],[76.9078,30.7747],[76.9224,30.8011],[76.9516,30.833],[76.9792,30.8362]]]},"properties":{"upc":"N/08071/01001/HR","state":"Haryana"}},{"type":"Feature","geometry":{"type":"MultiLineString","coordinates":[[[77.0932,31.0083],[77.1098,31.0272]],[[77.1078,30.981],[77.0916,30.9911],[77.0934,31.0081]],[[77.0966,30.9228],[77.123,30.9264],[77.1331,30.9353],[77.1201,30.9558],[77.1105,30.9574],[77.1075,30.9809]]]},"properties":{"upc":"N/08071/03001/HP","state":"Himachal Pradesh"}},{"type":"Feature","geometry":{"type":"MultiLineString","coordinates":[[[77.7564,29.0144],[77.9609,29.1917],[77.9611,29.2069],[77.9932,29.2383],[77.9904,29.2655],[77.9622,29.306],[78.0056,29.3471],[78.0143,29.3647],[78.0964,29.3833],[78.1315,29.4076],[78.1623,29.414],[78.1939,29.4869],[78.2202,29.4921],[78.2327,29.5284],[78.3108,29.5937]]]},"properties":{"upc":"N/08072/01001/UP","state":"Uttar Pradesh"}},{"type":"Feature","geometry":{"type":"MultiLineString","coordinates":[[[78.298,29.6283],[78.3138,29.6423],[78.337,29.6465],[78.3721,29.6328],[78.394,29.6369]]]},"properties":{"upc":"N/08072/01002/UP","state":"Uttar Pradesh"}},{"type":"Feature","geometry":{"type":"MultiLineString","coordinates":[[[78.374,29.6251],[78.4093,29.6463],[78.4478,29.6971],[78.5056,29.7299]]]},"properties":{"upc":"N/08072/03003/UP","state":"Uttar Pradesh"}},{"type":"Feature","geometry":{"type":"MultiLineString","coordinates":[[[74.9261,31.6485],[74.9447,31.6516],[74.9621,31.6723],[74.9621,31.683],[75.0264,31.7311],[75.0393,31.7308],[75.1625,31.8009],[75.1898,31.8429],[75.2127,31.8518],[75.2275,31.8433],[75.2761,31.8893],[75.3008,31.9246],[75.3281,31.9355],[75.3373,31.9497],[75.3328,31.9692],[75.3839,32.0211],[75.3985,32.0142],[75.4352,32.0468],[75.4612,32.1052],[75.4855,32.1192],[75.498,32.1657],[75.5235,32.1802],[75.5395,32.216],[75.5904,32.2714]]]},"properties":{"upc":"N/08073/01001/PB","state":"Punjab"}},{"type":"Feature","geometry":{"type":"MultiLineString","coordinates":[[[77.5814,30.4366],[77.5951,30.4391],[77.614,30.4285],[77.7174,30.4105]],[[77.7174,30.4105],[77.7327,30.4126],[77.7595,30.3948]]]},"properties":{"upc":"N/08077/01001/UK","state":"Uttarakhand"}},{"type":"Feature","geometry":{"type":"MultiLineString","coordinates":[[[77.7595,30.3948],[77.8455,30.3434],[77.8718,30.3342],[77.9196,30.3338]],[[77.9196,30.3338],[77.9567,30.3365]],[[77.9567,30.3365],[78.0088,30.3332]]]},"properties":{"upc":"N/08077/01002/UK","state":"Uttarakhand"}},{"type":"Feature","geometry":{"type":"MultiLineString","coordinates":[[[78.1904,29.9999],[78.211,30.044],[78.2264,30.0577]]]},"properties":{"upc":"N/08077/03002/UK","state":"Uttarakhand"}},{"type":"Feature","geometry":{"type":"MultiLineString","coordinates":[[[78.0748,30.2767],[78.1256,30.2073]],[[78.1256,30.2073],[78.1258,30.1976],[78.1448,30.1782],[78.1448,30.1556],[78.1665,30.1317],[78.168,30.1139],[78.2028,30.0721]],[[78.2088,30.0661],[78.2201,30.0544]]]},"properties":{"upc":"N/08077/03003/UK","state":"Uttarakhand"}},{"type":"Feature","geometry":{"type":"MultiLineString","coordinates":[[[76.628,30.7543],[76.5309,30.7829],[76.5075,30.7752],[76.4693,30.7883],[76.4055,30.789],[76.3416,30.8157],[76.2285,30.8287],[76.193,30.8446],[76.1493,30.8434],[75.9838,30.867],[75.8797,30.9106]]]},"properties":{"upc":"N/08078/01001/PB","state":"Punjab"}},{"type":"Feature","geometry":{"type":"MultiLineString","coordinates":[[[84.3904,26.2184],[84.5045,26.186],[84.6094,26.1832],[84.6375,26.1921],[84.7349,26.1436],[84.8032,26.1212]]]},"properties":{"upc":"N/08079/01002/BR","state":"Bihar"}},{"type":"Feature","geometry":{"type":"MultiLineString","coordinates":[[[78.629,28.8192],[78.6401,28.8487],[78.6946,28.8691],[78.7185,28.8985],[78.7542,28.9063]],[[78.8322,28.8703],[78.855,28.9497],[78.8501,28.9711],[78.8284,28.9892],[78.8227,29.0195],[78.8349,29.0641],[78.8608,29.1016],[78.8711,29.1677],[78.8877,29.204],[78.94,29.2486],[78.9948,29.2504]],[[78.8652,28.846],[78.8644,28.8253]]]},"properties":{"upc":"N/08083/01003/UP","state":"Uttar Pradesh"}},{"type":"Feature","geometry":{"type":"MultiLineString","coordinates":[[[75.353,31.4906],[75.3175,31.4999],[75.2786,31.5254],[75.2332,31.5412],[75.0218,31.5704],[74.9834,31.5828],[74.935,31.6048],[74.9412,31.6214],[74.9222,31.6546]]]},"properties":{"upc":"N/09001/01001/PB","state":"Punjab"}},{"type":"Feature","geometry":{"type":"MultiLineString","coordinates":[[[75.5183,31.4129],[75.4848,31.4464],[75.353,31.4906]]]},"properties":{"upc":"N/09001/01002/PB","state":"Punjab"}},{"type":"Feature","geometry":{"type":"MultiLineString","coordinates":[[[74.9222,31.6546],[74.9037,31.6697],[74.8766,31.6701],[74.835,31.6586],[74.8218,31.6441],[74.7955,31.6423],[74.775,31.6258],[74.573,31.6046]]]},"properties":{"upc":"N/09002/01001/PB","state":"Punjab"}},{"type":"Feature","geometry":{"type":"MultiLineString","coordinates":[[[74.6204,25.8785],[74.6609,25.8724],[74.7065,25.8894],[74.7371,25.8888],[74.8328,25.8362],[74.8802,25.7559],[74.8968,25.6924],[74.9205,25.6519],[74.9579,25.6344],[75.0636,25.6323],[75.1472,25.6437],[75.2792,25.6238],[75.2877,25.6117],[75.2886,25.5801],[75.32,25.5319],[75.3132,25.4916],[75.3173,25.457],[75.3427,25.4394],[75.3817,25.4266],[75.4063,25.4319],[75.4688,25.4745],[75.5143,25.488],[75.5548,25.4858],[75.5105,25.562],[75.5169,25.5987],[75.543,25.6264],[75.5556,25.6372],[75.6301,25.6579],[75.6485,25.6719],[75.6675,25.7027],[75.7031,25.698],[75.711,25.7076],[75.8365,25.7498],[75.8411,25.7731],[75.8573,25.7931],[75.8868,25.8045],[75.9427,25.8724],[76.0087,25.9137],[76.011,25.929]]]},"properties":{"upc":"N/09007/01001/RJ","state":"Rajasthan"}},{"type":"Feature","geometry":{"type":"MultiLineString","coordinates":[[[76.3185,26.9047],[76.2709,27.0135],[76.2465,27.0117],[76.1767,27.0506],[76.1692,27.0705],[76.1466,27.0929],[76.1394,27.1294],[76.1123,27.1497],[76.0991,27.2024],[76.1013,27.2212],[76.0801,27.2381],[76.0191,27.2551],[75.9623,27.2907]]]},"properties":{"upc":"N/09009/01001/RJ","state":"Rajasthan"}},{"type":"Feature","geometry":{"type":"MultiLineString","coordinates":[[[76.3081,26.8977],[76.3145,26.881],[76.334,26.8646],[76.3364,26.8165],[76.346,26.8002],[76.3407,26.7489],[76.3188,26.7103],[76.3257,26.6087],[76.3119,26.5971],[76.2681,26.5908],[76.2518,26.573],[76.2719,26.5509],[76.2738,26.528],[76.2134,26.5267],[76.148,26.5056],[76.0628,26.5059],[76.0332,26.4914],[75.9504,26.5085]]]},"properties":{"upc":"N/09009/02001/RJ","state":"Rajasthan"}},{"type":"Feature","geometry":{"type":"MultiLineString","coordinates":[[[73.403,29.497],[73.3957,29.4906]],[[73.7043,29.8985],[73.6196,29.9001],[73.6009,29.8908],[73.5321,29.8882],[73.5267,29.8582],[73.4927,29.8559],[73.489,29.8272],[73.457,29.825],[73.4405,29.684],[73.4516,29.674],[73.4519,29.6527],[73.4382,29.6417],[73.4482,29.5603],[73.4633,29.5526],[73.4635,29.5199],[73.4524,29.5028],[73.4066,29.5002]],[[73.8105,29.9166],[73.762,29.8934],[73.7043,29.8985]],[[73.8301,29.9839],[73.8104,29.9786],[73.8106,29.8915],[73.8779,29.8867]],[[73.8491,29.9837],[73.8375,29.9838]],[[73.8694,29.9761],[73.8503,29.9835]],[[73.8943,29.9704],[73.8717,29.9752]],[[73.9128,29.9686],[73.8944,29.9704]]]},"properties":{"upc":"N/09010/01001/RJ","state":"Rajasthan"}},{"type":"Feature","geometry":{"type":"MultiLineString","coordinates":[[[77.0214,26.5142],[77.0809,26.5394],[77.1136,26.5269],[77.1379,26.5371],[77.2059,26.5439],[77.2514,26.521],[77.3259,26.5309],[77.3596,26.518],[77.4189,26.5449],[77.468,26.6011],[77.5343,26.6195],[77.5548,26.6357],[77.5962,26.6446],[77.6106,26.632],[77.6562,26.6236],[77.7408,26.6533],[77.7816,26.6599],[77.8011,26.6839],[77.8297,26.6988],[77.8519,26.6901],[77.8906,26.6965]]]},"properties":{"upc":"N/09011/01001/RJ","state":"Rajasthan"}},{"type":"Feature","geometry":{"type":"MultiLineString","coordinates":[[[74.2227,22.8303],[74.2555,22.8361],[74.2281,22.8768],[74.2254,22.902],[74.2069,22.935],[74.1729,22.9742],[74.1445,23.0453],[74.1565,23.0556],[74.1544,23.078],[74.1679,23.0956],[74.168,23.1521],[74.2008,23.1984],[74.238,23.2053],[74.2607,23.2623],[74.2805,23.278],[74.2714,23.3274],[74.3017,23.3542],[74.3126,23.3544],[74.3371,23.3899],[74.3571,23.4267],[74.3508,23.4354],[74.3558,23.457]]]},"properties":{"upc":"N/09012/01001/RJ","state":"Rajasthan"}},{"type":"Feature","geometry":{"type":"MultiLineString","coordinates":[[[77.9016,26.7456],[77.8352,26.7277],[77.8137,26.7455],[77.7927,26.7841],[77.7577,26.8222],[77.7337,26.8336],[77.6603,26.9713],[77.6023,26.9898],[77.5156,27.0558],[77.5265,27.0826],[77.5049,27.0922],[77.5629,27.1284],[77.5807,27.1542]]]},"properties":{"upc":"N/09013/01001/RJ","state":"Rajasthan"}},{"type":"Feature","geometry":{"type":"MultiLineString","coordinates":[[[74.0887,25.7601],[74.0938,25.744],[74.1055,25.746],[74.1299,25.734],[74.1685,25.7383],[74.2291,25.7163],[74.2519,25.7156],[74.2956,25.7263],[74.3327,25.765],[74.3363,25.7859],[74.384,25.8243],[74.4294,25.8162],[74.4665,25.8352],[74.4836,25.8792],[74.5112,25.8754],[74.5257,25.8573],[74.5891,25.8835],[74.6208,25.8784]]]},"properties":{"upc":"N/09014/01001/RJ","state":"Rajasthan"}},{"type":"Feature","geometry":{"type":"MultiLineString","coordinates":[[[76.3029,25.9798],[76.2136,25.9539],[76.1542,25.954],[76.1279,25.9406],[76.0931,25.9618],[76.0775,25.956],[76.0471,25.9225],[76.0095,25.9302],[75.8622,26.0624],[75.7926,26.15]]]},"properties":{"upc":"N/09015/01001/RJ","state":"Rajasthan"}},{"type":"Feature","geometry":{"type":"MultiLineString","coordinates":[[[74.0726,26.4212],[74.0608,26.3924],[73.9983,26.3464],[73.9695,26.3067],[73.9053,26.1188],[73.9146,26.1073],[73.933,26.1074],[73.9544,26.0914],[74.0027,26.0839],[74.0178,26.0524]]]},"properties":{"upc":"N/09016/01001/RJ","state":"Rajasthan"}},{"type":"Feature","geometry":{"type":"MultiLineString","coordinates":[[[79.0716,21.1709],[78.9381,21.2213],[78.8989,21.222],[78.8836,21.2417],[78.8391,21.243],[78.8065,21.258],[78.74,21.2658],[78.6428,21.2518],[78.637,21.2698],[78.6213,21.2623],[78.61,21.267],[78.5984,21.2913],[78.5658,21.2873]]]},"properties":{"upc":"N/09019/01001/MH","state":"Maharashtra"}},{"type":"Feature","geometry":{"type":"MultiLineString","coordinates":[[[79.124,21.1197],[79.1633,21.0892],[79.1721,21.0292],[79.2019,20.9698],[79.2426,20.9355],[79.2662,20.9255],[79.3156,20.8444],[79.3376,20.8411]]]},"properties":{"upc":"N/09019/02001/MH","state":"Maharashtra"}},{"type":"Feature","geometry":{"type":"MultiLineString","coordinates":[[[74.4727,18.4174],[74.4717,18.3889],[74.5071,18.3262],[74.5273,18.2539],[74.5703,18.2273],[74.6095,18.2202],[74.6399,18.1256]]]},"properties":{"upc":"N/09023/01001/MH","state":"Maharashtra"}},{"type":"Feature","geometry":{"type":"MultiLineString","coordinates":[[[78.847,19.7346],[78.886,19.7285],[78.9767,19.7447],[79.0899,19.7507],[79.2059,19.7331],[79.2672,19.7547],[79.32,19.7601],[79.342,19.7723],[79.3619,19.7616]]]},"properties":{"upc":"N/09024/01001/MH","state":"Maharashtra"}},{"type":"Feature","geometry":{"type":"MultiLineString","coordinates":[[[75.0174,18.0983],[74.995,18.0725],[74.9899,18.0442],[74.9912,17.9969],[75.0042,17.9706],[75.0067,17.9261],[75.0334,17.8941],[75.0809,17.9004],[75.0963,17.8894],[75.0895,17.8683],[75.0931,17.8453],[75.118,17.8084],[75.1207,17.7705]]]},"properties":{"upc":"N/09025/01001/MH","state":"Maharashtra"}},{"type":"Feature","geometry":{"type":"MultiLineString","coordinates":[[[79.3804,19.8374],[79.373,19.7963],[79.3863,19.7763],[79.3631,19.7641],[79.3561,19.7231],[79.3198,19.6464],[79.3453,19.5749]]]},"properties":{"upc":"N/09029/01001/MH","state":"Maharashtra"}},{"type":"Feature","geometry":{"type":"MultiLineString","coordinates":[[[79.0263,20.2031],[79.0031,20.1941],[79.0121,20.1444],[78.9674,20.0691]]]},"properties":{"upc":"N/09031/01001/MH","state":"Maharashtra"}},{"type":"Feature","geometry":{"type":"MultiLineString","coordinates":[[[75.7479,16.8231],[75.8635,16.8294],[75.9366,16.8127],[75.9799,16.8196],[76.0669,16.8168],[76.1537,16.8545],[76.2112,16.8917],[76.2387,16.8941],[76.2544,16.9074],[76.2552,16.9267],[76.2726,16.9435],[76.3201,16.9584],[76.3751,16.9956],[76.4351,17.0144],[76.4875,17.0034],[76.6256,17.0082],[76.6864,17.023],[76.7446,17.0124],[76.7959,17.0368]],[[76.7959,17.0368],[76.8145,17.0477],[76.8183,17.0652],[76.7926,17.1043],[76.7881,17.1396],[76.7957,17.1621],[76.7935,17.2206],[76.8236,17.2833],[76.8169,17.2979],[76.8488,17.3046],[76.8593,17.3375],[76.8497,17.3638],[76.8556,17.3766],[76.9738,17.5702],[77.0168,17.6133],[77.024,17.6356],[77.0521,17.6518],[77.0706,17.6769],[77.07,17.7396],[77.099,17.7683]]]},"properties":{"upc":"N/09032/01001/KA","state":"Karnataka"}},{"type":"Feature","geometry":{"type":"MultiLineString","coordinates":[[[74.5476,15.8315],[74.485,15.7816],[74.5034,15.6949],[74.499,15.6611],[74.5201,15.6369],[74.5157,15.6086]]]},"properties":{"upc":"N/09035/01001/KA","state":"Karnataka"}},{"type":"Feature","geometry":{"type":"MultiLineString","coordinates":[[[78.1481,11.6252],[78.1654,11.6285],[78.1817,11.6466],[78.2103,11.6613],[78.3233,11.6663],[78.3481,11.6517],[78.4003,11.6489],[78.424,11.6576],[78.5051,11.6499],[78.5508,11.62],[78.6134,11.6047],[78.624,11.5929],[78.7195,11.5848],[78.8066,11.5929],[78.8888,11.6485],[78.954,11.7175],[78.9906,11.7376],[79.0597,11.7386],[79.19,11.7078],[79.2215,11.7118],[79.2664,11.6967],[79.2732,11.6773]]]},"properties":{"upc":"N/09041/01001/TN","state":"Tamil Nadu"}},{"type":"Feature","geometry":{"type":"MultiLineString","coordinates":[[[79.6014,10.7848],[79.5305,10.8035],[79.502,10.7853],[79.4084,10.7968],[79.3682,10.7795],[79.329,10.7927],[79.28,10.7908],[79.2535,10.7777],[79.172,10.7812]]]},"properties":{"upc":"N/09043/01002/TN","state":"Tamil Nadu"}},{"type":"Feature","geometry":{"type":"MultiLineString","coordinates":[[[78.4476,9.6989],[78.4658,9.7286],[78.4597,9.7504],[78.4798,9.8144],[78.4744,9.8755],[78.4871,9.8842],[78.5174,9.9397],[78.5325,9.9507],[78.5412,10.0204],[78.5734,10.0912],[78.6069,10.0996],[78.6138,10.1324],[78.6469,10.1513],[78.6789,10.1854],[78.7212,10.2059],[78.7366,10.2341],[78.7509,10.2343]]]},"properties":{"upc":"N/09044/01001/TN","state":"Tamil Nadu"}},{"type":"Feature","geometry":{"type":"MultiLineString","coordinates":[[[79.8077,11.9318],[79.8083,11.9415],[79.7964,11.9508],[79.7851,12.0127],[79.7675,12.0272],[79.7524,12.0781],[79.7357,12.0958],[79.7381,12.1152],[79.6603,12.2165]]]},"properties":{"upc":"N/09048/01001/TN","state":"Tamil Nadu"}},{"type":"Feature","geometry":{"type":"MultiLineString","coordinates":[[[79.2581,15.793],[79.3087,15.7034],[79.3577,15.663],[79.3945,15.658],[79.4263,15.6678],[79.5278,15.6394],[79.5262,15.5939],[79.5352,15.5693],[79.5285,15.5026],[79.5004,15.4467],[79.4947,15.4204],[79.5044,15.4038],[79.4754,15.3398],[79.4662,15.3003],[79.4669,15.2525],[79.4387,15.1548]]]},"properties":{"upc":"N/09051/01002/AP","state":"Andhra Pradesh"}},{"type":"Feature","geometry":{"type":"MultiLineString","coordinates":[[[79.4387,15.1548],[79.4191,15.13],[79.4149,15.1065],[79.4212,15.0129],[79.4164,14.9447],[79.423,14.9263],[79.4042,14.8414],[79.3524,14.8023],[79.2479,14.7479],[79.2017,14.6942],[79.1852,14.6915]]]},"properties":{"upc":"N/09051/02001/AP","state":"Andhra Pradesh"}},{"type":"Feature","geometry":{"type":"MultiLineString","coordinates":[[[79.2631,15.8091],[79.2567,15.795]],[[79.334,16.1376],[79.3028,16.0509],[79.3228,15.9763],[79.3244,15.9074],[79.2943,15.8966],[79.2726,15.825]]]},"properties":{"upc":"N/09051/03001/AP","state":"Andhra Pradesh"}},{"type":"Feature","geometry":{"type":"MultiLineString","coordinates":[[[79.5964,13.7143],[79.5843,13.8225],[79.5847,13.9112],[79.5976,13.9629],[79.5817,14.0031],[79.5783,14.0518],[79.5508,14.1032],[79.546,14.149],[79.554,14.198],[79.5265,14.2007],[79.5215,14.2334],[79.5346,14.2416],[79.5365,14.2529],[79.5168,14.2585],[79.5206,14.2848],[79.4981,14.2947],[79.4927,14.3248],[79.4748,14.3416],[79.452,14.343]]]},"properties":{"upc":"N/09052/01001/AP","state":"Andhra Pradesh"}},{"type":"Feature","geometry":{"type":"MultiLineString","coordinates":[[[80.654,16.4979],[80.7237,16.4701],[80.7567,16.4425],[80.7708,16.4397],[80.7801,16.4194],[80.8366,16.372],[80.8781,16.3619],[80.9225,16.334],[80.9721,16.3344],[81.0259,16.2536],[81.0676,16.2188],[81.1234,16.1895]]]},"properties":{"upc":"N/09053/01001/AP","state":"Andhra Pradesh"}},{"type":"Feature","geometry":{"type":"MultiLineString","coordinates":[[[78.4819,17.0407],[78.4754,17.0504]],[[78.4758,17.1108],[78.4771,17.1253]],[[78.4795,17.1487],[78.4801,17.1549],[78.4795,17.1487]],[[78.4896,17.0291],[78.4821,17.0404]],[[78.514,16.7029],[78.5189,16.7126]],[[78.5274,16.9262],[78.5286,16.9352]],[[78.5287,16.7316],[78.5333,16.7403]],[[78.5375,16.7484],[78.5374,16.7599]],[[78.6055,16.6332],[78.5956,16.639]],[[78.6274,16.6394],[78.6166,16.6338]]]},"properties":{"upc":"N/09055/01001/TS","state":"Telangana"}},{"type":"Feature","geometry":{"type":"MultiLineString","coordinates":[[[79.7941,17.3477],[79.8358,17.3503],[79.8521,17.3712],[79.8901,17.3884]],[[79.8989,17.3823],[79.9599,17.4219],[80.0022,17.5378],[79.9992,17.5645],[80.0062,17.5914],[80.0128,17.5926],[80.0101,17.6056],[80.0483,17.6265]]]},"properties":{"upc":"N/09056/01001/TS","state":"Telangana"}},{"type":"Feature","geometry":{"type":"MultiLineString","coordinates":[[[78.3576,17.349],[78.3305,17.3531],[78.2786,17.3167],[78.2641,17.3203],[78.2479,17.3132],[78.2399,17.3186],[78.2253,17.3097],[78.2093,17.3195],[78.1849,17.3068],[78.1719,17.312],[78.1524,17.2997],[78.1341,17.3017],[78.1224,17.319],[78.1059,17.3224],[78.0753,17.3015],[78.0498,17.3114],[77.9919,17.2981]]]},"properties":{"upc":"N/09057/01001/TS","state":"Telangana"}},{"type":"Feature","geometry":{"type":"MultiLineString","coordinates":[[[80.0013,16.9837],[79.9947,16.9838],[80.0026,17.0102],[79.9983,17.0229],[80.043,17.0797],[80.0374,17.0977],[80.0751,17.1603],[80.1054,17.1738],[80.1149,17.215]]]},"properties":{"upc":"N/09058/01001/TS","state":"Telangana"}},{"type":"Feature","geometry":{"type":"MultiLineString","coordinates":[[[85.5851,21.9762],[85.5455,22.0105],[85.5243,22.0191],[85.5027,22.049],[85.4731,22.0622],[85.4337,22.0413],[85.3779,22.0549],[85.3387,22.0214],[85.3215,21.9928],[85.3024,21.9883],[85.2704,21.9642]]]},"properties":{"upc":"N/09059/01001/OR","state":"Odisha"}},{"type":"Feature","geometry":{"type":"MultiLineString","coordinates":[[[85.2707,21.9641],[85.2343,21.9303],[85.2176,21.9434],[85.2141,21.9671],[85.2039,21.9661],[85.1673,21.9919],[85.1499,21.981],[85.1332,21.9902],[85.0991,21.9901],[85.0753,22.0074],[85.0513,22.0043],[84.9854,21.9736],[84.9415,21.9187],[84.9421,21.8938],[84.9196,21.8747]]]},"properties":{"upc":"N/09059/02001/OR","state":"Odisha"}},{"type":"Feature","geometry":{"type":"MultiLineString","coordinates":[[[85.8727,20.3091],[85.8609,20.2225],[85.85,20.2057],[85.8596,20.1972],[85.8587,20.1752],[85.839,20.136],[85.8494,20.1167],[85.8139,20.0125],[85.8238,19.9923],[85.8257,19.9515],[85.8166,19.9077],[85.8034,19.8894],[85.8362,19.8526],[85.8071,19.813],[85.7808,19.8032],[85.7876,19.7861]]]},"properties":{"upc":"N/09060/02001/OR","state":"Odisha"}},{"type":"Feature","geometry":{"type":"MultiLineString","coordinates":[[[87.0916,24.6069],[87.1303,24.6302],[87.1817,24.6867],[87.1858,24.7299],[87.2086,24.7819],[87.1951,24.8094],[87.1975,24.838],[87.2307,24.891],[87.2491,24.8993],[87.2724,24.9487],[87.3069,24.9859]]]},"properties":{"upc":"N/09064/02001/JH","state":"Jharkhand"}},{"type":"Feature","geometry":{"type":"MultiLineString","coordinates":[[[87.7674,25.097],[87.7755,25.0679],[87.8311,25.0306],[87.8285,25.0071],[87.8448,24.9706],[87.7958,24.9081]],[[87.7674,25.097],[87.7623,25.1065]],[[87.7292,25.2316],[87.746,25.2111],[87.7554,25.1628],[87.765,25.1497],[87.7667,25.0974]]]},"properties":{"upc":"N/09068/01001/JH","state":"Jharkhand"}},{"type":"Feature","geometry":{"type":"MultiLineString","coordinates":[[[87.1022,24.3811],[87.0942,24.3851],[87.0928,24.4072],[87.0802,24.4096]],[[87.0802,24.4096],[87.0314,24.3978]],[[87.0314,24.3978],[86.984,24.403]],[[86.9762,24.4041],[86.9291,24.4181]],[[86.9291,24.4181],[86.9102,24.4301]],[[86.9102,24.4301],[86.8846,24.4455]],[[86.8846,24.4455],[86.83,24.4697]],[[86.83,24.4697],[86.8065,24.4856],[86.7702,24.4705]],[[86.7702,24.4705],[86.7441,24.4609],[86.7292,24.4409]]]},"properties":{"upc":"N/09069/01001/JH","state":"Jharkhand"}},{"type":"Feature","geometry":{"type":"MultiLineString","coordinates":[[[84.263,24.5204],[84.2723,24.5671],[84.2823,24.5795]],[[84.1469,24.3309],[84.1537,24.3395],[84.169,24.339],[84.1986,24.3699],[84.2063,24.412],[84.2218,24.4312],[84.2309,24.4604],[84.2327,24.4849],[84.2638,24.5217]]]},"properties":{"upc":"N/09070/01001/JH","state":"Jharkhand"}},{"type":"Feature","geometry":{"type":"MultiLineString","coordinates":[[[87.5972,25.2385],[87.5997,25.288],[87.6604,25.3314],[87.6559,25.3516]],[[87.6559,25.3516],[87.6459,25.3744],[87.621,25.3894]]]},"properties":{"upc":"N/09071/01002/JH","state":"Jharkhand"}},{"type":"Feature","geometry":{"type":"MultiLineString","coordinates":[[[86.0099,26.3893],[86.0283,26.3932],[86.0806,26.3765],[86.1024,26.3782],[86.1276,26.3398]]]},"properties":{"upc":"N/09072/01003/BR","state":"Bihar"}},{"type":"Feature","geometry":{"type":"MultiLineString","coordinates":[[[86.2205,26.2339],[86.2446,26.2316],[86.253,26.217],[86.3418,26.1941],[86.386,26.1603],[86.3997,26.1133]]]},"properties":{"upc":"N/09072/01004/BR","state":"Bihar"}},{"type":"Feature","geometry":{"type":"MultiLineString","coordinates":[[[86.5657,26.0423],[86.4036,26.107],[86.4002,26.1162]]]},"properties":{"upc":"N/09072/01005/BR","state":"Bihar"}},{"type":"Feature","geometry":{"type":"MultiLineString","coordinates":[[[86.5654,26.0424],[86.5695,26.0014],[86.5441,25.9531],[86.5429,25.9201],[86.5196,25.8768],[86.524,25.8602],[86.5439,25.8548]]]},"properties":{"upc":"N/09072/01006/BR","state":"Bihar"}},{"type":"Feature","geometry":{"type":"MultiLineString","coordinates":[[[85.3924,26.1726],[85.4306,26.2771],[85.452,26.3044],[85.4784,26.3211],[85.4875,26.3619],[85.5064,26.3977],[85.4992,26.4099],[85.5036,26.4878],[85.526,26.5221],[85.5394,26.5756],[85.5404,26.5984],[85.5191,26.6384],[85.5398,26.6691],[85.5445,26.7408],[85.5658,26.7844],[85.5745,26.8333],[85.5661,26.841]]]},"properties":{"upc":"N/09073/01001/BR","state":"Bihar"}},{"type":"Feature","geometry":{"type":"MultiLineString","coordinates":[[[85.4949,26.1567],[85.5385,26.1767],[85.6044,26.1865],[85.6334,26.2123],[85.6351,26.2333],[85.6637,26.2516],[85.6618,26.3074],[85.6795,26.3195],[85.6838,26.3589],[85.6982,26.3833],[85.6795,26.4271],[85.681,26.4474],[85.74,26.466],[85.7491,26.4874],[85.7865,26.5165],[85.79,26.5431]]]},"properties":{"upc":"N/09074/01001/BR","state":"Bihar"}},{"type":"Feature","geometry":{"type":"MultiLineString","coordinates":[[[85.5154,25.156],[85.5564,25.1956],[85.5613,25.2102],[85.6558,25.2158],[85.6958,25.2073],[85.7064,25.216],[85.7564,25.2156],[85.7658,25.2366],[85.7853,25.2414],[85.796,25.2588],[85.8327,25.2858],[85.8427,25.3102],[85.8969,25.3607],[85.9049,25.384]]]},"properties":{"upc":"N/09075/01001/BR","state":"Bihar"}},{"type":"Feature","geometry":{"type":"MultiLineString","coordinates":[[[87.6574,25.3464],[87.6462,25.3739],[87.6224,25.3845],[87.6055,25.45],[87.5782,25.4926],[87.5924,25.511],[87.5978,25.5398],[87.5873,25.5519],[87.575,25.5948],[87.5545,25.6025],[87.513,25.6948],[87.5149,25.7852]]]},"properties":{"upc":"N/09076/01001/BR","state":"Bihar"}},{"type":"Feature","geometry":{"type":"MultiLineString","coordinates":[[[86.4414,25.4608],[86.4409,25.4157]],[[86.4409,25.4157],[86.4664,25.3896]],[[86.4664,25.3896],[86.4892,25.3927],[86.5095,25.3707],[86.5032,25.3557]]]},"properties":{"upc":"N/09077/01001/BR","state":"Bihar"}},{"type":"Feature","geometry":{"type":"MultiLineString","coordinates":[[[78.2844,21.7707],[78.2741,21.7753],[78.3642,21.8046],[78.3858,21.8248],[78.4785,21.8582],[78.5208,21.8871],[78.605,21.9131],[78.6434,21.9151],[78.6803,21.9291],[78.7122,21.9519],[78.7074,21.9534],[78.7968,21.9694],[78.8985,21.9992]],[[79.0006,22.071],[79.0539,22.0602],[79.0808,22.0642],[79.1599,22.0444],[79.1779,22.0488],[79.1993,22.0394],[79.234,22.0485],[79.2452,22.0421],[79.3143,22.0522],[79.3351,22.046],[79.393,22.0603],[79.434,22.0364],[79.4691,22.0498],[79.5038,22.0749],[79.5442,22.0774]]]},"properties":{"upc":"N/09078/03001/MP","state":"Madhya Pradesh"}},{"type":"Feature","geometry":{"type":"MultiLineString","coordinates":[[[81.3065,24.5267],[81.4722,24.515],[81.499,24.4944],[81.5393,24.4997],[81.5757,24.4688]],[[81.6811,24.415],[81.6957,24.4162],[81.7072,24.4053],[81.731,24.4105],[81.7519,24.3934],[81.7798,24.402],[81.8072,24.3947],[81.8327,24.3997],[81.875,24.3846],[81.8996,24.3858],[81.9135,24.4074]]]},"properties":{"upc":"N/09079/01001/MP","state":"Madhya Pradesh"}},{"type":"Feature","geometry":{"type":"MultiLineString","coordinates":[[[81.5757,24.4688],[81.6256,24.4092],[81.6818,24.4143]]]},"properties":{"upc":"N/09079/02001/MP","state":"Madhya Pradesh"}},{"type":"Feature","geometry":{"type":"MultiLineString","coordinates":[[[82.0679,21.9915],[82.0484,22.0129],[82.0668,22.0702],[82.0657,22.0969],[82.0752,22.114],[82.1182,22.1478],[82.1431,22.2145],[82.1466,22.2657],[82.1919,22.2701],[82.2181,22.2814],[82.2626,22.2717],[82.2995,22.2865],[82.3114,22.3013]]]},"properties":{"upc":"N/09081/01001/CG","state":"Chhattisgarh"}},{"type":"Feature","geometry":{"type":"MultiLineString","coordinates":[[[82.3108,22.295],[82.3142,22.3075],[82.3048,22.3351],[82.3154,22.3584],[82.3403,22.3787],[82.3627,22.3844],[82.4269,22.4418],[82.4978,22.4596],[82.5457,22.5244]]]},"properties":{"upc":"N/09081/02001/CG","state":"Chhattisgarh"}},{"type":"Feature","geometry":{"type":"MultiLineString","coordinates":[[[82.7398,21.9964],[82.6736,22.0871],[82.7274,22.1989],[82.7337,22.2486],[82.7275,22.265],[82.7471,22.2997]]]},"properties":{"upc":"N/09082/01001/CG","state":"Chhattisgarh"}},{"type":"Feature","geometry":{"type":"MultiLineString","coordinates":[[[91.8767,26.099],[91.8693,26.0157],[91.858,25.9624],[91.8497,25.9577],[91.868,25.9584],[91.8651,25.9482],[91.8719,25.9456],[91.8773,25.9007],[91.8836,25.8962],[91.8771,25.8322],[91.8696,25.8213],[91.8761,25.8052],[91.8707,25.7864],[91.8864,25.754],[91.8758,25.7342],[91.9064,25.6918],[91.8969,25.6744],[91.9053,25.678]]]},"properties":{"upc":"N/09083/01001/ML","state":"Meghalaya"}},{"type":"Feature","geometry":{"type":"MultiLineString","coordinates":[[[91.9052,25.678],[91.9675,25.719],[91.9819,25.7225],[91.9902,25.7116],[92.0109,25.7078],[92.0224,25.6632],[92.0613,25.64],[92.0458,25.6067],[92.0661,25.6072],[92.0557,25.5925],[92.0689,25.5913],[92.0554,25.5799],[92.0638,25.5746],[92.0508,25.5611],[92.0529,25.5508]]]},"properties":{"upc":"N/09083/02001/ML","state":"Meghalaya"}},{"type":"Feature","geometry":{"type":"MultiLineString","coordinates":[[[92.233,25.4664],[92.2963,25.465],[92.2891,25.4526],[92.2943,25.4343],[92.2849,25.4182],[92.3023,25.4168],[92.3117,25.3957],[92.3243,25.3884],[92.3263,25.3697],[92.343,25.3711],[92.369,25.3572],[92.3678,25.3311],[92.3789,25.3017],[92.389,25.2954],[92.3773,25.2766],[92.3857,25.2606],[92.3754,25.2419],[92.3819,25.216],[92.3708,25.2017],[92.3819,25.1937],[92.3746,25.1906],[92.3746,25.1764],[92.3822,25.1679],[92.3948,25.1707],[92.3665,25.1524],[92.3766,25.1486],[92.373,25.1437],[92.3884,25.1276],[92.3619,25.1111],[92.354,25.0808],[92.3794,25.0719],[92.38,25.0623],[92.4138,25.0426],[92.4301,25.045],[92.4357,25.0333],[92.4414,25.0422],[92.4622,25.0327]]]},"properties":{"upc":"N/09084/01001/ML","state":"Meghalaya"}},{"type":"Feature","geometry":{"type":"MultiLineString","coordinates":[[[81.3821,20.4658],[81.3885,20.458]],[[81.4096,20.4211],[81.4158,20.4158]],[[81.4291,20.3931],[81.4389,20.3723]],[[81.44,20.3699],[81.4478,20.3536]],[[81.4495,20.35],[81.4568,20.334]],[[81.4884,20.6666],[81.5024,20.6718]],[[81.4187,20.6038],[81.3992,20.5843]],[[81.3992,20.5843],[81.3809,20.5709]],[[81.3692,20.5451],[81.3714,20.5626]],[[81.3692,20.5451],[81.3673,20.5264]],[[81.3641,20.506],[81.3667,20.5208]],[[81.3909,20.4543],[81.3946,20.4459]],[[81.3952,20.4447],[81.3974,20.4328]],[[81.4779,20.6621],[81.4652,20.6534]],[[81.4652,20.6534],[81.4531,20.6451]],[[81.4493,20.6402],[81.4261,20.6115]],[[81.4266,20.4009],[81.4213,20.4084],[81.4266,20.4009]],[[81.4214,20.4084],[81.4266,20.4009]],[[81.4214,20.4084],[81.4266,20.4009]],[[81.4096,20.4211],[81.4045,20.4255],[81.4096,20.4211]],[[81.4291,20.3931],[81.4291,20.3931]]]},"properties":{"upc":"N/09092/01001/CG","state":"Chhattisgarh"}},{"type":"Feature","geometry":{"type":"MultiLineString","coordinates":[[[81.6987,19.4954],[81.7063,19.4834]],[[81.6621,19.5846],[81.681,19.5527],[81.6987,19.4954]],[[81.6644,19.595],[81.6621,19.5846]],[[81.6603,19.6577],[81.6644,19.595]],[[81.6513,19.7244],[81.6603,19.6577]],[[81.6537,19.7447],[81.6513,19.7244]],[[81.6522,19.7561],[81.6537,19.7447]],[[81.6465,19.792],[81.6497,19.7637]],[[81.6433,19.8152],[81.6463,19.793]],[[81.6434,19.8269],[81.6432,19.8176]],[[81.6326,19.8828],[81.6379,19.8458]],[[81.6274,19.9062],[81.6342,19.8915]],[[81.6113,19.9627],[81.6274,19.9062]]]},"properties":{"upc":"N/09092/01002/CG","state":"Chhattisgarh"}},{"type":"Feature","geometry":{"type":"MultiLineString","coordinates":[[[81.7708,19.4036],[81.8862,19.2711],[81.9176,19.2208],[81.9612,19.1768],[82.0204,19.1392],[82.0246,19.113],[82.0361,19.1052],[82.0458,19.0805]],[[81.742,19.4544],[81.7542,19.4443],[81.7708,19.4036]],[[81.7086,19.48],[81.742,19.4544]]]},"properties":{"upc":"N/09092/01003/CG","state":"Chhattisgarh"}},{"type":"Feature","geometry":{"type":"MultiLineString","coordinates":[[[78.036,17.6044],[78.0492,17.6222],[78.1018,17.6453],[78.1345,17.6988],[78.2401,17.76],[78.2845,17.8088],[78.3861,17.8371],[78.4587,17.8733],[78.7087,17.7922],[78.7624,17.7848],[78.8681,17.6827],[78.9156,17.5621],[78.9379,17.5254],[78.9454,17.4891],[78.9807,17.4258],[78.9704,17.3637],[78.9418,17.3294],[78.9134,17.2467]]]},"properties":{"upc":"N/09093/02001/TS","state":"Telangana"}},{"type":"Feature","geometry":{"type":"MultiLineString","coordinates":[[[77.9641,29.9033],[77.9782,29.8983],[78.0449,29.9139]]]},"properties":{"upc":"N/11009/01002/UK","state":"Uttarakhand"}},{"type":"Feature","geometry":{"type":"MultiLineString","coordinates":[[[78.5211,13.5808],[78.5517,13.6219],[78.5942,13.6334],[78.671,13.6293],[78.6774,13.6367],[78.7292,13.6461]],[[78.7292,13.6461],[78.7648,13.6432],[78.8001,13.6599],[78.8532,13.656],[78.9453,13.6667],[79.0413,13.6492],[79.0907,13.6471],[79.1251,13.6544],[79.1985,13.6443],[79.2247,13.649],[79.2355,13.6408],[79.2732,13.6405],[79.34,13.6036]]]},"properties":{"upc":"N/12009/01002/AP","state":"Andhra Pradesh"}},{"type":"Feature","geometry":{"type":"MultiLineString","coordinates":[[[78.5137,13.5819],[78.5253,13.5771]]]},"properties":{"upc":"N/12009/01003/AP","state":"Andhra Pradesh"}},{"type":"Feature","geometry":{"type":"MultiLineString","coordinates":[[[73.0566,20.7603],[73.0925,20.7854],[73.1555,20.8089],[73.2771,20.7889],[73.3134,20.8006],[73.3401,20.7988]],[[73.3578,20.7751],[73.3401,20.7988]],[[73.3578,20.7751],[73.391,20.7657],[73.4262,20.7668],[73.4389,20.754],[73.4986,20.7657],[73.4999,20.7367],[73.5102,20.7306],[73.5104,20.7213],[73.5469,20.7147],[73.5414,20.6915],[73.5768,20.6975],[73.6021,20.6875],[73.6116,20.6943],[73.6204,20.6832],[73.6551,20.678],[73.6608,20.6663],[73.6795,20.6593],[73.6974,20.6281],[73.7256,20.6228],[73.7416,20.5977],[73.7559,20.5915],[73.7465,20.5801],[73.7571,20.5577],[73.7487,20.4809]],[[73.8376,19.954],[73.8457,19.9901],[73.842,20.0256],[73.8703,20.0402],[73.9475,20.1107],[73.9773,20.1423],[73.9926,20.1842],[73.9531,20.207],[73.9489,20.2515],[73.9181,20.315],[73.8885,20.3283],[73.8176,20.4],[73.7767,20.4271],[73.7497,20.4601],[73.7487,20.4809]],[[73.8376,19.954],[74.0014,19.8398],[74.0099,19.8462],[74.1051,19.8404],[74.1784,19.8259],[74.2436,19.8031],[74.3312,19.8275],[74.3535,19.8257],[74.3948,19.8446],[74.4428,19.8299],[74.4703,19.8069],[74.4947,19.6206],[74.5373,19.5312],[74.6473,19.3944],[74.6459,19.3597],[74.6623,19.2705],[74.6765,19.2471],[74.6771,19.1854],[74.6961,19.1724],[74.721,19.1376],[74.7356,19.1067],[74.7299,19.0956]]]},"properties":{"upc":"N/14001/01008/GJ","state":"Gujarat"}},{"type":"Feature","geometry":{"type":"MultiLineString","coordinates":[[[76.1885,28.7944],[76.1877,28.8059],[76.1761,28.812]],[[76.1679,28.8177],[76.1761,28.812]],[[76.1637,28.8244],[76.113,28.845]],[[76.1092,28.8476],[76.0969,28.8688]],[[76.0951,28.872],[76.0768,28.8968]],[[76.0748,28.8991],[76.0495,28.928]],[[76.0485,28.9321],[76.0462,28.9582],[76.025,28.9687]],[[76.0226,28.971],[76.0172,28.9815]],[[76.0163,28.9834],[76.0058,29.0051]],[[76.0046,29.0075],[76.0009,29.0159]],[[75.9996,29.0193],[75.9943,29.0326]],[[75.9946,29.0363],[76.0029,29.0625]],[[76.0037,29.0665],[76.0084,29.0871]]]},"properties":{"upc":"N/14001/01014/HR","state":"Haryana"}},{"type":"Feature","geometry":{"type":"MultiLineString","coordinates":[[[82.2843,17.0141],[82.2882,17.0512],[82.3101,17.0748],[82.3244,17.0776],[82.3331,17.0953],[82.3596,17.1044],[82.3651,17.1159],[82.3826,17.1244],[82.4594,17.2076],[82.4552,17.2208],[82.4169,17.2426],[82.4083,17.2703]]]},"properties":{"upc":"N/14001/01024/AP","state":"Andhra Pradesh"}},{"type":"Feature","geometry":{"type":"MultiLineString","coordinates":[[[77.6388,14.5348],[77.7018,14.6335],[77.7643,14.6854],[77.7982,14.7558],[77.8265,14.7723],[77.8928,14.7777],[77.9184,14.8162],[78.0494,14.8965],[78.1036,14.9633],[78.1821,15.0254],[78.3601,15.1198],[78.4488,15.1514],[78.6197,15.2958],[78.723,15.3303],[78.8267,15.3429],[78.9027,15.3415],[78.9964,15.3802],[79.0705,15.4313],[79.1429,15.5808],[79.2876,15.668],[79.5269,15.7955],[79.5681,15.8216],[79.5972,15.859],[79.6645,15.876],[79.744,15.9169],[79.8635,16.0071],[79.9601,16.0491],[79.9905,16.0578],[80.1409,16.0585]]]},"properties":{"upc":"N/14001/01028/AP","state":"Andhra Pradesh"}},{"type":"Feature","geometry":{"type":"MultiLineString","coordinates":[[[81.0813,26.8627],[81.1307,26.8645],[81.152,26.9019]],[[82.218,26.8244],[82.235,26.8392],[82.2612,26.8374],[82.2833,26.8248],[82.2971,26.8032],[82.3338,26.7972],[82.3853,26.7748],[82.4659,26.7975],[82.5475,26.7643],[82.6007,26.7631],[82.6836,26.7768],[82.7024,26.7621],[82.7512,26.7649],[82.7696,26.779],[82.7927,26.8179],[82.8304,26.8253],[82.9692,26.7858],[83.0671,26.7821],[83.0954,26.7594],[83.1302,26.7623],[83.2491,26.7471]]]},"properties":{"upc":"N/14001/01036/UP","state":"Uttar Pradesh"}},{"type":"Feature","geometry":{"type":"MultiLineString","coordinates":[[[85.1501,25.7894],[85.1326,25.822],[85.0837,25.8672],[85.0632,25.9096],[84.9309,25.9887],[84.9141,26.0061],[84.9063,26.0711],[84.8788,26.158],[84.8599,26.1864],[84.8066,26.236],[84.7552,26.3091],[84.735,26.3526]]]},"properties":{"upc":"N/14001/01043/BR","state":"Bihar"}},{"type":"Feature","geometry":{"type":"MultiLineString","coordinates":[[[86.7291,24.4408],[86.6756,24.4409],[86.6426,24.4567],[86.6071,24.5146],[86.611,24.5429],[86.655,24.5596],[86.7512,24.5568],[86.7826,24.5355],[86.8274,24.5232],[86.8253,24.5085],[86.8055,24.4856]]]},"properties":{"upc":"N/14001/01047/JH","state":"Jharkhand"}},{"type":"Feature","geometry":{"type":"MultiLineString","coordinates":[[[84.0133,25.5857],[83.9986,25.5608],[83.9304,25.498],[83.8668,25.4849],[83.8533,25.4564],[83.7902,25.4529],[83.6789,25.4078],[83.6522,25.4103],[83.5879,25.3791],[83.56,25.3853],[83.5225,25.3798],[83.4535,25.3844],[83.4167,25.3757],[83.3823,25.3808],[83.3351,25.3658],[83.2997,25.3642],[83.2422,25.3286],[83.2266,25.3052],[83.195,25.3051]]]},"properties":{"upc":"N/14001/04004/BR","state":"Bihar"}},{"type":"Feature","geometry":{"type":"MultiLineString","coordinates":[[[77.7056,13.8894],[77.7396,13.9059],[77.7932,13.9588],[77.8658,14.0127],[77.8931,14.0623],[77.9081,14.073],[77.9506,14.1352],[77.9805,14.1587],[77.9916,14.1837],[78.0435,14.2467],[78.0895,14.2819],[78.1858,14.3221],[78.2065,14.3477],[78.2573,14.3787],[78.2824,14.417],[78.3081,14.4391],[78.4585,14.5047],[78.4984,14.5344],[78.5549,14.6146],[78.619,14.6455],[78.6618,14.6882]],[[78.6618,14.6883],[78.7369,14.792],[78.7688,14.8144],[78.7898,14.861],[78.8916,14.8963],[78.9431,14.9292],[79.0486,14.9777],[79.109,14.9894],[79.1315,15.0171],[79.1592,15.0935],[79.1739,15.1135],[79.2149,15.137],[79.3267,15.2342],[79.4475,15.3179],[79.5247,15.3825],[79.565,15.4038],[79.7653,15.6091],[79.8026,15.6633],[79.9071,15.7469],[79.9771,15.7753]],[[79.9771,15.7754],[80.0157,15.8281],[80.0483,15.8354]]]},"properties":{"upc":"N/14001/04008/AP","state":"Andhra Pradesh"}},{"type":"Feature","geometry":{"type":"MultiLineString","coordinates":[[[72.9603,20.3514],[72.9316,20.3518],[72.9218,20.365]],[[73.1628,20.4932],[73.1382,20.4495],[73.127,20.4067],[73.0674,20.3564],[73.0034,20.3434],[72.9603,20.3514]],[[73.195,20.536],[73.1628,20.4932]],[[73.2702,20.6335],[73.2676,20.6221],[73.2378,20.602],[73.2225,20.5766],[73.205,20.5687],[73.195,20.536]],[[73.2925,20.6867],[73.2718,20.6689],[73.2714,20.636]],[[73.3142,20.7121],[73.2925,20.6867]],[[73.3217,21.3573],[73.3286,21.3226]],[[73.3325,21.3917],[73.3185,21.3646],[73.3218,21.3572]],[[73.3286,21.3226],[73.3509,21.3015]],[[73.3389,20.923],[73.3387,20.8878],[73.3483,20.8675],[73.3414,20.8468],[73.3281,20.835],[73.3289,20.8167]],[[73.33,21.41],[73.3325,21.3917]],[[73.3834,21.6652],[73.3572,21.6161],[73.356,21.5093],[73.3286,21.4557],[73.33,21.41]],[[73.3337,20.8115],[73.3415,20.8016]],[[73.3337,20.7364],[73.3142,20.7121]],[[73.3685,21.0088],[73.3583,20.9682],[73.3423,20.9485],[73.339,20.9231]],[[73.3415,20.8016],[73.3493,20.7855]],[[73.345,21.0904],[73.3736,21.0476],[73.3685,21.0088]],[[73.3493,20.7855],[73.3516,20.7668],[73.3337,20.7364]],[[73.3526,21.3006],[73.3813,21.2789],[73.3849,21.2404]],[[73.4858,21.7413],[73.4696,21.7213],[73.4681,21.7052],[73.4425,21.6867],[73.3834,21.6652]],[[73.3875,21.1387],[73.3586,21.1196],[73.345,21.0904]],[[73.3889,21.1699],[73.3902,21.1591]],[[73.3915,21.1484],[73.3875,21.1387]],[[73.3933,21.2174],[73.3888,21.1717]],[[73.4907,21.7986],[73.4957,21.7636],[73.4817,21.7509],[73.4858,21.7413]],[[73.518,21.8523],[73.4863,21.8231],[73.4902,21.7993]],[[73.7299,22.1141],[73.7161,22.032],[73.6781,22.0075],[73.6547,21.9797],[73.6557,21.9379],[73.6436,21.8809],[73.6251,21.8642],[73.518,21.8523]],[[73.7437,22.2023],[73.7416,22.1903]],[[73.7844,22.2317],[73.7437,22.2023]],[[73.7496,22.1741],[73.7545,22.1444],[73.7299,22.1141]],[[73.8625,22.3651],[73.8148,22.352],[73.7799,22.3187],[73.7915,22.2463],[73.7844,22.2317]],[[73.9561,22.6133],[73.9455,22.5571],[73.9512,22.511],[73.9435,22.4685],[73.9603,22.4308],[73.8625,22.3651]],[[74.1731,22.9122],[74.1688,22.8254],[74.131,22.767],[74.0868,22.7513],[74.0654,22.7516],[74.0145,22.7263],[74.0022,22.7119],[74.0035,22.6905],[73.9921,22.6645],[73.9561,22.6133]],[[74.1658,22.9335],[74.1731,22.9122]]]},"properties":{"upc":"N/14001/04009/GJ","state":"Gujarat"}},{"type":"Feature","geometry":{"type":"MultiLineString","coordinates":[[[86.5652,26.0264],[86.5557,26.043],[86.5723,26.0889],[86.6102,26.1035],[86.6387,26.1381],[86.691,26.1508],[86.7589,26.1485],[86.7988,26.1663],[86.8683,26.1376],[86.9004,26.1379],[86.917,26.1217],[86.9515,26.1168],[86.964,26.0971],[86.9981,26.099],[87.0228,26.0904],[87.0271,26.0802],[87.0726,26.0706],[87.0901,26.0563],[87.1606,26.0596],[87.233,26.0963],[87.2553,26.0908],[87.3115,26.0968],[87.375,26.1176],[87.4009,26.1079],[87.469,26.1162]]]},"properties":{"upc":"N/14001/04010/BR","state":"Bihar"}}],"generated_at":"2026-09-12T09:39:16+00:00","source":{"name":"NHAI Data Lake GeoServer","layer":"NHAI:upc_based_allignment_of_nhai_projects","url":"https://datalakew.nhai.gov.in/geoserver/NHAI/ows","note":"Alignments simplified for display: each piece reduced with Douglas-Peucker at 0.005 degrees (~556 m) and pieces shorter than 1.0 km dropped. Pieces are never joined - the source splits each highway into many disjoint segments and chaining them invents road that does not exist."}}