{"type":"FeatureCollection","features":[{"type":"Feature","geometry":{"coordinates":[[72.8777,19.076],[72.5714,23.0225]],"type":"LineString"},"properties":{"id":"seed-6b2946bf67818196","title":"Mumbai-Ahmedabad High Speed Rail Corridor","sector":"rail","status":"under_construction","is_blocked":false}},{"type":"Feature","geometry":{"coordinates":[[77.209,28.6139],[72.8777,19.076]],"type":"LineString"},"properties":{"id":"seed-eb4d1adc9ab4d7a0","title":"Delhi-Mumbai Expressway","sector":"road","status":"under_construction","is_blocked":false}},{"type":"Feature","geometry":{"coordinates":[[77.7064,28.9845],[81.8463,25.4358]],"type":"LineString"},"properties":{"id":"seed-4c165da75bb0f6cb","title":"Ganga Expressway from Meerut to Prayagraj","sector":"road","status":"under_construction","is_blocked":false}},{"type":"Feature","geometry":{"coordinates":[[80.2707,13.0827],[78.146,11.6643]],"type":"LineString"},"properties":{"id":"seed-d577ccde49c2ea6d","title":"Chennai-Salem Greenfield Expressway","sector":"road","status":"cancelled","is_blocked":true}},{"type":"Feature","geometry":{"coordinates":[[77.209,28.6139],[77.7064,28.9845]],"type":"LineString"},"properties":{"id":"seed-a95ec1a8f8c70d7c","title":"Delhi-Meerut Regional Rapid Transit System (Namo Bharat)","sector":"metro","status":"under_construction","is_blocked":false}},{"type":"Feature","geometry":{"coordinates":[[92.874859,26.115671],[92.954379,25.939556]],"type":"LineString"},"properties":{"id":"nhai_geoserver-85201e2b4517c284","title":"Doboka - Lanka (AS-16) (Including Dobaka Bypass)","sector":"road","status":"commissioned","is_blocked":false}},{"type":"Feature","geometry":{"coordinates":[[70.494997,21.606225],[70.180329,21.53467]],"type":"LineString"},"properties":{"id":"nhai_geoserver-d839bf215f595818","title":"Junagadh Bypass","sector":"road","status":"commissioned","is_blocked":false}},{"type":"Feature","geometry":{"coordinates":[[84.810976,22.21725],[84.919191,21.875596]],"type":"LineString"},"properties":{"id":"nhai_geoserver-7418d2490ed34a05","title":"Brahmani Bypass Rajmunda","sector":"road","status":"commissioned","is_blocked":false}},{"type":"Feature","geometry":{"coordinates":[[85.58514,21.976166],[85.270427,21.96417]],"type":"LineString"},"properties":{"id":"nhai_geoserver-370c8db28323e6c0","title":"Rimuli Koida km 163 - km 206 of NH 215","sector":"road","status":"commissioned","is_blocked":false}},{"type":"Feature","geometry":{"coordinates":[[77.409028,28.13793],[77.404123,28.121051]],"type":"LineString"},"properties":{"id":"nhai_geoserver-4bf5138b8c4995d0","title":"Four Laning of Rewari Bypass Pkg-IV","sector":"road","status":"commissioned","is_blocked":false}},{"type":"Feature","geometry":{"coordinates":[[72.815138,22.057802],[72.963286,21.703612]],"type":"LineString"},"properties":{"id":"nhai_geoserver-f2acb41ab9ede3f0","title":"Jambusar - Bharuch","sector":"road","status":"tendered","is_blocked":false}},{"type":"Feature","geometry":{"coordinates":[[74.021633,17.617],[73.721442,18.684]],"type":"LineString"},"properties":{"id":"nhai_geoserver-e044e53edcf18d0a","title":"Dhule-Pimpalgaon Baswant","sector":"road","status":"commissioned","is_blocked":false}},{"type":"Feature","geometry":{"coordinates":[[92.709433,26.313575],[92.858343,26.121247]],"type":"LineString"},"properties":{"id":"nhai_geoserver-8b49120a433b12e1","title":"Nagaon - Doboka (AS-17)","sector":"road","status":"commissioned","is_blocked":false}},{"type":"Feature","geometry":{"coordinates":[[76.8461,25.115138],[78.516345,25.4575]],"type":"LineString"},"properties":{"id":"nhai_geoserver-5f80c854334d5008","title":"Baran-Shivpuri-Jhansi","sector":"road","status":"commissioned","is_blocked":false}},{"type":"Feature","geometry":{"coordinates":[[81.576266,24.467936],[81.684225,24.415108]],"type":"LineString"},"properties":{"id":"nhai_geoserver-e6eaeeb3dcdcb2ad","title":"Churhat Bypass of Rewa Sidhi Section","sector":"road","status":"commissioned","is_blocked":false}},{"type":"Feature","geometry":{"coordinates":[[75.72141,12.882068],[75.553618,12.836322]],"type":"LineString"},"properties":{"id":"nhai_geoserver-9bed139838d21122","title":"Nidagatta-Mysore (Pkg II)","sector":"road","status":"under_construction","is_blocked":false}},{"type":"Feature","geometry":{"coordinates":[[93.134781,25.410701],[93.125835,25.319723]],"type":"LineString"},"properties":{"id":"nhai_geoserver-10d633741d0b3aec","title":"Maibong - Lumding Section (AS-24) in Assam","sector":"road","status":"commissioned","is_blocked":false}},{"type":"Feature","geometry":{"coordinates":[[74.445756,14.443797],[74.407444,14.394236]],"type":"LineString"},"properties":{"id":"nhai_geoserver-da508475fe26ece2","title":"Bengaluru-Hoskote-Mulbagal","sector":"road","status":"commissioned","is_blocked":false}},{"type":"Feature","geometry":{"coordinates":[[77.066397,28.298656],[77.148314,28.169283]],"type":"LineString"},"properties":{"id":"nhai_geoserver-7a239b80449ae267","title":"Delhi-Vadodara Greenfield Alignment (NH-148N) (Pkg-01) (Ch. 0+000 to Ch. 18+461) [Sohna-Gurugram Road (NH-248A) near Alipur Village and ending before KMP Expressway]","sector":"road","status":"commissioned","is_blocked":false}},{"type":"Feature","geometry":{"coordinates":[[77.115208,28.91668],[77.316372,28.873618]],"type":"LineString"},"properties":{"id":"nhai_geoserver-cd948c9415b58553","title":"Delhi-Vadodara Greenfield Alignment (NH-148N) (Pkg-02) (Ch. 18+500 to Ch. 47+000) [Expressway starting before KMP Expressway and ending at Ch. 47+000 near Khanpur Ghati]","sector":"road","status":"commissioned","is_blocked":false}},{"type":"Feature","geometry":{"coordinates":[[77.077123,27.925073],[76.964088,27.65894]],"type":"LineString"},"properties":{"id":"nhai_geoserver-877fa9d321bd6fa8","title":"Delhi-Vadodara Greenfield Alignment (NH-148N) (Pkg-03) (Ch. 47+000 to Ch. 78+800) [starting near Khanpur Ghati and ending at HR/RJ Border]","sector":"road","status":"commissioned","is_blocked":false}},{"type":"Feature","geometry":{"coordinates":[[76.654954,14.356797],[76.599883,13.897679]],"type":"LineString"},"properties":{"id":"nhai_geoserver-9b67b0464fa0d2a1","title":"Raichur - Hungund","sector":"road","status":"tendered","is_blocked":false}},{"type":"Feature","geometry":{"coordinates":[[77.282867,28.613739],[77.260885,28.738195]],"type":"LineString"},"properties":{"id":"nhai_geoserver-3c5edab7d556e380","title":"Delhi-Vadodara Greenfield Alignment (NH-148N) (Pkg-04) (Ch. 78+800 to Ch. 115+700) [HR/Raj Border to Jn. with SH-44]","sector":"road","status":"commissioned","is_blocked":false}},{"type":"Feature","geometry":{"coordinates":[[76.796126,27.370159],[76.650174,27.083998]],"type":"LineString"},"properties":{"id":"nhai_geoserver-e6c2f0b2af59b19a","title":"Delhi-Vadodara Greenfield Alignment (NH-148N) (Pkg-05) (Ch.115+700 to Ch. 151+840) [Jn. at SH-44 to Jn. Keshopura road]","sector":"road","status":"commissioned","is_blocked":false}},{"type":"Feature","geometry":{"coordinates":[[76.650278,27.083889],[76.4225,26.900278]],"type":"LineString"},"properties":{"id":"nhai_geoserver-ff5815e5b33ea213","title":"Delhi-Vadodara Greenfield Alignment (NH-148N) (Pkg-06) (Ch.151+840 to Ch. 183+000) (Keshopura Road - Junction with NH-11)","sector":"road","status":"commissioned","is_blocked":false}},{"type":"Feature","geometry":{"coordinates":[[76.4225,26.900278],[76.300278,26.642222]],"type":"LineString"},"properties":{"id":"nhai_geoserver-9ad3aadb10c8ed2c","title":"Delhi-Vadodara Greenfield Alignment (NH-148N) (Pkg-07) (Ch.183.000 to Ch. 214.260) (Junction with NH-11 - Start of RoB near junction with NH-11A)","sector":"road","status":"commissioned","is_blocked":false}},{"type":"Feature","geometry":{"coordinates":[[76.300278,26.642222],[76.250278,26.361111]],"type":"LineString"},"properties":{"id":"nhai_geoserver-c81c0e00cb9b50eb","title":"Delhi-Vadodara Greenfield Alignment (NH-148N) (Pkg-08) (Ch. 214.260 - Ch. 247.31) [Start of RoB near junction with NH-11A to Junction with MDR-1 (Baonli-Jhalai road)]","sector":"road","status":"commissioned","is_blocked":false}},{"type":"Feature","geometry":{"coordinates":[[76.250278,26.360833],[76.244167,25.954167]],"type":"LineString"},"properties":{"id":"nhai_geoserver-d66e6cd85637cb63","title":"Delhi-Vadodara Greenfield Alignment (NH-148N) (Pkg-09) (Ch. 247.310 to Ch. 292.950) [Junction with MDR-1 (Baonli-Jhalai road) to End of Interchange on NH-166 near village Mui]","sector":"road","status":"commissioned","is_blocked":false}},{"type":"Feature","geometry":{"coordinates":[[76.244167,25.954167],[76.245833,25.724444]],"type":"LineString"},"properties":{"id":"nhai_geoserver-47cfba9f1e04b0b4","title":"Delhi-Vadodara Greenfield Alignment (NH-148N) (Pkg-10) (Ch. 292.950 to Ch. 319.400) [End of Interchange on NH-166 near village Mui to Hardeoganj village near Indergarh]","sector":"road","status":"under_construction","is_blocked":false}},{"type":"Feature","geometry":{"coordinates":[[76.245833,25.724444],[76.203333,25.624444]],"type":"LineString"},"properties":{"id":"nhai_geoserver-916f2f43c3e2bf90","title":"Delhi-Vadodara Greenfield Alignment (NH-148N) (Pkg-11) (Ch. 319.400 to Ch. 331.030) [Hardeoganj village near Indergarh to Major Bridge on Mej River]","sector":"road","status":"commissioned","is_blocked":false}},{"type":"Feature","geometry":{"coordinates":[[76.203333,25.629444],[76.197778,25.381111]],"type":"LineString"},"properties":{"id":"nhai_geoserver-eb386ba69eefbbc6","title":"Delhi-Vadodara Greenfield Alignment (NH-148N) (Pkg-12) (Ch. 331.030 to Ch. 359.170) [Major Bridge on Mej River to Junction with SH-37A]","sector":"road","status":"commissioned","is_blocked":false}},{"type":"Feature","geometry":{"coordinates":[[76.197778,25.381111],[76.073333,25.144444]],"type":"LineString"},"properties":{"id":"nhai_geoserver-fe71e28473ce58c0","title":"Delhi-Vadodara Greenfield Alignment (NH-148N) (Pkg-13) (Ch. 359.170 to Ch. 388.420) [Junction with SH-37A to Junction with NH- 76]","sector":"road","status":"commissioned","is_blocked":false}},{"type":"Feature","geometry":{"coordinates":[[76.073333,25.144444],[75.957222,24.890278]],"type":"LineString"},"properties":{"id":"nhai_geoserver-4847082f7c74b4f5","title":"Delhi-Vadodara Greenfield Alignment (NH-148N) (Pkg-14) (Ch. 388.420 to Ch. 419.000) [Junction with NH- 76 to Junction with NH-12 near village Ummedpura]","sector":"road","status":"commissioned","is_blocked":false}},{"type":"Feature","geometry":{"coordinates":[[75.572696,24.532548],[75.56754,24.49557]],"type":"LineString"},"properties":{"id":"nhai_geoserver-79339e2fbe2bf0b2","title":"Delhi-Vadodara Greenfield Alignment (NH-148N) (Pkg-15) (Ch. 419.000 to Ch.427.300) [Junction with NH-12 near village Ummedpura to Major bridge over Takli river near Nayagaon Jageer village]","sector":"road","status":"under_construction","is_blocked":false}},{"type":"Feature","geometry":{"coordinates":[[75.56754,24.49557],[75.512568,24.365829]],"type":"LineString"},"properties":{"id":"nhai_geoserver-cc3f92d27ab03e2b","title":"Delhi-Vadodara Greenfield Alignment (NH-148N) (Pkg-16) (Ch. 427.300 to Ch.452.420) [Major bridge over Takli river near Nayagaon Jageer village to Rajasthan/MP Border]","sector":"road","status":"commissioned","is_blocked":false}},{"type":"Feature","geometry":{"coordinates":[[76.527222,26.977778],[75.926667,26.873889]],"type":"LineString"},"properties":{"id":"nhai_geoserver-20236043ca75b900","title":"4L Greenfield spur from Delhi-Vadodara Greenfield expressway near Bandikui to Jaipur","sector":"road","status":"commissioned","is_blocked":false}},{"type":"Feature","geometry":{"coordinates":[[75.45442,22.168678],[75.052077,21.566455]],"type":"LineString"},"properties":{"id":"nhai_geoserver-858de384ba01bc23","title":"Delhi-Vadodara Greenfield Alignment (NH-148N) (Pkg-17) (Ch. 452+420 to Ch. 484+420) [Rajasthan/MP Border to Jodmi village of Mandsaur district]","sector":"road","status":"commissioned","is_blocked":false}},{"type":"Feature","geometry":{"coordinates":[[77.209,28.6139],[73.1812,22.3072]],"type":"LineString"},"properties":{"id":"nhai_geoserver-c689ac1305388ce8","title":"Delhi-Vadodara Greenfield Alignment (NH-148N) (Pkg-18) (Ch. 484+420 to Ch. 517+420) [Jodmi village to Bani village of Mandsaur district]","sector":"road","status":"commissioned","is_blocked":false}},{"type":"Feature","geometry":{"coordinates":[[76.430311,21.832801],[76.18337,21.891603]],"type":"LineString"},"properties":{"id":"nhai_geoserver-ae85703b4eb3e0c7","title":"Delhi-Vadodara Greenfield Alignment (NH-148N) (Pkg-19) (Ch. 517+420 to Ch.546+920) [Bani village to Bardawadi village of Mandsaur district]","sector":"road","status":"commissioned","is_blocked":false}},{"type":"Feature","geometry":{"coordinates":[[76.773995,22.656356],[77.07127,22.375862]],"type":"LineString"},"properties":{"id":"nhai_geoserver-305fe69a3dae7ac3","title":"Delhi-Vadodara Greenfield Alignment (NH-148N) (Pkg-20) (Ch. 546+920 to Ch. 572+220) [Bardawadi village of Mandsaur district to Kamliya village of Ratlam district]","sector":"road","status":"commissioned","is_blocked":false}},{"type":"Feature","geometry":{"coordinates":[[75.21281,23.722362],[75.042273,23.505558]],"type":"LineString"},"properties":{"id":"nhai_geoserver-a80a746318ce6c28","title":"Delhi-Vadodara Greenfield Alignment (NH-148N) (Pkg-21) (Ch. 572+220 to Ch. 602+420) [Kamliya village to Kandarwasa village of Ratlam district]","sector":"road","status":"commissioned","is_blocked":false}},{"type":"Feature","geometry":{"coordinates":[[75.512534,24.365841],[75.415316,24.221581]],"type":"LineString"},"properties":{"id":"nhai_geoserver-c7f0cf4cebb11f3c","title":"Delhi-Vadodara Greenfield Alignment (NH-148N) (Pkg-22) (Ch. 602+420 to Ch. 627+420) [Kandarwasa village to Bawadi village (Near Shivgarh) of Ratlam district]","sector":"road","status":"commissioned","is_blocked":false}},{"type":"Feature","geometry":{"coordinates":[[74.898757,23.330437],[74.722417,23.173103]],"type":"LineString"},"properties":{"id":"nhai_geoserver-b367b880ef419048","title":"Delhi-Vadodara Greenfield Alignment (NH-148N) (Pkg-23) (Ch. 627+420 to Ch.652+720) [Bawadi village (Near Shivgarh) of Ratlam district to Ranni Village of Jhabua district]","sector":"road","status":"commissioned","is_blocked":false}},{"type":"Feature","geometry":{"coordinates":[[74.722417,23.173103],[74.552567,23.071434]],"type":"LineString"},"properties":{"id":"nhai_geoserver-96e490c0f550a277","title":"Delhi-Vadodara Greenfield Alignment (NH-148N) (Pkg-24) (Ch. 652+720 to Ch.674+420) [Ranni Village to Miyati Village of Jhabua district]","sector":"road","status":"commissioned","is_blocked":false}},{"type":"Feature","geometry":{"coordinates":[[74.535557,23.194989],[74.432007,23.102348]],"type":"LineString"},"properties":{"id":"nhai_geoserver-e6655bbeaf1c520b","title":"Delhi-Vadodara Greenfield Alignment (NH-148N) (Pkg-25) (Ch.673.770 to Ch.696.920) [Miyati Village to MP-Gujarat Border]","sector":"road","status":"commissioned","is_blocked":false}},{"type":"Feature","geometry":{"coordinates":[[77.209,28.6139],[73.1812,22.3072]],"type":"LineString"},"properties":{"id":"nhai_geoserver-32a68a2fcb88942f","title":"Repair/Strengthening of existing road from Thandla Interchange (MP-07) to NH-47 at Phoolmaal Chauraha (Jhabua) on Nh- 47 for connectivity of Delhi-Vadodara Expressway Madhya Pradesh section with NH- 47 ( Indore- Ahemdabad road )  under Change of Scope order pkg- 25","sector":"road","status":"tendered","is_blocked":false}},{"type":"Feature","geometry":{"coordinates":[[74.341864,23.000419],[74.056492,22.879317]],"type":"LineString"},"properties":{"id":"nhai_geoserver-1e2e204d566ebb1c","title":"Delhi-Vadodara Greenfield Alignment (NH-148N) (Pkg-26) (Ch.696+890 to Ch.726+390)","sector":"road","status":"under_construction","is_blocked":false}},{"type":"Feature","geometry":{"coordinates":[[74.056492,22.879317],[73.813094,22.823122]],"type":"LineString"},"properties":{"id":"nhai_geoserver-bde54b76c74c0c3b","title":"Delhi-Vadodara Greenfield Alignment (NH-148N) (Pkg-27) (Ch.729.700 to Ch.756.052)","sector":"road","status":"under_construction","is_blocked":false}},{"type":"Feature","geometry":{"coordinates":[[73.813094,22.823122],[73.57685,22.793458]],"type":"LineString"},"properties":{"id":"nhai_geoserver-96563a62a4a73f35","title":"Delhi-Vadodara Greenfield Alignment (NH-148N) (Pkg-28) (Ch.756+052 to Ch.781+282)","sector":"road","status":"commissioned","is_blocked":false}},{"type":"Feature","geometry":{"coordinates":[[73.576316,22.793983],[73.439204,22.637752]],"type":"LineString"},"properties":{"id":"nhai_geoserver-9ce05f4b83d6bbc2","title":"Delhi-Vadodara Greenfield Alignment (NH-148N) (Pkg-29) (Ch.780+920 to Ch.803+420) [Bhamaiya Village to Baletiya Village]","sector":"road","status":"commissioned","is_blocked":false}},{"type":"Feature","geometry":{"coordinates":[[73.262292,22.381394],[73.180272,22.295056]],"type":"LineString"},"properties":{"id":"nhai_geoserver-ec02585cb4d51012","title":"Delhi-Vadodara Greenfield Alignment (NH-148N) (Pkg-30) (Ch 803+420 to Ch.824+920) [Baletiya Village - Junction near Pratap Nagar Village]","sector":"road","status":"commissioned","is_blocked":false}},{"type":"Feature","geometry":{"coordinates":[[73.300517,22.497468],[73.117811,22.460672]],"type":"LineString"},"properties":{"id":"nhai_geoserver-edda3f8c7a85f726","title":"Delhi-Vadodara Greenfield Alignment (NH-148N) (Pkg-31) (Ch.824+920 to Ch.844+382) [Junction near Pratap nagar Village - Junction near Dodka Village]","sector":"road","status":"under_construction","is_blocked":false}},{"type":"Feature","geometry":{"coordinates":[[73.104793,22.270019],[73.116532,22.460332]],"type":"LineString"},"properties":{"id":"nhai_geoserver-ccf36c2f764c14db","title":"Vadodara Mumbai Expressway (Padra to Vadodara) (Phase IA - Pkg I) [Km 355.00 to Km 378.740]","sector":"road","status":"commissioned","is_blocked":false}},{"type":"Feature","geometry":{"coordinates":[[73.006352,22.004757],[73.104789,22.270011]],"type":"LineString"},"properties":{"id":"nhai_geoserver-1e3b417239fe8710","title":"Vadodara Mumbai Expressway (Sanpa to Padra) (Phase IA - Pkg II) [Km 323.00 to Km 355.00]","sector":"road","status":"commissioned","is_blocked":false}},{"type":"Feature","geometry":{"coordinates":[[72.936506,21.743736],[73.006749,22.004427]],"type":"LineString"},"properties":{"id":"nhai_geoserver-2909c712a00f5fe4","title":"Vadodara Mumbai Expressway (Manubar to Sanpa) (Phase IA - Pkg III)","sector":"road","status":"commissioned","is_blocked":false}},{"type":"Feature","geometry":{"coordinates":[[72.938435,21.623468],[72.935665,21.736133]],"type":"LineString"},"properties":{"id":"nhai_geoserver-d1b41d6876e07439","title":"Vadodara Mumbai Expressway (Ankleshwar to Manubar) (Phase IA- Pkg IV)","sector":"road","status":"commissioned","is_blocked":false}},{"type":"Feature","geometry":{"coordinates":[[72.967832,21.410141],[72.938435,21.623468]],"type":"LineString"},"properties":{"id":"nhai_geoserver-2ec298edeb014580","title":"Vadodara Mumbai Expressway (Kim to Ankleshwar) (Phase IA - Pkg V)","sector":"road","status":"under_construction","is_blocked":false}},{"type":"Feature","geometry":{"coordinates":[[73.041004,21.10617],[72.967832,21.410141]],"type":"LineString"},"properties":{"id":"nhai_geoserver-d3a0326cc9757863","title":"Vadodara Mumbai Expressway (Ena -Kim) (Phase IB - Pkg VI) [Km 217.500 to Km 254.430]","sector":"road","status":"commissioned","is_blocked":false}},{"type":"Feature","geometry":{"coordinates":[[73.074256,20.862823],[73.041004,21.10617]],"type":"LineString"},"properties":{"id":"nhai_geoserver-81454858554f3507","title":"Vadodara Mumbai Expressway (Gandeva to Ena) (Phase IB - Pkg VII) [Km 190.00 to Km 217.500]","sector":"road","status":"commissioned","is_blocked":false}},{"type":"Feature","geometry":{"coordinates":[[72.906629,20.14316],[72.982051,20.338818]],"type":"LineString"},"properties":{"id":"nhai_geoserver-3e34ad7c91139a94","title":"Vadodara Mumbai Expressway (Talsari to Karvad) (Phase IB - Pkg X) [Km 103.400 to Km 128.000]","sector":"road","status":"under_construction","is_blocked":false}},{"type":"Feature","geometry":{"coordinates":[[78.912086,26.638889],[78.912086,26.825856]],"type":"LineString"},"properties":{"id":"nhai_geoserver-9d95d24d5c46fd00","title":"Vadodara Mumbai Expressway (Phase II - Pkg XI) [Km. 77.000 to Km. 103.400] (Ganjad - Talsari)","sector":"road","status":"commissioned","is_blocked":false}},{"type":"Feature","geometry":{"coordinates":[[78.007586,26.614667],[78.007586,26.770842]],"type":"LineString"},"properties":{"id":"nhai_geoserver-75a237b729c45dc5","title":"Vadodara Mumbai Expressway (Phase II - Pkg XII) [Km. 50.700 to Km. 77.000] (Masvan - Ganjad)","sector":"road","status":"under_construction","is_blocked":false}},{"type":"Feature","geometry":{"coordinates":[[78.409014,26.770842],[78.409014,26.638889]],"type":"LineString"},"properties":{"id":"nhai_geoserver-2a126f27f8a2ce0d","title":"Vadodara Mumbai Expressway (Phase II - Pkg XIII) [Km. 26.582 to Km. 50.700] (Shirsad - Masvan)","sector":"road","status":"under_construction","is_blocked":false}},{"type":"Feature","geometry":{"coordinates":[[85.03452,19.23173],[85.03452,19.02471]],"type":"LineString"},"properties":{"id":"nhai_geoserver-3d3fd7b86236a6e3","title":"Four Laning of Ahmedabad-Vadodara Expressway from km.0.000 to km 93.302","sector":"road","status":"commissioned","is_blocked":false}},{"type":"Feature","geometry":{"coordinates":[[72.5714,23.0225],[73.1812,22.3072]],"type":"LineString"},"properties":{"id":"nhai_geoserver-e70d35bda271b3c4","title":"Adoption of Safety measures on four lane Ahmedabad - Vadodara Expressway NE-1 from Ch.0+000 to Ch .93+302 in the state of Gujarat","sector":"road","status":"commissioned","is_blocked":false}},{"type":"Feature","geometry":{"coordinates":[[78.273537,18.72417],[78.273537,17.79234]],"type":"LineString"},"properties":{"id":"nhai_geoserver-a2ed1b94581969d5","title":"4L from Km 0.00 to Km 26.400 (along with 0.7 km approach towards NH-207 with interchange on NH-4 at start point) of Bangalore to Malur section of Bangalore-Chennai Expressway(NE-7)(Phase-I, Package-I)","sector":"road","status":"under_construction","is_blocked":false}},{"type":"Feature","geometry":{"coordinates":[[90.468472,26.527924],[90.468472,26.472959]],"type":"LineString"},"properties":{"id":"nhai_geoserver-2ee5ee25e9763db5","title":"4L Expressway from Km 26.400 to km 53.500 of Malur to Bangarpet section of Bangalore-Chennai Expressway (Phase-I Package-II)","sector":"road","status":"under_construction","is_blocked":false}},{"type":"Feature","geometry":{"coordinates":[[92.901982,26.516038],[92.901982,26.520937]],"type":"LineString"},"properties":{"id":"nhai_geoserver-5b25fe3cb6910896","title":"4L Expressway from km 53.500 to km 71.000 of Bangarpet to Bethamangala section of Bangalore-Chennai Expressway (Phase-I Package-III)","sector":"road","status":"commissioned","is_blocked":false}},{"type":"Feature","geometry":{"coordinates":[[75.750517,25.149539],[75.933819,25.182674]],"type":"LineString"},"properties":{"id":"nhai_geoserver-2edf6c9c8da04c57","title":"Kota bypass on NH-76 Contract Package (RJ-4)","sector":"road","status":"commissioned","is_blocked":false}},{"type":"Feature","geometry":{"coordinates":[[91.806087,26.114143],[91.806087,26.09975]],"type":"LineString"},"properties":{"id":"nhai_geoserver-43445dd5b44487ae","title":"Bangalore Chennai Expressway (Phase-II Pkg-I) from km.71.000 to Km 96.000 (Bethamangala in the state of Karnataka to Byreddypalli)","sector":"road","status":"under_construction","is_blocked":false}},{"type":"Feature","geometry":{"coordinates":[[92.901982,26.05995],[92.901982,26.01798]],"type":"LineString"},"properties":{"id":"nhai_geoserver-dec739d74c29f6aa","title":"Bangalore Chennai Expressway (Phase-II Pkg-II) from km.96.000 to Km 127.000 (Baireddypalle to Bangarupalem section)","sector":"road","status":"under_construction","is_blocked":false}},{"type":"Feature","geometry":{"coordinates":[[93.15495,25.76445],[93.15495,25.23107]],"type":"LineString"},"properties":{"id":"nhai_geoserver-d06a0db0ae58d615","title":"Bangalore Chennai Expressway (Phase-II Pkg-III) from km.127.000 to Km 156.000 (Bangarupalem to Gudipala section)","sector":"road","status":"under_construction","is_blocked":false}},{"type":"Feature","geometry":{"coordinates":[[86.525104,22.157839],[86.525104,22.178731]],"type":"LineString"},"properties":{"id":"nhai_geoserver-209cbaf64d982842","title":"Bangalore Chennai Expressway Phase-III – Package II (Walajahpet to Arakkonam) from Km 180.000 to Km 204.500","sector":"road","status":"under_construction","is_blocked":false}},{"type":"Feature","geometry":{"coordinates":[[86.519663,22.162798],[86.519663,22.175424]],"type":"LineString"},"properties":{"id":"nhai_geoserver-a6395244404aeeb0","title":"Bangalore Chennai Expressway Phase-III – Package III (Arakkonam to Kancheepuram) from Km 204.500 to Km 230.000","sector":"road","status":"under_construction","is_blocked":false}},{"type":"Feature","geometry":{"coordinates":[[74.701079,20.731407],[74.701079,20.725804]],"type":"LineString"},"properties":{"id":"nhai_geoserver-7f019af615e30676","title":"6L of Maduravoyal to Sriperumbudur Section from Km. 13.800 to Km. 37.000 of  NH-4 through State Highways Department","sector":"road","status":"commissioned","is_blocked":false}},{"type":"Feature","geometry":{"coordinates":[[77.5946,12.9716],[80.2707,13.0827]],"type":"LineString"},"properties":{"id":"nhai_geoserver-fd5a931ee7a3708d","title":"Construction of Trumpet Interchange Connecting Bangalore – Chennai Expressway (km.261+705 to km. 262+800) with Maduravoyal to Walajapet Section of NH 48 near Sriperumbudur Toll Plaza at km. 35+700","sector":"road","status":"under_construction","is_blocked":false}},{"type":"Feature","geometry":{"coordinates":[[75.930045,17.683838],[75.930045,17.85414]],"type":"LineString"},"properties":{"id":"nhai_geoserver-ff999d67a62189d2","title":"4L Bangalore-Chennai Expressway from Km. 230.000 to Km. 261.705 of Kanchepuram to Sriperumbudur Section (Phase-III/Package-IV)","sector":"road","status":"under_construction","is_blocked":false}},{"type":"Feature","geometry":{"coordinates":[[76.442235,17.85414],[76.442235,17.82883]],"type":"LineString"},"properties":{"id":"nhai_geoserver-e801fdd28f152d6c","title":"Delhi-Amritsar-Katra Expressway (Phase-I Pkg-I) from Jussur Kheri on NH-KMP Expressway to Junction with Rohtak-Panipat road (NH-709) near Rukhi Paani village (Km 0+000 to Km 34+000)","sector":"road","status":"commissioned","is_blocked":false}},{"type":"Feature","geometry":{"coordinates":[[76.402458,17.344566],[76.402458,17.557032]],"type":"LineString"},"properties":{"id":"nhai_geoserver-33aaf1adcaed9f65","title":"Delhi-Amritsar-Katra Expressway (Phase-I Pkg-II) from Junction with Rohtak-Panipat road (NH-709) near Rukhi Paani village to Junction with Jind-Panipat road (NH-352A) near Gangana village (Km 34+000 to Km 60+800)","sector":"road","status":"under_construction","is_blocked":false}},{"type":"Feature","geometry":{"coordinates":[[85.202953,23.332994],[85.202953,23.3274]],"type":"LineString"},"properties":{"id":"nhai_geoserver-bfacd6404a6d6f21","title":"Delhi-Amritsar-Katra Expressway (Phase-I Pkg-III) from Junction with Jind-Panipat road (NH-352A) near Gangana village to Junction with Jind-Karnal road (NH-709A) near Alewa village (Km 60+800 to Km 91+400)","sector":"road","status":"commissioned","is_blocked":false}},{"type":"Feature","geometry":{"coordinates":[[73.933959,20.010552],[73.933959,19.754907]],"type":"LineString"},"properties":{"id":"nhai_geoserver-d380448dac5cca29","title":"Delhi-Amritsar-Katra Expressway (Phase-I Pkg-IV) from Junction with Jind-Karnal road (NH-709A) near Alewa village to Junction with Ambala-Kaithal-Hissar road (NH-152) near Kharak Pandwa village (Km 91+400 to Km 120+250)","sector":"road","status":"commissioned","is_blocked":false}},{"type":"Feature","geometry":{"coordinates":[[73.651116,20.229135],[73.651116,20.010552]],"type":"LineString"},"properties":{"id":"nhai_geoserver-476779eace02edc9","title":"Delhi-Amritsar-Katra Expressway (Phase-I Pkg-V) from Junction with Ambala-Kaithal-Hissar road (NH-152) near Kharak Pandwa village to Junction with Patiala-Samana-Patran road (SH-10) near Ghagga village (Km 120+250 to Km 157+920)","sector":"road","status":"under_construction","is_blocked":false}},{"type":"Feature","geometry":{"coordinates":[[74.842836,19.079189],[74.842836,18.979268]],"type":"LineString"},"properties":{"id":"nhai_geoserver-9048a69fcae34edf","title":"Delhi-Amritsar-Katra Expressway (Phase-I Pkg-VI) from Junction with Patiala-Samana-Patran road (SH-10) near Ghagga village to Junction with Patiala-Bathinda road (NH-7) near Bhawanigarh (Km 157+250 to Km 188+830)","sector":"road","status":"commissioned","is_blocked":false}},{"type":"Feature","geometry":{"coordinates":[[78.403676,23.492141],[78.403676,23.450325]],"type":"LineString"},"properties":{"id":"nhai_geoserver-1728e92ef80f1bb1","title":"Delhi-Amritsar-Katra Expressway (Phase-I Pkg-VII) from Junction with Patiala-Bathinda road (NH-7) near Bhawanigarh to Junction with Ludhiana-Malerhkotla (SH-11) near Bhogiwal village (Km 188+830 to km 225+770)","sector":"road","status":"commissioned","is_blocked":false}},{"type":"Feature","geometry":{"coordinates":[[78.823568,11.082622],[78.823568,10.786744]],"type":"LineString"},"properties":{"id":"nhai_geoserver-ea26955f37c222d4","title":"Delhi-Amritsar-Katra Expressway (Phase-I Pkg-VIII) from Junction with Ludhiana-Malerkotla (SH-11) near Bhogiwal village to Junction with Ludhiana-Moga road (NH-5) near Mullanpur Dakha (Km 225+770 to km 260+860)","sector":"road","status":"unknown","is_blocked":false}},{"type":"Feature","geometry":{"coordinates":[[76.191043,22.714728],[76.191043,22.375862]],"type":"LineString"},"properties":{"id":"nhai_geoserver-7f0933740484ffb0","title":"Delhi-Amritsar-Katra Expressway (Phase-I Pkg-IX) from Junction with Ludhiana-Moga road (NH-5) near Mullanpur Dakha to Junction with Jalandhar - Moga road (NH-703) near Kang Sahibu village (Km 260+860 to km 303+900)","sector":"road","status":"under_construction","is_blocked":false}},{"type":"Feature","geometry":{"coordinates":[[77.559319,29.792469],[77.559319,29.911963]],"type":"LineString"},"properties":{"id":"nhai_geoserver-875d9dba08b62270","title":"Delhi-Amritsar-Katra Expressway (Phase-I Pkg-X) from Jn. with Jalandhar - Moga road (NH-703) to Jn. with Jalandhar-Kapurthala road (NH-703A) and to Jn. with Kapurthala - Sultanpur Lodhi road (NH-703A) (km 0+00 to km 24+000 to Amritsar connectivity)","sector":"road","status":"unknown","is_blocked":false}},{"type":"Feature","geometry":{"coordinates":[[77.209,28.6139],[74.8723,31.634]],"type":"LineString"},"properties":{"id":"nhai_geoserver-7f22c7b5b1503dba","title":"Delhi-Amritsar-Katra Expressway (Phase-I Pkg-XI) from Junction with Jalandhar - Kapurthala road (NH-703A) near khojewal village to Junction with Amritsar-Mehta-SriHargobindpur-Tanda road (NH-503A) near SriHargobindpur (Km 319+400 to km 362+420)","sector":"road","status":"unknown","is_blocked":false}},{"type":"Feature","geometry":{"coordinates":[[85.055725,24.027708],[85.055725,23.880533]],"type":"LineString"},"properties":{"id":"nhai_geoserver-40049f4622d78152","title":"Delhi-Amritsar-Katra Expressway (Phase-I Pkg-XII) from Junction with Amritsar-Mehta-SriHargobindpur-Tanda road (NH-503A) near SriHargobindpur to Junction with Pathankot-Gurdaspur road (NH-54) near Gurdaspur (Km 362+420 to km 397+700)","sector":"road","status":"under_construction","is_blocked":false}},{"type":"Feature","geometry":{"coordinates":[[84.876964,24.234236],[84.876964,24.027708]],"type":"LineString"},"properties":{"id":"nhai_geoserver-38a621000e5e70b4","title":"Delhi-Amritsar-Katra Expressway (Phase-I Spur-I) from Jn. with Kapurthala - Sultanpur Lodhi Road (NH-703A) near Isharwal village to Jn. with Kapurthala - Tarn Taran road (NH-703AA) near Goinwal Sahib [Km 24+000 to Km 41+000 of Amritsar connectivity]","sector":"road","status":"under_construction","is_blocked":false}},{"type":"Feature","geometry":{"coordinates":[[84.668008,24.396772],[84.668008,24.234236]],"type":"LineString"},"properties":{"id":"nhai_geoserver-adc3cc5494b11ac7","title":"Delhi-Amritsar-Katra Expressway (Phase-I Spur-II) from Junction with Kapurthala- TarnTaran road(NH703AA) near Goinwal Sahib to Junction with AmritsarJalandhar road (NH-3) near Bhishambarpura [Km 41+000 to Km 71+000 of Amritsar connectivity]","sector":"road","status":"cancelled","is_blocked":true}},{"type":"Feature","geometry":{"coordinates":[[85.530867,23.703153],[85.530867,23.614017]],"type":"LineString"},"properties":{"id":"nhai_geoserver-821ab83e5f95eb3f","title":"Delhi-Amritsar-Katra Expressway (Phase-I Spur-III) from Junction with Amritsar-Jalandhar road (NH-3) near Bhishambarpura to Junction with Amritsar-Anjala road (NH-354) near Amritsar Airport [Km 71+000 to Km 99+000 of Amritsar connectivity]","sector":"road","status":"under_construction","is_blocked":false}},{"type":"Feature","geometry":{"coordinates":[[77.209,28.6139],[74.8723,31.634]],"type":"LineString"},"properties":{"id":"nhai_geoserver-f54455fbeb4fa6b2","title":"Delhi-Amritsar-Katra Expressway (Phase-II Pkg-XIV) from Junction with Pathankot-Gurdaspur road (NH-54) near Balsua to Junction with Hiranagar Road near village Gurha Baildaran (km 423+500 to km 468+100)","sector":"road","status":"under_construction","is_blocked":false}},{"type":"Feature","geometry":{"coordinates":[[77.209,28.6139],[74.8723,31.634]],"type":"LineString"},"properties":{"id":"nhai_geoserver-c9604af7f06e015f","title":"Delhi-Amritsar-Katra Expressway (Phase-II Pkg-XV) [Junction with Hiranagar Road near village Gurha Baildaran to Junction with Jammu Ring Road (NH-244A) near Jakh village from Km 468+100 to Km 503+250]","sector":"road","status":"under_construction","is_blocked":false}},{"type":"Feature","geometry":{"coordinates":[[77.209,28.6139],[74.8723,31.634]],"type":"LineString"},"properties":{"id":"nhai_geoserver-aa57d24885140d39","title":"Delhi-Amritsar-Katra Expressway (Phase-II Pkg-XVI) Existing Jakh (Vijaypur)-Kunjwani section of NH-44 including spur Connectivity to Jammu Airport ( NH-144A) [Km 503+500 to km 514+500]","sector":"road","status":"under_construction","is_blocked":false}},{"type":"Feature","geometry":{"coordinates":[[74.436239,14.269403],[74.436239,14.252833]],"type":"LineString"},"properties":{"id":"nhai_geoserver-c4aed80b84ba7b90","title":"Eastern Peripheral Expressway Package - I from km 1.000 to km 22.00 in the State of Haryana and Uttar Pradesh","sector":"road","status":"commissioned","is_blocked":false}},{"type":"Feature","geometry":{"coordinates":[[87.074306,21.682528],[87.074306,21.55449]],"type":"LineString"},"properties":{"id":"nhai_geoserver-0fca3992c4549078","title":"Eastern Peripheral Expressway Package - II from km 22.000 to km 46.500 in the State of Haryana and Uttar Pradesh","sector":"road","status":"commissioned","is_blocked":false}},{"type":"Feature","geometry":{"coordinates":[[86.534645,20.371937],[86.534645,20.291055]],"type":"LineString"},"properties":{"id":"nhai_geoserver-1d1ef39a545df32a","title":"Eastern Peripheral Expressway Package - III from km 46.500 to km 71.00 in the State of Uttar Pradesh","sector":"road","status":"commissioned","is_blocked":false}},{"type":"Feature","geometry":{"coordinates":[[86.420481,20.484718],[86.420481,20.371937]],"type":"LineString"},"properties":{"id":"nhai_geoserver-01ac781013c8ff4e","title":"Eastern Peripheral Expressway Package - IV from Km 71.000 to Km 93.000 in the state of Uttar Pradesh","sector":"road","status":"commissioned","is_blocked":false}},{"type":"Feature","geometry":{"coordinates":[[86.267366,20.605064],[86.267366,20.484718]],"type":"LineString"},"properties":{"id":"nhai_geoserver-b3beff9bc7cf63e3","title":"Eastern Peripheral Expressway Package - V from Km 93.000 to Km 114.000 in the state of Haryana and Uttar Pradesh.","sector":"road","status":"commissioned","is_blocked":false}},{"type":"Feature","geometry":{"coordinates":[[86.138792,20.698578],[86.138792,20.605064]],"type":"LineString"},"properties":{"id":"nhai_geoserver-1ebaf4705d2e4023","title":"Eastern Peripheral Expressway Package - VI from Km 114.000 to Km 136.000 in the state of Haryana.","sector":"road","status":"commissioned","is_blocked":false}},{"type":"Feature","geometry":{"coordinates":[[77.326,28.1447],[78.088,27.8974]],"type":"LineString"},"properties":{"id":"nhai_geoserver-03c91819fc0d9de8","title":"Construction of New Interchange from Km. 126.990 to 125.057 at Junction of Eastern Peripheral Expressway and Palwal-Aligarh Road-SH22A of NE-2","sector":"road","status":"commissioned","is_blocked":false}},{"type":"Feature","geometry":{"coordinates":[[80.3319,26.4499],[80.9462,26.8467]],"type":"LineString"},"properties":{"id":"nhai_geoserver-ab7c4eeb52b047da","title":"6L Elevated Kanpur - Lucknow (Exeressway) Pkg-1 from Km. 10+980 to Km. 28+500","sector":"road","status":"under_construction","is_blocked":false}},{"type":"Feature","geometry":{"coordinates":[[78.616877,10.765762],[78.616877,10.385471]],"type":"LineString"},"properties":{"id":"nhai_geoserver-ec37f3cf904eafc1","title":"Package-I- 6 laning of Delhi-Meerut Expressway and 8 laning of NH-24 from NH-24-Ring Road T-Junction to U.P. Gate (Km. 0.000 to Km. 8.360)","sector":"road","status":"commissioned","is_blocked":false}},{"type":"Feature","geometry":{"coordinates":[[77.95048,10.3473],[77.95048,9.609724]],"type":"LineString"},"properties":{"id":"nhai_geoserver-1649d8ad7682b5ca","title":"Package-II of Delhi-Meerut Expressway - 6L from Km 0.000 to Km 27.740 and 6/8 L from existing Km. 8.36 to existing Km. 27.74 of Old NH-24 (Delhi-UP Border to Dasna)","sector":"road","status":"commissioned","is_blocked":false}},{"type":"Feature","geometry":{"coordinates":[[78.338722,29.571825],[78.338722,29.379216]],"type":"LineString"},"properties":{"id":"nhai_geoserver-4298e593c9c2403f","title":"Package-IV- Delhi Meerut Expressway Km.27.740 of NH-24 - Km.51.975","sector":"road","status":"commissioned","is_blocked":false}},{"type":"Feature","geometry":{"coordinates":[[78.908456,29.235895],[78.908456,29.150579]],"type":"LineString"},"properties":{"id":"nhai_geoserver-6082b40b4a1a6e5f","title":"Construction of 4L Connector from Delhi Meerut Expressway (Km 50.000 of Pkg IV) to Km 8.520 of NH-235 (Pkg-5)","sector":"road","status":"under_construction","is_blocked":false}},{"type":"Feature","geometry":{"coordinates":[[77.878963,29.811758],[77.878963,29.891261]],"type":"LineString"},"properties":{"id":"nhai_geoserver-fe7cd74e18f1d470","title":"Ahmedabad - Dholera (Pkg I) from km. 0.00 to km. 22.00) [Sardar Patel Ring Road - Sindhrej Village]","sector":"road","status":"commissioned","is_blocked":false}},{"type":"Feature","geometry":{"coordinates":[[79.70203,28.917046],[79.70203,29.079771]],"type":"LineString"},"properties":{"id":"nhai_geoserver-58a0f1c4ae72dabf","title":"Ahmedabad - Dholera (Pkg III) from km. 48.52 to km. 71.06) [Vejallka Village - Start of DSIR zone]","sector":"road","status":"commissioned","is_blocked":false}},{"type":"Feature","geometry":{"coordinates":[[77.888075,29.856554],[77.888075,29.899097]],"type":"LineString"},"properties":{"id":"nhai_geoserver-272084ff2e058058","title":"Ahmedabad - Dholera (Pkg IV) from km. 71.06 to km. 109.019) [Start of DSIR zone - Adhelai Village]","sector":"road","status":"commissioned","is_blocked":false}},{"type":"Feature","geometry":{"coordinates":[[77.209,28.6139],[77.0266,28.4595]],"type":"LineString"},"properties":{"id":"nhai_geoserver-4d4fc693d7c602ee","title":"Access Controlled Highway of Delhi-Gurgaon section of NH-48 from km 14.30 to km 42.00","sector":"road","status":"commissioned","is_blocked":false}},{"type":"Feature","geometry":{"coordinates":[[73.654108,24.453932],[73.361621,23.680631]],"type":"LineString"},"properties":{"id":"nhai_geoserver-a13fdfe7ad9d2965","title":"6L of Udaipur to Shamlaji from Km 287.400 to km 401.200 of Old NH-8","sector":"road","status":"commissioned","is_blocked":false}},{"type":"Feature","geometry":{"coordinates":[[75.927178,26.875976],[75.676589,26.860518]],"type":"LineString"},"properties":{"id":"nhai_geoserver-6458aceaa33d59eb","title":"Balance works of 6L of Jaipur Ring Road from Agra Road (Km. 0.300) to Ajmer Road (46.700) section","sector":"road","status":"commissioned","is_blocked":false}},{"type":"Feature","geometry":{"coordinates":[[74.90338,26.582467],[74.617585,25.85454]],"type":"LineString"},"properties":{"id":"nhai_geoserver-96cd51b4820f164e","title":"Kishangarh (km 0.000) to Gulabpura (km 90.000) of NH-79A and NH-79 in Rajasthan","sector":"road","status":"commissioned","is_blocked":false}},{"type":"Feature","geometry":{"coordinates":[[74.617623,25.85484],[74.567338,24.832666]],"type":"LineString"},"properties":{"id":"nhai_geoserver-666913cc701215e4","title":"Gulabpura (Km 90.000) to Chittorgarh (Km 214.870) of NH-79 in Rajasthan","sector":"road","status":"commissioned","is_blocked":false}},{"type":"Feature","geometry":{"coordinates":[[74.569,24.834],[73.789,24.6]],"type":"LineString"},"properties":{"id":"nhai_geoserver-1e0d267c333eeea3","title":"Chittorgarh-Udaipur Section of NH76","sector":"road","status":"commissioned","is_blocked":false}},{"type":"Feature","geometry":{"coordinates":[[73.785624,24.596942],[73.628883,24.409803]],"type":"LineString"},"properties":{"id":"nhai_geoserver-ab68fcb363cdacfe","title":"Six Lane Greenfield Udaipur Bypass [Connection between NH- 76 at Existing Km. 118.500 at Debari to NH-8 Km. 287.400 at Kaya Village] (Pkg-IV)","sector":"road","status":"commissioned","is_blocked":false}},{"type":"Feature","geometry":{"coordinates":[[73.36162,23.680635],[72.732692,23.230487]],"type":"LineString"},"properties":{"id":"nhai_geoserver-727a67ffa544c7ff","title":"6L of Shamla ji to Motachilodha from km.401.200 to km. 494.410 of Old NH-8 (Pkg-VI)","sector":"road","status":"unknown","is_blocked":false}},{"type":"Feature","geometry":{"coordinates":[[72.731077,23.227404],[72.672439,23.109296]],"type":"LineString"},"properties":{"id":"nhai_geoserver-2f9351aeb770b662","title":"6L of Chiloda-Naroda section from Km. 540.595 to  Km. 555.595 of NH-8(Package-VII)","sector":"road","status":"commissioned","is_blocked":false}},{"type":"Feature","geometry":{"coordinates":[[72.58832,22.972491],[73.199987,22.36166]],"type":"LineString"},"properties":{"id":"nhai_geoserver-3da15267a05eed8f","title":"6 Laning of Ahmedabad - Vadodara Section from km 6.400 to km 108.700","sector":"road","status":"commissioned","is_blocked":false}},{"type":"Feature","geometry":{"coordinates":[[73.192738,22.988274],[72.628818,22.988274]],"type":"LineString"},"properties":{"id":"nhai_geoserver-cc478337530bebb6","title":"Operations of Way Side Amenities at Km. 23.00 (RHS) of Ahmedabad - Vadodra Expressway","sector":"road","status":"unknown","is_blocked":false}},{"type":"Feature","geometry":{"coordinates":[[73.192738,22.988274],[72.628818,22.988274]],"type":"LineString"},"properties":{"id":"nhai_geoserver-afc9989f341dc12f","title":"Operations of Way Side Amenities at Km. 78.00 (LHS) of Ahmedabad - Vadodra Expressway","sector":"road","status":"unknown","is_blocked":false}},{"type":"Feature","geometry":{"coordinates":[[72.967135,21.139866],[73.231251,22.351051]],"type":"LineString"},"properties":{"id":"nhai_geoserver-4c1f905d85476a54","title":"Six laning of Vadodara-Bharuch Section from km 108.700 to km 192.000","sector":"road","status":"commissioned","is_blocked":false}},{"type":"Feature","geometry":{"coordinates":[[73.069306,21.677917],[72.965222,21.143611]],"type":"LineString"},"properties":{"id":"nhai_geoserver-295a3522cd243c52","title":"Bharuch - Surat from km. 198.00 to km. 263.00 (Package BOT -II)","sector":"road","status":"commissioned","is_blocked":false}},{"type":"Feature","geometry":{"coordinates":[[73.1812,22.3072],[72.8311,21.1702]],"type":"LineString"},"properties":{"id":"nhai_geoserver-616c46627052893c","title":"Narmada Bridge (Vadodara-Surat Section)","sector":"road","status":"commissioned","is_blocked":false}},{"type":"Feature","geometry":{"coordinates":[[73.1812,22.3072],[72.8311,21.1702]],"type":"LineString"},"properties":{"id":"nhai_geoserver-4e46f5005e80b681","title":"6L of km. 192.00 to km. 198.00 between Vadodara - Surat section of NH-48 including 4L extra dosed Bridge across Narmada","sector":"road","status":"commissioned","is_blocked":false}},{"type":"Feature","geometry":{"coordinates":[[72.965222,21.143611],[72.909719,20.341525]],"type":"LineString"},"properties":{"id":"nhai_geoserver-642d6f114fc1e9ff","title":"6L of Dahisar - Surat Section of Old NH-8 from km 263.000 to km 502.000","sector":"road","status":"commissioned","is_blocked":false}},{"type":"Feature","geometry":{"coordinates":[[85.03452,19.23173],[85.03452,19.02471]],"type":"LineString"},"properties":{"id":"nhai_geoserver-693d3a65b658fb8e","title":"Development of 6L UER II [Package - I] (NH-1 Near Bakoli till Karala Kanjhawala Road) from km. 0.70 to km.15.00","sector":"road","status":"under_construction","is_blocked":false}},{"type":"Feature","geometry":{"coordinates":[[85.03452,19.23173],[85.03452,19.02471]],"type":"LineString"},"properties":{"id":"nhai_geoserver-da3a20c2a672c7a4","title":"Development of 6L UER II [Package - II] (Karala Kanjhawala Road till Nangloi - Najafgarh Road) from km. 15.00 to km.28.45","sector":"road","status":"commissioned","is_blocked":false}},{"type":"Feature","geometry":{"coordinates":[[78.273537,18.72417],[78.273537,17.79234]],"type":"LineString"},"properties":{"id":"nhai_geoserver-8bb6516e96b0b02d","title":"Development of 6L UER II [Package - III] (Nangloi - Najafgarh Road till Sector 24 Dwarka) from km. 28.45 to km. 38.111","sector":"road","status":"commissioned","is_blocked":false}},{"type":"Feature","geometry":{"coordinates":[[90.468472,26.527924],[90.468472,26.472959]],"type":"LineString"},"properties":{"id":"nhai_geoserver-60afe7f5c26be54f","title":"Development of 4L UER II [Package - IV] (Spur to Sonipat Bypass) from km. 0.00 to km.29.60","sector":"road","status":"commissioned","is_blocked":false}},{"type":"Feature","geometry":{"coordinates":[[92.901982,26.516038],[92.901982,26.520937]],"type":"LineString"},"properties":{"id":"nhai_geoserver-49f20eca4356b0aa","title":"Development of 4L UER II [Package - V] (Spur to Bahadurgarh Bypass) (NH-10) from km. 0.00 to km.7.30","sector":"road","status":"commissioned","is_blocked":false}},{"type":"Feature","geometry":{"coordinates":[[86.525104,22.157839],[86.525104,22.178731]],"type":"LineString"},"properties":{"id":"nhai_geoserver-98c469d969f7afd9","title":"Construction of Greenfield Connectivity to Jewar International Airport from DND-Faridabad-Ballabhgarh Bypass KMP Link - Spur to Delhi Mumbai Expressway","sector":"road","status":"under_construction","is_blocked":false}},{"type":"Feature","geometry":{"coordinates":[[73.792558,18.503448],[73.774491,18.509332]],"type":"LineString"},"properties":{"id":"nhai_geoserver-508fb52e84999e94","title":"Integrated structure with development of other allied structures on both sides of Chandni Chowk  Junction from 841.400 km to 843.600 km of Old NH-4","sector":"road","status":"commissioned","is_blocked":false}},{"type":"Feature","geometry":{"coordinates":[[74.790081,20.880758],[74.035504,20.210561]],"type":"LineString"},"properties":{"id":"nhai_geoserver-27e755c41c0a0cc2","title":"Satara (Km 725.000) to Pune (Km 865.350) of NH - 4 (New NH - 48) in Maharashtra","sector":"road","status":"under_construction","is_blocked":false}},{"type":"Feature","geometry":{"coordinates":[[75.090204,17.364479],[75.430674,17.503819]],"type":"LineString"},"properties":{"id":"nhai_geoserver-c217323beb39e624","title":"Tunnel at Khambataki Ghat Section and its approaches from existing Km. 771.730 to existing Km. 782.000","sector":"road","status":"under_construction","is_blocked":false}},{"type":"Feature","geometry":{"coordinates":[[74.273814,16.161843],[74.190017,16.332769]],"type":"LineString"},"properties":{"id":"nhai_geoserver-5b54c6161fb8af0c","title":"Six laning of Belgaum - Dharwad section of NH-4 from km 433.00 to km 515.00","sector":"road","status":"commissioned","is_blocked":false}},{"type":"Feature","geometry":{"coordinates":[[86.564246,21.151571],[86.924266,21.552672]],"type":"LineString"},"properties":{"id":"nhai_geoserver-a2b23f02f8ac2e15","title":"Bhadrak (KM 136.500) to Baleshwar (KM 199.141)","sector":"road","status":"under_construction","is_blocked":false}},{"type":"Feature","geometry":{"coordinates":[[75.144836,15.312477],[74.969823,15.490598]],"type":"LineString"},"properties":{"id":"nhai_geoserver-78772bf35dd27abb","title":"4/6L of Bangalore - Pune Section of bypass connecting Dharwad - Hubli from km. 403.80 to km. 433.20","sector":"road","status":"under_construction","is_blocked":false}},{"type":"Feature","geometry":{"coordinates":[[75.359526,14.83317],[75.144057,15.315435]],"type":"LineString"},"properties":{"id":"nhai_geoserver-ac3b519924895fd4","title":"Six laning of Haveri (Km 340) to Hubli (Km 403.400) section of NH4 in Karnataka","sector":"road","status":"commissioned","is_blocked":false}},{"type":"Feature","geometry":{"coordinates":[[75.918493,14.432909],[75.3587,14.833973]],"type":"LineString"},"properties":{"id":"nhai_geoserver-429ed3480c2aae36","title":"Davanagere - Haveri of NH-48 (Old NH-4) from km. 260.00 to km. 338.923","sector":"road","status":"under_construction","is_blocked":false}},{"type":"Feature","geometry":{"coordinates":[[77.09395,13.388787],[76.472209,14.169867]],"type":"LineString"},"properties":{"id":"nhai_geoserver-1c9916944c7d0491","title":"Tumkur-Chitradurga","sector":"road","status":"commissioned","is_blocked":false}},{"type":"Feature","geometry":{"coordinates":[[76.360796,15.236549],[76.404174,14.236008]],"type":"LineString"},"properties":{"id":"nhai_geoserver-d7e1fdc771e77cd7","title":"Tumkur - Nelamangala(4L)","sector":"road","status":"commissioned","is_blocked":false}},{"type":"Feature","geometry":{"coordinates":[[77.210854,16.41597],[77.500304,16.203157]],"type":"LineString"},"properties":{"id":"nhai_geoserver-d606b6e2107840d7","title":"Bangalore Ring Road (STRR)-NH-948A- Package-I of Phase-III from Belagondapalli (TN) to TN/KNT border from km 144.480 to 179.969","sector":"road","status":"under_construction","is_blocked":false}},{"type":"Feature","geometry":{"coordinates":[[77.624135,12.914847],[77.780289,12.774859]],"type":"LineString"},"properties":{"id":"nhai_geoserver-de70d5bff549f7c6","title":"4L of km 0.00 to km 42.00 of Dobbaspet to Doddaballapura Bypass section of NH-648 (old NH-207)] [Bangalore Ring Road Pkg 1]","sector":"road","status":"under_construction","is_blocked":false}},{"type":"Feature","geometry":{"coordinates":[[77.534868,13.031806],[77.534511,13.032002]],"type":"LineString"},"properties":{"id":"nhai_geoserver-9b34e8266390bea3","title":"4L of 42.000 to km 80.00 of Dodaballapur Bypass to Hoskote section of NH-648 ( Old NH-207) [Bangalore Ring Road Pkg 2]","sector":"road","status":"under_construction","is_blocked":false}},{"type":"Feature","geometry":{"coordinates":[[77.780811,12.77455],[78.223467,12.502361]],"type":"LineString"},"properties":{"id":"nhai_geoserver-bc19575936f0b94d","title":"6-laning of Hosur to Krishnagiri from Km.33.13 to Km. 93.000 on NH7 under NHDP-V","sector":"road","status":"cancelled","is_blocked":true}},{"type":"Feature","geometry":{"coordinates":[[78.373722,12.853764],[79.641867,13.531639]],"type":"LineString"},"properties":{"id":"nhai_geoserver-7468947ab7df6ff9","title":"6-laning of Krishnagiri (Km.0.000) to Walajahpet (Km.148.300) section on NH-46 under NHDP-V","sector":"road","status":"under_construction","is_blocked":false}},{"type":"Feature","geometry":{"coordinates":[[79.962811,12.979075],[79.718194,12.870825]],"type":"LineString"},"properties":{"id":"nhai_geoserver-5a730e2abd7f4ab3","title":"6L of Sriperumbudur to Karaipettai from Km 37.000 to Km 71.015 of NH 48","sector":"road","status":"commissioned","is_blocked":false}},{"type":"Feature","geometry":{"coordinates":[[79.718194,12.870825],[79.382911,12.915447]],"type":"LineString"},"properties":{"id":"nhai_geoserver-3527685c3c28f3c8","title":"Karaipettai to Walajapet from Km 71.015 to 107.091","sector":"road","status":"under_construction","is_blocked":false}},{"type":"Feature","geometry":{"coordinates":[[88.311916,22.658017],[87.370973,22.384255]],"type":"LineString"},"properties":{"id":"nhai_geoserver-9fede28d1205636d","title":"6L of Dhankuni to Kharagpur from km 17.600 to km 129.000 of Old NH-06","sector":"road","status":"commissioned","is_blocked":false}},{"type":"Feature","geometry":{"coordinates":[[87.349747,22.088052],[87.375837,22.126123]],"type":"LineString"},"properties":{"id":"nhai_geoserver-ad727cb155bd5792","title":"Development of Emergency Landing Facility on NHS: Construction from Near  km. 83.400 to km. 88.400 on Balasore to kharagpur section (Approximately 5.00Km) of national Highway No. 16 (hereinafter called the \"NH 16\") in the state of West Bengal","sector":"road","status":"commissioned","is_blocked":false}},{"type":"Feature","geometry":{"coordinates":[[86.134707,20.707655],[86.562557,21.142427]],"type":"LineString"},"properties":{"id":"nhai_geoserver-f18ed600d1211ef9","title":"6L of Chandikhole (km 62.000) to Bhadrak (km136.500)","sector":"road","status":"commissioned","is_blocked":false}},{"type":"Feature","geometry":{"coordinates":[[85.794813,20.274477],[86.1348,20.708011]],"type":"LineString"},"properties":{"id":"nhai_geoserver-d32c6d57b374e8af","title":"6L of Bhubaneswar - Jagatpur - Chandikhole Section of NH-16","sector":"road","status":"commissioned","is_blocked":false}},{"type":"Feature","geometry":{"coordinates":[[85.394043,19.942367],[85.795419,20.275821]],"type":"LineString"},"properties":{"id":"nhai_geoserver-b537cd3fd8ad0a04","title":"Tangi to Bhubaneswar (km 355.0 to km 414.0) of NH-5 (New NH-16)","sector":"road","status":"commissioned","is_blocked":false}},{"type":"Feature","geometry":{"coordinates":[[85.064231,19.391948],[85.394043,19.942367]],"type":"LineString"},"properties":{"id":"nhai_geoserver-bda98a8892acadc5","title":"Puintola to Tangi (km 284.00 to km 355.00) of NH-5 (New NH-16)","sector":"road","status":"commissioned","is_blocked":false}},{"type":"Feature","geometry":{"coordinates":[[85.03452,19.23173],[85.03452,19.02471]],"type":"LineString"},"properties":{"id":"nhai_geoserver-cf365072418817c8","title":"Puintola - Icchapuram km 419.60 - km 484.00  under TOT Bundle - 1","sector":"road","status":"commissioned","is_blocked":false}},{"type":"Feature","geometry":{"coordinates":[[92.901982,26.516038],[92.901982,26.520937]],"type":"LineString"},"properties":{"id":"nhai_geoserver-4e92d3f68d627e51","title":"Icchapuram - Narsannapeta (km 484.000 to km 580.700) under TOT Bundle - 1","sector":"road","status":"commissioned","is_blocked":false}},{"type":"Feature","geometry":{"coordinates":[[91.806087,26.114143],[91.806087,26.09975]],"type":"LineString"},"properties":{"id":"nhai_geoserver-76a40d3662c9a217","title":"6 L of Narasannapeta - Ranastalam","sector":"road","status":"commissioned","is_blocked":false}},{"type":"Feature","geometry":{"coordinates":[[92.901982,26.05995],[92.901982,26.01798]],"type":"LineString"},"properties":{"id":"nhai_geoserver-a3842784dba17f36","title":"Ranasthalam (Km.634.000) to Anandapuram (Km.681.000) of NH-16 in the State of Andhra Pradesh","sector":"road","status":"commissioned","is_blocked":false}},{"type":"Feature","geometry":{"coordinates":[[74.751879,13.195009],[74.751879,13.179928]],"type":"LineString"},"properties":{"id":"nhai_geoserver-aab8faa0acf3e2cf","title":"Annavaram - Diwancheruvu (km 830.525 to km 901.500) under TOT Bundle - 1","sector":"road","status":"commissioned","is_blocked":false}},{"type":"Feature","geometry":{"coordinates":[[75.867929,22.692831],[75.867929,22.638112]],"type":"LineString"},"properties":{"id":"nhai_geoserver-b29ef95879b0611c","title":"Diwancheruvu - Siddhantham from km. 901.500 to km. 950.542 under TOT Bundle - 1","sector":"road","status":"commissioned","is_blocked":false}},{"type":"Feature","geometry":{"coordinates":[[75.930045,17.683838],[75.930045,17.85414]],"type":"LineString"},"properties":{"id":"nhai_geoserver-dc06ef82a641ec9e","title":"Siddhantham - Gundugolanu from km. 950.542 to km. 1022.494 under TOT Bundle - 1","sector":"road","status":"commissioned","is_blocked":false}},{"type":"Feature","geometry":{"coordinates":[[76.402458,17.344566],[76.402458,17.557032]],"type":"LineString"},"properties":{"id":"nhai_geoserver-414d0b4f9f02710d","title":"6L of Gundugolanu (Design km 1023.280) to Kalaparru (Design km 1050.680) of NH-5 (New NH-16)","sector":"road","status":"commissioned","is_blocked":false}},{"type":"Feature","geometry":{"coordinates":[[81.021464,16.67576],[80.828084,16.552976]],"type":"LineString"},"properties":{"id":"nhai_geoserver-8a285332965c4846","title":"6L of Kalaparru to Chinna Avutupalli including 6 lane Hanuman Junction bypass","sector":"road","status":"commissioned","is_blocked":false}},{"type":"Feature","geometry":{"coordinates":[[80.599754,16.520209],[80.269561,16.794164]],"type":"LineString"},"properties":{"id":"nhai_geoserver-21c2df75c0d6e553","title":"Six Laning of Vijayawada Bypass from Chinna Avutapalli to Gollapudi in Vijayawada - Gundugolanu Section from km. 0.00 to km. 30.00 (Pkg-III)","sector":"road","status":"under_construction","is_blocked":false}},{"type":"Feature","geometry":{"coordinates":[[80.565742,16.548536],[80.548267,16.397631]],"type":"LineString"},"properties":{"id":"nhai_geoserver-d2d1e75b5e42d00f","title":"Six Laning of Vijayawada Bypass from Gollapudi to Chinnakakani in Vijayawada - Gundugolanu Section from km. 30.00 to km. 47.881 (Pkg-IV)","sector":"road","status":"commissioned","is_blocked":false}},{"type":"Feature","geometry":{"coordinates":[[80.649544,16.494853],[80.665855,16.510401]],"type":"LineString"},"properties":{"id":"nhai_geoserver-dac6f95b53986193","title":"3L western side flyover Before Jyothi Mahal Junction to Beyond Ramesh Hospital Junction from Design Km 0.300 to Design Km 2.770 on NH-16","sector":"road","status":"commissioned","is_blocked":false}},{"type":"Feature","geometry":{"coordinates":[[79.076,13.1439],[79.4346,13.3099]],"type":"LineString"},"properties":{"id":"nhai_geoserver-f2b5795b7df6bc3c","title":"Six Laning Of Chilkaluripet Vijaywada Section from km 355.00 to km 434.15","sector":"road","status":"commissioned","is_blocked":false}},{"type":"Feature","geometry":{"coordinates":[[80.082176,16.02452],[80.123852,16.092417]],"type":"LineString"},"properties":{"id":"nhai_geoserver-1a5d9287af75dbc9","title":"6L of Chilkararupet bypass from km. 357.400 to km. 371.920 of NH-16 [Revived of earlier terminated N/02004/27001/AP]","sector":"road","status":"commissioned","is_blocked":false}},{"type":"Feature","geometry":{"coordinates":[[80.128347,16.028195],[79.995123,14.506898]],"type":"LineString"},"properties":{"id":"nhai_geoserver-a730ff0fad685b53","title":"Chilakaluripet (1182.802) to Nellore (1366.547) of NH16 in Andhra Pradesh","sector":"road","status":"commissioned","is_blocked":false}},{"type":"Feature","geometry":{"coordinates":[[78.925086,15.376358],[79.745332,16.05684]],"type":"LineString"},"properties":{"id":"nhai_geoserver-043d68ee23542641","title":"Development of Multipurpose Facility on Chilakaluripet - Nellore Section from km. 1210.00 to km. 1214.00","sector":"road","status":"commissioned","is_blocked":false}},{"type":"Feature","geometry":{"coordinates":[[79.506389,13.615278],[79.909444,13.903056]],"type":"LineString"},"properties":{"id":"nhai_geoserver-4bb0350f714b3f71","title":"Operation and Maintenance including Incident Management of Nellore Bypass section from Km. 1366.547 to Km. 1383.713 of NH-16","sector":"road","status":"commissioned","is_blocked":false}},{"type":"Feature","geometry":{"coordinates":[[77.884056,14.852547],[78.029397,15.009603]],"type":"LineString"},"properties":{"id":"nhai_geoserver-51d78e0409945a96","title":"4L of Tada - Nellore from Km. 52.800 to 163.600 (110.52 km.)","sector":"road","status":"commissioned","is_blocked":false}},{"type":"Feature","geometry":{"coordinates":[[79.861308,14.16396],[79.870507,14.190649]],"type":"LineString"},"properties":{"id":"nhai_geoserver-9430889fc2fdfdd6","title":"4/6L of Tada - Nellore (Permanent restoration of flood damaged stretches) from km. 83.35 to km. 83.68 and km. 136.91 to km. 140.40","sector":"road","status":"commissioned","is_blocked":false}},{"type":"Feature","geometry":{"coordinates":[[80.16986,13.215516],[80.098963,13.493338]],"type":"LineString"},"properties":{"id":"nhai_geoserver-3093825a657e089e","title":"6 laning of Balance Work of Chennai - Tada from km. 21.40 to km. 54.40","sector":"road","status":"under_construction","is_blocked":false}},{"type":"Feature","geometry":{"coordinates":[[83.378127,17.894932],[83.030176,17.688352]],"type":"LineString"},"properties":{"id":"nhai_geoserver-8789868cbf0e55a3","title":"Short Term Improvement and Routine Maintenance of Anandapuram-Vishakhapatnam-Anakapalli  from Km.682.980 to Km.741.256 of NH-16 (Old NH-5)","sector":"road","status":"commissioned","is_blocked":false}},{"type":"Feature","geometry":{"coordinates":[[77.209,28.6139],[78.0081,27.1767]],"type":"LineString"},"properties":{"id":"nhai_geoserver-afb4fd494788ea53","title":"O&M of 6L of Badarpur Elevated Highway on Delhi - Agra Section from km. 16.100 to km. 20.500","sector":"road","status":"commissioned","is_blocked":false}},{"type":"Feature","geometry":{"coordinates":[[77.306326,28.472917],[78.0306,27.2065]],"type":"LineString"},"properties":{"id":"nhai_geoserver-cc75f8439e584df8","title":"Six Laning of Delhi - Agra section from Km.20.500 to Km.200 in the State of Haryana and U.P.","sector":"road","status":"under_construction","is_blocked":false}},{"type":"Feature","geometry":{"coordinates":[[77.209,28.6139],[78.0081,27.1767]],"type":"LineString"},"properties":{"id":"nhai_geoserver-6b500a22ee0250a4","title":"Additional Structures under Six Laning of Delhi-Agra section of NH-44 in the State of Uttar Pradesh between km. 143.0 and km. 195.10","sector":"road","status":"commissioned","is_blocked":false}},{"type":"Feature","geometry":{"coordinates":[[77.209,28.6139],[78.0081,27.1767]],"type":"LineString"},"properties":{"id":"nhai_geoserver-017d62fd76755556","title":"Additional Structures under Six Laning of Delhi-Agra section of NH-44 in the State of Haryana between km. 34.0 and km. 93.00","sector":"road","status":"commissioned","is_blocked":false}},{"type":"Feature","geometry":{"coordinates":[[78.015966,27.122053],[79.025659,26.45425]],"type":"LineString"},"properties":{"id":"nhai_geoserver-02003411ce1869de","title":"Agra - Etawah Bypass Section of NH-2 from Km. 199.660 to Km. 323.525 in the State of Uttar Pradesh","sector":"road","status":"commissioned","is_blocked":false}},{"type":"Feature","geometry":{"coordinates":[[79.048023,26.762446],[80.416961,26.380426]],"type":"LineString"},"properties":{"id":"nhai_geoserver-5350cdc36c42f950","title":"6L of Etawah - Chakeri from km. 323.475 to km. 483.687 of NH-19","sector":"road","status":"commissioned","is_blocked":false}},{"type":"Feature","geometry":{"coordinates":[[80.416539,26.38089],[81.490922,25.587216]],"type":"LineString"},"properties":{"id":"nhai_geoserver-7b52f0669a7640e5","title":"6L of Chakeri - Allahabad from 483.687 to km. 628.753 of Old NH-02","sector":"road","status":"commissioned","is_blocked":false}},{"type":"Feature","geometry":{"coordinates":[[83.3016,25.3442],[83.2155,25.1456]],"type":"LineString"},"properties":{"id":"nhai_geoserver-b627bca82305f722","title":"6L of Handia to Varanasi Section from Km 712.900 to Km 785.544","sector":"road","status":"commissioned","is_blocked":false}},{"type":"Feature","geometry":{"coordinates":[[83.002903,26.281617],[83.015319,25.879436]],"type":"LineString"},"properties":{"id":"nhai_geoserver-bf25a8af131114c6","title":"Varanasi bypass (Ring Road, Phase-I) from Harhua (Km 0.000) to Sandaha (Km 16.550)","sector":"road","status":"commissioned","is_blocked":false}},{"type":"Feature","geometry":{"coordinates":[[82.994731,25.248616],[82.934375,25.363805]],"type":"LineString"},"properties":{"id":"nhai_geoserver-5e916e43c8bb63b9","title":"4L Bypass connecting NH-2 (Rakhauna Village km. 782.546 of NH-2) with NH-56 (Vajidpur Village km. 271.300 of NH-56) of Varanasi Ring Road (Pkg-I, Phase -II) from km. 0.00 to km. 16.400 i/c Interchange Loop at NH-2","sector":"road","status":"commissioned","is_blocked":false}},{"type":"Feature","geometry":{"coordinates":[[82.170633,25.365155],[82.858282,25.272219]],"type":"LineString"},"properties":{"id":"nhai_geoserver-973e58f054b16f52","title":"Varanasi Ring Road (Pkg-II) connecting Sandaha Village (km 11.70 / NH-29) with Revasa Village (km 818.80 / NH-2)","sector":"road","status":"under_construction","is_blocked":false}},{"type":"Feature","geometry":{"coordinates":[[82.5127,25.1619],[84.3131,24.4049]],"type":"LineString"},"properties":{"id":"nhai_geoserver-d1968a9dac998b28","title":"Six Laning of Varanasi to Aurangabad from km. 786.00 to km. 978.40 of Old NH-2","sector":"road","status":"under_construction","is_blocked":false}},{"type":"Feature","geometry":{"coordinates":[[84.526276,24.679872],[84.793332,24.570046]],"type":"LineString"},"properties":{"id":"nhai_geoserver-2667f68ea89fe27c","title":"6L of Aurangabad to Bihar-Jharkhand border (Chordaha) section from km. 180.000 to km. 209.827 of NH-2 (PKG-01)","sector":"road","status":"under_construction","is_blocked":false}},{"type":"Feature","geometry":{"coordinates":[[84.793332,24.570046],[85.157772,24.448473]],"type":"LineString"},"properties":{"id":"nhai_geoserver-4b237e4efc9089cc","title":"6L of Aurangabad to Bihar-Jharkhand border (Chordaha) section  from km. 209.827 to Km. 249.525 of NH-19 (PKG-02)","sector":"road","status":"commissioned","is_blocked":false}},{"type":"Feature","geometry":{"coordinates":[[85.092306,24.265539],[85.425253,24.070703]],"type":"LineString"},"properties":{"id":"nhai_geoserver-f3e5216da226f527","title":"Six Laning of Bihar - Jharkhand Border (Chordaha) - Gorhar section of NH-2 from km 249.525 to km 320.810","sector":"road","status":"under_construction","is_blocked":false}},{"type":"Feature","geometry":{"coordinates":[[85.425853,24.770307],[86.327353,23.575676]],"type":"LineString"},"properties":{"id":"nhai_geoserver-62d6936da208eb39","title":"6L of Gorhar to Khairatunda Section of NH-2 from Km. 320.810 to Km.360.300 (Pkg I)","sector":"road","status":"commissioned","is_blocked":false}},{"type":"Feature","geometry":{"coordinates":[[86.426504,23.852303],[85.70425,24.11836]],"type":"LineString"},"properties":{"id":"nhai_geoserver-55d379a19dfa2a61","title":"Khairatunda to Barwa Adda Section of NH 2 from km. 360.300 to km. 400.132 (Pkg II)","sector":"road","status":"commissioned","is_blocked":false}},{"type":"Feature","geometry":{"coordinates":[[87.484644,23.432439],[88.03169,23.164105]],"type":"LineString"},"properties":{"id":"nhai_geoserver-982d04257778e265","title":"6L of Palsit-Panagarh from Km. 521.120 to Km. 588.870 of  NH-19","sector":"road","status":"commissioned","is_blocked":false}},{"type":"Feature","geometry":{"coordinates":[[88.03169,23.164105],[88.309777,22.656281]],"type":"LineString"},"properties":{"id":"nhai_geoserver-884f9e3756f2c5c8","title":"6L of Palsit - Dankuni from Km 588.870 to Km 652.700","sector":"road","status":"commissioned","is_blocked":false}},{"type":"Feature","geometry":{"coordinates":[[88.315403,22.657325],[88.372581,22.652131]],"type":"LineString"},"properties":{"id":"nhai_geoserver-bcec8084ba689cba","title":"Sister Nivedita Bridge (2nd Vivekananda Bridge) & its approaches from km. 653.010 to km. 659.05 of Old NH-2","sector":"road","status":"commissioned","is_blocked":false}},{"type":"Feature","geometry":{"coordinates":[[80.638082,21.30689],[80.135188,21.324196]],"type":"LineString"},"properties":{"id":"nhai_geoserver-ee7c43eb6720edf7","title":"Agra-Gwalior","sector":"road","status":"commissioned","is_blocked":false}},{"type":"Feature","geometry":{"coordinates":[[75.535311,34.002271],[74.411643,34.095722]],"type":"LineString"},"properties":{"id":"nhai_geoserver-f179d0e32ad0f67e","title":"4L Ring road/bypass around Srinagar city from km 0.000 to km 42.100 (Phase-I)","sector":"road","status":"under_construction","is_blocked":false}},{"type":"Feature","geometry":{"coordinates":[[75.184098,33.575405],[74.860433,34.034861]],"type":"LineString"},"properties":{"id":"nhai_geoserver-eada3afef7aae732","title":"Banihal to Srinagar (KM 187.00 to KM 189.35 and KM 220.70 to KM 286.11)","sector":"road","status":"commissioned","is_blocked":false}},{"type":"Feature","geometry":{"coordinates":[[74.7973,34.0837],[75.19,33.43]],"type":"LineString"},"properties":{"id":"nhai_geoserver-e63f8e676cb7f67f","title":"Banihal Bypass (Delinked from Srinagar - Banihal) from km. 187.00 to km. 189.350","sector":"road","status":"commissioned","is_blocked":false}},{"type":"Feature","geometry":{"coordinates":[[74.7973,34.0837],[75.19,33.43]],"type":"LineString"},"properties":{"id":"nhai_geoserver-c97d6094765acf0c","title":"Construction of emergency landing facility from km. 246.60 to km. 249.70 on Srinagar - Banihal Section","sector":"road","status":"commissioned","is_blocked":false}},{"type":"Feature","geometry":{"coordinates":[[75.191361,33.440464],[75.184281,33.575653]],"type":"LineString"},"properties":{"id":"nhai_geoserver-d0f81d3d52cf0edc","title":"Banihal (Km 189.350) to Quazigund (KM 220.700)","sector":"road","status":"commissioned","is_blocked":false}},{"type":"Feature","geometry":{"coordinates":[[75.296084,33.131699],[75.278098,33.037654]],"type":"LineString"},"properties":{"id":"nhai_geoserver-d012a788cb188de0","title":"4L of Chenani - Nashri including 9 Km long tunnel (2L) with parallel escape tunnel","sector":"road","status":"commissioned","is_blocked":false}},{"type":"Feature","geometry":{"coordinates":[[78.575475,19.821622],[78.446704,19.398861]],"type":"LineString"},"properties":{"id":"nhai_geoserver-33a6c63691457537","title":"AP/Mah Border-Islam Nagar (AP 6)","sector":"road","status":"commissioned","is_blocked":false}},{"type":"Feature","geometry":{"coordinates":[[75.151504,32.93717],[74.915989,32.761272]],"type":"LineString"},"properties":{"id":"nhai_geoserver-86d70858a2db57a3","title":"4L of Jammu - Udhampur from km. 15.00 to km. 67.00 [Jammu Bypass - Udhampur] (Pkg No. NHDP-II/BOT/VI/J&K)","sector":"road","status":"commissioned","is_blocked":false}},{"type":"Feature","geometry":{"coordinates":[[74.95643,32.598094],[74.89862,32.818283]],"type":"LineString"},"properties":{"id":"nhai_geoserver-447650259dcb887b","title":"Stand-alone Ring road/bypass around Jammu City from Raya Morh km. -0.687 to Jagti km. 57.568","sector":"road","status":"commissioned","is_blocked":false}},{"type":"Feature","geometry":{"coordinates":[[75.590781,31.354702],[75.605426,32.380253]],"type":"LineString"},"properties":{"id":"nhai_geoserver-31c0d4ffbd81afaf","title":"Jalandhar-Pathankot (Punjab/J&K Border) (from Km. 4.23 to Km. 117.75/4.00 & km.4.00 to km. 16.35) of NH-44","sector":"road","status":"commissioned","is_blocked":false}},{"type":"Feature","geometry":{"coordinates":[[75.514441,31.418593],[75.513874,31.221605]],"type":"LineString"},"properties":{"id":"nhai_geoserver-e9a9b5b0d359b820","title":"Development of 6L (Greenfield) Jalandhar Bypass starting from Kahlwan (NH-03)  ending at Kang Sahbu (NH-703)  via Sarmastpur (NH-44) - Madara (NH-03) - Khajurla (NH-44)","sector":"road","status":"under_construction","is_blocked":false}},{"type":"Feature","geometry":{"coordinates":[[76.4713,30.2448],[76.4321,30.1824]],"type":"LineString"},"properties":{"id":"nhai_geoserver-f2e279a46b3e7f23","title":"4L PS of Ambala Ring Road of New NH-44","sector":"road","status":"under_construction","is_blocked":false}},{"type":"Feature","geometry":{"coordinates":[[76.970287,29.44385],[75.50899,31.426582]],"type":"LineString"},"properties":{"id":"nhai_geoserver-a71e94c29259d442","title":"O&M of 6L Panipat-Jalandhar section from Km. 96.000 to Km. 387.100  of NH-44","sector":"road","status":"commissioned","is_blocked":false}},{"type":"Feature","geometry":{"coordinates":[[75.799136,30.8955],[75.791094,30.985569]],"type":"LineString"},"properties":{"id":"nhai_geoserver-979ee2a6f49b04d9","title":"Laddowal Bypass (Km. 0.000) to (Km. 17.041) Linking with NH-95 with NH-1 Via Laddowal Seed Farm of NH-95 in Punjab","sector":"road","status":"commissioned","is_blocked":false}},{"type":"Feature","geometry":{"coordinates":[[75.87939,30.91057],[75.775972,30.882058]],"type":"LineString"},"properties":{"id":"nhai_geoserver-f639d37715f3f889","title":"4L Elevated section from Samrala Chowk (Km. 0.000) to Ludhiana Municipal Limit (Km. 12.951) of NH-95 in Punjab","sector":"road","status":"commissioned","is_blocked":false}},{"type":"Feature","geometry":{"coordinates":[[76.982073,29.345045],[76.970287,29.44385]],"type":"LineString"},"properties":{"id":"nhai_geoserver-d2221f25e94d41a4","title":"Panipat Elevated Flyover from km. 86.00 to km. 96.00 on NH-44 (old NH-1)","sector":"road","status":"commissioned","is_blocked":false}},{"type":"Feature","geometry":{"coordinates":[[77.15374,28.740182],[76.982242,29.344235]],"type":"LineString"},"properties":{"id":"nhai_geoserver-576191a5ccb3cbf2","title":"8L of Mukarba Chowk in Delhi to Panipat in Haryana from km 15.500 to km 86.000 of NH-44 (Old NH-1)","sector":"road","status":"commissioned","is_blocked":false}},{"type":"Feature","geometry":{"coordinates":[[78.82973,20.536321],[78.822027,20.538386]],"type":"LineString"},"properties":{"id":"nhai_geoserver-ba98670c8173f876","title":"Development of Multilane Carriageway from Kanhan to Automotive Square from km 704.200 to km 723.000 section of urban link of Nagpur Kamptee section of Nagpur Jabalpur road of NH-44","sector":"road","status":"commissioned","is_blocked":false}},{"type":"Feature","geometry":{"coordinates":[[77.815746,27.260511],[77.98327,27.065463]],"type":"LineString"},"properties":{"id":"nhai_geoserver-91d64287b5766867","title":"Agra Bypass connecting km 176.8 of NH-2 to km 13.03 of NH-3 (km 0.000 to km 32.800)","sector":"road","status":"commissioned","is_blocked":false}},{"type":"Feature","geometry":{"coordinates":[[77.799831,27.281203],[77.906081,27.314794]],"type":"LineString"},"properties":{"id":"nhai_geoserver-75b91fbbc74a11bd","title":"6L of Agra Bypass (Northern) connecting Km. 174.500 of NH-2 (new NH-19) to Km. 141.000 of Yamuna Expressways","sector":"road","status":"commissioned","is_blocked":false}},{"type":"Feature","geometry":{"coordinates":[[78.446971,19.400266],[78.353025,19.053602]],"type":"LineString"},"properties":{"id":"nhai_geoserver-2ef5c37b8c38c897","title":"Islam Nagar-Kadthal (AP 7)","sector":"road","status":"commissioned","is_blocked":false}},{"type":"Feature","geometry":{"coordinates":[[78.0081,27.1767],[78.1828,26.2183]],"type":"LineString"},"properties":{"id":"nhai_geoserver-252f63f9065b8b0f","title":"4L of Agra-Gwalior section from Km. 85.00 to Km. 103.00 of NH-44","sector":"road","status":"commissioned","is_blocked":false}},{"type":"Feature","geometry":{"coordinates":[[78.1828,26.2183],[78.5685,25.4484]],"type":"LineString"},"properties":{"id":"nhai_geoserver-f2585d1ad0b43915","title":"Balance work of Gwalior - Jhansi section","sector":"road","status":"commissioned","is_blocked":false}},{"type":"Feature","geometry":{"coordinates":[[78.217208,26.287125],[78.53532,25.49376]],"type":"LineString"},"properties":{"id":"nhai_geoserver-a643478afcf5547b","title":"Gwalior Jhansi Section of NH-75 from km. 16.00 to km. 96.127 [NS1/BOT/MP-UP] in Madhya Pradesh","sector":"road","status":"commissioned","is_blocked":false}},{"type":"Feature","geometry":{"coordinates":[[78.481083,25.458861],[78.438005,25.062543]],"type":"LineString"},"properties":{"id":"nhai_geoserver-7b15d86788eccd4f","title":"Jhansi - Lalitpur section 1/2 from km. 0.00 to km. 49.70 (Package - NS1/BOT/UP-2)","sector":"road","status":"commissioned","is_blocked":false}},{"type":"Feature","geometry":{"coordinates":[[78.215065,26.123609],[77.630593,25.355452]],"type":"LineString"},"properties":{"id":"nhai_geoserver-32414095bd4669c4","title":"Lalitpur - Sagar - Lakhnadon OMT","sector":"road","status":"commissioned","is_blocked":false}},{"type":"Feature","geometry":{"coordinates":[[79.536876,22.156275],[79.536884,22.156228]],"type":"LineString"},"properties":{"id":"nhai_geoserver-9922a423abe48dc3","title":"Lakhnadon - Seoni MP 2","sector":"road","status":"commissioned","is_blocked":false}},{"type":"Feature","geometry":{"coordinates":[[79.603532,22.565705],[79.603526,22.565657]],"type":"LineString"},"properties":{"id":"nhai_geoserver-234501427582aca4","title":"Seoni to MP/MH Border (MP 3) (Seoni - Mohgaon)","sector":"road","status":"commissioned","is_blocked":false}},{"type":"Feature","geometry":{"coordinates":[[75.054157,20.343485],[75.051548,20.365776]],"type":"LineString"},"properties":{"id":"nhai_geoserver-d44ee0db9c4b42e6","title":"4L of MP/MH Border-Nagpur including Kamptee-Kanhan and Nagpur Bypass and Maintenance of Nagpur-Hyderabad from Km.14.585 to Km. 36.600","sector":"road","status":"commissioned","is_blocked":false}},{"type":"Feature","geometry":{"coordinates":[[78.352934,19.054343],[78.315103,18.806562]],"type":"LineString"},"properties":{"id":"nhai_geoserver-460ebb365b853d46","title":"Four-laning of Kadtal to Armur from km.278.0 to km.308.0 of Old NH-7","sector":"road","status":"commissioned","is_blocked":false}},{"type":"Feature","geometry":{"coordinates":[[78.849717,19.734223],[79.361258,19.761678]],"type":"LineString"},"properties":{"id":"nhai_geoserver-df1d89a1efe72c4a","title":"4 Lane Stand Alone Ring Road/ Bypasses for Nagpur City, Package - I from Km 0.500 to Km 34.000","sector":"road","status":"commissioned","is_blocked":false}},{"type":"Feature","geometry":{"coordinates":[[75.292897,19.841856],[75.388017,19.491112]],"type":"LineString"},"properties":{"id":"nhai_geoserver-bb74bc9881662075","title":"Ring road /Bypasses for Nagpur City, Package-2 from km 34.000 to km 62.035","sector":"road","status":"commissioned","is_blocked":false}},{"type":"Feature","geometry":{"coordinates":[[77.00373,20.70258],[77.00003,20.69686]],"type":"LineString"},"properties":{"id":"nhai_geoserver-be31f5ca13f1232b","title":"Flyover at Km.544.650 including ROB, Service Roads ,Footpath for RCC drains on urban link to Nagpur -Raipur road (Pardi octroi Naka to Itwari)","sector":"road","status":"commissioned","is_blocked":false}},{"type":"Feature","geometry":{"coordinates":[[77.40988,19.433153],[77.765854,19.791396]],"type":"LineString"},"properties":{"id":"nhai_geoserver-81ad8f1fefdb95eb","title":"Borkhedi - JamWadner OMT-29","sector":"road","status":"commissioned","is_blocked":false}},{"type":"Feature","geometry":{"coordinates":[[79.0882,21.1458],[78.4867,17.385]],"type":"LineString"},"properties":{"id":"nhai_geoserver-2945f1e3fb26949c","title":"Hinganghat ROB including approaches, underpasses and service road at Km.76.380 of Nagpur - Hyderabad section.","sector":"road","status":"commissioned","is_blocked":false}},{"type":"Feature","geometry":{"coordinates":[[78.745479,20.438888],[78.677216,20.200157]],"type":"LineString"},"properties":{"id":"nhai_geoserver-c371d231d4774b9d","title":"Wadner (Km 94.000) to Devdhari(Km 123.000)","sector":"road","status":"commissioned","is_blocked":false}},{"type":"Feature","geometry":{"coordinates":[[78.475609,17.711369],[78.493729,17.565576]],"type":"LineString"},"properties":{"id":"nhai_geoserver-713d6dced9112229","title":"Improvement of Geometrics of Kalkallu to Gundla Pochanpalli from Km 454.00  to Km 471.00 of NH-44","sector":"road","status":"cancelled","is_blocked":true}},{"type":"Feature","geometry":{"coordinates":[[78.315291,18.806985],[78.300293,18.369904]],"type":"LineString"},"properties":{"id":"nhai_geoserver-a8355967527f8454","title":"Armur - Adloor Yellareddy (Nagpur-Hyderabad)","sector":"road","status":"commissioned","is_blocked":false}},{"type":"Feature","geometry":{"coordinates":[[78.30052,18.369066],[78.493482,17.564577]],"type":"LineString"},"properties":{"id":"nhai_geoserver-b0b4c93361124ad4","title":"Km 367.000 (Adloor Yellareddy) to Km 447.000 and Improvement, Operation & Maintenance of Km 447.000 to Km 464.000 (Gundla Pochanpalli) on Nagpur - Hyderabad section of NH-44 AP-2","sector":"road","status":"commissioned","is_blocked":false}},{"type":"Feature","geometry":{"coordinates":[[79.0882,21.1458],[78.4867,17.385]],"type":"LineString"},"properties":{"id":"nhai_geoserver-a070bdd5c5b0587c","title":"4L of Gundlapochanpally to Bowenpally from km. 464.000 to km. 474.000 of Nagpur-Hyderabad Section of NH-7 (New No. NH-44) Contract Package No: NS-23 (TS)","sector":"road","status":"commissioned","is_blocked":false}},{"type":"Feature","geometry":{"coordinates":[[92.901982,26.516038],[92.901982,26.520937]],"type":"LineString"},"properties":{"id":"nhai_geoserver-faffe87c13f6266b","title":"6L of existing 4L from Gundlapochampally  to Bowenpally from km 471.300 to  km 481.331 of NH-44","sector":"road","status":"cancelled","is_blocked":true}},{"type":"Feature","geometry":{"coordinates":[[92.901982,26.05995],[92.901982,26.01798]],"type":"LineString"},"properties":{"id":"nhai_geoserver-24a09b17fc5f6c5c","title":"Thondupally-Jadcherla","sector":"road","status":"commissioned","is_blocked":false}},{"type":"Feature","geometry":{"coordinates":[[93.15495,25.76445],[93.15495,25.23107]],"type":"LineString"},"properties":{"id":"nhai_geoserver-8e7683434d998d0d","title":"Improvement of Geometrics of Thondupally to Kothur from Km 22.300 to Km 34.14 of NH-44","sector":"road","status":"cancelled","is_blocked":true}},{"type":"Feature","geometry":{"coordinates":[[78.81208,16.46461],[77.5646,16.212561]],"type":"LineString"},"properties":{"id":"nhai_geoserver-75c70bca8de74c1e","title":"Jadcherla-Kothakotta Bypass","sector":"road","status":"commissioned","is_blocked":false}},{"type":"Feature","geometry":{"coordinates":[[77.945812,16.35744],[78.032962,15.808153]],"type":"LineString"},"properties":{"id":"nhai_geoserver-840d86c0857a408f","title":"Kothakota bypass–Kurnool","sector":"road","status":"commissioned","is_blocked":false}},{"type":"Feature","geometry":{"coordinates":[[78.033155,15.807926],[77.751212,13.812038]],"type":"LineString"},"properties":{"id":"nhai_geoserver-d8126867e5270b1a","title":"Hyderabad - Bangalore (Km 211.000 to Km 462.164 on Hyderabad - Bangalore section of NH-44)","sector":"road","status":"commissioned","is_blocked":false}},{"type":"Feature","geometry":{"coordinates":[[78.005739,15.853018],[77.841091,15.384879]],"type":"LineString"},"properties":{"id":"nhai_geoserver-2810593095bc2237","title":"6L Grade Separated structures along with slip roads at Km 210+780 (ITC Junction in Kurnool Town), Km 260+400 (Kambalapadu Junction, Dhone)  Km 263+558 (Dhone Exit, Dhone) on NH-44 (old NH-07 )","sector":"road","status":"commissioned","is_blocked":false}},{"type":"Feature","geometry":{"coordinates":[[77.7515,13.8116],[77.69667,13.23619]],"type":"LineString"},"properties":{"id":"nhai_geoserver-e818d7197402a9ce","title":"AP/ Karnataka Border - Devanhalli","sector":"road","status":"commissioned","is_blocked":false}},{"type":"Feature","geometry":{"coordinates":[[77.335519,12.395879],[77.362943,12.431392]],"type":"LineString"},"properties":{"id":"nhai_geoserver-878aac2e65774467","title":"Devanhalli - Bengaluru (Pkg No NS-2/BOT/KNT-2) from km 534.720 to km 556.84 of NH-7","sector":"road","status":"commissioned","is_blocked":false}},{"type":"Feature","geometry":{"coordinates":[[78.22605,12.499462],[78.062438,11.812723]],"type":"LineString"},"properties":{"id":"nhai_geoserver-9c11d8db1315e287","title":"Krishnagiri - Thumbipadi - Thoppur Ghat - Omalur from km. 94.00 to km. 180.00 (Package No. NS-2/BOT/TN-1)","sector":"road","status":"commissioned","is_blocked":false}},{"type":"Feature","geometry":{"coordinates":[[78.051424,11.761445],[78.165718,11.262287]],"type":"LineString"},"properties":{"id":"nhai_geoserver-2ab3ad8abaf6b303","title":"Thumbipadi-Namakkal from km. 180.00 to km. 248.625 (Package No. NS-2/BOT/TN-02)","sector":"road","status":"commissioned","is_blocked":false}},{"type":"Feature","geometry":{"coordinates":[[77.5946,12.9716],[78.146,11.6643]],"type":"LineString"},"properties":{"id":"nhai_geoserver-8cd9b44ff336135b","title":"Four laning of Km 180.000 to 199.200 of Bangalore - Salem - Madurai section of NH-7 (Thumbipadi to Namakkal) in the state of Tamilnadu Contract package No. NS-26/TN","sector":"road","status":"commissioned","is_blocked":false}},{"type":"Feature","geometry":{"coordinates":[[78.068583,11.011681],[77.960628,10.395939]],"type":"LineString"},"properties":{"id":"nhai_geoserver-8b694b95f9bc9675","title":"Start of Karur Bypass - Dindigul from km. 292.600 to km. 305.600 (Contract Package No. NS2/BOT/TN-4)","sector":"road","status":"commissioned","is_blocked":false}},{"type":"Feature","geometry":{"coordinates":[[77.978602,10.068067],[78.228029,9.977858]],"type":"LineString"},"properties":{"id":"nhai_geoserver-4759256e807aa878","title":"4L of Madurai Ring Road (Phase 1) [Vadipatti-Thamrapatti] from km 0.00 - km 29.960","sector":"road","status":"under_construction","is_blocked":false}},{"type":"Feature","geometry":{"coordinates":[[78.1198,9.9252],[77.5385,8.0883]],"type":"LineString"},"properties":{"id":"nhai_geoserver-e26a7bf3894b9b75","title":"Madurai - Kanyakumari from km. 0.00 to km. 243.170","sector":"road","status":"commissioned","is_blocked":false}},{"type":"Feature","geometry":{"coordinates":[[78.026515,9.989277],[77.942174,9.586806]],"type":"LineString"},"properties":{"id":"nhai_geoserver-91fdd7c735b4c468","title":"Madurai to Kanyakumari from Km 000.000 to Km 52.300 Section of NH 7 under TOT Bundle-3","sector":"road","status":"commissioned","is_blocked":false}},{"type":"Feature","geometry":{"coordinates":[[77.942174,9.586806],[77.796298,9.055115]],"type":"LineString"},"properties":{"id":"nhai_geoserver-edd8c28652a3be81","title":"Madurai to Kanyakumari from Km 52.300 to Km 116.500 Section of NH 7 under TOT Bundle-3","sector":"road","status":"commissioned","is_blocked":false}},{"type":"Feature","geometry":{"coordinates":[[77.796572,9.055604],[77.678097,8.571771]],"type":"LineString"},"properties":{"id":"nhai_geoserver-96d42cc3199c2f5c","title":"Madurai to Kanyakumari from Km 116.500 to Km 180.00 Section of NH 7 under TOT Bundle-3","sector":"road","status":"commissioned","is_blocked":false}},{"type":"Feature","geometry":{"coordinates":[[77.678097,8.571771],[77.540327,8.082181]],"type":"LineString"},"properties":{"id":"nhai_geoserver-a3d6f17e05f77abc","title":"Madurai to Kanyakumari from Km 180.00 to Km 243.470 Section of NH 7 under TOT Bundle-3","sector":"road","status":"commissioned","is_blocked":false}},{"type":"Feature","geometry":{"coordinates":[[78.119995,11.643542],[77.714646,11.443497]],"type":"LineString"},"properties":{"id":"nhai_geoserver-da1c3fc68dcb1295","title":"Salem - Kumarapalaym from km. 0.00 to km. 53.00 (Package No. NS-2/BOT/TN-06)","sector":"road","status":"commissioned","is_blocked":false}},{"type":"Feature","geometry":{"coordinates":[[77.715459,11.443961],[77.40963,11.199002]],"type":"LineString"},"properties":{"id":"nhai_geoserver-db6a73a06eeb7aad","title":"Kumarapalayam - Chengalpalli from km. 53.525 to km. 102.035 (Package No. NS-2/BOT/TN-07)","sector":"road","status":"commissioned","is_blocked":false}},{"type":"Feature","geometry":{"coordinates":[[77.406319,11.198952],[76.842888,10.854353]],"type":"LineString"},"properties":{"id":"nhai_geoserver-6f29292acc294e8a","title":"Chengapalli (km 102.035) to Neelambur (Km144.680) and Madukkarai (Km 170.880) to Walayar (K183.010) (Package No. NS-2/BOT/TN-08)","sector":"road","status":"under_construction","is_blocked":false}},{"type":"Feature","geometry":{"coordinates":[[76.326607,10.06442],[76.246589,9.984226]],"type":"LineString"},"properties":{"id":"nhai_geoserver-8b1e4998d38e4b7c","title":"NH Connectivity to ICTT Vallarpadam","sector":"road","status":"commissioned","is_blocked":false}},{"type":"Feature","geometry":{"coordinates":[[69.627432,21.640625],[70.629961,21.773643]],"type":"LineString"},"properties":{"id":"nhai_geoserver-1483a3583cc9e7a2","title":"Porbandar - Bhiladi - Jetpur from km. 01.96 to km. 117.00 under TOT Bundle - 1","sector":"road","status":"commissioned","is_blocked":false}},{"type":"Feature","geometry":{"coordinates":[[70.644539,21.786452],[70.83417,22.313732]],"type":"LineString"},"properties":{"id":"nhai_geoserver-a22cc1bc748a4a51","title":"Four Laning of Jetpur - Gondal - Rajkot from km. 117.00 to km. 175.00 and Widening of Rajkot Bypass from km. 175.00 to km. 185.00","sector":"road","status":"cancelled","is_blocked":true}},{"type":"Feature","geometry":{"coordinates":[[71.083879,22.425888],[70.819968,22.980007]],"type":"LineString"},"properties":{"id":"nhai_geoserver-1307a2be9c1ea4ab","title":"Bamanbore - Garamore from 182.6 km. to 254.54 km.","sector":"road","status":"commissioned","is_blocked":false}},{"type":"Feature","geometry":{"coordinates":[[70.819847,22.980135],[70.519605,23.30675]],"type":"LineString"},"properties":{"id":"nhai_geoserver-e505386f20e75bee","title":"Garamore - Samakhiyali section from km 254.54 - km 306.00","sector":"road","status":"commissioned","is_blocked":false}},{"type":"Feature","geometry":{"coordinates":[[72.454597,24.229921],[70.513304,23.307706]],"type":"LineString"},"properties":{"id":"nhai_geoserver-2fea17eb7afbda54","title":"Palanpur - Radhanpur - Samakhiyali (OMT-1)","sector":"road","status":"commissioned","is_blocked":false}},{"type":"Feature","geometry":{"coordinates":[[72.2712,24.134161],[72.561488,24.404]],"type":"LineString"},"properties":{"id":"nhai_geoserver-69d57b5e0d7acd7d","title":"Palanpur/ Khemana - Abu Road - Swaroopganj from km. 340.00 to km. 264.00","sector":"road","status":"commissioned","is_blocked":false}},{"type":"Feature","geometry":{"coordinates":[[74.57943,24.838286],[75.750799,25.149546]],"type":"LineString"},"properties":{"id":"nhai_geoserver-548c5a79df9dcf2b","title":"Chittorgarh - Kota","sector":"road","status":"commissioned","is_blocked":false}},{"type":"Feature","geometry":{"coordinates":[[75.93381,25.182634],[76.846094,25.115174]],"type":"LineString"},"properties":{"id":"nhai_geoserver-5aba2008f7d76250","title":"Kota - Baran section of NH-27 from km. 1080.263 to km. 1184.322","sector":"road","status":"commissioned","is_blocked":false}},{"type":"Feature","geometry":{"coordinates":[[78.506302,25.455758],[79.539129,26.022494]],"type":"LineString"},"properties":{"id":"nhai_geoserver-c16b6f7f7b03a808","title":"Jhansi-Orai from Km. 90.300 to Km. 225.713 of NH-27 (OMT-Pkg 12)","sector":"road","status":"commissioned","is_blocked":false}},{"type":"Feature","geometry":{"coordinates":[[79.539049,26.022519],[79.999581,26.379913]],"type":"LineString"},"properties":{"id":"nhai_geoserver-e068c6d7f5b2cf98","title":"4L of Orai - Bhognipur - Barah from km. 220.0 to km. 255.00 of Old NH-25 & from km. 421.20 to km. 449.00 on Old NH-02 (Pkg No. EW-II/BOT-UP)","sector":"road","status":"commissioned","is_blocked":false}},{"type":"Feature","geometry":{"coordinates":[[81.005451,26.873433],[82.226982,26.791699]],"type":"LineString"},"properties":{"id":"nhai_geoserver-1bb0aa916d4b8499","title":"Kanpur - Lucknow - Ayodhya OMT - 10","sector":"road","status":"commissioned","is_blocked":false}},{"type":"Feature","geometry":{"coordinates":[[80.9462,26.8467],[80.3319,26.4499]],"type":"LineString"},"properties":{"id":"nhai_geoserver-cf2db211fcf76000","title":"Strengthening, Improvement and routine maintenance of Lucknow-Kanpur section from km. 28.00 to km. 76.300 of NH-27 (Old NH-25) including construction of Drain & Service Road, rehabilitation of Unnao RoB and Shaheed Path from Km. 0.000 to 22.875 of NH-27 (Old NH-56A&B)","sector":"road","status":"commissioned","is_blocked":false}},{"type":"Feature","geometry":{"coordinates":[[80.9462,26.8467],[82.2043,26.799]],"type":"LineString"},"properties":{"id":"nhai_geoserver-9d47bb6d7bc5aff4","title":"Operation & Maintenance of Lucknow-Ayodhya Section from Km. 8+000 to Km. 137+970 Stretch of NH-27 (Old NH-28)","sector":"road","status":"commissioned","is_blocked":false}},{"type":"Feature","geometry":{"coordinates":[[82.2043,26.799],[83.3732,26.7606]],"type":"LineString"},"properties":{"id":"nhai_geoserver-e190f515b643ab63","title":"4L from Km. 135.000 to Km. 164.000 of Ayodhya - Gorakhpur Section of NH-28[Contract Package- LMNHP-EW-II (WB)-4]","sector":"road","status":"commissioned","is_blocked":false}},{"type":"Feature","geometry":{"coordinates":[[80.9462,26.8467],[80.3319,26.4499]],"type":"LineString"},"properties":{"id":"nhai_geoserver-d296d593daa7a186","title":"Strengthening, Improvement and routine maintenance of Lucknow-Kanpur section from km. 27.700 to km. 75.500 of NH-27 (Old NH-25) including construction of Drain & Service Road, rehabilitation of Unnao RoB","sector":"road","status":"commissioned","is_blocked":false}},{"type":"Feature","geometry":{"coordinates":[[80.9462,26.8467],[82.2043,26.799]],"type":"LineString"},"properties":{"id":"nhai_geoserver-b41c20f709dfe4a2","title":"Strenthening and major maintenance work from Km 8.000 to Km 68.900 of NH-28 (new NH-27)  of Lucknow-Ayodhya Section Pkg-1","sector":"road","status":"commissioned","is_blocked":false}},{"type":"Feature","geometry":{"coordinates":[[82.066831,21.991809],[82.310628,22.297609]],"type":"LineString"},"properties":{"id":"nhai_geoserver-23f383dde6779dd8","title":"Bilaspur-Pathrapalli from km. 0.00 to km. 53.30","sector":"road","status":"commissioned","is_blocked":false}},{"type":"Feature","geometry":{"coordinates":[[88.285281,26.587235],[88.83718,26.564013]],"type":"LineString"},"properties":{"id":"nhai_geoserver-037e499325a0acf4","title":"Ghoshpukur (km 0.000) to Dhupguri (km 83.785) of NH-31D","sector":"road","status":"commissioned","is_blocked":false}},{"type":"Feature","geometry":{"coordinates":[[81.057651,26.791109],[80.820094,26.777514]],"type":"LineString"},"properties":{"id":"nhai_geoserver-5dce2c6bc50357c3","title":"Lucknow Ring Road Pkg-1 (Sultanpur Road to Behta Road) [Bypass connecting NH-56 at km. 17.40 and terminating near Behta Road]","sector":"road","status":"commissioned","is_blocked":false}},{"type":"Feature","geometry":{"coordinates":[[81.028455,26.990803],[81.079839,26.893914]],"type":"LineString"},"properties":{"id":"nhai_geoserver-3bb2772de563e147","title":"4L of Lucknow Ring Road Package-3B from Km.17.600 to MDR-77C and terminating at Km.15.650 of NH-28","sector":"road","status":"commissioned","is_blocked":false}},{"type":"Feature","geometry":{"coordinates":[[80.925055,27.001877],[81.028455,26.990853]],"type":"LineString"},"properties":{"id":"nhai_geoserver-fe4ef4531652e44d","title":"Lucknow Ring Road Pkg 3A (Sitapur Road to Kursi Road)","sector":"road","status":"commissioned","is_blocked":false}},{"type":"Feature","geometry":{"coordinates":[[81.24184,26.24395],[81.644002,26.46198]],"type":"LineString"},"properties":{"id":"nhai_geoserver-df3cfec6ef5909bd","title":"Ayodhya - Gorakhpur Section from km. 137.97 to km. 252.86 of Old NH-28 (Pkg No.1/NHAI/OMT/Pkg-11/2011)","sector":"road","status":"commissioned","is_blocked":false}},{"type":"Feature","geometry":{"coordinates":[[92.353719,26.160608],[92.545838,26.247613]],"type":"LineString"},"properties":{"id":"nhai_geoserver-9593ca0eb3812105","title":"Dharmatul-Raha (AS-2)","sector":"road","status":"commissioned","is_blocked":false}},{"type":"Feature","geometry":{"coordinates":[[82.2043,26.799],[83.3732,26.7606]],"type":"LineString"},"properties":{"id":"nhai_geoserver-abe9d346daf0615a","title":"4L from Km. 164.000 to Km. 208.000 of Ayodhya - Gorakhpur Section of NH-28[Contract Package- LMNHP-EW-II (WB)-5]","sector":"road","status":"commissioned","is_blocked":false}},{"type":"Feature","geometry":{"coordinates":[[82.2043,26.799],[83.3732,26.7606]],"type":"LineString"},"properties":{"id":"nhai_geoserver-da0f83a246904c8b","title":"4L from Km. 208.000 to Km. 251.700 of Ayodhya - Gorakhpur Section of NH-28[Contract Package- LMNHP-EW-II (WB)-6]","sector":"road","status":"commissioned","is_blocked":false}},{"type":"Feature","geometry":{"coordinates":[[83.529166,26.744945],[83.333365,26.704838]],"type":"LineString"},"properties":{"id":"nhai_geoserver-eb3322575c5711bd","title":"Four laning of Gorakhpur Bypass from km. 79.670 of NH - 29E to km. 251.700 of NH - 28","sector":"road","status":"commissioned","is_blocked":false}},{"type":"Feature","geometry":{"coordinates":[[84.428132,26.47297],[84.452518,26.465076]],"type":"LineString"},"properties":{"id":"nhai_geoserver-4f63132fd149d67d","title":"4L Elevated Highway and at grade improvements at Gopalganj Town from Km. 384.000 to Km. 386.750 on NH-27","sector":"road","status":"commissioned","is_blocked":false}},{"type":"Feature","geometry":{"coordinates":[[84.816938,26.490972],[85.359341,26.137029]],"type":"LineString"},"properties":{"id":"nhai_geoserver-6e692e48d51c1f3e","title":"Kotwa (Motihari) – Mehsi - Muzaffarpur from km. 440.000 to km. 520.000 of NH-27 (Old NH-28) under TOT Bundle-3","sector":"road","status":"commissioned","is_blocked":false}},{"type":"Feature","geometry":{"coordinates":[[86.629748,26.30026],[86.716598,26.287619]],"type":"LineString"},"properties":{"id":"nhai_geoserver-35ae2fe7e0832a70","title":"4 Lane Bridge Across River Kosi including Approaches km 155 - km 165 of Nh-57 (BR-5)","sector":"road","status":"commissioned","is_blocked":false}},{"type":"Feature","geometry":{"coordinates":[[85.341148,26.154618],[87.543338,25.792747]],"type":"LineString"},"properties":{"id":"nhai_geoserver-d313e27d5950eab5","title":"Muzaffarpur-Darbhanga-Purnea Section from km. 0.00 to km. 148.55 & km.159.357 to km. 287.86 of NH-57 (Old) (OMT Pkg No. 20)","sector":"road","status":"commissioned","is_blocked":false}},{"type":"Feature","geometry":{"coordinates":[[85.3647,26.1209],[85.8918,26.1542]],"type":"LineString"},"properties":{"id":"nhai_geoserver-6c299ea036854290","title":"Routine Maintenance and Incident Management of Muzaffarpur - Darbhanga - Supaul Section of NH-27(East west Corridor) from Km.0.00 to Km.145.456 in the state of Bihar.","sector":"road","status":"commissioned","is_blocked":false}},{"type":"Feature","geometry":{"coordinates":[[87.947281,26.096194],[87.97365,26.115117]],"type":"LineString"},"properties":{"id":"nhai_geoserver-a9d7e30d600394d8","title":"2nd Flyover (LCW) Parallel to Existing Flyover in Kishanganj Town","sector":"road","status":"commissioned","is_blocked":false}},{"type":"Feature","geometry":{"coordinates":[[87.543308,25.792028],[87.829622,25.906083]],"type":"LineString"},"properties":{"id":"nhai_geoserver-a6c55272edbc02c0","title":"4L of Purnea - Dalkhola Section from  Km. 410.700 to Km. 447.000 of Old NH-31","sector":"road","status":"commissioned","is_blocked":false}},{"type":"Feature","geometry":{"coordinates":[[88.155339,26.234947],[88.218777,26.279612]],"type":"LineString"},"properties":{"id":"nhai_geoserver-60b635d793fb1604","title":"Islampur Bypass of NH-31 (New NH-27) of 10.31 km length in the state of West Bengal","sector":"road","status":"commissioned","is_blocked":false}},{"type":"Feature","geometry":{"coordinates":[[84.738575,22.385673],[84.810995,22.217118]],"type":"LineString"},"properties":{"id":"nhai_geoserver-a37cf7c24f816dab","title":"Birmitrapur - Brahmani Bypass end of NH-23","sector":"road","status":"commissioned","is_blocked":false}},{"type":"Feature","geometry":{"coordinates":[[87.829662,25.906097],[88.153356,26.23331]],"type":"LineString"},"properties":{"id":"nhai_geoserver-f92b39ab59f9a121","title":"Short term Improvement & Routine Maintenance of Dalkhola-Islampur from Km. 447.000 to Km. 498.000 of NH-31","sector":"road","status":"awarded","is_blocked":false}},{"type":"Feature","geometry":{"coordinates":[[88.222369,26.282836],[88.270076,26.564714]],"type":"LineString"},"properties":{"id":"nhai_geoserver-b6891af796373c3c","title":"Short term Improvement & Routine Maintenance of Islampur-Ghoshpukur from Km. 507.000 to Km. 551.000 of NH-31","sector":"road","status":"awarded","is_blocked":false}},{"type":"Feature","geometry":{"coordinates":[[89.614444,26.486667],[89.871111,26.454167]],"type":"LineString"},"properties":{"id":"nhai_geoserver-bb60a0da23b82fc3","title":"Salsalabari-Assam Bengal Border","sector":"road","status":"commissioned","is_blocked":false}},{"type":"Feature","geometry":{"coordinates":[[89.870279,26.454585],[90.077382,26.562138]],"type":"LineString"},"properties":{"id":"nhai_geoserver-84028def97ac026a","title":"Shrirampur (Km. 0.000) to Kochugaon (km. 30.000) of Bijni to Assam./West Bengal Border Section of NH-31C in Assam, AS-12 (including balance works)","sector":"road","status":"commissioned","is_blocked":false}},{"type":"Feature","geometry":{"coordinates":[[90.077847,26.562244],[90.34008,26.552896]],"type":"LineString"},"properties":{"id":"nhai_geoserver-f28fc820c3e7965a","title":"4L of Bijni - Assam / WB Border from km. 60.0 to km. 30.00 of NH-31 C (AS-11)","sector":"road","status":"commissioned","is_blocked":false}},{"type":"Feature","geometry":{"coordinates":[[92.954468,25.939645],[93.071946,25.8568]],"type":"LineString"},"properties":{"id":"nhai_geoserver-8da3d4413cdb67a3","title":"4L of km 22.00 to km 40.00 of Lanka - Udali (AS-15) (Including Lanka Bypass of NH-54)","sector":"road","status":"commissioned","is_blocked":false}},{"type":"Feature","geometry":{"coordinates":[[92.759667,24.966756],[92.833567,24.839147]],"type":"LineString"},"properties":{"id":"nhai_geoserver-41d60d9c031a9040","title":"4L of Balachera - Silchar (AS-01) from km. 306.54 to km. 275.00 of NH-54 (Pkg-EW-II)","sector":"road","status":"commissioned","is_blocked":false}},{"type":"Feature","geometry":{"coordinates":[[90.339937,26.552973],[90.64406,26.487012]],"type":"LineString"},"properties":{"id":"nhai_geoserver-480a3359fee195cf","title":"4L of Bijni - Assam/WB Border section of NH-31C from km. 93.00 to km. 60.00 (Contract Pkg- EW-II (AS-10))","sector":"road","status":"commissioned","is_blocked":false}},{"type":"Feature","geometry":{"coordinates":[[90.811014,26.487902],[91.014267,26.421334]],"type":"LineString"},"properties":{"id":"nhai_geoserver-3b64b7662841a12e","title":"Nalbari-Bijni(AS-08) from km.1013 to km.983 of Old NH-31","sector":"road","status":"commissioned","is_blocked":false}},{"type":"Feature","geometry":{"coordinates":[[90.640174,26.482891],[90.806274,26.488696]],"type":"LineString"},"properties":{"id":"nhai_geoserver-54f25cc9b687cb8d","title":"Nalbari-Bijni(AS-09) from 983.00 km to 961.50 km of Old NH-31","sector":"road","status":"commissioned","is_blocked":false}},{"type":"Feature","geometry":{"coordinates":[[91.013706,26.421483],[91.249361,26.508285]],"type":"LineString"},"properties":{"id":"nhai_geoserver-36576af2ec452962","title":"Nalbari to Bijni section of NH-31 from km. 1040.30 to Km. 1013.00 (Contract Package EW-II/ AS-07) in Assam","sector":"road","status":"commissioned","is_blocked":false}},{"type":"Feature","geometry":{"coordinates":[[91.249025,26.508284],[91.442537,26.459231]],"type":"LineString"},"properties":{"id":"nhai_geoserver-10b4304a84029656","title":"Nalbari to Bijni from Km. 1065.00 to km. 1040.300 (Contract Package AS-06)","sector":"road","status":"commissioned","is_blocked":false}},{"type":"Feature","geometry":{"coordinates":[[92.545784,26.24768],[92.742618,26.345026]],"type":"LineString"},"properties":{"id":"nhai_geoserver-9b53f8ded57c72da","title":"4L of km 262.70 to km 255.00 of NH-37 (old) Raha-Nagaon (AS-18) (Including Nagaon Bypass)","sector":"road","status":"commissioned","is_blocked":false}},{"type":"Feature","geometry":{"coordinates":[[91.658277,26.364464],[91.66897,26.192259]],"type":"LineString"},"properties":{"id":"nhai_geoserver-5374e3c6fc29ed8d","title":"4L of Guwahati - Nalbari Section from km. 1121.00 to km. 1093.00 in Assam (AS-4)","sector":"road","status":"commissioned","is_blocked":false}},{"type":"Feature","geometry":{"coordinates":[[91.442347,26.459261],[91.658257,26.364311]],"type":"LineString"},"properties":{"id":"nhai_geoserver-04f019a82d9ff77b","title":"2L to 4L of Nalbari - Puthimari (AS-5) section of Guwahati - Nalbari from km.1093.00 to km.1065.00","sector":"road","status":"commissioned","is_blocked":false}},{"type":"Feature","geometry":{"coordinates":[[91.66897,26.192259],[91.675949,26.155661]],"type":"LineString"},"properties":{"id":"nhai_geoserver-47b6bb025230787d","title":"4L of New Brahmaputra Bridge near Guwahati Contract Package No. EW-II (AS-28) from km. 1121.00 to km. 1126.00","sector":"road","status":"commissioned","is_blocked":false}},{"type":"Feature","geometry":{"coordinates":[[91.816837,26.118376],[91.972387,26.12213]],"type":"LineString"},"properties":{"id":"nhai_geoserver-786a45dcf5246f57","title":"4L of Sonapur to Guwahati from Km 183.000 to Km 163.895 (Package AS-03)","sector":"road","status":"commissioned","is_blocked":false}},{"type":"Feature","geometry":{"coordinates":[[92.175574,26.11167],[92.353817,26.160695]],"type":"LineString"},"properties":{"id":"nhai_geoserver-a72053d05b5cb1b7","title":"Jagiroad-Dharamtul (AS-19)","sector":"road","status":"commissioned","is_blocked":false}},{"type":"Feature","geometry":{"coordinates":[[91.972387,26.12213],[92.175708,26.111604]],"type":"LineString"},"properties":{"id":"nhai_geoserver-5b300af1cafec0e5","title":"Sonapur to Dharamtul section from Km 183.000 to Km 205.000 of NH - 27 (Package AS-20) in Assam","sector":"road","status":"commissioned","is_blocked":false}},{"type":"Feature","geometry":{"coordinates":[[93.071946,25.8568],[93.145918,25.749873]],"type":"LineString"},"properties":{"id":"nhai_geoserver-c412088b0e95302d","title":"4L of Udali (km. 40.000) to Manderdisa (Km. 60.500) of NH-27 in Assam (AS-27)","sector":"road","status":"commissioned","is_blocked":false}},{"type":"Feature","geometry":{"coordinates":[[93.145918,25.749873],[93.098607,25.59469]],"type":"LineString"},"properties":{"id":"nhai_geoserver-90208f0f9c1e8d14","title":"Manderdisa (Km. 60.500) to Hatikhali (Km. 83.400) of NH-27 in Assam (AS-26 Bal.)","sector":"road","status":"commissioned","is_blocked":false}},{"type":"Feature","geometry":{"coordinates":[[93.098607,25.59469],[93.134781,25.410701]],"type":"LineString"},"properties":{"id":"nhai_geoserver-e1bef921d765689f","title":"Hatikhali (Km 83.400) to Lailling (Km 111.000) of NH-27 in Assam (AS-25 Bal.)","sector":"road","status":"commissioned","is_blocked":false}},{"type":"Feature","geometry":{"coordinates":[[93.126017,25.318893],[93.140486,25.219737]],"type":"LineString"},"properties":{"id":"nhai_geoserver-1aff32479da83047","title":"Maibang to Nrimbanglo from Km. 126.450 to Km.140.700 & km. 164.080 to 165.400 of Jatinga Junction [EW-II] of AS-23","sector":"road","status":"commissioned","is_blocked":false}},{"type":"Feature","geometry":{"coordinates":[[93.140484,25.219744],[92.824429,25.094538]],"type":"LineString"},"properties":{"id":"nhai_geoserver-84cbb62d86c5890c","title":"Balance work of 4L of Narimbanglo–Jatinga Junction- Harangajoroad section from Km 0.000 to Km 49.230 of NH-27","sector":"road","status":"under_construction","is_blocked":false}},{"type":"Feature","geometry":{"coordinates":[[76.122039,29.804595],[76.338476,29.25289]],"type":"LineString"},"properties":{"id":"nhai_geoserver-193adce6b32d420a","title":"Punjab/ Haryana border Jind section from km 238.695 to km 307.000 of NH 71","sector":"road","status":"commissioned","is_blocked":false}},{"type":"Feature","geometry":{"coordinates":[[75.738016,11.379773],[75.874593,11.171704]],"type":"LineString"},"properties":{"id":"nhai_geoserver-671680c827115984","title":"Kozhikode Bypass (Calicut Bypass) Vengalam Jn. to Ramanattukara Jn.","sector":"road","status":"under_construction","is_blocked":false}},{"type":"Feature","geometry":{"coordinates":[[77.031138,28.446143],[77.069686,28.478487]],"type":"LineString"},"properties":{"id":"nhai_geoserver-f4c2bcdda867c8e0","title":"Dwarka Expressway from Km -0.600 to Km 5.300 - Pkg-I (Shivmurti Chowk-RuB near Dwarka Sector 21)","sector":"road","status":"under_construction","is_blocked":false}},{"type":"Feature","geometry":{"coordinates":[[77.058615,28.546734],[77.033937,28.530309]],"type":"LineString"},"properties":{"id":"nhai_geoserver-4e98a02820257429","title":"8L of Dwarka Expressway Pkg-II (RuB near Dwarka Sector 21-DL/HR Border) from 5.300 Km.to 9.500 Km. of NH-248BB","sector":"road","status":"commissioned","is_blocked":false}},{"type":"Feature","geometry":{"coordinates":[[76.99925,28.62623],[77.032068,28.560198]],"type":"LineString"},"properties":{"id":"nhai_geoserver-068af4c3c8d7f406","title":"Dwarka Expressway Pkg-III (Delhi/HR Border to Start of RoB Gurugram)","sector":"road","status":"commissioned","is_blocked":false}},{"type":"Feature","geometry":{"coordinates":[[76.966566,28.460739],[76.997976,28.402894]],"type":"LineString"},"properties":{"id":"nhai_geoserver-772ad4db43b7c446","title":"Dwarka Expressway Pkg-IV (from Rail Over Bridge (ROB) to NH-8","sector":"road","status":"commissioned","is_blocked":false}},{"type":"Feature","geometry":{"coordinates":[[77.270366,28.579219],[77.311302,28.518047]],"type":"LineString"},"properties":{"id":"nhai_geoserver-6aba98d1d77158f7","title":"6L Access Controlled Highway from DND Maharani Bagh - Jn. with Jaitpur - Pushta Road of NH-148NA from km. 0.00 to km. 9.00 in NCR","sector":"road","status":"commissioned","is_blocked":false}},{"type":"Feature","geometry":{"coordinates":[[77.311302,28.518047],[77.342233,28.306325]],"type":"LineString"},"properties":{"id":"nhai_geoserver-c84ef7f9201582cf","title":"6L Access Controlled Highway from Jn. with Jaitpur - Pushta Road to Jn. with Sector 62/65 dividing road on Faridabad - Ballabhgarh Bypass of NH-148NA from km. 9.00 to km. 33.00 including Spur upto Badarpur Border","sector":"road","status":"commissioned","is_blocked":false}},{"type":"Feature","geometry":{"coordinates":[[77.342233,28.306325],[77.156469,28.163531]],"type":"LineString"},"properties":{"id":"nhai_geoserver-960e84140fa29efb","title":"6L Access Controlled Highway from Jn. with Sector 62/65 dividing road on Faridabad - Ballabhgarh Bypass to Jn. with KMP Expressway with NH-148NA from km. 33.00 to km. 59.063","sector":"road","status":"commissioned","is_blocked":false}},{"type":"Feature","geometry":{"coordinates":[[77.03409,28.442524],[77.05936,28.365522]],"type":"LineString"},"properties":{"id":"nhai_geoserver-e85f0e15491b29c5","title":"Gurgaon Sohna Pkg-I (Km.2.74 to Km.11.682)","sector":"road","status":"commissioned","is_blocked":false}},{"type":"Feature","geometry":{"coordinates":[[77.05943,28.36551],[77.06961,28.25154]],"type":"LineString"},"properties":{"id":"nhai_geoserver-1e4f06dff1cc29ab","title":"6L of Gurgaon Sohna Pkg-II from existing Km.11.682 to existing km.24.40","sector":"road","status":"commissioned","is_blocked":false}},{"type":"Feature","geometry":{"coordinates":[[74.902355,26.589369],[74.304551,26.070549]],"type":"LineString"},"properties":{"id":"nhai_geoserver-8ce26eb98f4a5d32","title":"Kishangarh-Ajmar- Beawar from km 364.125 - km 396.00 and km 0.00 to km 58.245","sector":"road","status":"under_construction","is_blocked":false}},{"type":"Feature","geometry":{"coordinates":[[73.784167,25.281389],[73.721111,24.6575]],"type":"LineString"},"properties":{"id":"nhai_geoserver-b821f02e308dfcf9","title":"Gomati Chauraha - Udaipur km 177.00 - km 260.100 of NH-8","sector":"road","status":"under_construction","is_blocked":false}},{"type":"Feature","geometry":{"coordinates":[[81.221939,16.778558],[81.713864,17.025185]],"type":"LineString"},"properties":{"id":"nhai_geoserver-2f9b0b7531be125f","title":"4L of Gundugolanu Devarapalli Kovvuru from km 15.320 to Km 85.204 of NH-16","sector":"road","status":"commissioned","is_blocked":false}},{"type":"Feature","geometry":{"coordinates":[[83.393597,17.900437],[83.026649,17.681178]],"type":"LineString"},"properties":{"id":"nhai_geoserver-7d1813715f671e88","title":"6L of Anandapuram Pendurthi Anakapalli Section from km. 681.000 to km. 731.780 of NH-16","sector":"road","status":"under_construction","is_blocked":false}},{"type":"Feature","geometry":{"coordinates":[[76.29987,29.325479],[76.733128,29.122187]],"type":"LineString"},"properties":{"id":"nhai_geoserver-ee739ae9d3b2e8b1","title":"Jind-Gohana road from Design Km.0 000 to Km. 50 505 of NH-352A under NH (O)","sector":"road","status":"commissioned","is_blocked":false}},{"type":"Feature","geometry":{"coordinates":[[76.649722,30.057222],[76.638056,29.85]],"type":"LineString"},"properties":{"id":"nhai_geoserver-a34899e6ac42832d","title":"Ismailabad - Narnaul (Pkg- 01) (Ch. 0+000 to Ch. 23+000) [Ismailabad to Junction with Karnal-Pehowa road (SH-9) near Dhand]","sector":"road","status":"commissioned","is_blocked":false}},{"type":"Feature","geometry":{"coordinates":[[76.638087,29.850067],[76.541412,29.567134]],"type":"LineString"},"properties":{"id":"nhai_geoserver-8423096805c28aeb","title":"Ismailabad - Narnaul (Pkg- 02) (Ch. 23+000 to 56+000) [Junction with Karnal-Pehowa road (SH-9) near Dhand village to Junction with Kaithal-Safidon (SH-11) road near Rajound]","sector":"road","status":"commissioned","is_blocked":false}},{"type":"Feature","geometry":{"coordinates":[[76.541389,29.567222],[76.479722,29.356667]],"type":"LineString"},"properties":{"id":"nhai_geoserver-c514ec798c6f010f","title":"Ismailabad - Narnaul (Pkg- 03) (Ch. 56+000 to 80+000) [Junction with Kaithal-Safidon road (SH-11) near Rajound to Junction with Jind-Safidon road (SH-14) near Kheri village]","sector":"road","status":"commissioned","is_blocked":false}},{"type":"Feature","geometry":{"coordinates":[[76.48018,29.357938],[76.437712,29.109982]],"type":"LineString"},"properties":{"id":"nhai_geoserver-9b78f2f724a6e750","title":"Ismailabad - Narnaul (Pkg- 04) (Ch. 80+000 to 108+000) [Junction with Jind-Safidon road (SH-14) near Kheri village to Junction with NH-352 (Jind-Gohana section) near Julana]","sector":"road","status":"commissioned","is_blocked":false}},{"type":"Feature","geometry":{"coordinates":[[76.437712,29.109982],[76.370965,28.91499]],"type":"LineString"},"properties":{"id":"nhai_geoserver-491b53c5be4e4653","title":"Ismailabad - Narnaul (Pkg- 05) (Ch. 108+000 to 131+000) [Junction with NH-352 (Jind-Gohana) near Julana to Junction with NH-9 (Rohtak-Jind section) near Kharkara]","sector":"road","status":"commissioned","is_blocked":false}},{"type":"Feature","geometry":{"coordinates":[[78.626736,21.145807],[78.185492,21.10551]],"type":"LineString"},"properties":{"id":"nhai_geoserver-3ed65cc6de4bd6a5","title":"Four Laning of Kondhali-Talegaon section from km 50.00 to 100.00","sector":"road","status":"commissioned","is_blocked":false}},{"type":"Feature","geometry":{"coordinates":[[76.305735,28.616949],[77.224838,28.312454]],"type":"LineString"},"properties":{"id":"nhai_geoserver-037495c9df542651","title":"Ismailabad - Narnaul (Pkg- 07) (Ch. 165+0 to 200+0) [Junction with NH-334B (Charkhi Dadri-Jhajjar section) near Charkhi Dadri to Junction with Rewari-Kanina road (SH-24) near Kanina]","sector":"road","status":"commissioned","is_blocked":false}},{"type":"Feature","geometry":{"coordinates":[[79.006575,22.121222],[79.196249,22.931506]],"type":"LineString"},"properties":{"id":"nhai_geoserver-d9fb0e5b7eee2eb2","title":"2L PS of Chhindwara-Narsinghpur from Km. 97.600 to 210.010 section of NH-547","sector":"road","status":"commissioned","is_blocked":false}},{"type":"Feature","geometry":{"coordinates":[[75.300948,19.876214],[75.433392,19.86314]],"type":"LineString"},"properties":{"id":"nhai_geoserver-bd237b72035126db","title":"4L of Saoner - Dhapewada - Kalmeshwar Gondkhiari (Pkg II) from km 4.700 to km 33.575","sector":"road","status":"commissioned","is_blocked":false}},{"type":"Feature","geometry":{"coordinates":[[78.210314,13.325975],[78.457403,13.124122]],"type":"LineString"},"properties":{"id":"nhai_geoserver-d502ed0419a88b09","title":"Hosur to Dhamrapuri (Pkg-1) [Neraluru - Thorapalli Agraharam]","sector":"road","status":"under_construction","is_blocked":false}},{"type":"Feature","geometry":{"coordinates":[[78.457403,13.124122],[78.091864,12.693456]],"type":"LineString"},"properties":{"id":"nhai_geoserver-6c4b4563e455b5f9","title":"Thorapalli - Agraharam - Jittandahalli Section from km 23.350 to km 60.100 [Hosur to Dhamrapuri Pkg-2]","sector":"road","status":"under_construction","is_blocked":false}},{"type":"Feature","geometry":{"coordinates":[[78.091864,12.693456],[78.225583,12.201639]],"type":"LineString"},"properties":{"id":"nhai_geoserver-aae75aeef501d09b","title":"Jittandahalli to Dharampuri Section of NH-844 from km 60.100 to km 94.460 [Hosur to Dhamrapuri Pkg-3]","sector":"road","status":"commissioned","is_blocked":false}},{"type":"Feature","geometry":{"coordinates":[[88.140386,26.517667],[87.838008,26.268608]],"type":"LineString"},"properties":{"id":"nhai_geoserver-64f080d452b36080","title":"4L of Galgalia - Bahadurganj section from Km 0.000 to Km 49.000 (Package-I) of NH327E","sector":"road","status":"commissioned","is_blocked":false}},{"type":"Feature","geometry":{"coordinates":[[87.837967,26.2685],[87.469025,26.116183]],"type":"LineString"},"properties":{"id":"nhai_geoserver-6edcfd356ff03aa6","title":"4L of Bahadurganj Araria section from Km 49.000 to Km 94.000 (Package-II) of NH-327E","sector":"road","status":"commissioned","is_blocked":false}},{"type":"Feature","geometry":{"coordinates":[[87.9204,26.075217],[87.824722,26.236661]],"type":"LineString"},"properties":{"id":"nhai_geoserver-e0d49b954f06dd59","title":"4L of Kishanganj - Bahadurganj section from Km. 0.000 to Km. 23.649 & interchange at Start Point (Length - 1.200 Km) of NH-27","sector":"road","status":"under_construction","is_blocked":false}},{"type":"Feature","geometry":{"coordinates":[[73.120686,19.34365],[72.97575,19.211208]],"type":"LineString"},"properties":{"id":"nhai_geoserver-19a31913edf9abd6","title":"Vadape to Thane from km 539.202 to km 563.000 section of NH-3 new NH-848","sector":"road","status":"under_construction","is_blocked":false}},{"type":"Feature","geometry":{"coordinates":[[75.913796,17.693221],[75.857655,18.415945]],"type":"LineString"},"properties":{"id":"nhai_geoserver-89b82519c2432e4a","title":"4L of Vadape - Gonde (km 539.500 to km 440.00) section of Old NH-3","sector":"road","status":"commissioned","is_blocked":false}},{"type":"Feature","geometry":{"coordinates":[[78.185511,21.10553],[77.715353,20.83665]],"type":"LineString"},"properties":{"id":"nhai_geoserver-d31af27c397daae9","title":"Talegaon - Amravati from km. 100.000 to km. 166.725","sector":"road","status":"commissioned","is_blocked":false}},{"type":"Feature","geometry":{"coordinates":[[75.794046,18.490852],[75.334549,19.850451]],"type":"LineString"},"properties":{"id":"nhai_geoserver-6e25f1f2763b87ac","title":"4L bypass to Mozari town (Taluka-Tiwasa) from km. 0.000 to km. 6.100 of NH-53","sector":"road","status":"commissioned","is_blocked":false}},{"type":"Feature","geometry":{"coordinates":[[76.318113,9.77315],[76.342129,9.448795]],"type":"LineString"},"properties":{"id":"nhai_geoserver-ead13602c7d1c6a1","title":"Thuravoor Thekku-Paravoor","sector":"road","status":"under_construction","is_blocked":false}},{"type":"Feature","geometry":{"coordinates":[[79.002069,21.152816],[78.626736,21.145807]],"type":"LineString"},"properties":{"id":"nhai_geoserver-03290b6a64b14d71","title":"4L of Nagpur - Kondhali Section from km 9.200 - km 50.000 of Old NH-6","sector":"road","status":"commissioned","is_blocked":false}},{"type":"Feature","geometry":{"coordinates":[[76.508587,18.234753],[76.875563,18.514766]],"type":"LineString"},"properties":{"id":"nhai_geoserver-b1307803c52be96e","title":"Nagpur-Wainganga bridge","sector":"road","status":"commissioned","is_blocked":false}},{"type":"Feature","geometry":{"coordinates":[[76.58234,20.69421],[76.54257,20.73871]],"type":"LineString"},"properties":{"id":"nhai_geoserver-75e7c233917d9b7b","title":"6L of Wainganga Bridge - Bhandara (including Bhandara Bypass) section from km 485.000 to km 499.800 of NH-53 (old NH-6)","sector":"road","status":"commissioned","is_blocked":false}},{"type":"Feature","geometry":{"coordinates":[[78.745278,20.437139],[78.677222,20.203806]],"type":"LineString"},"properties":{"id":"nhai_geoserver-f74bad5c5b0c2f16","title":"Wainganga Bridge - MH/CG Border","sector":"road","status":"commissioned","is_blocked":false}},{"type":"Feature","geometry":{"coordinates":[[81.205874,21.151064],[80.458452,21.096508]],"type":"LineString"},"properties":{"id":"nhai_geoserver-6415e79b7e8ba2b1","title":"End of Durg Bypass - MH/CG Border from km. 322.40 to km. 405.00","sector":"road","status":"commissioned","is_blocked":false}},{"type":"Feature","geometry":{"coordinates":[[81.322299,21.200911],[81.205858,21.151174]],"type":"LineString"},"properties":{"id":"nhai_geoserver-5071b6411acc94df","title":"Durg Bypass","sector":"road","status":"commissioned","is_blocked":false}},{"type":"Feature","geometry":{"coordinates":[[81.564982,21.114757],[81.57382,21.256163]],"type":"LineString"},"properties":{"id":"nhai_geoserver-f058a182a39e3946","title":"Raipur - Aurang from km. 239.00 to km. 281.00","sector":"road","status":"commissioned","is_blocked":false}},{"type":"Feature","geometry":{"coordinates":[[81.180465,21.138403],[81.585198,21.082641]],"type":"LineString"},"properties":{"id":"nhai_geoserver-e26b684cc69f7699","title":"Durg-Raipur Bypass Section (Package - 1) from km. 0.00 to km. 44.50 (near Tendesara to near Khatti Village)","sector":"road","status":"under_construction","is_blocked":false}},{"type":"Feature","geometry":{"coordinates":[[81.585198,21.082641],[82.012079,21.164567]],"type":"LineString"},"properties":{"id":"nhai_geoserver-62ea1c64fa23078c","title":"Durg-Raipur-Arang Package - 2 from km. 44.50 to km. 92.23 (near Khatti Village to near Aurang)","sector":"road","status":"under_construction","is_blocked":false}},{"type":"Feature","geometry":{"coordinates":[[83.26663,21.306381],[81.947488,21.197708]],"type":"LineString"},"properties":{"id":"nhai_geoserver-fb93f3eff179f8c3","title":"4L of Odisha/Chhattisgarh border-Aurang Section from Km.88.000 to Km. 239.000 of NH-6","sector":"road","status":"commissioned","is_blocked":false}},{"type":"Feature","geometry":{"coordinates":[[83.266404,21.306407],[83.988367,21.493864]],"type":"LineString"},"properties":{"id":"nhai_geoserver-3a5591c77f029566","title":"Strengthening under one time improvement of CG/OD Border - Baragarh - Sambalpur from km. 0.00 to km. 88.00","sector":"road","status":"commissioned","is_blocked":false}},{"type":"Feature","geometry":{"coordinates":[[84.599062,21.540359],[83.989439,21.493452]],"type":"LineString"},"properties":{"id":"nhai_geoserver-29ebf5fc63a1a8e3","title":"Four Laning of Teleibani - Sambalpur from Km.493.30 to Km.521.30 and Km.545.176 to Km.567.40","sector":"road","status":"commissioned","is_blocked":false}},{"type":"Feature","geometry":{"coordinates":[[87.368889,22.381389],[86.873717,22.304167]],"type":"LineString"},"properties":{"id":"nhai_geoserver-ac2fe469299a77da","title":"4L of Chichra - Kharagpur section from Km. 129.600 to Km. 185.150 including rehabilitation of existing 4 lane from km. 134.40 to Km.129.60 of Old NH-6","sector":"road","status":"commissioned","is_blocked":false}},{"type":"Feature","geometry":{"coordinates":[[85.909639,21.850778],[85.256389,21.449639]],"type":"LineString"},"properties":{"id":"nhai_geoserver-c92b7d3b675701c5","title":"Singhara - Binjhabahal from km. 310.806 to km. 414.982","sector":"road","status":"commissioned","is_blocked":false}},{"type":"Feature","geometry":{"coordinates":[[86.724706,22.277095],[85.909034,21.850503]],"type":"LineString"},"properties":{"id":"nhai_geoserver-8d63a4a1123e251b","title":"Baharagora (199.606 Km) to Singhara (310.806 Km) of NH-6","sector":"road","status":"commissioned","is_blocked":false}},{"type":"Feature","geometry":{"coordinates":[[74.093706,14.909019],[74.696325,13.628472]],"type":"LineString"},"properties":{"id":"nhai_geoserver-a311a85362939f24","title":"Goa / Karnataka (Km.93.700) to Kundapur (Km.283.30)","sector":"road","status":"under_construction","is_blocked":false}},{"type":"Feature","geometry":{"coordinates":[[74.696106,13.628261],[74.792858,13.013881]],"type":"LineString"},"properties":{"id":"nhai_geoserver-56e7f2a67a0ca047","title":"Kundapur (Km.283.300) to Surathkal (Km358.686) and Nantoor (Km.1.900) to Talapady (Km.17.200)","sector":"road","status":"commissioned","is_blocked":false}},{"type":"Feature","geometry":{"coordinates":[[74.824472,12.930353],[74.82857,12.924728]],"type":"LineString"},"properties":{"id":"nhai_geoserver-3f652c9da682e9c5","title":"6L Bridge on Palguni River near Kulur at Km. 368.849 (From km 368.356 to km 369.132) of NH-66","sector":"road","status":"under_construction","is_blocked":false}},{"type":"Feature","geometry":{"coordinates":[[74.874056,12.754594],[75.047329,12.50993]],"type":"LineString"},"properties":{"id":"nhai_geoserver-9be71e553b7b657c","title":"Six Laning of KT/KL Border (Thalapaddy) -Chengala from Km. 17.200 to Km. 57.20","sector":"road","status":"under_construction","is_blocked":false}},{"type":"Feature","geometry":{"coordinates":[[75.0472,12.5099],[75.1424,12.2436]],"type":"LineString"},"properties":{"id":"nhai_geoserver-04602a180aa995f9","title":"6L of Chengala - Neeleshwaram from km. 56.200 to km. 93.468","sector":"road","status":"under_construction","is_blocked":false}},{"type":"Feature","geometry":{"coordinates":[[75.1489,12.24128],[75.3693,12.006]],"type":"LineString"},"properties":{"id":"nhai_geoserver-95a48065a91624ef","title":"6L of Perole (Nileshwar town) to Taliparamba from Km 94.248 to Km 134.650 of NH-66","sector":"road","status":"under_construction","is_blocked":false}},{"type":"Feature","geometry":{"coordinates":[[76.342141,9.448717],[76.489118,9.186129]],"type":"LineString"},"properties":{"id":"nhai_geoserver-94a2b509e598124a","title":"Paravoor-Kottankulangara","sector":"road","status":"under_construction","is_blocked":false}},{"type":"Feature","geometry":{"coordinates":[[75.3693,12.006],[75.4537,11.7929]],"type":"LineString"},"properties":{"id":"nhai_geoserver-9be50f49da0ca592","title":"6L of Taliparamba to Muzhappilangad from Km 134.650 to Km 170.6 of NH-66","sector":"road","status":"under_construction","is_blocked":false}},{"type":"Feature","geometry":{"coordinates":[[75.453781,11.792968],[75.548532,11.681235]],"type":"LineString"},"properties":{"id":"nhai_geoserver-d8ef358745529124","title":"Thalassery Mahe Bypass (Km 170.600 to Km 189.200) of NH-17(New NH-66) in Kerala","sector":"road","status":"under_construction","is_blocked":false}},{"type":"Feature","geometry":{"coordinates":[[75.548532,11.681235],[75.738227,11.379238]],"type":"LineString"},"properties":{"id":"nhai_geoserver-d17366771451d82e","title":"6L of Azhiyur-Vengalam from km. 189.200 to km. 230.400 of NH-66","sector":"road","status":"under_construction","is_blocked":false}},{"type":"Feature","geometry":{"coordinates":[[75.874567,11.171735],[76.03504,10.921923]],"type":"LineString"},"properties":{"id":"nhai_geoserver-8be996f13965848b","title":"6L of Ramanatukkara Junction to start of Valanchery bypass section of NH-66","sector":"road","status":"under_construction","is_blocked":false}},{"type":"Feature","geometry":{"coordinates":[[76.035032,10.921884],[75.963247,10.690569]],"type":"LineString"},"properties":{"id":"nhai_geoserver-e7a79cdf23654ba4","title":"6L of Valanchery bypass to Kappirikkad of NH – 66 from km. 298+500 to km 335+850","sector":"road","status":"under_construction","is_blocked":false}},{"type":"Feature","geometry":{"coordinates":[[76.488888,9.186111],[76.550555,8.928333]],"type":"LineString"},"properties":{"id":"nhai_geoserver-426f5ad84af61f85","title":"Kottankulangara- Start of Kollam Bypass","sector":"road","status":"under_construction","is_blocked":false}},{"type":"Feature","geometry":{"coordinates":[[76.550556,8.928333],[76.768889,8.798611]],"type":"LineString"},"properties":{"id":"nhai_geoserver-dc9070e9ccfe03d4","title":"Start of Kollam Bypass - Kadambattukonam","sector":"road","status":"under_construction","is_blocked":false}},{"type":"Feature","geometry":{"coordinates":[[76.769077,8.798708],[76.869727,8.573314]],"type":"LineString"},"properties":{"id":"nhai_geoserver-b5b941157aaac4b2","title":"Kadambattukonam-Kazhakuttom","sector":"road","status":"under_construction","is_blocked":false}},{"type":"Feature","geometry":{"coordinates":[[76.877335,8.550654],[77.013233,8.378994]],"type":"LineString"},"properties":{"id":"nhai_geoserver-3c0084ae16318fb6","title":"Kazhakkoottam to Mukkola Section from Km 0.000 to Km 26.500","sector":"road","status":"commissioned","is_blocked":false}},{"type":"Feature","geometry":{"coordinates":[[76.8695,8.57385],[76.8769,8.55124]],"type":"LineString"},"properties":{"id":"nhai_geoserver-0a8d4268873c149d","title":"4L of Kazhakuttam Junction - Technopark Junction from km. 547.080 to km. 549.801","sector":"road","status":"commissioned","is_blocked":false}},{"type":"Feature","geometry":{"coordinates":[[77.013777,8.379611],[77.144444,8.329083]],"type":"LineString"},"properties":{"id":"nhai_geoserver-b827fdd99d068c15","title":"Mukkola Junction to Kerala/ Tamil Nadu Border from Km 26.5 to Km 43.00 of NH 66 ( old NH 47)","sector":"road","status":"commissioned","is_blocked":false}},{"type":"Feature","geometry":{"coordinates":[[74.445756,14.443797],[74.407444,14.394236]],"type":"LineString"},"properties":{"id":"nhai_geoserver-76831e3e8c805da4","title":"Kumta Bypass","sector":"road","status":"tendered","is_blocked":false}},{"type":"Feature","geometry":{"coordinates":[[74.345849,29.553589],[74.102234,29.361438]],"type":"LineString"},"properties":{"id":"nhai_geoserver-07500161786bfee5","title":"Sangariya (near Chautala)-Rasisar (near Bikaner) (Phase-I) (AJ/SR-Package-2)","sector":"road","status":"commissioned","is_blocked":false}},{"type":"Feature","geometry":{"coordinates":[[73.358062,27.747525],[73.213692,27.529048]],"type":"LineString"},"properties":{"id":"nhai_geoserver-3b9fe818589a9b78","title":"Rasisar (near Bikaner)-Deogarh (near Dhandhaniya) (Phase-I) (AJ/RD-Package-1)","sector":"road","status":"commissioned","is_blocked":false}},{"type":"Feature","geometry":{"coordinates":[[74.752133,29.967569],[74.501949,29.77603]],"type":"LineString"},"properties":{"id":"nhai_geoserver-46171a6bda1bfdb8","title":"6L Mandi Dabwali (Punjab/Haryana border) Sangaria road section from proposed Mandi Dabwali Bypass to Chautala from km. 27.400 to km. 62.200 of NH - 54","sector":"road","status":"commissioned","is_blocked":false}},{"type":"Feature","geometry":{"coordinates":[[74.501717,29.775809],[74.345849,29.553589]],"type":"LineString"},"properties":{"id":"nhai_geoserver-ecd5d77783ab07d6","title":"Sangariya (near Chautala)-Rasisar (near Bikaner) (Phase-I) (AJ/SR-Package-1) From Ch. (-) 00.300 to Ch.28.700","sector":"road","status":"commissioned","is_blocked":false}},{"type":"Feature","geometry":{"coordinates":[[74.102234,29.361438],[74.102234,29.069621]],"type":"LineString"},"properties":{"id":"nhai_geoserver-9b62afcbf39d0d71","title":"Sangariya (near Chautala)-Rasisar (near Bikaner) (Phase-I) (AJ/SR-Package-3)","sector":"road","status":"commissioned","is_blocked":false}},{"type":"Feature","geometry":{"coordinates":[[74.102234,29.06962],[74.007208,28.840966]],"type":"LineString"},"properties":{"id":"nhai_geoserver-8b9f31c31ec4e0ab","title":"Sangariya (near Chautala)-Rasisar (near Bikaner) (AJ/SR-Package-4)","sector":"road","status":"commissioned","is_blocked":false}},{"type":"Feature","geometry":{"coordinates":[[74.007,28.841],[73.907,28.633]],"type":"LineString"},"properties":{"id":"nhai_geoserver-edb5509f7c685a50","title":"Sangariya (near Chautala)-Rasisar (near Bikaner) (Phase-I) (AJ/SR-Package-5)","sector":"road","status":"commissioned","is_blocked":false}},{"type":"Feature","geometry":{"coordinates":[[73.907,28.633],[73.76277,28.39541]],"type":"LineString"},"properties":{"id":"nhai_geoserver-7ad24393528ff303","title":"Sangariya (near Chautala)-Rasisar (near Bikaner) (Phase-I) (AJ/SR-Package-6)","sector":"road","status":"commissioned","is_blocked":false}},{"type":"Feature","geometry":{"coordinates":[[73.762725,28.395333],[73.613591,28.160344]],"type":"LineString"},"properties":{"id":"nhai_geoserver-158782358485b218","title":"Sangariya (near Chautala)-Rasisar (near Bikaner) section of NH-754K (Phase-I) (AJ/SR-Package-7)","sector":"road","status":"under_construction","is_blocked":false}},{"type":"Feature","geometry":{"coordinates":[[73.613591,28.160344],[73.502708,27.957815]],"type":"LineString"},"properties":{"id":"nhai_geoserver-21f873df892a19ee","title":"Sangariya (near Chautala)-Rasisar (near Bikaner) (Phase-I) (AJ/SR-Package-8)","sector":"road","status":"commissioned","is_blocked":false}},{"type":"Feature","geometry":{"coordinates":[[73.502708,27.957815],[73.357698,27.74743]],"type":"LineString"},"properties":{"id":"nhai_geoserver-3aa74290e31cec47","title":"Sangariya (near Chautala)-Rasisar (near Bikaner) (AJ/SR-Package-9)","sector":"road","status":"commissioned","is_blocked":false}},{"type":"Feature","geometry":{"coordinates":[[73.213692,27.529048],[73.075997,27.286036]],"type":"LineString"},"properties":{"id":"nhai_geoserver-c1731db499b9051e","title":"Rasisar (near Bikaner)-Deogarh (near Dhandhaniya) (Phase-I) (AJ/RD-Package-2)","sector":"road","status":"commissioned","is_blocked":false}},{"type":"Feature","geometry":{"coordinates":[[73.075997,27.286036],[72.947329,27.042817]],"type":"LineString"},"properties":{"id":"nhai_geoserver-154320eeb300bbbc","title":"Rasisar (near Bikaner)-Deogarh (near Dhandhaniya) (Phase-I) (AJ/RD-Package-3)","sector":"road","status":"commissioned","is_blocked":false}},{"type":"Feature","geometry":{"coordinates":[[72.946508,27.042749],[72.825958,26.795641]],"type":"LineString"},"properties":{"id":"nhai_geoserver-71e421dc38e2599d","title":"Rasisar (near Bikaner)-Deogarh (near Dhandhaniya) (Phase-I) (AJ/RD-Package-4)","sector":"road","status":"commissioned","is_blocked":false}},{"type":"Feature","geometry":{"coordinates":[[72.823358,26.795518],[72.714333,26.563512]],"type":"LineString"},"properties":{"id":"nhai_geoserver-a0fe680b7c8a5fdc","title":"Rasisar (near Bikaner)-Deogarh (near Dhandhaniya) (Phase-I) (AJ/RD-Package-5)","sector":"road","status":"commissioned","is_blocked":false}},{"type":"Feature","geometry":{"coordinates":[[72.714333,26.563512],[72.597351,26.322455]],"type":"LineString"},"properties":{"id":"nhai_geoserver-a3ffa2ba1101fa32","title":"Rasisar (near Bikaner)-Deogarh (near Dhandhaniya) (Phase-I) (AJ/RD-Package-6)","sector":"road","status":"commissioned","is_blocked":false}},{"type":"Feature","geometry":{"coordinates":[[72.351249,26.191253],[72.282914,26.9245]],"type":"LineString"},"properties":{"id":"nhai_geoserver-37585f104c140830","title":"Deogarh (near Dhandhaniya)-Rajasthan/Gujarat Border (Phase-I) (AJ/DRGB-Package-1)","sector":"road","status":"commissioned","is_blocked":false}},{"type":"Feature","geometry":{"coordinates":[[72.39488,25.93624],[72.29488,25.74446]],"type":"LineString"},"properties":{"id":"nhai_geoserver-7e018b4b00c8f6b8","title":"Deogarh (near Dhandhaniya)-Rajasthan/Gujarat Border (Phase-I) (AJ/DRGB-Package-3)","sector":"road","status":"commissioned","is_blocked":false}},{"type":"Feature","geometry":{"coordinates":[[72.294861,25.744447],[72.188086,25.545758]],"type":"LineString"},"properties":{"id":"nhai_geoserver-6029da65b265a3a6","title":"Deogarh (near Dhandhaniya)-Rajasthan/Gujarat Border (Phase-I) (AJ/DRGB-Package-4)","sector":"road","status":"commissioned","is_blocked":false}},{"type":"Feature","geometry":{"coordinates":[[72.188237,25.540298],[72.074418,25.315259]],"type":"LineString"},"properties":{"id":"nhai_geoserver-c26c5d84f65100dd","title":"Deogarh (near Dhandhaniya)-Rajasthan/Gujarat Border (Phase-I) (AJ/DRGB-Package-5)","sector":"road","status":"commissioned","is_blocked":false}},{"type":"Feature","geometry":{"coordinates":[[72.074825,25.31685],[71.972592,25.114186]],"type":"LineString"},"properties":{"id":"nhai_geoserver-5fcdd8bf865a0c9f","title":"Deogarh (near Dhandhaniya)-Rajasthan/Gujarat Border (Phase-I) (AJ/DRGB-Package-6)","sector":"road","status":"under_construction","is_blocked":false}},{"type":"Feature","geometry":{"coordinates":[[71.972592,25.114186],[71.851039,24.871592]],"type":"LineString"},"properties":{"id":"nhai_geoserver-c6f03273b200bdf0","title":"Deogarh (near Dhandhaniya)-Rajasthan/Gujarat Border (Phase-I) (AJ/DRGB-Package-7)","sector":"road","status":"under_construction","is_blocked":false}},{"type":"Feature","geometry":{"coordinates":[[71.078975,24.652644],[71.010694,24.411111]],"type":"LineString"},"properties":{"id":"nhai_geoserver-d0a8e43e72a7ff56","title":"Sanchore - Santalpur from km 4.888 - km 35.000 of NH-754K (AJ-RGBS-Package-1)","sector":"road","status":"commissioned","is_blocked":false}},{"type":"Feature","geometry":{"coordinates":[[71.052361,24.034556],[71.050097,24.016708]],"type":"LineString"},"properties":{"id":"nhai_geoserver-930bca15ada88996","title":"Sanchore - Santalpur from km 35.000 - km 67.000 of NH-754K (AJ-RGBS-Package-2)","sector":"road","status":"commissioned","is_blocked":false}},{"type":"Feature","geometry":{"coordinates":[[71.508611,24.170556],[71.358611,23.926111]],"type":"LineString"},"properties":{"id":"nhai_geoserver-28f49bb241e8d7a5","title":"Sanchore - Santalpur from km 67.000 - km 99.000 of NH-754K (AJ-RGBS-Package-3)","sector":"road","status":"commissioned","is_blocked":false}},{"type":"Feature","geometry":{"coordinates":[[71.358611,23.926111],[71.138333,23.743056]],"type":"LineString"},"properties":{"id":"nhai_geoserver-4c4cc8edae42514c","title":"Sanchore - Santalpur from km 99.000 - km 130.073 of NH-754K (AJ-RGBS-Package-4)","sector":"road","status":"under_construction","is_blocked":false}},{"type":"Feature","geometry":{"coordinates":[[70.396483,22.607281],[70.674731,22.931616]],"type":"LineString"},"properties":{"id":"nhai_geoserver-b5dce7c86cf05bc1","title":"4L of Dhrol-Bhadra-Patiya section from 0.000 to km 13.600 and Bhadra Patiya - Pipaliya section from 73.00 to km 24.00 of NH-151A","sector":"road","status":"commissioned","is_blocked":false}},{"type":"Feature","geometry":{"coordinates":[[77.209,28.6139],[74.8723,31.634]],"type":"LineString"},"properties":{"id":"nhai_geoserver-e3a3e7fbb360c331","title":"6L Access controlled Amritsar-Bhatinda Greenfield highway starting from Delhi-Amritsar Expressway near Sultanpur Lodhi (village Tiba) and terminate at Bhatinda (near Sangat-Kalan)","sector":"road","status":"tendered","is_blocked":false}},{"type":"Feature","geometry":{"coordinates":[[75.206944,31.303566],[75.246544,30.953648]],"type":"LineString"},"properties":{"id":"nhai_geoserver-7cfa87aa2b882407","title":"6L Amritsar-Bathinda Greenfield section from village Tiba on NE-5A to Jn. with Moga Jalandhar road (NH-703) near Dharamkot from km 0.000 to km 39.000 of NH-754A (Pkg-1)","sector":"road","status":"under_construction","is_blocked":false}},{"type":"Feature","geometry":{"coordinates":[[75.144591,30.571286],[75.113176,30.28223]],"type":"LineString"},"properties":{"id":"nhai_geoserver-eef61ab04f26b4ce","title":"6L Amritsar-Bathinda Greenfield section  from Jn. with Moga Jalandhar road (NH-703) near Dharamkot to Jn. with Bhagta Bhai Ka-Bhadaur Road near Dyalpura Bhai Ka from km 39.000 to km 93.000 of NH-754A (Pkg-2)","sector":"road","status":"under_construction","is_blocked":false}},{"type":"Feature","geometry":{"coordinates":[[78.109919,26.329292],[78.213481,26.127225]],"type":"LineString"},"properties":{"id":"nhai_geoserver-2c1084a1bff7707d","title":"Gwalior bypass","sector":"road","status":"commissioned","is_blocked":false}},{"type":"Feature","geometry":{"coordinates":[[78.215065,26.123609],[77.630593,25.355452]],"type":"LineString"},"properties":{"id":"nhai_geoserver-2a5728085eae36a3","title":"O&M of 4L of Gwalior-Shivpuri Section from Km. 15.600 of NH-75 (End of Gwalior Bypass) to Km. 236.000 of NH-46","sector":"road","status":"commissioned","is_blocked":false}},{"type":"Feature","geometry":{"coordinates":[[77.43011,25.30455],[77.4028,25.28341]],"type":"LineString"},"properties":{"id":"nhai_geoserver-8b963b9276711e28","title":"Shivpuri to Guna Package -1","sector":"road","status":"commissioned","is_blocked":false}},{"type":"Feature","geometry":{"coordinates":[[81.226882,24.509091],[80.708994,24.191523]],"type":"LineString"},"properties":{"id":"nhai_geoserver-d0c340d66e439888","title":"4L of Guna Bypass section from Km. 210.740  to Km 223.130 ( Stage-II ) of NH - 46","sector":"road","status":"commissioned","is_blocked":false}},{"type":"Feature","geometry":{"coordinates":[[80.049129,23.088884],[79.910561,23.088086]],"type":"LineString"},"properties":{"id":"nhai_geoserver-4a4a1846c414041d","title":"Four Laning of Guna-Biaora section of NH-3 from Km 332.100 to Km 426.100 in the state of Madhya Pradesh under NHDP Phase-IV on BOT (Toll) mode on DBFOT basis","sector":"road","status":"commissioned","is_blocked":false}},{"type":"Feature","geometry":{"coordinates":[[75.21344,23.54966],[75.12463,23.432078]],"type":"LineString"},"properties":{"id":"nhai_geoserver-9345c6a5f076c8ac","title":"Four laning of Biaora to Dewas Section from Km 426+100 to Km 566+450 of NH-3","sector":"road","status":"commissioned","is_blocked":false}},{"type":"Feature","geometry":{"coordinates":[[75.101181,18.076939],[75.931174,17.684327]],"type":"LineString"},"properties":{"id":"nhai_geoserver-3a96e65d6cb2c860","title":"4L of Pune Solapur Section from km. 144.40 to km.249.00 of Old NH 9 (Pkg-II)","sector":"road","status":"commissioned","is_blocked":false}},{"type":"Feature","geometry":{"coordinates":[[75.782724,23.472195],[75.735865,23.899073]],"type":"LineString"},"properties":{"id":"nhai_geoserver-8a957e7650ff8659","title":"4L of Indore-Khalghat section from km 12.600 to km 84.700 of Old NH-3","sector":"road","status":"commissioned","is_blocked":false}},{"type":"Feature","geometry":{"coordinates":[[75.805518,23.107863],[75.218136,23.02948]],"type":"LineString"},"properties":{"id":"nhai_geoserver-137ee0c47476d788","title":"Four Laning of Khalghat-MP/MH Border from km 84.700 to km 167.500","sector":"road","status":"commissioned","is_blocked":false}},{"type":"Feature","geometry":{"coordinates":[[76.960607,20.316123],[77.141227,20.007708]],"type":"LineString"},"properties":{"id":"nhai_geoserver-de7e86239021534c","title":"Four Laning of MP/MH Border-Dhule from km. 168.50 to km. 265.00","sector":"road","status":"commissioned","is_blocked":false}},{"type":"Feature","geometry":{"coordinates":[[73.925624,15.376069],[73.819666,15.385808]],"type":"LineString"},"properties":{"id":"nhai_geoserver-4991536f534b9e23","title":"Operation and Maintenance of 6L Pimpalgaon-Nashik-Gonde (Km 380.00 to Km 440.00) Section of NH-3","sector":"road","status":"commissioned","is_blocked":false}},{"type":"Feature","geometry":{"coordinates":[[75.888285,22.638112],[75.976309,22.376013]],"type":"LineString"},"properties":{"id":"nhai_geoserver-a5e523b240aa9eb8","title":"Indore - Edlabad (Pkg-II) [Tejajinagar to Balwara]","sector":"road","status":"under_construction","is_blocked":false}},{"type":"Feature","geometry":{"coordinates":[[76.742538,21.917409],[76.430311,21.832801]],"type":"LineString"},"properties":{"id":"nhai_geoserver-10d438c52c5cc7af","title":"Dhangaon - Borgaon section (km 81.000 to km 139.000) [Indore - Edlabad Pkg IV]","sector":"road","status":"under_construction","is_blocked":false}},{"type":"Feature","geometry":{"coordinates":[[79.087988,21.18291],[77.887148,21.883855]],"type":"LineString"},"properties":{"id":"nhai_geoserver-a06bfda033799a75","title":"4L of Akola - Medshi from km. 0.00 to km. 47.70 of NH-161 including bypasses at Patur and Medshi","sector":"road","status":"commissioned","is_blocked":false}},{"type":"Feature","geometry":{"coordinates":[[79.42543,21.689937],[78.9596,20.839279]],"type":"LineString"},"properties":{"id":"nhai_geoserver-1509d7a8c0b94dfa","title":"Washim(km 92.200) to Pangare(134.500) of NH-161 in Maharashtra","sector":"road","status":"commissioned","is_blocked":false}},{"type":"Feature","geometry":{"coordinates":[[78.18549,21.10551],[77.71469,20.83586]],"type":"LineString"},"properties":{"id":"nhai_geoserver-0729d28a7ce342e0","title":"4L of Pangare to Waranga Phata Section (Package- IV) from km 134.500 to km 174.645 (Design Chainage) of NH-161 including Bypasses at Kalamanuri and Akhada Balapur","sector":"road","status":"commissioned","is_blocked":false}},{"type":"Feature","geometry":{"coordinates":[[77.85779,18.230187],[77.593183,18.533217]],"type":"LineString"},"properties":{"id":"nhai_geoserver-52faed4b7356b8af","title":"Mangloor to Telangana Maharashtra Border","sector":"road","status":"commissioned","is_blocked":false}},{"type":"Feature","geometry":{"coordinates":[[78.001476,17.891263],[77.85779,18.230187]],"type":"LineString"},"properties":{"id":"nhai_geoserver-0e37f9641444906c","title":"Sangareddy - Nanded (Pkg. II) Ramsanpalle to Mangloor","sector":"road","status":"commissioned","is_blocked":false}},{"type":"Feature","geometry":{"coordinates":[[78.128292,17.578267],[78.001476,17.891263]],"type":"LineString"},"properties":{"id":"nhai_geoserver-f73a562cfb861eef","title":"Sangareddy - Nanded - Akola (Pkg-I) [From Kandi to Ramsanpalle]","sector":"road","status":"commissioned","is_blocked":false}},{"type":"Feature","geometry":{"coordinates":[[70.519589,23.306769],[70.13937,23.037225]],"type":"LineString"},"properties":{"id":"nhai_geoserver-3ab8a521730a5fb6","title":"Samakhiyali to Gandhidham section km 306.0 to km 362.160 of NH-8A","sector":"road","status":"commissioned","is_blocked":false}},{"type":"Feature","geometry":{"coordinates":[[79.665,21.175],[79.088,21.145]],"type":"LineString"},"properties":{"id":"nhai_geoserver-a86fd9de4f8d09b5","title":"Loha-Waranga Section of NH-361 from km 187.800 to km 244.369","sector":"road","status":"under_construction","is_blocked":false}},{"type":"Feature","geometry":{"coordinates":[[72.678268,23.026026],[73.626874,22.816739]],"type":"LineString"},"properties":{"id":"nhai_geoserver-f9aa663a8dfce207","title":"Repair and Maintenance of Ahmedabad-Godhra section from Km. 04.200 to Km. 122.420 with overlay work at several locations of NH-47","sector":"road","status":"commissioned","is_blocked":false}},{"type":"Feature","geometry":{"coordinates":[[73.67265,22.78752],[74.435506,22.783014]],"type":"LineString"},"properties":{"id":"nhai_geoserver-67b5b6f18b678765","title":"4L of Godhra to Gujarat/M.P. Border Section from Km. 129.000 to Km. 215.900 of NH-47 (Old NH-59)","sector":"road","status":"commissioned","is_blocked":false}},{"type":"Feature","geometry":{"coordinates":[[74.432007,23.102348],[74.33924,23.41716]],"type":"LineString"},"properties":{"id":"nhai_geoserver-7f88963fde224a62","title":"Indore - Gujarat / MP Border from km. Km 9.500 to Km 171.000 of NH-59 in MP","sector":"road","status":"commissioned","is_blocked":false}},{"type":"Feature","geometry":{"coordinates":[[74.23711,18.482736],[75.100846,18.077128]],"type":"LineString"},"properties":{"id":"nhai_geoserver-c6fbc1d87576a8f5","title":"4L of Pune - Solapur Section from km. 40.00 to km. 144.40 of NH 65 (Pkg-1)","sector":"road","status":"commissioned","is_blocked":false}},{"type":"Feature","geometry":{"coordinates":[[74.658956,17.94439],[74.215352,18.03359]],"type":"LineString"},"properties":{"id":"nhai_geoserver-50068440b7a8ab53","title":"Dharampuri-Lonand from km. 117.00 to 166.40 (Pkg-IV) on Mohol-Alandi Section","sector":"road","status":"under_construction","is_blocked":false}},{"type":"Feature","geometry":{"coordinates":[[74.985987,17.815676],[74.659297,17.944183]],"type":"LineString"},"properties":{"id":"nhai_geoserver-ed4c5c9906b9fe2c","title":"Khudus - Dharampuri km 77.8 to km 117.0 Pkg III of Mohol Alangi","sector":"road","status":"commissioned","is_blocked":false}},{"type":"Feature","geometry":{"coordinates":[[75.25942,17.695246],[74.985988,17.815676]],"type":"LineString"},"properties":{"id":"nhai_geoserver-c891920b8cbcc776","title":"Wakhari - Khudus km 44.7 to km 77.8 Pkg II of Mohol Alangi","sector":"road","status":"commissioned","is_blocked":false}},{"type":"Feature","geometry":{"coordinates":[[75.638165,17.809161],[75.25942,17.695246]],"type":"LineString"},"properties":{"id":"nhai_geoserver-21062a8fba9e3d5d","title":"Mohol - Wakhari km 0.0 to km 44.77 Pkg. I of Mohol Alangi","sector":"road","status":"commissioned","is_blocked":false}},{"type":"Feature","geometry":{"coordinates":[[79.131159,21.113979],[79.331161,20.8413]],"type":"LineString"},"properties":{"id":"nhai_geoserver-ccd0b95224697703","title":"4 laning of Waranga - Mahagaon from km 253.700 - km 320.580","sector":"road","status":"commissioned","is_blocked":false}},{"type":"Feature","geometry":{"coordinates":[[77.210854,16.41597],[77.500304,16.203157]],"type":"LineString"},"properties":{"id":"nhai_geoserver-e8b0bb10393a5e83","title":"MH/KNT Border to Sangareddy Section from km. 433.00 to km. 515.00 of NH-65","sector":"road","status":"commissioned","is_blocked":false}},{"type":"Feature","geometry":{"coordinates":[[78.778115,17.284454],[80.269683,16.794186]],"type":"LineString"},"properties":{"id":"nhai_geoserver-7c3409811ad6be76","title":"Hyderabad-Vijayawada","sector":"road","status":"unknown","is_blocked":false}},{"type":"Feature","geometry":{"coordinates":[[78.4867,17.385],[80.648,16.5062]],"type":"LineString"},"properties":{"id":"nhai_geoserver-2c4cfb3e01a49402","title":"Short term Improvement and Routine Maintenance of 4/6 laning of Hyderabad - Vijayawada section of NH-65 from Km.100.000 to 160.000 in the State of Telangana.","sector":"road","status":"commissioned","is_blocked":false}},{"type":"Feature","geometry":{"coordinates":[[78.4867,17.385],[80.648,16.5062]],"type":"LineString"},"properties":{"id":"nhai_geoserver-7ed166edd07ba045","title":"Short term Improvement and Routine Maintenance of 4/6 laning of Hyderabad - Vijayawada section of NH-65 from Km.40.000 to 100.000 in the State of Telangana.","sector":"road","status":"commissioned","is_blocked":false}},{"type":"Feature","geometry":{"coordinates":[[78.4867,17.385],[80.648,16.5062]],"type":"LineString"},"properties":{"id":"nhai_geoserver-5dbbe82c53576eed","title":"Short term Improvement and Routine Maintenance of 4/6 laning of Hyderabad - Vijayawada section of NH-65 from Km.160.000 to 221.500 in the State of Telangana & Andhra Pradesh.","sector":"road","status":"commissioned","is_blocked":false}},{"type":"Feature","geometry":{"coordinates":[[84.05882,18.429201],[83.680184,18.18543]],"type":"LineString"},"properties":{"id":"nhai_geoserver-063cf2e95ed7c557","title":"4L of Nandigama - Vijayawada","sector":"road","status":"commissioned","is_blocked":false}},{"type":"Feature","geometry":{"coordinates":[[78.52107,13.580881],[78.99409,13.655084]],"type":"LineString"},"properties":{"id":"nhai_geoserver-fea80c966f8b2ab7","title":"Nandigama Bypass and Kanchikacherla bypass","sector":"road","status":"under_construction","is_blocked":false}},{"type":"Feature","geometry":{"coordinates":[[72.627197,21.103091],[73.730093,21.162829]],"type":"LineString"},"properties":{"id":"nhai_geoserver-c7a6baa65a77d68e","title":"Gujarat / Maharashtra Border - Surat - Hazira Port","sector":"road","status":"commissioned","is_blocked":false}},{"type":"Feature","geometry":{"coordinates":[[79.994987,14.506931],[79.943593,14.394489]],"type":"LineString"},"properties":{"id":"nhai_geoserver-fdcf664a9c171e49","title":"6L of Pondavakkam to Kannigaipair from km 96.040 to km 116.100 of NH 716B (Pkg-IV)","sector":"road","status":"under_construction","is_blocked":false}},{"type":"Feature","geometry":{"coordinates":[[76.230505,17.506861],[75.922453,17.673396]],"type":"LineString"},"properties":{"id":"nhai_geoserver-638338beb29b2654","title":"Four Laning of Akkalkot to Solapur (including Akkalkot Bypass of Length 7.35 km.) from km. 99.400 to km. 138.352 of NH-150 E","sector":"road","status":"commissioned","is_blocked":false}},{"type":"Feature","geometry":{"coordinates":[[75.734837,16.802334],[76.07523,16.029418]],"type":"LineString"},"properties":{"id":"nhai_geoserver-aea3de916588cd6d","title":"6L of MH/KN Border (Nimbal Village) to KN/TS Border (Singnodi Village) from Km. 26.000 to Km. 97.000 in Gulbarga of NH-150C (Pkg-II)","sector":"road","status":"under_construction","is_blocked":false}},{"type":"Feature","geometry":{"coordinates":[[77.095356,12.621525],[76.660994,12.350536]],"type":"LineString"},"properties":{"id":"nhai_geoserver-03e41ecdf27cb93a","title":"6L of MH/KN Border (Nimbal Village) to KN/TS Border (Singnodi Village) from Km. 97.000 to Km. 162.500 in Yadgir of NH-150C (Pkg-III)","sector":"road","status":"under_construction","is_blocked":false}},{"type":"Feature","geometry":{"coordinates":[[75.628195,13.121871],[75.793762,13.320756]],"type":"LineString"},"properties":{"id":"nhai_geoserver-7c71069c181f898f","title":"6L of MH/KN Border (Nimbal Village) to KN/TS Border (Singnodi Village) from Km. 162.5 to Km. 203.100 in Raichur of NH-150C (Pkg-IV)","sector":"road","status":"under_construction","is_blocked":false}},{"type":"Feature","geometry":{"coordinates":[[77.4988,16.204],[77.7694,15.9722]],"type":"LineString"},"properties":{"id":"nhai_geoserver-5d3568eaae2af0b1","title":"6L Access Controlled Greenfield Highway of Nandinne village to Julekal village from Km 202.900 to Km 242.200 (Pkg-1)","sector":"road","status":"under_construction","is_blocked":false}},{"type":"Feature","geometry":{"coordinates":[[77.7694,15.9722],[78.0264,15.7537]],"type":"LineString"},"properties":{"id":"nhai_geoserver-9df798a68dbbdfff","title":"6L Access Controlled Greenfield Highway of Julekal village to Dinnedevarapadu village from Km 242.200 to Km 280.400 (Pkg-2)","sector":"road","status":"under_construction","is_blocked":false}},{"type":"Feature","geometry":{"coordinates":[[84.63379,19.04793],[84.05887,18.4291]],"type":"LineString"},"properties":{"id":"nhai_geoserver-4cc31babef2fdbfa","title":"Four Laning of Kadapa (167.750) to Kurnool (356.502) of NH-40 (Old NH-18)","sector":"road","status":"commissioned","is_blocked":false}},{"type":"Feature","geometry":{"coordinates":[[83.2636,18.3769],[83.2626,18.1619]],"type":"LineString"},"properties":{"id":"nhai_geoserver-635e90c35b4b3e69","title":"4L of Kadapa – China Orampadu section of NH-716 (Package I of Kadapa-Renigunta section)","sector":"road","status":"under_construction","is_blocked":false}},{"type":"Feature","geometry":{"coordinates":[[80.039975,15.800635],[80.0315,15.759943]],"type":"LineString"},"properties":{"id":"nhai_geoserver-d653345141314f28","title":"6L of Veera Kaveri Raja Puram to Pondavakkam from km 61.380 to km 96.040 of NH 716B (Pkg-III)","sector":"road","status":"under_construction","is_blocked":false}},{"type":"Feature","geometry":{"coordinates":[[79.320331,21.136434],[79.65166,21.17129]],"type":"LineString"},"properties":{"id":"nhai_geoserver-11a30f4f862690ef","title":"Bal. Works of Fagne (Km. 510.000) to Maharashtra/Gujarat Border (Km. 650.794)","sector":"road","status":"under_construction","is_blocked":false}},{"type":"Feature","geometry":{"coordinates":[[75.05207,21.565956],[74.771525,20.870536]],"type":"LineString"},"properties":{"id":"nhai_geoserver-e7ae373f49cecfe2","title":"Tarsod - Fagne section of NH-6","sector":"road","status":"commissioned","is_blocked":false}},{"type":"Feature","geometry":{"coordinates":[[77.05177,20.69058],[76.94317,20.69037]],"type":"LineString"},"properties":{"id":"nhai_geoserver-ae3b25933416dfbb","title":"Improvement of NH-53 passing through Jalgaon City to four lane along with construction of VUPs & PUP","sector":"road","status":"commissioned","is_blocked":false}},{"type":"Feature","geometry":{"coordinates":[[77.714687,20.835861],[77.252672,20.700939]],"type":"LineString"},"properties":{"id":"nhai_geoserver-cd418d4dcb0bd738","title":"Balance Works of 4L Amravati - Chikhli (Pkg - I) [Amravati - Kurankhed from km. 166.00 to km. 220.00]","sector":"road","status":"commissioned","is_blocked":false}},{"type":"Feature","geometry":{"coordinates":[[77.252672,20.700939],[76.81066,20.678062]],"type":"LineString"},"properties":{"id":"nhai_geoserver-db2111be82b710ed","title":"Balance Works of 4L Amravati - Chikhli (Pkg - II) [Kurankhed - Shelad from km. 220.00 to km. 270.00]","sector":"road","status":"commissioned","is_blocked":false}},{"type":"Feature","geometry":{"coordinates":[[76.81066,20.678062],[76.478461,20.815225]],"type":"LineString"},"properties":{"id":"nhai_geoserver-7c2b2be50c51fa3d","title":"Balance Works of 4L Amravati - Chikhli (Pkg - III) [Shelad - Nandura from km. 270.00 to km. 315.00]","sector":"road","status":"commissioned","is_blocked":false}},{"type":"Feature","geometry":{"coordinates":[[76.478461,20.815225],[76.157753,20.996232]],"type":"LineString"},"properties":{"id":"nhai_geoserver-0dbb712ac1d61b29","title":"Balance Works of 4L Amravati - Chikhli (Pkg - IV) [Nandura - Chikhli from km. 315.00 to km. 360.00]","sector":"road","status":"commissioned","is_blocked":false}},{"type":"Feature","geometry":{"coordinates":[[81.340285,21.153309],[81.423347,21.37225]],"type":"LineString"},"properties":{"id":"nhai_geoserver-2538210970938458","title":"4/6 Laning of Raipur-Simga (Pkg-I) from km. 0.00 to km. 48.58","sector":"road","status":"under_construction","is_blocked":false}},{"type":"Feature","geometry":{"coordinates":[[81.710522,21.623494],[81.971268,21.895411]],"type":"LineString"},"properties":{"id":"nhai_geoserver-72bbea45806343a4","title":"Simga (km 48.580) to Sargaon (km. 91.026)","sector":"road","status":"unknown","is_blocked":false}},{"type":"Feature","geometry":{"coordinates":[[81.971268,21.895411],[82.225159,22.021784]],"type":"LineString"},"properties":{"id":"nhai_geoserver-4eafa0d4bc58a9d0","title":"Sargaon (91.026) to Bilaspur (126.525) of NH-200 (New 130) in Chhattisgarh","sector":"road","status":"commissioned","is_blocked":false}},{"type":"Feature","geometry":{"coordinates":[[82.212908,22.023243],[82.797272,22.265043]],"type":"LineString"},"properties":{"id":"nhai_geoserver-92243940c390425f","title":"4L of Bilaspur to Urga (km 0.00 to 70.2) of NH-130A","sector":"road","status":"under_construction","is_blocked":false}},{"type":"Feature","geometry":{"coordinates":[[82.797177,22.265016],[83.564567,22.56199]],"type":"LineString"},"properties":{"id":"nhai_geoserver-42e0b3937691300f","title":"4L of Urga - Pathalgaon from Km. 70.200 to km. 157.745 of NH-130A","sector":"road","status":"under_construction","is_blocked":false}},{"type":"Feature","geometry":{"coordinates":[[85.0947,23.3133],[85.0843,23.3133]],"type":"LineString"},"properties":{"id":"nhai_geoserver-56e57251b18b8889","title":"4L of Palma to Gumla from km. 26.00 to km. 89.170 of NH-23","sector":"road","status":"under_construction","is_blocked":false}},{"type":"Feature","geometry":{"coordinates":[[85.2875,23.379436],[85.104403,23.316854]],"type":"LineString"},"properties":{"id":"nhai_geoserver-d024879db4530321","title":"4L of Piska More (Km. 2.90) to Palma (Km. 26.00) of NH- 23","sector":"road","status":"commissioned","is_blocked":false}},{"type":"Feature","geometry":{"coordinates":[[85.324722,23.37888],[85.290833,23.383611]],"type":"LineString"},"properties":{"id":"nhai_geoserver-6e4a46f078733314","title":"Elevated Corridor in Ranchi city from Km 0.00 to Km 3.260 of NH-75 including down ramp on NH-23 from Km 0.100 to Km 0.600","sector":"road","status":"commissioned","is_blocked":false}},{"type":"Feature","geometry":{"coordinates":[[85.7394,23.54437],[85.4956,23.5086]],"type":"LineString"},"properties":{"id":"nhai_geoserver-8f3a5ae231e9edb4","title":"4L of Ormanjhi-Gola section from Km 81.450 to Km 53.600 of NH- 320B(PKG-II)","sector":"road","status":"under_construction","is_blocked":false}},{"type":"Feature","geometry":{"coordinates":[[86.10595,23.364502],[85.325909,23.365404]],"type":"LineString"},"properties":{"id":"nhai_geoserver-54b4f08694e801f5","title":"2L /4L of Chas-Bokaro-Gola-Ramgarh section of NH-23 from km 0.00 to 78.31","sector":"road","status":"commissioned","is_blocked":false}},{"type":"Feature","geometry":{"coordinates":[[86.02437,23.395356],[85.442189,23.32397]],"type":"LineString"},"properties":{"id":"nhai_geoserver-172d6f67f5db8188","title":"4L of Gola-Bokaro(Jaina More) section from Km 53.600 to Km 21.110 of NH-320(PKG-1)","sector":"road","status":"under_construction","is_blocked":false}},{"type":"Feature","geometry":{"coordinates":[[75.334549,19.850451],[75.122118,19.534163]],"type":"LineString"},"properties":{"id":"nhai_geoserver-bc43c3bd287290f3","title":"Chakur Loha Section of NH-361 from km 114.600 to km 187.80","sector":"road","status":"commissioned","is_blocked":false}},{"type":"Feature","geometry":{"coordinates":[[86.3331,23.8691],[86.2109,23.4599]],"type":"LineString"},"properties":{"id":"nhai_geoserver-e3b42273627a0c72","title":"4L/2L PS of Govindpur (Raiganj) - Chas - WB border section of from km. 0.00 to km. 56.889 of Old NH-32","sector":"road","status":"commissioned","is_blocked":false}},{"type":"Feature","geometry":{"coordinates":[[76.006097,30.802052],[75.757955,30.766647]],"type":"LineString"},"properties":{"id":"nhai_geoserver-f2d6ee5a3ccbb3da","title":"6L of Southern Ludhiana bypass connecting NE-5 and NH-44","sector":"road","status":"cancelled","is_blocked":true}},{"type":"Feature","geometry":{"coordinates":[[75.176725,30.347497],[75.401956,30.511833]],"type":"LineString"},"properties":{"id":"nhai_geoserver-08285e7efc611005","title":"6L Access Controlled Ludhiana-Bathinda Greenfield highway from Jn. with Amritsar-Bathanda Greenfield Road (NH-754A) near Rampura Phul to Jn. with Moga-Barnala Road (NH-703) near village Tallewal from Km 0.0 to Km 30.3 of NH-754AD (Pkg-1)","sector":"road","status":"under_construction","is_blocked":false}},{"type":"Feature","geometry":{"coordinates":[[75.401956,30.511833],[75.757781,30.766542]],"type":"LineString"},"properties":{"id":"nhai_geoserver-779b03445af43d98","title":"6L Access Controlled Ludhiana-Bathinda Greenfield highway from Jn. with Moga-Barnala Road (NH-703) near village Tallewal to Jn. with Delhi-Katra Expressway (NE-5) near Ludhiana (village Ballowal) from Km 30.300 to Km 75.543 of NH-754AD (Pkg-2)","sector":"road","status":"under_construction","is_blocked":false}},{"type":"Feature","geometry":{"coordinates":[[78.4867,17.385],[73.8278,15.4909]],"type":"LineString"},"properties":{"id":"nhai_geoserver-a6c057d2f4bef0d2","title":"4-laning of NH-167 from Gudebellur at Design Km.182.930 to Mahabubnagar at Design Km 262.940 of Hyderabad-Panaji section","sector":"road","status":"awarded","is_blocked":false}},{"type":"Feature","geometry":{"coordinates":[[72.8311,21.1702],[80.2707,13.0827]],"type":"LineString"},"properties":{"id":"nhai_geoserver-9196b8c338623c19","title":"4L PS access-controlled highway for BHR section of NH-748A (Pkg-7) including extension of alignment from AP/KN road to Surat-Chennai corridor along SH-15 from Ch. 273+400 to Ch. 329+850 along with part of proposed AP/KN road from Ch. 30+720 to Ch. 35","sector":"road","status":"tendered","is_blocked":false}},{"type":"Feature","geometry":{"coordinates":[[72.8311,21.1702],[73.7898,19.9975]],"type":"LineString"},"properties":{"id":"nhai_geoserver-747f794bda15c8e2","title":"Surat - Nashik - Ahmednagar Greenfield (Package 5)","sector":"road","status":"tendered","is_blocked":false}},{"type":"Feature","geometry":{"coordinates":[[77.71469,20.83586],[77.15099,20.4203]],"type":"LineString"},"properties":{"id":"nhai_geoserver-d82a0219fa5b786b","title":"Four Laning of Tuljapur to Ausa section (including Tuljapur Bypass of 11.593 km.) of NH-361 from Km 0.000 to Km 55.835","sector":"road","status":"commissioned","is_blocked":false}},{"type":"Feature","geometry":{"coordinates":[[79.382792,19.839292],[79.345267,19.576248]],"type":"LineString"},"properties":{"id":"nhai_geoserver-d37cf91980925980","title":"4L of Ausa-Chakur Section from km 55.835 to Km 114.345 of NH-361","sector":"road","status":"commissioned","is_blocked":false}},{"type":"Feature","geometry":{"coordinates":[[77.772278,19.803806],[78.099592,20.367202]],"type":"LineString"},"properties":{"id":"nhai_geoserver-f260ff76d6352b67","title":"Four Laning of Mahagaon to Yavatmal (Pkg- II) of NH-361 from km. 320.580 to km. 400.575","sector":"road","status":"commissioned","is_blocked":false}},{"type":"Feature","geometry":{"coordinates":[[78.099592,20.367202],[78.539145,20.688196]],"type":"LineString"},"properties":{"id":"nhai_geoserver-9b4c483bd6b52a5a","title":"Four Laning of Yavatmal to Wardha (Pkg-III) of NH-361 from Km 400.575 to Km 465.500","sector":"road","status":"commissioned","is_blocked":false}},{"type":"Feature","geometry":{"coordinates":[[78.539145,20.688196],[78.989654,20.911007]],"type":"LineString"},"properties":{"id":"nhai_geoserver-b3d2f80429e3d5bc","title":"Four Laning of Wardha - Butibori of NH-361 (Pkg - IV) from km. 465.50 to km. 524.69","sector":"road","status":"commissioned","is_blocked":false}},{"type":"Feature","geometry":{"coordinates":[[82.8125,18.824167],[82.94,18.481667]],"type":"LineString"},"properties":{"id":"nhai_geoserver-222976a8363aecf6","title":"6L Greenfield Baunsaguar - Baraja Section of NH-130-CD Road from km 293+000 to km 338+500 (Package – OD-6)","sector":"road","status":"under_construction","is_blocked":false}},{"type":"Feature","geometry":{"coordinates":[[77.317404,23.31769],[76.891695,23.89319]],"type":"LineString"},"properties":{"id":"nhai_geoserver-700afb48b0cf839c","title":"Bhopal (Km. 0.000) to Sanchi (Km. 53.775) of NH-86 (Ext.) in Madhya Pradesh","sector":"road","status":"commissioned","is_blocked":false}},{"type":"Feature","geometry":{"coordinates":[[80.319014,26.420811],[80.009033,25.389548]],"type":"LineString"},"properties":{"id":"nhai_geoserver-696fb51fd2e74087","title":"Kanpur - Kabrai from km. 0.00 to km. 123.863","sector":"road","status":"commissioned","is_blocked":false}},{"type":"Feature","geometry":{"coordinates":[[81.704045,21.186786],[81.690765,20.91233]],"type":"LineString"},"properties":{"id":"nhai_geoserver-1406e5cc0c3fe270","title":"Raipur (Km 10.200) to Kodebod (Km 43.400) of NH - 30 in Chhattisgarh","sector":"road","status":"commissioned","is_blocked":false}},{"type":"Feature","geometry":{"coordinates":[[81.690765,20.91233],[81.513156,20.683641]],"type":"LineString"},"properties":{"id":"nhai_geoserver-ba6694b408a136f2","title":"Kodebod (Km 43.400) to Dhamtari (Km 82.209)","sector":"road","status":"commissioned","is_blocked":false}},{"type":"Feature","geometry":{"coordinates":[[81.749959,21.088377],[81.770435,20.716849]],"type":"LineString"},"properties":{"id":"nhai_geoserver-82ac307713b1064c","title":"Development of 6L of Jhanki – Sargi Section  Road from km 0.000 to km 42.800 of NH-130CD (Pkg-CG-1)","sector":"road","status":"under_construction","is_blocked":false}},{"type":"Feature","geometry":{"coordinates":[[81.770435,20.716849],[81.765097,20.221284]],"type":"LineString"},"properties":{"id":"nhai_geoserver-c8e3be5a41e047b2","title":"Development of 6L Sargi – Basanwahi Section from km 42.800 to km 99.500 of NH-130CD (Pkg-CG-2)","sector":"road","status":"under_construction","is_blocked":false}},{"type":"Feature","geometry":{"coordinates":[[81.765097,20.221284],[81.865983,20.028522]],"type":"LineString"},"properties":{"id":"nhai_geoserver-08812e085d54c455","title":"Development of 6L of Basanwahi – Marangpuri Section from km 99.500 to km 124.661 of NH-130-CD","sector":"road","status":"under_construction","is_blocked":false}},{"type":"Feature","geometry":{"coordinates":[[81.865839,20.029419],[82.000182,19.878846]],"type":"LineString"},"properties":{"id":"nhai_geoserver-ed3b05481e913a5a","title":"6L of  Dhanara - Hatibena Section from Km 124.611 to km 146.50 of NH-130-CD (Package – OD-1)","sector":"road","status":"commissioned","is_blocked":false}},{"type":"Feature","geometry":{"coordinates":[[82.000182,19.878846],[82.187311,19.648219]],"type":"LineString"},"properties":{"id":"nhai_geoserver-ee68fe8432bdbea7","title":"6L of Hatibena - Badakumari Section from Km 146.50 to km 179.00 of NH-130-CD (Package – OD-2)","sector":"road","status":"under_construction","is_blocked":false}},{"type":"Feature","geometry":{"coordinates":[[82.187311,19.648219],[82.445013,19.296078]],"type":"LineString"},"properties":{"id":"nhai_geoserver-0bbc8e8e8d043bca","title":"6L of Badakumari - Karki Section from Km 179.000 to km 226.500 of NH-130-CD (Package – OD-3)","sector":"road","status":"under_construction","is_blocked":false}},{"type":"Feature","geometry":{"coordinates":[[82.445013,19.296078],[82.563926,19.129047]],"type":"LineString"},"properties":{"id":"nhai_geoserver-137355d8249f31ce","title":"6L of Karki – Kaliagura Section from Km 226.500 to km 249.000 of NH-130-CD (Package – OD-4)","sector":"road","status":"commissioned","is_blocked":false}},{"type":"Feature","geometry":{"coordinates":[[82.563889,19.1288],[82.8125,18.824167]],"type":"LineString"},"properties":{"id":"nhai_geoserver-57c713ab952c5fe1","title":"6L Greenfield Kaliagura  – Baunsaguar Section of NH-130-CD Road from km 249+000 to km 293+000 (Package – OD-5)","sector":"road","status":"under_construction","is_blocked":false}},{"type":"Feature","geometry":{"coordinates":[[82.94,18.4816],[82.965833,18.46]],"type":"LineString"},"properties":{"id":"nhai_geoserver-07cad2cca82e923f","title":"6L Greenfield  Baraja - Kandili Section of NH- 130-CD Road from km 338+500 to km 342+500 (Package-OD-7)","sector":"road","status":"commissioned","is_blocked":false}},{"type":"Feature","geometry":{"coordinates":[[82.965833,18.46],[83.041111,18.428333]],"type":"LineString"},"properties":{"id":"nhai_geoserver-b39cdaa54675dd5f","title":"6L Greenfield  Kandili - Aluru Section of NH-130-CD Road from km 342+500 to km 365+033 (Package-OD-8)","sector":"road","status":"under_construction","is_blocked":false}},{"type":"Feature","geometry":{"coordinates":[[83.039125,18.414648],[83.263637,18.376946]],"type":"LineString"},"properties":{"id":"nhai_geoserver-ec9f650fee81e0e1","title":"6L Aluru - Jakkuva Section of NH-130CD Road from km 365.033 to km 396.800 (Pkg. 1)","sector":"road","status":"under_construction","is_blocked":false}},{"type":"Feature","geometry":{"coordinates":[[83.263637,18.376946],[83.262607,18.161989]],"type":"LineString"},"properties":{"id":"nhai_geoserver-53d7f236d6a723d3","title":"6L Jakkuva – Korlam Section of NH-130CD Road from km 396.800 to km 421.100 (Pkg 2)","sector":"road","status":"under_construction","is_blocked":false}},{"type":"Feature","geometry":{"coordinates":[[83.262607,18.161989],[83.200985,17.962057]],"type":"LineString"},"properties":{"id":"nhai_geoserver-d10c473b4dc6e5c1","title":"6L Korlam-Kantakapalle Section of NH-130CD Road from Km 421.100 to Km 445.100 (Pkg-3)","sector":"road","status":"under_construction","is_blocked":false}},{"type":"Feature","geometry":{"coordinates":[[83.200985,17.962057],[83.143951,17.803864]],"type":"LineString"},"properties":{"id":"nhai_geoserver-4f87329e2f00a2d0","title":"6L Kantakapalle – Sabbavaram Section of NH-130CD Road from Km 445.100 to Km 464.662 (Pkg-4)","sector":"road","status":"under_construction","is_blocked":false}},{"type":"Feature","geometry":{"coordinates":[[79.864672,23.16085],[79.606092,23.578958]],"type":"LineString"},"properties":{"id":"nhai_geoserver-440915a082de74c5","title":"Jabalpur (Km 465.500) to Lakhnadon (Km 546.425) of NH-7 in Madhya Pradesh","sector":"road","status":"commissioned","is_blocked":false}},{"type":"Feature","geometry":{"coordinates":[[80.237203,23.614283],[79.864672,23.16085]],"type":"LineString"},"properties":{"id":"nhai_geoserver-5266275641481140","title":"Sleemnabad (KM 397.000) to Jabalpur (Km 465.500) [Rewa - Katni - Jabalpur Pkg IV]","sector":"road","status":"commissioned","is_blocked":false}},{"type":"Feature","geometry":{"coordinates":[[78.696836,28.820613],[79.504375,28.276377]],"type":"LineString"},"properties":{"id":"nhai_geoserver-a94699d0d3909428","title":"4 L of Moradabad - Bareilly section of NH-24 from km 149.25 to km 271.05","sector":"road","status":"commissioned","is_blocked":false}},{"type":"Feature","geometry":{"coordinates":[[79.505216,28.274647],[80.704457,27.553603]],"type":"LineString"},"properties":{"id":"nhai_geoserver-cd2c9d6dbf2e2eca","title":"Balance Work of Bareilly - Sitapur Section from km. 262.00 to km. 419.590","sector":"road","status":"commissioned","is_blocked":false}},{"type":"Feature","geometry":{"coordinates":[[80.709128,24.208372],[80.237253,23.614233]],"type":"LineString"},"properties":{"id":"nhai_geoserver-a0aa091cc5879f64","title":"Maihar (Km 311.000) to Katni (Km 359.500) and Katni (Km 378.500) to Sleemnabad (Km 397.000)[Rewa - Katni - Jabalpur Pkg II]","sector":"road","status":"commissioned","is_blocked":false}},{"type":"Feature","geometry":{"coordinates":[[80.332276,23.747448],[79.534069,23.405634]],"type":"LineString"},"properties":{"id":"nhai_geoserver-16b36e7779fb6267","title":"Katni bypass from km. 359.50 to km. 378.50","sector":"road","status":"commissioned","is_blocked":false}},{"type":"Feature","geometry":{"coordinates":[[77.861161,23.543082],[78.473602,23.788848]],"type":"LineString"},"properties":{"id":"nhai_geoserver-836596be52430ad4","title":"Rewa(Km 242.600) to Maihar (Km 311.000) of NH-7 (New NH-30) in Madhya Pradesh [Rewa - Katni - Jabalpur Pkg I]","sector":"road","status":"commissioned","is_blocked":false}},{"type":"Feature","geometry":{"coordinates":[[82.170633,25.365155],[82.858282,25.272219]],"type":"LineString"},"properties":{"id":"nhai_geoserver-daaa7846706f466e","title":"Lalganj-Hanumana km 96.80 - km 140.200","sector":"road","status":"commissioned","is_blocked":false}},{"type":"Feature","geometry":{"coordinates":[[83.015319,25.879436],[82.996694,25.388447]],"type":"LineString"},"properties":{"id":"nhai_geoserver-e79caa50d75570b2","title":"Dagamagpur to Lalganj (km 49.1 - km 96.8)","sector":"road","status":"commissioned","is_blocked":false}},{"type":"Feature","geometry":{"coordinates":[[83.036808,25.25785],[82.800629,25.098425]],"type":"LineString"},"properties":{"id":"nhai_geoserver-a64662760ad6f071","title":"Varanasi-Degamapur [km. 15.1 - km. 49.1]","sector":"road","status":"commissioned","is_blocked":false}},{"type":"Feature","geometry":{"coordinates":[[81.221008,26.929251],[81.395788,27.085249]],"type":"LineString"},"properties":{"id":"nhai_geoserver-285cfd380e4fd0f5","title":"Hapur Bypass -Moradabad including Hapur Bypass (km 50.00 - km 148.277)","sector":"road","status":"commissioned","is_blocked":false}},{"type":"Feature","geometry":{"coordinates":[[77.072172,22.374515],[77.333641,22.290524]],"type":"LineString"},"properties":{"id":"nhai_geoserver-49aafc7912201868","title":"4L of Harda - Betul (Pkg-I) from Km.0 to Km.30.20 [Harda - Temagaon]","sector":"road","status":"commissioned","is_blocked":false}},{"type":"Feature","geometry":{"coordinates":[[80.937798,26.91952],[80.705427,27.552621]],"type":"LineString"},"properties":{"id":"nhai_geoserver-e6fa2d3eeabdfb02","title":"Four Laning of Lucknow-Sitapur from km 488.270 to km 413.200","sector":"road","status":"commissioned","is_blocked":false}},{"type":"Feature","geometry":{"coordinates":[[77.718272,28.719548],[78.696836,28.820613]],"type":"LineString"},"properties":{"id":"nhai_geoserver-783395f6fa522ec3","title":"Ghaziabad - Aligarh","sector":"road","status":"commissioned","is_blocked":false}},{"type":"Feature","geometry":{"coordinates":[[78.088,27.8974],[77.326,28.1447]],"type":"LineString"},"properties":{"id":"nhai_geoserver-35794aee3858eea8","title":"4 laning of Aligarh-Palwal Section from Km. 46.390 (Design Chainage) to Km. 69.110 (Terminating at junction EPE) (Package-II from Kurana- Eastern Peripheral Expressway) of NH-334D","sector":"road","status":"under_construction","is_blocked":false}},{"type":"Feature","geometry":{"coordinates":[[78.133921,27.86143],[78.502718,27.633531]],"type":"LineString"},"properties":{"id":"nhai_geoserver-b9a13a4b8ff06544","title":"Aligarh-Kanpur (Pkg I) [Aligarh-Bhadwas]","sector":"road","status":"commissioned","is_blocked":false}},{"type":"Feature","geometry":{"coordinates":[[78.502925,27.633533],[78.878433,27.446678]],"type":"LineString"},"properties":{"id":"nhai_geoserver-aaec4bc07888b588","title":"Aligarh-Kanpur (Pkg II) [Bhadwas to Kalyanpur]","sector":"road","status":"commissioned","is_blocked":false}},{"type":"Feature","geometry":{"coordinates":[[78.87833,27.44665],[79.391944,27.188889]],"type":"LineString"},"properties":{"id":"nhai_geoserver-8b11a0c0558b0278","title":"Aligarh-Kanpur (Pkg III) [Kalyanpur - Naviganj]","sector":"road","status":"commissioned","is_blocked":false}},{"type":"Feature","geometry":{"coordinates":[[79.38,27.19],[79.99,26.96]],"type":"LineString"},"properties":{"id":"nhai_geoserver-a8226b7463c3caa1","title":"Aligarh-Kanpur section (Package-IV from Naviganj - Mitrasen)","sector":"road","status":"commissioned","is_blocked":false}},{"type":"Feature","geometry":{"coordinates":[[79.99,26.96],[80.24,26.51]],"type":"LineString"},"properties":{"id":"nhai_geoserver-b00823c231570cc4","title":"Aligarh-Kanpur section (Package-V from Mitrasen-Kanpur)","sector":"road","status":"commissioned","is_blocked":false}},{"type":"Feature","geometry":{"coordinates":[[80.101477,12.913039],[80.210347,13.151857]],"type":"LineString"},"properties":{"id":"nhai_geoserver-1ff8b15e2073fd19","title":"Chennai Bypass","sector":"road","status":"commissioned","is_blocked":false}},{"type":"Feature","geometry":{"coordinates":[[80.101342,12.911508],[79.664333,12.241639]],"type":"LineString"},"properties":{"id":"nhai_geoserver-eb42298044fb9e92","title":"Four Laning of Tambaram - Tindivaram section of Old NH 45 from Km 28.000 to Km 121.000","sector":"road","status":"commissioned","is_blocked":false}},{"type":"Feature","geometry":{"coordinates":[[78.88124,21.113979],[78.918493,21.385306]],"type":"LineString"},"properties":{"id":"nhai_geoserver-1dcb47efb6d0e2ba","title":"Bodhre - Dhule","sector":"road","status":"under_construction","is_blocked":false}},{"type":"Feature","geometry":{"coordinates":[[79.663855,12.24104],[79.325199,11.709976]],"type":"LineString"},"properties":{"id":"nhai_geoserver-c333d82302b60133","title":"Tindivanam - Ulundurpet from km 121.00 to km 193.90","sector":"road","status":"commissioned","is_blocked":false}},{"type":"Feature","geometry":{"coordinates":[[78.823568,11.082622],[78.693782,10.786744]],"type":"LineString"},"properties":{"id":"nhai_geoserver-7f1790fcdccec980","title":"4L of Padalur - Trichy section from km. 285.00 to km. 325.00 of NH - 45 (Pkg VI-C)","sector":"road","status":"commissioned","is_blocked":false}},{"type":"Feature","geometry":{"coordinates":[[78.69042,10.78491],[78.16921,9.926447]],"type":"LineString"},"properties":{"id":"nhai_geoserver-c85cdf46f7b890e1","title":"O&M of 4L  Trichy Bypass from Tovarankurichi - Madurai ( km. 0.00 to  km. 124.840) of Old NH-45B","sector":"road","status":"commissioned","is_blocked":false}},{"type":"Feature","geometry":{"coordinates":[[74.472696,18.417436],[74.639389,18.125555]],"type":"LineString"},"properties":{"id":"nhai_geoserver-78fe756e0a9bb1fa","title":"Solapur Yedashi Section of NH-211 From Km. 0.000 To 100.000 in the State of Maharashtra","sector":"road","status":"commissioned","is_blocked":false}},{"type":"Feature","geometry":{"coordinates":[[79.994198,21.086378],[80.015181,21.086966]],"type":"LineString"},"properties":{"id":"nhai_geoserver-4a69b08fe8b6e46e","title":"Aurangabad - Karodi km 290.00 - km 320.104 of NH 211 (New NH 52)","sector":"road","status":"commissioned","is_blocked":false}},{"type":"Feature","geometry":{"coordinates":[[78.0081,27.1767],[78.088,27.8974]],"type":"LineString"},"properties":{"id":"nhai_geoserver-3b49bd67a5a927af","title":"Agra -Aligarh","sector":"road","status":"commissioned","is_blocked":false}},{"type":"Feature","geometry":{"coordinates":[[76.191043,22.714728],[76.774342,22.656332]],"type":"LineString"},"properties":{"id":"nhai_geoserver-2f1a5f3a8fd28e00","title":"Indore - Harda (Pkg-II) [Raghavgarh to Nanasa from km. 29.30 to km. 92.30]","sector":"road","status":"under_construction","is_blocked":false}},{"type":"Feature","geometry":{"coordinates":[[76.773995,22.656356],[77.071269,22.375862]],"type":"LineString"},"properties":{"id":"nhai_geoserver-869995e18a32c725","title":"Indore - Harda (Pkg-III) [Nanasa to Pidgaon Section from km 95.000 to km 142.445]","sector":"road","status":"commissioned","is_blocked":false}},{"type":"Feature","geometry":{"coordinates":[[77.333957,22.290477],[77.619665,22.043877]],"type":"LineString"},"properties":{"id":"nhai_geoserver-8d054b27ccf5ae3d","title":"4L of Harda - Betul (Pkg-II) from Km. 30.00 to Km.81.00 [Temagaon to Chicholi]","sector":"road","status":"commissioned","is_blocked":false}},{"type":"Feature","geometry":{"coordinates":[[77.61801,22.044627],[77.880533,21.886224]],"type":"LineString"},"properties":{"id":"nhai_geoserver-0506857b0da45ad3","title":"Harda - Betul (Pkg-III) from Km. 81.00 to Km.121.248 [Chicholi - Betul]","sector":"road","status":"commissioned","is_blocked":false}},{"type":"Feature","geometry":{"coordinates":[[75.205998,19.882029],[74.48194,19.8606]],"type":"LineString"},"properties":{"id":"nhai_geoserver-0b8c40554ef142d8","title":"Nagpur-Betul Section of NH-69","sector":"road","status":"commissioned","is_blocked":false}},{"type":"Feature","geometry":{"coordinates":[[77.118169,18.948819],[77.409201,19.431571]],"type":"LineString"},"properties":{"id":"nhai_geoserver-05398ae85ed46900","title":"Flyover from Liberty cinema to Mental Hospital on Nagpur-Obedullagunj road.","sector":"road","status":"commissioned","is_blocked":false}},{"type":"Feature","geometry":{"coordinates":[[74.305172,15.57305],[74.19035,16.33162]],"type":"LineString"},"properties":{"id":"nhai_geoserver-5c279c23aae9b948","title":"Bellary to Byrapura Section km 253.600 to km 308.550 of NH-150A","sector":"road","status":"commissioned","is_blocked":false}},{"type":"Feature","geometry":{"coordinates":[[76.654954,14.356797],[76.599883,13.897679]],"type":"LineString"},"properties":{"id":"nhai_geoserver-f3abd5ad2b844ccc","title":"Challakere to Hariyur section from km 358.500 to km 414.205 of NH-150 A","sector":"road","status":"commissioned","is_blocked":false}},{"type":"Feature","geometry":{"coordinates":[[76.401075,17.345804],[76.850416,16.877753]],"type":"LineString"},"properties":{"id":"nhai_geoserver-9ff2911c353ab75b","title":"Access controlled 4L PS from Design Ch. 0.00 Km Ranganathpura (Hassan) to Design Ch. 76.160 Km Keresooragondanahalli in Hassan Hiriyur section EC-20.","sector":"road","status":"tendered","is_blocked":false}},{"type":"Feature","geometry":{"coordinates":[[72.100435,22.040405],[72.080751,21.754201]],"type":"LineString"},"properties":{"id":"nhai_geoserver-7d47f79621a66345","title":"Pipli Bhavnagar-Package 1 from km 136.025 to km 169.328","sector":"road","status":"commissioned","is_blocked":false}},{"type":"Feature","geometry":{"coordinates":[[78.946424,13.203753],[78.550213,13.193942]],"type":"LineString"},"properties":{"id":"nhai_geoserver-2408b120d867de0a","title":"Nalagampalli to Allkuppam (AP/KA Border) from Km. 172. 000 to Km 219.687","sector":"road","status":"commissioned","is_blocked":false}},{"type":"Feature","geometry":{"coordinates":[[83.2009,17.962],[83.1439,17.8038]],"type":"LineString"},"properties":{"id":"nhai_geoserver-3163fe50059725ac","title":"Chittor (Design Km 0.000-Existing Km 158.000 of NH-4) to Mallavaram (Design Km 61.128-Existing Km 41.800 of NH-140)","sector":"road","status":"commissioned","is_blocked":false}},{"type":"Feature","geometry":{"coordinates":[[79.446529,14.343079],[79.532161,14.200081]],"type":"LineString"},"properties":{"id":"nhai_geoserver-6c5cd4909d06dd8c","title":"Renigunta - Poyya - Naidupeta km 124.60 to km 183.4 of NH 71","sector":"road","status":"under_construction","is_blocked":false}},{"type":"Feature","geometry":{"coordinates":[[77.997481,27.108463],[78.109385,26.330264]],"type":"LineString"},"properties":{"id":"nhai_geoserver-0b5e8d96d39ba54f","title":"Hiran River to Sindoor River (Km.66.00 - Km.130.00)","sector":"road","status":"commissioned","is_blocked":false}},{"type":"Feature","geometry":{"coordinates":[[75.560717,12.836275],[75.437147,12.825106]],"type":"LineString"},"properties":{"id":"nhai_geoserver-7cd624c15316a461","title":"Neelamangala - Devihalli from km. 28.20 to km. 110.00","sector":"road","status":"commissioned","is_blocked":false}},{"type":"Feature","geometry":{"coordinates":[[74.345054,15.480872],[76.045405,16.005768]],"type":"LineString"},"properties":{"id":"nhai_geoserver-54f2ac6702f5836b","title":"Devihalli - Hassan","sector":"road","status":"commissioned","is_blocked":false}},{"type":"Feature","geometry":{"coordinates":[[77.24161,13.227938],[77.600487,13.284447]],"type":"LineString"},"properties":{"id":"nhai_geoserver-9a1efbc263b9ba26","title":"Hassan (km 184.912) to Maranahally (km 230.060) of NH - 75 in Karnataka","sector":"road","status":"under_construction","is_blocked":false}},{"type":"Feature","geometry":{"coordinates":[[77.5946,12.9716],[74.856,12.9141]],"type":"LineString"},"properties":{"id":"nhai_geoserver-8df2f47f1d15a981","title":"Widening and improvement of existing 2-lane to 4-lane from Maranahalli (Design Km.236+000, Existing Km.237+000) to Addahole (Design Km.261+810, Existing Km. 263+0.500) (Shiradi Ghat) of Bangalore-Mangalore Section of NH-75 in the state of Karnataka","sector":"road","status":"tendered","is_blocked":false}},{"type":"Feature","geometry":{"coordinates":[[75.437147,12.825106],[75.034467,12.881607]],"type":"LineString"},"properties":{"id":"nhai_geoserver-96cb2c2b57af7450","title":"4L of Addahole (Near Gundya) to Bantwal Cross section (Pkg-02) from Design Km 270.270 to Design km 318.55 including flyover at Kalladka Town including approaches from Km. 311.57 to Km. 313.67 of NH-75 (Old NH-48)","sector":"road","status":"under_construction","is_blocked":false}},{"type":"Feature","geometry":{"coordinates":[[75.560717,12.836275],[75.437147,12.825106]],"type":"LineString"},"properties":{"id":"nhai_geoserver-9572350009af727c","title":"4L of Addahole (Near Gundya) to Bantwal Cross section (Pkg-01) from Design Km 255.703 to Design Km 270.270 of NH-75 (Old NH-48)","sector":"road","status":"commissioned","is_blocked":false}},{"type":"Feature","geometry":{"coordinates":[[77.378124,13.110684],[77.094179,13.388401]],"type":"LineString"},"properties":{"id":"nhai_geoserver-9e2c54a34a8bac0e","title":"4L of Channarayapatna Bypass and Hassan Bypass with structures in Devihalli - Hassan section","sector":"road","status":"under_construction","is_blocked":false}},{"type":"Feature","geometry":{"coordinates":[[85.037503,20.822872],[84.018019,21.453468]],"type":"LineString"},"properties":{"id":"nhai_geoserver-ca4268cdcfff8a68","title":"Four Laning of Angul to Sambalpur from Km.112.000 to Km.265.000","sector":"road","status":"under_construction","is_blocked":false}},{"type":"Feature","geometry":{"coordinates":[[85.937886,20.526498],[85.481799,20.73721]],"type":"LineString"},"properties":{"id":"nhai_geoserver-d28fde0bba9d726a","title":"Cuttack-Angul Section of NH-42 (New NH-55) from km 0.400 to km 60.200 (Pkg-I) in the State of Odisha","sector":"road","status":"under_construction","is_blocked":false}},{"type":"Feature","geometry":{"coordinates":[[85.512464,20.706164],[85.098159,20.838486]],"type":"LineString"},"properties":{"id":"nhai_geoserver-113b9f31860b8d12","title":"Cuttack-Angul Section of NH-42 (New NH-55) from Km.60.200 to Km. 112.000 (Pkg-II) in the State of Odisha","sector":"road","status":"under_construction","is_blocked":false}},{"type":"Feature","geometry":{"coordinates":[[74.35151,15.4755],[74.30428,15.58058]],"type":"LineString"},"properties":{"id":"nhai_geoserver-b4b970e6e323b0db","title":"Bangalore-Nidagatta (Pkg. I)","sector":"road","status":"under_construction","is_blocked":false}},{"type":"Feature","geometry":{"coordinates":[[77.5946,12.9716],[76.6394,12.2958]],"type":"LineString"},"properties":{"id":"nhai_geoserver-37f2ca47856d3dc2","title":"Additional works under BM1 to ensure road safety under 6L of Bengaluru – Mysuru Access control with close toll from Km.17.300 to  Km.136.300 of NH-275","sector":"road","status":"under_construction","is_blocked":false}},{"type":"Feature","geometry":{"coordinates":[[76.960276,28.688334],[76.463455,28.91639]],"type":"LineString"},"properties":{"id":"nhai_geoserver-14c0e6e2d5b51fa1","title":"Delhi/ Haryana Border to Rohtak section including Bahadurgarh and Rohtak by-passes from km. 29.70 to km. 87.00","sector":"road","status":"commissioned","is_blocked":false}},{"type":"Feature","geometry":{"coordinates":[[76.460225,28.920271],[75.708874,29.179848]],"type":"LineString"},"properties":{"id":"nhai_geoserver-ec01eb7bf1e7bd6c","title":"4L of Rohtak - Hisar section  from km. 87.00 to km. 170.00 on NH-10 including connecting link from km. 87.000 (NH-10) to km. 348.000 (NH-71)","sector":"road","status":"cancelled","is_blocked":true}},{"type":"Feature","geometry":{"coordinates":[[75.707883,29.18077],[75.356951,29.52015]],"type":"LineString"},"properties":{"id":"nhai_geoserver-8269fb6bf2109613","title":"Hisar - Dabwali (Pkg-I) (km 170.000 to km 227.000)","sector":"road","status":"commissioned","is_blocked":false}},{"type":"Feature","geometry":{"coordinates":[[75.356951,29.52015],[74.791864,29.882758]],"type":"LineString"},"properties":{"id":"nhai_geoserver-4ba10c3e076dfdb7","title":"Hisar - Dabwali (Pkg-II) (km 227.000 to km 314.660)","sector":"road","status":"commissioned","is_blocked":false}},{"type":"Feature","geometry":{"coordinates":[[84.8536,22.2604],[85.3096,23.3441]],"type":"LineString"},"properties":{"id":"nhai_geoserver-dfd19342b3599faf","title":"Development of Rourkela–Ranchi 4-lane access-controlled Greenfield Highway from Kereya to Rourkela Section of NH-143","sector":"road","status":"tendered","is_blocked":false}},{"type":"Feature","geometry":{"coordinates":[[78.1198,9.9252],[78.1348,8.7642]],"type":"LineString"},"properties":{"id":"nhai_geoserver-370eb1ae15da5371","title":"Madurai - Tuticorin section from Km 138.800 to Km 266.865","sector":"road","status":"commissioned","is_blocked":false}},{"type":"Feature","geometry":{"coordinates":[[75.096265,15.312504],[76.296577,15.326564]],"type":"LineString"},"properties":{"id":"nhai_geoserver-d087a4934d3408a7","title":"4L of Hubli - Hospet Section of NH-63 from: Km 128.850 to Km 272.571","sector":"road","status":"commissioned","is_blocked":false}},{"type":"Feature","geometry":{"coordinates":[[74.299212,26.06195],[73.029833,24.780087]],"type":"LineString"},"properties":{"id":"nhai_geoserver-dc8d9727eeaf0779","title":"4L of Beawar- Pali- Pindwara Section of NH 14 (km 0.000 to km 244.120)","sector":"road","status":"commissioned","is_blocked":false}},{"type":"Feature","geometry":{"coordinates":[[76.901667,27.033889],[75.875556,26.89]],"type":"LineString"},"properties":{"id":"nhai_geoserver-0a682314e1e23ce9","title":"Four Laning of Mahua-Jaipur from Km 120.00 to Km 228.00","sector":"road","status":"commissioned","is_blocked":false}},{"type":"Feature","geometry":{"coordinates":[[77.438056,27.182778],[76.901667,27.033889]],"type":"LineString"},"properties":{"id":"nhai_geoserver-93a2b4185a951353","title":"4L of Bharatpur-Mahua from km. 63.00 to km. 120.00 of Old NH 11","sector":"road","status":"commissioned","is_blocked":false}},{"type":"Feature","geometry":{"coordinates":[[77.833056,27.143333],[77.438333,27.181389]],"type":"LineString"},"properties":{"id":"nhai_geoserver-e2bd9c00fcd342a4","title":"Four Laning of Agra-Bharatpur from km 17.756 to km 62.295 of NH-21","sector":"road","status":"commissioned","is_blocked":false}},{"type":"Feature","geometry":{"coordinates":[[77.282867,28.613739],[77.260885,28.738195]],"type":"LineString"},"properties":{"id":"nhai_geoserver-634e5b33e07fc27e","title":"Akshardham - DL/UP Border (Pkg-01)","sector":"road","status":"commissioned","is_blocked":false}},{"type":"Feature","geometry":{"coordinates":[[77.260885,28.738195],[77.248289,28.879467]],"type":"LineString"},"properties":{"id":"nhai_geoserver-71039d169edf4a66","title":"DL/UP Border - EPE Crossing (Pkg-02)","sector":"road","status":"under_construction","is_blocked":false}},{"type":"Feature","geometry":{"coordinates":[[77.24138,28.88457],[77.29457,29.40085]],"type":"LineString"},"properties":{"id":"nhai_geoserver-da9694b2cbcc7512","title":"4L PS of EPE Cossing to start of Shamli Bypass from Km. 92.20 to Km. 155.025 of existing NH-709-B","sector":"road","status":"commissioned","is_blocked":false}},{"type":"Feature","geometry":{"coordinates":[[77.963536,30.23855],[77.981825,30.262222]],"type":"LineString"},"properties":{"id":"nhai_geoserver-e1039e1d21e0ad51","title":"6L access-controlled highway of Daat kali Tunnel - Dehradun of Ganeshpur – Dehradun section from km.16.380 to km.19.785 of NH-72A  (Package-3)","sector":"road","status":"commissioned","is_blocked":false}},{"type":"Feature","geometry":{"coordinates":[[77.209,28.6139],[78.0322,30.3165]],"type":"LineString"},"properties":{"id":"nhai_geoserver-63db939c65873179","title":"6L with access control provision Saharanpur bypass to Ganeshpur section from 13.89 Km to 41.820 Km of Delhi- Dehradun Economic Corridor (package-2)","sector":"road","status":"under_construction","is_blocked":false}},{"type":"Feature","geometry":{"coordinates":[[74.61085,25.418596],[75.115655,25.146138]],"type":"LineString"},"properties":{"id":"nhai_geoserver-a2ad5812bc07d4cb","title":"Bhilwara-Ladpura","sector":"road","status":"commissioned","is_blocked":false}},{"type":"Feature","geometry":{"coordinates":[[82.9739,25.3176],[85.3096,23.3441]],"type":"LineString"},"properties":{"id":"nhai_geoserver-39a686820c65a698","title":"6L Greenfield Varanasi-Ranchi-Kolkata Highway from  Anarbansalea village to Sagrampur village (From KM. 151+200 to KM. 184+700)(Package-7)","sector":"road","status":"under_construction","is_blocked":false}},{"type":"Feature","geometry":{"coordinates":[[82.9739,25.3176],[85.3096,23.3441]],"type":"LineString"},"properties":{"id":"nhai_geoserver-e0dcce15ef3b3ad8","title":"6L Greenfield Varanasi-Ranchi-Kolkata Highway from Pachmon village to Anarbansalea village (From KM. 116+000 to KM. 151+200) (Package-6)","sector":"road","status":"under_construction","is_blocked":false}},{"type":"Feature","geometry":{"coordinates":[[82.9739,25.3176],[85.3096,23.3441]],"type":"LineString"},"properties":{"id":"nhai_geoserver-86549d8e255e187f","title":"6L Greenfield Varanasi-Ranchi-Kolkata Highway from junction with Chandauli-Chainpur Road near Khainti village to junction with Bhabhua-Adhaura road near Palka village (from Km. 27.000 to Km. 54.000) (Pkg-2)","sector":"road","status":"under_construction","is_blocked":false}},{"type":"Feature","geometry":{"coordinates":[[82.9739,25.3176],[85.3096,23.3441]],"type":"LineString"},"properties":{"id":"nhai_geoserver-50ae1b474f5734b0","title":"6L Greenfield Varanasi-Ranchi-Kolkata Highway from junction with Bhabhua-Adhaura road in Bhairopur village to Konki village (From KM. 54.000 to KM. 90.000)(Pkg-3)","sector":"road","status":"under_construction","is_blocked":false}},{"type":"Feature","geometry":{"coordinates":[[82.9739,25.3176],[85.3096,23.3441]],"type":"LineString"},"properties":{"id":"nhai_geoserver-f439e2e7e0c6537b","title":"6L Greenfield Varanasi-Ranchi-Kolkata Highway from junction with NH-19 & Varanasi Ring Road near Rewasa village to junction with Chandauli-Chainpur road near Khainti village (from Km. 0.000 to Km. 27.000) - Pkg-1","sector":"road","status":"under_construction","is_blocked":false}},{"type":"Feature","geometry":{"coordinates":[[82.9739,25.3176],[85.3096,23.3441]],"type":"LineString"},"properties":{"id":"nhai_geoserver-b90a36976a2a1c3b","title":"Construction of 6 lane Greenfield Varanasi- Ranchi -Kolkata Highway from Guridih village(JH/WB) Border to Sijumakhna Village (from Km 387.200 to Km 439.040) section NH-319B(Package-14)","sector":"road","status":"tendered","is_blocked":false}},{"type":"Feature","geometry":{"coordinates":[[78.149379,9.998813],[78.218316,10.238278]],"type":"LineString"},"properties":{"id":"nhai_geoserver-21d6cdd665e223c8","title":"Four Laning of Chettikulam to Natham section of NH-785","sector":"road","status":"unknown","is_blocked":false}},{"type":"Feature","geometry":{"coordinates":[[82.9739,25.3176],[85.3096,23.3441]],"type":"LineString"},"properties":{"id":"nhai_geoserver-bc33c20c4090925d","title":"Construction of 6 lane Greenfield Varanasi- Ranchi -Kolkata Highway from Sijumakhna Village to Nayada Village(from Km 439+040 to Km 491+200) section NH-319B(Package-15)","sector":"road","status":"tendered","is_blocked":false}},{"type":"Feature","geometry":{"coordinates":[[78.65346,17.43146],[78.93802,17.53618]],"type":"LineString"},"properties":{"id":"nhai_geoserver-cf9a704ad95d13af","title":"Hyderabad-Yadagiri","sector":"road","status":"commissioned","is_blocked":false}},{"type":"Feature","geometry":{"coordinates":[[82.9739,25.3176],[85.3096,23.3441]],"type":"LineString"},"properties":{"id":"nhai_geoserver-e5ac0507d490faf5","title":"6 Lane Greenfield Varanasi- Ranchi- Kolkata Highway from Donoreshan village to junction with  NH-20 in Bongabar village from km 288.600 to km 325.500 (Pkg -11)","sector":"road","status":"under_construction","is_blocked":false}},{"type":"Feature","geometry":{"coordinates":[[82.9739,25.3176],[85.3096,23.3441]],"type":"LineString"},"properties":{"id":"nhai_geoserver-e68a0dd655589166","title":"6 Lane Greenfield Varanasi- Ranchi- Kolkata Highway from Deoria village to Donoreshan village from km 253.000 to km 288.600  (Pkg -10)","sector":"road","status":"under_construction","is_blocked":false}},{"type":"Feature","geometry":{"coordinates":[[82.9739,25.3176],[85.3096,23.3441]],"type":"LineString"},"properties":{"id":"nhai_geoserver-adf95a9f4b8f51b3","title":"6 Lane Greenfield Varanasi- Ranchi- Kolkata Highway from Chatra to junction with NH- 100 in Deoria village from km 222.000 to km 253.000 (Pkg -9)","sector":"road","status":"under_construction","is_blocked":false}},{"type":"Feature","geometry":{"coordinates":[[82.9739,25.3176],[85.3096,23.3441]],"type":"LineString"},"properties":{"id":"nhai_geoserver-85b044fb031d6ef2","title":"6L Greenfield Varanasi- Ranchi- Kolkata Highway from Sonepurbigha village to junction with NH- 22( Chatra Bypass) near Chatra from km 184.700 to km 222.000(Pkg -8)","sector":"road","status":"under_construction","is_blocked":false}},{"type":"Feature","geometry":{"coordinates":[[82.9739,25.3176],[85.3096,23.3441]],"type":"LineString"},"properties":{"id":"nhai_geoserver-702237f9441175ce","title":"6L Greenfield Varanasi- Ranchi- Kolkata Highway from junction with  NH-20 in Bongabar village to junction with NH-30 in Lepo village from km 325.500 to km 358.500  (Pkg -12)","sector":"road","status":"under_construction","is_blocked":false}},{"type":"Feature","geometry":{"coordinates":[[82.9739,25.3176],[85.3096,23.3441]],"type":"LineString"},"properties":{"id":"nhai_geoserver-c6ad83f6d30868ba","title":"6L Greenfield Varanasi- Ranchi- Kolkata Highway from junction  with  NH-320 in Lepo  village to Kamlapur village(JH/WB border)  from km 358.500 to km 387.200 (Pkg -13)","sector":"road","status":"under_construction","is_blocked":false}},{"type":"Feature","geometry":{"coordinates":[[75.985261,24.781687],[76.255339,24.493542]],"type":"LineString"},"properties":{"id":"nhai_geoserver-c853a017c89d59cb","title":"4 Lane from Km 299.000 to 346.540 (Darah-Jhalawar-Teendhar section) of NH-12.","sector":"road","status":"commissioned","is_blocked":false}},{"type":"Feature","geometry":{"coordinates":[[75.793771,23.213292],[76.15173,24.28472]],"type":"LineString"},"properties":{"id":"nhai_geoserver-d9211e3469bd1174","title":"2L PS of Ujjain - Jhalawar (upto RJ Border) from Km. -0.620 to Km. 132.955 of NH-552G","sector":"road","status":"commissioned","is_blocked":false}},{"type":"Feature","geometry":{"coordinates":[[86.406092,22.655584],[86.406126,22.655552]],"type":"LineString"},"properties":{"id":"nhai_geoserver-0993f0d4ebfc6f6f","title":"4L of Mahulia (km 277.500) to Baharagora (km 333.500) of NH-33 and Baharagora (km 199.200) to Chichira (km. 183.587) of NH-06","sector":"road","status":"commissioned","is_blocked":false}},{"type":"Feature","geometry":{"coordinates":[[85.431848,23.445146],[85.418247,23.275169]],"type":"LineString"},"properties":{"id":"nhai_geoserver-cd2bd137cd7461fd","title":"Balance work of Ranchi-Mahulia Section of NH-33 from Km 113.730 (Vikas) to Km 140.000 (Rampur) (Pkg-I)","sector":"road","status":"commissioned","is_blocked":false}},{"type":"Feature","geometry":{"coordinates":[[85.417599,24.305586],[85.565023,24.58468]],"type":"LineString"},"properties":{"id":"nhai_geoserver-e6567f1c13b3e811","title":"4L of Koderma-Meghatari section from Km 27.00 to Km 47.00 of NH-20","sector":"road","status":"tendered","is_blocked":false}},{"type":"Feature","geometry":{"coordinates":[[85.418429,23.275132],[85.996122,22.965742]],"type":"LineString"},"properties":{"id":"nhai_geoserver-e1ba964c91cbebed","title":"Balance work of Ranchi-Mahulia Section of NH-33 from Km 140.000 (Rampur) to Km 217.300 (Chowka) (Pkg-II)","sector":"road","status":"commissioned","is_blocked":false}},{"type":"Feature","geometry":{"coordinates":[[76.986059,29.33091],[76.681181,28.85397]],"type":"LineString"},"properties":{"id":"nhai_geoserver-38a8ad846255c538","title":"Rohtak-Panipat Section of NH-71A from Km. 0.00 to Km. 80.858","sector":"road","status":"cancelled","is_blocked":true}},{"type":"Feature","geometry":{"coordinates":[[86.113081,22.892352],[86.405924,22.655467]],"type":"LineString"},"properties":{"id":"nhai_geoserver-952de47078fa50f0","title":"Balance work of Ranchi-Mahulia Section of NH-33 from Km 233.350 (Saharbeda) to Km 277.568 (Mahulia) (Package -IV)","sector":"road","status":"commissioned","is_blocked":false}},{"type":"Feature","geometry":{"coordinates":[[84.913419,25.581672],[85.219553,25.444222]],"type":"LineString"},"properties":{"id":"nhai_geoserver-3095c687a067f8c3","title":"6L of Kanhauli - Ramnagar (Patna Ring Road PKG-I)  from Km 0.000 to Km 39.160 of SH-78/ new NH-131G","sector":"road","status":"commissioned","is_blocked":false}},{"type":"Feature","geometry":{"coordinates":[[84.673683,24.611789],[84.9902,25.0093]],"type":"LineString"},"properties":{"id":"nhai_geoserver-d74bd067fe41ced5","title":"4L Greenfield Alignment  of Amas to Shivrampur from 0.000 Km. to 55.002 Km. of NH 119 D (Pkg-I)","sector":"road","status":"under_construction","is_blocked":false}},{"type":"Feature","geometry":{"coordinates":[[84.9902,25.0093],[85.209503,25.446444]],"type":"LineString"},"properties":{"id":"nhai_geoserver-902cb5ad0e416b99","title":"4L Greenfield Alignment of Shivrampur  to Ramnagar from Km. 55.002 to Km. 109.300 of NH 119 D (Pkg-II)","sector":"road","status":"under_construction","is_blocked":false}},{"type":"Feature","geometry":{"coordinates":[[85.380925,25.688051],[85.750227,25.889144]],"type":"LineString"},"properties":{"id":"nhai_geoserver-9d46f94c0cfe250f","title":"4L  Greenfield Alignment from Kalyanapur to Tal Dashraha of NH-119D (Pkg-III)","sector":"road","status":"under_construction","is_blocked":false}},{"type":"Feature","geometry":{"coordinates":[[85.75022,25.888301],[85.937063,26.186019]],"type":"LineString"},"properties":{"id":"nhai_geoserver-c4e1f1be3ff820b2","title":"4L of Greenfield Alignment from Km. 47.000 to Km. 89.210 of  Balbhadarpur to Bela Nawda Section  of NH-119D","sector":"road","status":"under_construction","is_blocked":false}},{"type":"Feature","geometry":{"coordinates":[[76.282913,28.116151],[76.154141,28.071514]],"type":"LineString"},"properties":{"id":"nhai_geoserver-e9b848e67922a1d3","title":"Narnaul Bypass & Ateli Mandi to Narnaul section of NH-11 km 43.445 to km 56.900","sector":"road","status":"commissioned","is_blocked":false}},{"type":"Feature","geometry":{"coordinates":[[76.566306,28.194276],[76.282913,28.116151]],"type":"LineString"},"properties":{"id":"nhai_geoserver-392936ea34710b06","title":"Upgradation of 4 lane of Rewari-Ateli Mandi Section of NH-11 from Km11.780 to Rewari to Ex. Km 43.445 near Ateli Mandi","sector":"road","status":"commissioned","is_blocked":false}},{"type":"Feature","geometry":{"coordinates":[[78.585033,10.879047],[78.054629,10.929189]],"type":"LineString"},"properties":{"id":"nhai_geoserver-9b64501124b24696","title":"Trichy (135.800) to Karur (218.000) section of NH-67 - Trichy Bypass","sector":"road","status":"commissioned","is_blocked":false}},{"type":"Feature","geometry":{"coordinates":[[77.98434,9.812017],[77.752156,9.612335]],"type":"LineString"},"properties":{"id":"nhai_geoserver-75f986481a40ed55","title":"4L of Thirumangalam to Vadugapatti section from km 0.000 to km 36.000 of NH-744","sector":"road","status":"under_construction","is_blocked":false}},{"type":"Feature","geometry":{"coordinates":[[78.153131,8.758501],[77.763817,8.715304]],"type":"LineString"},"properties":{"id":"nhai_geoserver-eb851300454fd488","title":"Tuticorin - Tirunelveli from km. 0.00 to km. 47.250","sector":"road","status":"commissioned","is_blocked":false}},{"type":"Feature","geometry":{"coordinates":[[79.5565,17.16062],[80.0647,17.2366]],"type":"LineString"},"properties":{"id":"nhai_geoserver-ab8985f685fb84aa","title":"4L of Suryapet to Khamam from Km. 0.420 to Km.59.046 of NH 365BB","sector":"road","status":"commissioned","is_blocked":false}},{"type":"Feature","geometry":{"coordinates":[[80.59545,17.234887],[80.358398,17.17366]],"type":"LineString"},"properties":{"id":"nhai_geoserver-9cd59e248d1081d4","title":"Khammam-Devarapalle Pkg I [4L  Access Controlled (Greenfield) from Thallampadu village to Somavaram village (Design Chainage 0+000 to 33+604)]","sector":"road","status":"under_construction","is_blocked":false}},{"type":"Feature","geometry":{"coordinates":[[80.358398,17.17366],[80.633065,17.1492]],"type":"LineString"},"properties":{"id":"nhai_geoserver-7e404e92c02a5f55","title":"Khammam-Devarapalle Pkg II [4L Access Controlled (Greenfield) from Somavaram village to Chintagudem village (Design Chainage 33+604 to 63+117)]","sector":"road","status":"under_construction","is_blocked":false}},{"type":"Feature","geometry":{"coordinates":[[80.633065,17.1492],[81.016541,17.114926]],"type":"LineString"},"properties":{"id":"nhai_geoserver-c09d4af8bed16ae9","title":"Khammam-Devarapalle Pkg III [4L Access Controlled (Greenfield) from Chintagudem village to Recherla village (Design Chainage 63+117 to 105+236)]","sector":"road","status":"under_construction","is_blocked":false}},{"type":"Feature","geometry":{"coordinates":[[81.01526,17.11508],[81.26789,17.0782]],"type":"LineString"},"properties":{"id":"nhai_geoserver-16e568a07cc0d4e1","title":"Khammam-Devarapalle Pkg IV [4L Access Controlled (Greenfield) from Recherla village to Gurvaygudem village (Design Chainage 105+236 to 132+664)]","sector":"road","status":"commissioned","is_blocked":false}},{"type":"Feature","geometry":{"coordinates":[[81.26789,17.0782],[81.534492,17.045421]],"type":"LineString"},"properties":{"id":"nhai_geoserver-af5f811d3f0c6246","title":"Khammam-Devarapalle Pkg V [4L Access Controlled (Greenfield) from Gurvaygudem village to Devarapalle village (Design Chainage 132+664 to 162+126)","sector":"road","status":"commissioned","is_blocked":false}},{"type":"Feature","geometry":{"coordinates":[[76.820953,30.655042],[76.438474,30.34525]],"type":"LineString"},"properties":{"id":"nhai_geoserver-e4d248cd2454af18","title":"Rehabilitation and Up-Gradation of 4L Zirakpur to Patiala Section from  Km 0.000 to Km 50.000 of NH-64 (New NH-7)","sector":"road","status":"commissioned","is_blocked":false}},{"type":"Feature","geometry":{"coordinates":[[75.894526,30.246453],[75.568974,30.30359]],"type":"LineString"},"properties":{"id":"nhai_geoserver-28e0f9609cfb9262","title":"Operation and Maintenance of 4L PS  from Km 110.720 to Km 123.900 (Sangrur bypass) and from km 144.900 to Km 149.960 (Dhanaula Bypass) of NH-64( New NH 7)","sector":"road","status":"commissioned","is_blocked":false}},{"type":"Feature","geometry":{"coordinates":[[75.85553,30.220984],[76.024369,30.005676]],"type":"LineString"},"properties":{"id":"nhai_geoserver-6ed84328fc99becb","title":"Operation and Maintenance of 4L PS of Sangrur to Dogal Kalan section  from km 181.805 to km 211.390 of NH-71 (new NH-52)","sector":"road","status":"commissioned","is_blocked":false}},{"type":"Feature","geometry":{"coordinates":[[75.803141,30.249867],[75.344625,30.285172]],"type":"LineString"},"properties":{"id":"nhai_geoserver-cfe709fcf0c99121","title":"End of Sangrur Bypass to Tapa  from design Chainage 123.900 to 144.900 & 149.960 to175.000 section of NH-64 (New NH No-7)","sector":"road","status":"commissioned","is_blocked":false}},{"type":"Feature","geometry":{"coordinates":[[85.220435,25.706901],[85.377143,26.081197]],"type":"LineString"},"properties":{"id":"nhai_geoserver-5269fd33f130b03f","title":"4L of Hajipur-Muzaffarpur Section of the existing NH-77  from Km. 0+000 (Ramashish Chowk) to Km. 46+300 and new bypass starting at Km. 46+300 and connecting NH-28 of E-W Corridor at Km. 515+045","sector":"road","status":"under_construction","is_blocked":false}},{"type":"Feature","geometry":{"coordinates":[[85.359557,26.139338],[86.02784,25.447066]],"type":"LineString"},"properties":{"id":"nhai_geoserver-0fb7a2a9bfe5455e","title":"2 laning with PS of Muzaffarpur-Barauni","sector":"road","status":"unknown","is_blocked":false}},{"type":"Feature","geometry":{"coordinates":[[85.417865,24.305847],[85.575674,24.454773]],"type":"LineString"},"properties":{"id":"nhai_geoserver-979b1bc135dcd9b2","title":"Barhi-Koderma Section of NH31 km 0.00 - km 27.5","sector":"road","status":"under_construction","is_blocked":false}},{"type":"Feature","geometry":{"coordinates":[[80.77785,24.90944],[80.792805,24.263138]],"type":"LineString"},"properties":{"id":"nhai_geoserver-8c222a0abcaa348a","title":"2L PS of Satna - Maihar Section of NH-135BG from Km 80.800 to Km 120.125","sector":"road","status":"commissioned","is_blocked":false}},{"type":"Feature","geometry":{"coordinates":[[74.730579,19.078157],[74.746375,19.097249]],"type":"LineString"},"properties":{"id":"nhai_geoserver-8a043aea9b7cd87d","title":"4L Elevated Structure (Flyover) from Sakkar Chowk to SB Chowk on Pune - Aurangabad Road in Ahmednagar city","sector":"road","status":"commissioned","is_blocked":false}},{"type":"Feature","geometry":{"coordinates":[[80.945608,26.767976],[81.252056,26.212773]],"type":"LineString"},"properties":{"id":"nhai_geoserver-4c8c898d2950d799","title":"Lucknow - Raibareili","sector":"road","status":"commissioned","is_blocked":false}},{"type":"Feature","geometry":{"coordinates":[[81.246713,26.236833],[81.817776,25.541376]],"type":"LineString"},"properties":{"id":"nhai_geoserver-94fc69ce25e213d3","title":"Raebareli (Km. 82.000) to Allahabad ( Km. 188.600) of NH-24B in Uttar Pradesh","sector":"road","status":"cancelled","is_blocked":true}},{"type":"Feature","geometry":{"coordinates":[[78.352755,10.026879],[78.734114,10.083687]],"type":"LineString"},"properties":{"id":"nhai_geoserver-a2d7a178b5bddafa","title":"Melur - Pilayarpatti - Karaikudi from km 99.920 of NH 38 to km 12.9 of NH 383 Ext.","sector":"road","status":"under_construction","is_blocked":false}},{"type":"Feature","geometry":{"coordinates":[[79.104906,10.736401],[78.788217,10.415745]],"type":"LineString"},"properties":{"id":"nhai_geoserver-6852270cbf453bd4","title":"Thanjavur - Pudukkottai section of NH 226 from Km.0/000 to Km.55/228","sector":"road","status":"commissioned","is_blocked":false}},{"type":"Feature","geometry":{"coordinates":[[80.52125,16.58931],[80.618654,17.128359]],"type":"LineString"},"properties":{"id":"nhai_geoserver-5fdfb478a954cfdb","title":"4L PS Mydukur - Badvel from Km 585.820 to Km 630.960 of NH-67","sector":"road","status":"under_construction","is_blocked":false}},{"type":"Feature","geometry":{"coordinates":[[74.528503,30.151154],[74.672393,29.992044]],"type":"LineString"},"properties":{"id":"nhai_geoserver-a0fd50fc39083f24","title":"4L of Malout-Mandi Dabwali section (Pkg-01) [Danewala at km 7.000 to Mandi Dabwali at km 29.500] of NH-09","sector":"road","status":"commissioned","is_blocked":false}},{"type":"Feature","geometry":{"coordinates":[[77.402443,29.2701],[77.61255,29.5406]],"type":"LineString"},"properties":{"id":"nhai_geoserver-551b62342b658917","title":"4L PS of Meerut to after Bridge over River Yamuna, Haryana via Shamli-from km. 0.00 to km. 88.476 of NH-709A","sector":"road","status":"commissioned","is_blocked":false}},{"type":"Feature","geometry":{"coordinates":[[78.058888,28.78222],[77.736388,28.915]],"type":"LineString"},"properties":{"id":"nhai_geoserver-ac3bc99d89a9c3af","title":"Garhmukteshwar (km. 83.200 of NH-24) to Meerut (km. 9.860 of NH-235) including connector to NH-119","sector":"road","status":"cancelled","is_blocked":true}},{"type":"Feature","geometry":{"coordinates":[[77.77818,29.022988],[77.712326,29.117323]],"type":"LineString"},"properties":{"id":"nhai_geoserver-701e52da889a379b","title":"4L Spur of Meerut-Garh-Mukteshwar section connecting NH-119 and NH-58 bypassing Meerut Town of NH 709 A","sector":"road","status":"under_construction","is_blocked":false}},{"type":"Feature","geometry":{"coordinates":[[75.97229,22.88393],[75.900356,22.643787]],"type":"LineString"},"properties":{"id":"nhai_geoserver-0e4bd642fb4fb315","title":"Itarsi (Km. 63.000) to Betul (Km. 137.000) of NH-69 in Madhya Pradesh","sector":"road","status":"under_construction","is_blocked":false}},{"type":"Feature","geometry":{"coordinates":[[75.991885,22.909432],[75.806006,23.107567]],"type":"LineString"},"properties":{"id":"nhai_geoserver-7e65d0997f50de39","title":"Obaidullaganj Km. 2.800 to Km. 8.300 and Km. 20.700 to Itarsi Km. 63.000 of NH-69 in Madhya Pradesh","sector":"road","status":"commissioned","is_blocked":false}},{"type":"Feature","geometry":{"coordinates":[[75.14067,30.826148],[74.983654,30.477494]],"type":"LineString"},"properties":{"id":"nhai_geoserver-b68d1c5e11854a85","title":"Moga - Bagha Purana - Bajakhana from km. 0.00 to km. 43.32","sector":"road","status":"under_construction","is_blocked":false}},{"type":"Feature","geometry":{"coordinates":[[78.856111,18.806389],[79.193294,18.471286]],"type":"LineString"},"properties":{"id":"nhai_geoserver-baea80f7135fe9d6","title":"Jagtial - Karimnagar","sector":"road","status":"tendered","is_blocked":false}},{"type":"Feature","geometry":{"coordinates":[[79.193294,18.471286],[79.554297,18.039511]],"type":"LineString"},"properties":{"id":"nhai_geoserver-d972b97d75b46363","title":"4L of Karimnagar-Warangal section from km 49.500 to km 117.820 of NH-563","sector":"road","status":"under_construction","is_blocked":false}},{"type":"Feature","geometry":{"coordinates":[[77.849294,19.095122],[78.346581,19.087299]],"type":"LineString"},"properties":{"id":"nhai_geoserver-31c99f1c623bdf11","title":"Kalyan to Nirmal Section from km. 615.00 to km. 668.60","sector":"road","status":"commissioned","is_blocked":false}},{"type":"Feature","geometry":{"coordinates":[[84.9268,26.55163],[84.83852,27.00859]],"type":"LineString"},"properties":{"id":"nhai_geoserver-73819129a74fcc9d","title":"Balance Work of Piprakothi-Motihari-Raxaul on NH-28A","sector":"road","status":"commissioned","is_blocked":false}},{"type":"Feature","geometry":{"coordinates":[[74.910334,30.847258],[74.674945,30.905168]],"type":"LineString"},"properties":{"id":"nhai_geoserver-6e1437c1709dc0f8","title":"Talwandi - Ferozepur","sector":"road","status":"commissioned","is_blocked":false}},{"type":"Feature","geometry":{"coordinates":[[75.334415,27.223839],[75.120624,27.343837]],"type":"LineString"},"properties":{"id":"nhai_geoserver-277b284b1ead2729","title":"Reengus-Sikar Section of NH-52","sector":"road","status":"commissioned","is_blocked":false}},{"type":"Feature","geometry":{"coordinates":[[78.947687,17.543831],[79.637593,18.035267]],"type":"LineString"},"properties":{"id":"nhai_geoserver-d3d9e8f5b52f9da3","title":"Yadagiri (km 54.000) to Warangal (km 150.000) of NH-163 in Telengana","sector":"road","status":"commissioned","is_blocked":false}},{"type":"Feature","geometry":{"coordinates":[[75.991885,22.909433],[75.805897,23.107576]],"type":"LineString"},"properties":{"id":"nhai_geoserver-b92a47194c6ac88f","title":"4L of Dewas - Ujjain from km. 0.0 to km. 19.76 of Old SH 18 (New 752D) including Ujjain Bypass (Km. 19.76 to km. 26.9) & Dewas Bypass (Km. 0.00 to km. 14.52)","sector":"road","status":"commissioned","is_blocked":false}},{"type":"Feature","geometry":{"coordinates":[[77.640636,28.968517],[77.197637,28.986437]],"type":"LineString"},"properties":{"id":"nhai_geoserver-425d33297b92aaf4","title":"2L of HR/UP Border - Baghpat - Meerut from km. 0.00 to km. 41.36 & from km. 45.84 to km. 48.26","sector":"road","status":"commissioned","is_blocked":false}},{"type":"Feature","geometry":{"coordinates":[[78.0081,27.1767],[78.088,27.8974]],"type":"LineString"},"properties":{"id":"nhai_geoserver-00a3982572c85fcc","title":"Four laning of Agra-Aligarh Section from Km. 28.000 (near Asroi village in Hathras of NH-509) to Km. 64.900 Junction with Yamuna Expressway (Km 151.50)","sector":"road","status":"awarded","is_blocked":false}},{"type":"Feature","geometry":{"coordinates":[[78.0081,27.1767],[78.088,27.8974]],"type":"LineString"},"properties":{"id":"nhai_geoserver-9b38c31c72578ecf","title":"Four laning of Agra-Aligarh Section from Km. 0.000 (Junction of NH-34 Aligarh Km 144.60) to Km. 28.000 near Asroi village in Hathras of NH-509 Package-I","sector":"road","status":"under_construction","is_blocked":false}},{"type":"Feature","geometry":{"coordinates":[[79.385,12.918333],[79.176111,13.049722]],"type":"LineString"},"properties":{"id":"nhai_geoserver-d7d285624d6b0105","title":"Walajahpet/Ranipet to TN/AP Border Section of from Km.106.800 to  Km.133.36 NH-4","sector":"road","status":"under_construction","is_blocked":false}},{"type":"Feature","geometry":{"coordinates":[[76.986834,29.326788],[77.295097,29.411178]],"type":"LineString"},"properties":{"id":"nhai_geoserver-2cf37ecc7da47bc6","title":"Panipat - Shamli","sector":"road","status":"commissioned","is_blocked":false}},{"type":"Feature","geometry":{"coordinates":[[74.887279,30.235364],[74.488868,30.204068]],"type":"LineString"},"properties":{"id":"nhai_geoserver-3abd2d3ac92f3816","title":"Bhatinda - Malout from km. 0.00 to km. 38.642","sector":"road","status":"commissioned","is_blocked":false}},{"type":"Feature","geometry":{"coordinates":[[77.34,29.461],[77.72,29.52]],"type":"LineString"},"properties":{"id":"nhai_geoserver-94864605c4e248dc","title":"Shamli - Muzzafarnagar","sector":"road","status":"commissioned","is_blocked":false}},{"type":"Feature","geometry":{"coordinates":[[79.075982,13.143949],[79.434704,13.309982]],"type":"LineString"},"properties":{"id":"nhai_geoserver-2ed5ccfb1e8ad3c4","title":"6L of Varadharajula to Kumarajapet from km 0.000 to km 43.800 of NH-716B (Pkg-I)","sector":"road","status":"commissioned","is_blocked":false}},{"type":"Feature","geometry":{"coordinates":[[80.099426,14.19644],[80.070389,14.263196]],"type":"LineString"},"properties":{"id":"nhai_geoserver-1ebf6ed9f1b78862","title":"6L of Kumarajapet to Veera Kaveri Raja Puram from km 43.800 to km 61.380 of NH-716B (Pkg-II)","sector":"road","status":"under_construction","is_blocked":false}},{"type":"Feature","geometry":{"coordinates":[[84.605298,25.566263],[84.184267,25.319546]],"type":"LineString"},"properties":{"id":"nhai_geoserver-3971f2d649f377be","title":"Ara - Mohania (Pkg-I)","sector":"road","status":"commissioned","is_blocked":false}},{"type":"Feature","geometry":{"coordinates":[[84.184267,25.319546],[83.632715,25.158861]],"type":"LineString"},"properties":{"id":"nhai_geoserver-d63e464cfe10daad","title":"Ara - Mohania (Pkg-II)","sector":"road","status":"commissioned","is_blocked":false}},{"type":"Feature","geometry":{"coordinates":[[74.446052,30.201495],[73.900093,29.969953]],"type":"LineString"},"properties":{"id":"nhai_geoserver-945c4b8212f51df4","title":"Malout - Abohar - Sadhuwali","sector":"road","status":"commissioned","is_blocked":false}},{"type":"Feature","geometry":{"coordinates":[[85.382886,24.186714],[85.375463,23.965812]],"type":"LineString"},"properties":{"id":"nhai_geoserver-18b2c032124e78c5","title":"Barhi (Km 0.000 ) to Hazaribagh (40.500) of NH-33 in Jharkhand","sector":"road","status":"commissioned","is_blocked":false}},{"type":"Feature","geometry":{"coordinates":[[78.136809,9.939508],[78.149379,9.998813]],"type":"LineString"},"properties":{"id":"nhai_geoserver-10950e243a32416b","title":"4L of Madurai to Chettikulam from km.0.00 to km 7.30 of NH-785","sector":"road","status":"commissioned","is_blocked":false}},{"type":"Feature","geometry":{"coordinates":[[80.196803,12.634364],[80.092364,12.396694]],"type":"LineString"},"properties":{"id":"nhai_geoserver-8e190cbc35ce773e","title":"Mahabalipuram - Pondicherry (Pkg-I) [Mamallapuram to Mugaiyur]","sector":"road","status":"under_construction","is_blocked":false}},{"type":"Feature","geometry":{"coordinates":[[80.092364,12.396694],[79.944661,12.189181]],"type":"LineString"},"properties":{"id":"nhai_geoserver-72478ce71d8301b1","title":"Mahabalipuram - Pondicherry (Pkg-II) [Mugaiyur to Marakkanam]","sector":"road","status":"under_construction","is_blocked":false}},{"type":"Feature","geometry":{"coordinates":[[76.795114,30.37936],[76.82967,30.66054]],"type":"LineString"},"properties":{"id":"nhai_geoserver-00021f30917b1683","title":"Ambala - Chandigarh from km. 5.735 to km. 39.960 of Old NH-22 and km. 0.000 to km. 0.870 of Old NH-21","sector":"road","status":"commissioned","is_blocked":false}},{"type":"Feature","geometry":{"coordinates":[[76.88255,30.822155],[76.716333,31.04375]],"type":"LineString"},"properties":{"id":"nhai_geoserver-e373d0281192a03a","title":"4L of End of Pinjore Bypass - Baddi - Nalagarh section (km. 4.200 to km. 35.370) of NH-21A","sector":"road","status":"unknown","is_blocked":false}},{"type":"Feature","geometry":{"coordinates":[[74.02,19.81],[74.47,19.8]],"type":"LineString"},"properties":{"id":"nhai_geoserver-c047cb03af6276a9","title":"Sinnar-Shirdi (including Sinnar Bypass)","sector":"road","status":"commissioned","is_blocked":false}},{"type":"Feature","geometry":{"coordinates":[[73.860531,25.028586],[74.562225,25.306896]],"type":"LineString"},"properties":{"id":"nhai_geoserver-71f5f0547906af88","title":"Rajsamand-Bhilwara","sector":"road","status":"commissioned","is_blocked":false}},{"type":"Feature","geometry":{"coordinates":[[74.305163,15.360165],[74.17204,15.25484]],"type":"LineString"},"properties":{"id":"nhai_geoserver-4858f40028c41089","title":"Aurad - Bidar Km 0.00 to Km 45.878","sector":"road","status":"commissioned","is_blocked":false}},{"type":"Feature","geometry":{"coordinates":[[79.480376,28.432219],[79.724568,28.931542]],"type":"LineString"},"properties":{"id":"nhai_geoserver-76431c9c95a1c9d1","title":"4L of Bareilly-Pilibhit-Sitarganj from Km. 0.000 to Km. 32.500 of NH-30 (Pkg-1)","sector":"road","status":"under_construction","is_blocked":false}},{"type":"Feature","geometry":{"coordinates":[[81.5021,25.2414],[81.44,25.0251]],"type":"LineString"},"properties":{"id":"nhai_geoserver-b5aa64d7bbead9b9","title":"4L PS of Prayagraj to UP/MP Border section of NH-27 (New NH-30) from Km. 4.285 to Km 45.627","sector":"road","status":"commissioned","is_blocked":false}},{"type":"Feature","geometry":{"coordinates":[[75.640395,30.965896],[76.01994,30.948612]],"type":"LineString"},"properties":{"id":"nhai_geoserver-479c19279cfda052","title":"4/6L Greenfield Ludhiana– Rupnagar highway from Jn. with NE-5 village near to Manewal(Ludhiana) to Jn. with NH-205 near Bheora Village (Rupnagar) from Km. 0.00 to Km. 37.7 including spur to Kharar with Ludhiana bypass of NH-205K (Pkg-1)","sector":"road","status":"under_construction","is_blocked":false}},{"type":"Feature","geometry":{"coordinates":[[76.01994,30.948612],[76.011154,30.803762]],"type":"LineString"},"properties":{"id":"nhai_geoserver-daf9cbd5977425f6","title":"4/6L Greenfield Ludhiana–Rupnagar Highway from Jn. with NE-5 village near to Manewal (Ludhiana) to Jn. with NH-205 near Bheora Village (Rupnagar) from Km 37.7 to Km 66.0 i/c spur to Kharar with Ludhiana bypass from Km 0.0 to Km 18.5 of NH-205K(Pkg-2)","sector":"road","status":"cancelled","is_blocked":true}},{"type":"Feature","geometry":{"coordinates":[[78.218947,10.239186],[78.381858,10.370494]],"type":"LineString"},"properties":{"id":"nhai_geoserver-b7c39d41c31c14f3","title":"4L of Natham - Thuvarankurichi from km. 36.69 to km. 61.115 of NH-785E","sector":"road","status":"commissioned","is_blocked":false}},{"type":"Feature","geometry":{"coordinates":[[75.773611,31.172778],[75.96,31.521667]],"type":"LineString"},"properties":{"id":"nhai_geoserver-9dd621a5ae2663a4","title":"4L of Phagwara - Hoshiarpur","sector":"road","status":"under_construction","is_blocked":false}},{"type":"Feature","geometry":{"coordinates":[[76.33812,29.255283],[76.607097,28.937533]],"type":"LineString"},"properties":{"id":"nhai_geoserver-c140cb73e99b4d01","title":"Four Laning of Rohtak Jind Section from Km 307.000 to Km 347.800 of NH71 and connecting link from Km 347.800 of NH71 to Km 9.400 of NH71A (balance work) (left out in NHDP)","sector":"road","status":"commissioned","is_blocked":false}},{"type":"Feature","geometry":{"coordinates":[[76.941383,30.573208],[76.872867,30.69958]],"type":"LineString"},"properties":{"id":"nhai_geoserver-0b32604b6a1f5637","title":"Four Laning of Yamunanagar - Panchkula Section of Old NH 73 (Pkg - 3) from km. 160.357 to km. 179.248","sector":"road","status":"commissioned","is_blocked":false}},{"type":"Feature","geometry":{"coordinates":[[77.038457,30.271214],[76.941383,30.573208]],"type":"LineString"},"properties":{"id":"nhai_geoserver-adf1b6421792174c","title":"Yamunanagar - Saha - Barwala - Panchkula Section from km 115.400 to km 157.192 (Package - 2)","sector":"road","status":"commissioned","is_blocked":false}},{"type":"Feature","geometry":{"coordinates":[[76.667548,30.090758],[76.870189,30.196508]],"type":"LineString"},"properties":{"id":"nhai_geoserver-cb8c7fcde6bf9c3d","title":"4L (Greenfield) Jalbhera – Shahbad section from km. 0.000 to km. 22.850 of NH-152G","sector":"road","status":"under_construction","is_blocked":false}},{"type":"Feature","geometry":{"coordinates":[[74.034573,20.209874],[73.674904,19.828401]],"type":"LineString"},"properties":{"id":"nhai_geoserver-1a0efbe2c9c7f40e","title":"JNPT Package 1 Km 3.600 to 6.073 of NH-4B and from Km 5.300 to Km 7.422 of NH-348 (old SH-54) in Maharashtra","sector":"road","status":"commissioned","is_blocked":false}},{"type":"Feature","geometry":{"coordinates":[[73.084454,18.981646],[72.997561,18.897219]],"type":"LineString"},"properties":{"id":"nhai_geoserver-6df1f3a485b3308f","title":"JNPT Package 2 Gavanphata Interchange from 14.740 to Km 15.894 ( Old SH -54)","sector":"road","status":"commissioned","is_blocked":false}},{"type":"Feature","geometry":{"coordinates":[[73.035739,18.966675],[73.032025,18.950294]],"type":"LineString"},"properties":{"id":"nhai_geoserver-f75eaa2645c7c554","title":"JNPT Package 3 from Km-7.422-Km-13.160 and Amra Marg from Km-0.000-Km-5.360","sector":"road","status":"commissioned","is_blocked":false}},{"type":"Feature","geometry":{"coordinates":[[73.106391,19.017399],[73.13732,18.966987]],"type":"LineString"},"properties":{"id":"nhai_geoserver-719edcd4efdd6740","title":"JNPT Package 4 FROM KM 21.200 TO KM 27.270 (D TO E SECTION) AND FROM KM 0.000 TO KM 4.492 (D TO G SECTION)","sector":"road","status":"commissioned","is_blocked":false}},{"type":"Feature","geometry":{"coordinates":[[88.084693,22.060081],[88.0867,22.04674]],"type":"LineString"},"properties":{"id":"nhai_geoserver-5f8d608323aa022d","title":"ROB cum Flyover at Ranichak, Haldia","sector":"road","status":"commissioned","is_blocked":false}},{"type":"Feature","geometry":{"coordinates":[[87.860651,22.435174],[88.084693,22.060081]],"type":"LineString"},"properties":{"id":"nhai_geoserver-6795d86d16537cce","title":"Kolaghat-Haldia from km. 0.00 to km. 53.72 including ROB cum Flyover from km. 52.08 to km. 53.472","sector":"road","status":"commissioned","is_blocked":false}},{"type":"Feature","geometry":{"coordinates":[[84.93469,26.54984],[84.5258,26.1834]],"type":"LineString"},"properties":{"id":"nhai_geoserver-31290baab6083a21","title":"4L PS under NH configuration of Manikpur-Sahebganj of NH-139W","sector":"road","status":"under_construction","is_blocked":false}},{"type":"Feature","geometry":{"coordinates":[[74.552811,31.142464],[74.803183,31.521112]],"type":"LineString"},"properties":{"id":"nhai_geoserver-97592f11d10f8064","title":"2L PS/4L of Khemkaran to Gurdaspur (Package-II) [Khemkaran to start of Amritsar Bypass] from km. 22.673 to km. 71.496","sector":"road","status":"commissioned","is_blocked":false}},{"type":"Feature","geometry":{"coordinates":[[74.815104,31.708891],[74.920217,31.973287]],"type":"LineString"},"properties":{"id":"nhai_geoserver-877aeb25ade3e874","title":"Amritsar(airport Junction) - Ramdas from km. 100.835 to km. 139.813 (Pkg - IV)","sector":"road","status":"under_construction","is_blocked":false}},{"type":"Feature","geometry":{"coordinates":[[74.920217,31.973287],[75.383824,32.021327]],"type":"LineString"},"properties":{"id":"nhai_geoserver-323c097b2ff5b562","title":"2L PS/4L of Khemkaran to Gurdaspur (Package-V) [Ramdas to Gurdaspur] km 140.00 - km 187.492 and 4.19 km CoS (Kartarpur Corridor)","sector":"road","status":"commissioned","is_blocked":false}},{"type":"Feature","geometry":{"coordinates":[[74.808208,31.518766],[74.815104,31.708891]],"type":"LineString"},"properties":{"id":"nhai_geoserver-e66269ce78039e9e","title":"Amritsar Bypass (Pkg III) from km. 71.496 to km. 105.158","sector":"road","status":"under_construction","is_blocked":false}},{"type":"Feature","geometry":{"coordinates":[[70.785736,25.71625],[71.680805,25.014948]],"type":"LineString"},"properties":{"id":"nhai_geoserver-affb6bbe1f6e40f4","title":"Gangaria Baori Kalan-Serwa-Bakhasar section of NH-925 (km 0.000 to 136.520) and Sata Gandhav Section oh NH-925-A (km 0.000 to km 60.450)","sector":"road","status":"commissioned","is_blocked":false}},{"type":"Feature","geometry":{"coordinates":[[70.353319,27.795069],[70.965711,26.922436]],"type":"LineString"},"properties":{"id":"nhai_geoserver-8665aa95cb6c7de3","title":"Tanot -Ramgarh-Bhadasar-Jaisalmer (NH-68 )and Bhadasar(Mokal)-Sarkaritala up to Pakisthan Border (NH-968) (Pkg-BM/5)","sector":"road","status":"under_construction","is_blocked":false}},{"type":"Feature","geometry":{"coordinates":[[73.402898,29.496898],[72.794327,28.506335]],"type":"LineString"},"properties":{"id":"nhai_geoserver-bcf93d9875115ac2","title":"Raisinghnagar - Anupgarh - Gharsana - Rojri - Sattasar - Pugal- (Part-2) (Pkg-BM/6)","sector":"road","status":"commissioned","is_blocked":false}},{"type":"Feature","geometry":{"coordinates":[[70.28841,25.754042],[70.360267,27.798002]],"type":"LineString"},"properties":{"id":"nhai_geoserver-c8cb8d5ff38eb1e2","title":"Munabao(NH-25E)- Sundra- Myajlar-Dhanana-Asutar -Ghotaru-Tanot [Design Chinange Km 0.0 to Km 46.00 and km 82.60 to Km 310.467]","sector":"road","status":"commissioned","is_blocked":false}},{"type":"Feature","geometry":{"coordinates":[[72.805417,28.516785],[72.797896,28.502341]],"type":"LineString"},"properties":{"id":"nhai_geoserver-ac91606cac0879c4","title":"Khajuwala-Poogal - Dantour- Jaggasar- Gokul- Goddu -Ranjeetpura- Charanwala- Naukh-Bap section of NH","sector":"road","status":"commissioned","is_blocked":false}},{"type":"Feature","geometry":{"coordinates":[[79.25416,19.105049],[79.204362,19.34251]],"type":"LineString"},"properties":{"id":"nhai_geoserver-7e6f1a7b7a758783","title":"4L of NH-363 from Repallewada from Km.288.510 to TL/MH Border Km.342.00","sector":"road","status":"commissioned","is_blocked":false}},{"type":"Feature","geometry":{"coordinates":[[85.0427,23.3035],[85.524,26.4327]],"type":"LineString"},"properties":{"id":"nhai_geoserver-33f8e1b50d9f5e62","title":"Rehabilitation and Upgradation of  Chorma - Bairgania Section of National Highway No 227F to 2 lane with paved shoulders from Design Ch.0.000 to Ch. 34.566","sector":"road","status":"under_construction","is_blocked":false}},{"type":"Feature","geometry":{"coordinates":[[81.523158,27.11478],[81.576311,27.552037]],"type":"LineString"},"properties":{"id":"nhai_geoserver-626e36393d3cc052","title":"Jarwal to Bahraich","sector":"road","status":"commissioned","is_blocked":false}},{"type":"Feature","geometry":{"coordinates":[[81.536924,27.164705],[81.576853,27.552306]],"type":"LineString"},"properties":{"id":"nhai_geoserver-397a317d348b3551","title":"Barabanki to Jarwal Road(28C Pkg-1)","sector":"road","status":"commissioned","is_blocked":false}},{"type":"Feature","geometry":{"coordinates":[[81.579845,27.59677],[81.602468,28.01865]],"type":"LineString"},"properties":{"id":"nhai_geoserver-bf92aff54ffc3838","title":"Bahraich Bypass - Rupadiha","sector":"road","status":"commissioned","is_blocked":false}},{"type":"Feature","geometry":{"coordinates":[[81.25013,26.17735],[82.63463,25.739647]],"type":"LineString"},"properties":{"id":"nhai_geoserver-7dec5270acd93ab7","title":"4L of Sonauli - Gorakhpur","sector":"road","status":"under_construction","is_blocked":false}},{"type":"Feature","geometry":{"coordinates":[[69.153559,22.064804],[69.775184,22.331489]],"type":"LineString"},"properties":{"id":"nhai_geoserver-76e543c43c9c988d","title":"4L of Dwarka-Khambaliya-Devariya section from km 203.500 to km 176.500 and from km 171.800 to km 125.000 of NH-151A","sector":"road","status":"commissioned","is_blocked":false}},{"type":"Feature","geometry":{"coordinates":[[74.807017,14.597531],[75.384283,14.784914]],"type":"LineString"},"properties":{"id":"nhai_geoserver-0182410a8d26bf83","title":"Yekkambi-Haveri","sector":"road","status":"under_construction","is_blocked":false}},{"type":"Feature","geometry":{"coordinates":[[74.445469,14.450067],[74.829553,14.609556]],"type":"LineString"},"properties":{"id":"nhai_geoserver-f3e587ca5f9c0a97","title":"Belakeri Port to Kumta - Sirsi road from km 0.00 - km 4.265 of Belekeri Port Road Link Rd. and km 4.965 - km 60.00 of SH-69","sector":"road","status":"under_construction","is_blocked":false}},{"type":"Feature","geometry":{"coordinates":[[82.248769,17.022548],[82.256096,16.939947]],"type":"LineString"},"properties":{"id":"nhai_geoserver-752ff3fc915ce8e8","title":"Up gradation of Port Connectivity NH Configuration of existing 2L to 4L road from Achhampeta Junction (NH-216) to Kakinada Anchorage Port Connecting Vakalpudi light house from Km. 0.000 to Km. 13.198 of NH-516F","sector":"road","status":"under_construction","is_blocked":false}},{"type":"Feature","geometry":{"coordinates":[[82.150818,17.046201],[82.248767,17.022585]],"type":"LineString"},"properties":{"id":"nhai_geoserver-905d31e089d17e04","title":"Development of 4L Road from Samarlakota to Achampeta Junction as part of Kakinada Port Connectivity to NH-16 (Rajanagaram Junction) in East Godavari District","sector":"road","status":"under_construction","is_blocked":false}},{"type":"Feature","geometry":{"coordinates":[[83.0412,18.4283],[83.2636,18.3769]],"type":"LineString"},"properties":{"id":"nhai_geoserver-abf26edd32f1445d","title":"Dedicated Port road to Krishnapatnam Port (Package-I) from Km. 0.000 to Km. 18.000","sector":"road","status":"under_construction","is_blocked":false}},{"type":"Feature","geometry":{"coordinates":[[78.612312,13.122951],[78.860474,13.179637]],"type":"LineString"},"properties":{"id":"nhai_geoserver-b9dff205ab75602a","title":"Construction of four lane access controlled highway from Chillakuru cross road to Turpu Kanupur(Part 1 of Package - II) km 0.000 (131.500 of NH - 16) to km 23.770 on New NH-516W including six lane flyover and approaches on NH-16 (length km 1.050) and six lane access controlled from Turpu Kanupur to Port South Gate (Part 2 of Package - II) km 23.770 to km 35.015 on New NH-516W in the state of Andhra Pradesh on HAM Mode under Bharatmala Pariyojana Phase I","sector":"road","status":"under_construction","is_blocked":false}},{"type":"Feature","geometry":{"coordinates":[[76.409228,29.733179],[75.519485,28.770558]],"type":"LineString"},"properties":{"id":"nhai_geoserver-122eb77e45a64cc8","title":"Kaithal to Rajasthan border from Design Ch. Km. 0.50 to Km. 165.759","sector":"road","status":"commissioned","is_blocked":false}},{"type":"Feature","geometry":{"coordinates":[[77.604275,14.74275],[77.884064,14.852547]],"type":"LineString"},"properties":{"id":"nhai_geoserver-c9be65cb4057ae69","title":"4L Greenfield Road connecting North and South industrial cluster of Khandaleru Creek near Krishnapatnam port at Thamminapatnam to Mollur  from Km 0.0 to Km 16.046, Part I & 6L  extension of dedicated port road of NH-67 (Km 18.0 to Km 19.3, Part II)","sector":"road","status":"under_construction","is_blocked":false}},{"type":"Feature","geometry":{"coordinates":[[75.257879,31.532043],[75.225067,31.776415]],"type":"LineString"},"properties":{"id":"nhai_geoserver-ecf683326777207d","title":"4L of Beas-Mehta-Batala-Dera Baba Nanak from intersection with Jalandhar-Amritsar Highway (NH-3) near Beas till start of Batala Bypass near Village Acchhal (from Km. 0.000 to Km. 31.300) (Pkg-1)","sector":"road","status":"under_construction","is_blocked":false}},{"type":"Feature","geometry":{"coordinates":[[75.225067,31.776415],[75.045318,32.021635]],"type":"LineString"},"properties":{"id":"nhai_geoserver-9ebb2687a201ac10","title":"4L of existing Beas – Baba Bakala - Dera Baba Nanak Section from start of Batala Bypass  till intersection with Ajnala Gurdaspur Highway (NH 354) near Dera Baba Nanak ( from Km. 31.300 to Km. 69.100 ) with Additional batala Bypass (Pkg-II)","sector":"road","status":"under_construction","is_blocked":false}},{"type":"Feature","geometry":{"coordinates":[[80.057727,28.977567],[80.083056,28.955278]],"type":"LineString"},"properties":{"id":"nhai_geoserver-6321e5ca6b23f178","title":"Construction of 4-lane connectivity to Banbasa ICP at India Nepal border from NH-09 (old NH-125) (Sitarganj-Tanakpur) at Km 40.00 near Jagbuda bridge under Bharatmala Priyojana of NH-109D on EPC mode in the State of Uttarakhand","sector":"road","status":"under_construction","is_blocked":false}},{"type":"Feature","geometry":{"coordinates":[[79.275372,19.064713],[79.400463,19.342893]],"type":"LineString"},"properties":{"id":"nhai_geoserver-63d89b278d866175","title":"Karimnagar-TL/MH Border","sector":"road","status":"tendered","is_blocked":false}},{"type":"Feature","geometry":{"coordinates":[[79.310019,18.510988],[79.25416,19.105049]],"type":"LineString"},"properties":{"id":"nhai_geoserver-f7623018fa43783e","title":"4L of Mancherial to Repallelwada km 251.900 to km 288.510","sector":"road","status":"commissioned","is_blocked":false}},{"type":"Feature","geometry":{"coordinates":[[80.618925,17.128566],[80.657296,17.482363]],"type":"LineString"},"properties":{"id":"nhai_geoserver-4c24b2c5e711cb87","title":"AP/Telangana Border to Rudrampur section of NH-221 (New NH-30)","sector":"road","status":"commissioned","is_blocked":false}},{"type":"Feature","geometry":{"coordinates":[[79.969512,17.880511],[79.851332,18.113474]],"type":"LineString"},"properties":{"id":"nhai_geoserver-55e197d055af3811","title":"Mangalwarpet to Mallampalli Section","sector":"road","status":"commissioned","is_blocked":false}},{"type":"Feature","geometry":{"coordinates":[[76.783545,30.413389],[76.61295,30.023545]],"type":"LineString"},"properties":{"id":"nhai_geoserver-606d951685186a1b","title":"Ambala (ch. 0.00 km ) to Pehowa (ch. 50.860 km) of Nh- 65 in Haryana ( Package-1)","sector":"road","status":"commissioned","is_blocked":false}},{"type":"Feature","geometry":{"coordinates":[[76.61295,30.023545],[76.410039,29.73353]],"type":"LineString"},"properties":{"id":"nhai_geoserver-d7a8ed79c2e47e0d","title":"Ambala (Km 50.860) to Pehowa (Km 95.383) of NH-65 in Haryana (Package-2)","sector":"road","status":"commissioned","is_blocked":false}},{"type":"Feature","geometry":{"coordinates":[[72.351249,26.191253],[74.404666,27.431904]],"type":"LineString"},"properties":{"id":"nhai_geoserver-951214617be414f6","title":"Rajasthan Border (Km 0.000) to Salasar (km 154.141) of NH-52 and 58 (old-65) in Rajasthan","sector":"road","status":"commissioned","is_blocked":false}},{"type":"Feature","geometry":{"coordinates":[[88.135507,25.565419],[87.823544,25.887948]],"type":"LineString"},"properties":{"id":"nhai_geoserver-ae23ec42880b90ca","title":"Balance Work for Raiganj Dalkola section from km 398.00 to km 452.700 (excl. Dalkola Bypass)","sector":"road","status":"commissioned","is_blocked":false}},{"type":"Feature","geometry":{"coordinates":[[73.753624,27.191758],[74.717374,27.723652]],"type":"LineString"},"properties":{"id":"nhai_geoserver-27810342c68e606c","title":"Salasar (Km 151.141) to Nagaur (Km 270.735) of NH-65 in Rajasthan","sector":"road","status":"commissioned","is_blocked":false}},{"type":"Feature","geometry":{"coordinates":[[88.541507,22.926799],[88.468919,23.429356]],"type":"LineString"},"properties":{"id":"nhai_geoserver-1597bc2eb592713e","title":"Four Laning of Bal. Works of Barasat-Krishnagar from km. 48.553 to km. 115.272","sector":"road","status":"commissioned","is_blocked":false}},{"type":"Feature","geometry":{"coordinates":[[88.468847,23.429704],[88.247523,24.046166]],"type":"LineString"},"properties":{"id":"nhai_geoserver-7a8e88db767ff18e","title":"Krishnagar - Berhampore section from km 115.00 to km 193.00 of NH-34","sector":"road","status":"commissioned","is_blocked":false}},{"type":"Feature","geometry":{"coordinates":[[88.216223,24.126452],[87.92083,24.800619]],"type":"LineString"},"properties":{"id":"nhai_geoserver-eca2c1402117c2e3","title":"Berhampore (191.700) to Farakka (292.300) of NH-34 in the State of West Bengal","sector":"road","status":"commissioned","is_blocked":false}},{"type":"Feature","geometry":{"coordinates":[[87.944454,24.808165],[88.134613,25.567158]],"type":"LineString"},"properties":{"id":"nhai_geoserver-638ba93d298e6102","title":"Farakka (295.000) to Raiganj (395.000) of NH-34 in the state of West Bengal","sector":"road","status":"commissioned","is_blocked":false}},{"type":"Feature","geometry":{"coordinates":[[87.916252,24.791273],[87.960731,24.814566]],"type":"LineString"},"properties":{"id":"nhai_geoserver-a90c3cd149f92513","title":"Bridge over Ganga River at d/s of Farraka Barrage including Approaches connecting Farakka-Raiganj","sector":"road","status":"under_construction","is_blocked":false}},{"type":"Feature","geometry":{"coordinates":[[87.876556,25.869894],[87.829776,25.882739]],"type":"LineString"},"properties":{"id":"nhai_geoserver-856320d83e0c6b9c","title":"4L of Dalkhola Bypass including ROB from Km. 446.740 to Km. 452.162 of NH-34","sector":"road","status":"under_construction","is_blocked":false}},{"type":"Feature","geometry":{"coordinates":[[78.964083,15.380306],[79.704241,16.017346]],"type":"LineString"},"properties":{"id":"nhai_geoserver-67fa99d19be4db57","title":"Giddalur-Vinukonda from Design km 212.983 to Design km 322.800","sector":"road","status":"commissioned","is_blocked":false}},{"type":"Feature","geometry":{"coordinates":[[80.127446,16.027067],[79.994987,14.506931]],"type":"LineString"},"properties":{"id":"nhai_geoserver-b6feb1c7cef14ce1","title":"2L PS of Kaipa (Design Km.126.40) to Giddalur (Design Km.204.70) of NH-544 D","sector":"road","status":"tendered","is_blocked":false}},{"type":"Feature","geometry":{"coordinates":[[79.065257,13.197579],[79.349595,13.59714]],"type":"LineString"},"properties":{"id":"nhai_geoserver-89587c4ece48ea9b","title":"Bugga - Kaipa","sector":"road","status":"tendered","is_blocked":false}},{"type":"Feature","geometry":{"coordinates":[[82.3429,17.242725],[82.250251,17.041855]],"type":"LineString"},"properties":{"id":"nhai_geoserver-2d9d096b32b1cfdf","title":"4L of Kathipudi to start of Kakinada bypass from Km 0.000 to Km 27.500 of NH-214 (New NH-216)","sector":"road","status":"commissioned","is_blocked":false}},{"type":"Feature","geometry":{"coordinates":[[76.850416,16.877753],[77.210854,16.41597]],"type":"LineString"},"properties":{"id":"nhai_geoserver-293f80a5b1a3583f","title":"4 laning of Bijapur-Hungund Section of NH-13 from km 102.00 to km 202.00","sector":"road","status":"commissioned","is_blocked":false}},{"type":"Feature","geometry":{"coordinates":[[72.965132,26.32038],[71.874097,26.932493]],"type":"LineString"},"properties":{"id":"nhai_geoserver-f07fbda7c97b1e16","title":"Jodhpur-Pokaran (2LPS)","sector":"road","status":"commissioned","is_blocked":false}},{"type":"Feature","geometry":{"coordinates":[[74.696106,13.628261],[74.792858,13.013881]],"type":"LineString"},"properties":{"id":"nhai_geoserver-c7e43adc99f4b55b","title":"4/6 Laning of Hungund - Hospet from km. 323.00 to km. 420.00 of Old NH-13 (NH-50)","sector":"road","status":"commissioned","is_blocked":false}},{"type":"Feature","geometry":{"coordinates":[[76.360797,15.236549],[76.404045,14.235893]],"type":"LineString"},"properties":{"id":"nhai_geoserver-85599c411a52baa0","title":"Hospet - Chitradurga from km. 299.00 to km. 418.750","sector":"road","status":"commissioned","is_blocked":false}},{"type":"Feature","geometry":{"coordinates":[[83.45025,24.10236],[83.23596,24.151689]],"type":"LineString"},"properties":{"id":"nhai_geoserver-cccdd188517f3a8a","title":"4L from Km 219.600 (Khajuri) to Km 260.483 (Wyndhamganj) on NH-75 (Sec-V)","sector":"road","status":"commissioned","is_blocked":false}},{"type":"Feature","geometry":{"coordinates":[[83.553603,24.125579],[83.45025,24.10236]],"type":"LineString"},"properties":{"id":"nhai_geoserver-ea16545a78fd4928","title":"4L from km 196.87 (Sankha) to km 219.6 (Khajuri) on NH-75 [Rehla / Garhwa Bypass]","sector":"road","status":"commissioned","is_blocked":false}},{"type":"Feature","geometry":{"coordinates":[[84.1249,23.581363],[83.553603,24.125579]],"type":"LineString"},"properties":{"id":"nhai_geoserver-965cc6c1d901964a","title":"4L from Km 147.450 (Bhogu) to Km 196.870 (Sankha) on NH-75 (Sec-III)","sector":"road","status":"under_construction","is_blocked":false}},{"type":"Feature","geometry":{"coordinates":[[85.016934,23.483701],[84.832029,23.536847]],"type":"LineString"},"properties":{"id":"nhai_geoserver-a7cf935b585a6d33","title":"Bijupara (Km. 34.00) to Kuru (Km. 55.00) of NH-75 in Jharkhand","sector":"road","status":"commissioned","is_blocked":false}},{"type":"Feature","geometry":{"coordinates":[[85.29051,23.383671],[85.017592,23.483349]],"type":"LineString"},"properties":{"id":"nhai_geoserver-c1307449f03f07cc","title":"4L of Kutchery Chowk - Piska More - Bijupara from Km. 0.00 - Km. 34.00 of NH - 75","sector":"road","status":"commissioned","is_blocked":false}},{"type":"Feature","geometry":{"coordinates":[[69.684751,21.559339],[68.970655,22.243637]],"type":"LineString"},"properties":{"id":"nhai_geoserver-eb52496a8b4b0de9","title":"Porbandar-Dwarka (Package VIII) from km. 379.100 to km. 496.848","sector":"road","status":"commissioned","is_blocked":false}},{"type":"Feature","geometry":{"coordinates":[[69.68352,21.56111],[69.6042,21.68184]],"type":"LineString"},"properties":{"id":"nhai_geoserver-402309228298e084","title":"One Time Improvement & Maintenance of Porbandar–Bypass road  from Km.357.100 to Km.376.000 of NH-51","sector":"road","status":"commissioned","is_blocked":false}},{"type":"Feature","geometry":{"coordinates":[[70.289562,21.053481],[69.649673,21.593783]],"type":"LineString"},"properties":{"id":"nhai_geoserver-628301968a701851","title":"Gadu -Porbandar (Package VII)","sector":"road","status":"commissioned","is_blocked":false}},{"type":"Feature","geometry":{"coordinates":[[70.740017,20.796322],[70.427878,20.89805]],"type":"LineString"},"properties":{"id":"nhai_geoserver-5df46b12d7eaeb2c","title":"Kodinar - Veraval (Package VI) from km. 221.610 to km. 263.00 of NH-8E & km. 120.900 to km. 121.150 of NH-8D","sector":"road","status":"commissioned","is_blocked":false}},{"type":"Feature","geometry":{"coordinates":[[70.740017,20.796322],[71.10306,20.849373]],"type":"LineString"},"properties":{"id":"nhai_geoserver-4bc77d1b3d2f30df","title":"Four Laning of Una to Kodinar from km. 180.478 to km. 221.610 (Package-V)","sector":"road","status":"under_construction","is_blocked":false}},{"type":"Feature","geometry":{"coordinates":[[71.10306,20.849373],[71.4259,20.997148]],"type":"LineString"},"properties":{"id":"nhai_geoserver-f2d132e688f2da1f","title":"Kagvadar - Una (Package-IV)","sector":"road","status":"commissioned","is_blocked":false}},{"type":"Feature","geometry":{"coordinates":[[71.743961,21.066725],[71.405036,20.980002]],"type":"LineString"},"properties":{"id":"nhai_geoserver-05d1733223d27f8e","title":"4L of Bal Works of  Mahuva to Kagvadar from 100.450 Km. to 140.470 Km. of NH-8E (Pkg- III)","sector":"road","status":"commissioned","is_blocked":false}},{"type":"Feature","geometry":{"coordinates":[[71.745559,21.09565],[72.029936,21.364151]],"type":"LineString"},"properties":{"id":"nhai_geoserver-19bbf13cbcced624","title":"4L of Bal Works of Talaja - Mahuva from 54.990 km. to 100.450 km. of Old NH-8E (Package-II)","sector":"road","status":"commissioned","is_blocked":false}},{"type":"Feature","geometry":{"coordinates":[[72.155774,21.713014],[72.020824,21.344078]],"type":"LineString"},"properties":{"id":"nhai_geoserver-90a49b03767066d4","title":"4L of Bhavnagar - Talaja (Package-I) from Km. 6.945 to Km. 54.990 of Old NH-8E","sector":"road","status":"commissioned","is_blocked":false}},{"type":"Feature","geometry":{"coordinates":[[75.3815,17.4833],[75.1538,17.4146]],"type":"LineString"},"properties":{"id":"nhai_geoserver-9ca9fd77b1b3d952","title":"Four Laning of Sangli - Solapur (Pkg IV) [Mangalwedha-Solapur] from km 321.6 - km 378.10","sector":"road","status":"commissioned","is_blocked":false}},{"type":"Feature","geometry":{"coordinates":[[74.658956,17.94439],[74.215352,18.03359]],"type":"LineString"},"properties":{"id":"nhai_geoserver-7b4a049879481844","title":"Four Laning of Sangli - Solapur (Pkg III) [Watambare-Mangalwedha] from km 276.0 - km 321.60","sector":"road","status":"commissioned","is_blocked":false}},{"type":"Feature","geometry":{"coordinates":[[74.567525,16.811244],[74.7962,17.012047]],"type":"LineString"},"properties":{"id":"nhai_geoserver-b79691292187c6a3","title":"Four Laning of Sangli - Solapur (Pkg I) [Sangli - Borgaon km 182.556 - km 224.00]","sector":"road","status":"commissioned","is_blocked":false}},{"type":"Feature","geometry":{"coordinates":[[73.269442,17.039197],[73.770608,16.997083]],"type":"LineString"},"properties":{"id":"nhai_geoserver-d5550f05461bb18b","title":"4L of Ratnagiri - Kolhapur section of NH-166  from km 0.000 to km 19.769 and km 31.000 to km 67.140 (Pkg – I)","sector":"road","status":"under_construction","is_blocked":false}},{"type":"Feature","geometry":{"coordinates":[[73.281963,28.022997],[72.378526,27.113821]],"type":"LineString"},"properties":{"id":"nhai_geoserver-d044873855d53890","title":"Bikaner (km 4.20) to Phalodi (km 163.5) of NH - 15 in Rajasthan","sector":"road","status":"commissioned","is_blocked":false}},{"type":"Feature","geometry":{"coordinates":[[70.965872,26.922397],[72.375069,27.111508]],"type":"LineString"},"properties":{"id":"nhai_geoserver-83ddf1e736eaca71","title":"Phalodi (km 163.400) to Jaisalmer (km 323.857) of NH- 15 in Rajasthan","sector":"road","status":"commissioned","is_blocked":false}},{"type":"Feature","geometry":{"coordinates":[[78.38521,25.27557],[79.17233,25.14052]],"type":"LineString"},"properties":{"id":"nhai_geoserver-c4c6931864fbd36b","title":"Jhansi - Khajuraho(PKG-I)","sector":"road","status":"commissioned","is_blocked":false}},{"type":"Feature","geometry":{"coordinates":[[79.17268,25.14059],[79.52506,24.46018]],"type":"LineString"},"properties":{"id":"nhai_geoserver-e2e9131918a33f7e","title":"Jhansi-Khajuraho from Km. 76.3 to Km. 161.7 near Bamitha Town","sector":"road","status":"commissioned","is_blocked":false}},{"type":"Feature","geometry":{"coordinates":[[83.014302,11.094137],[83.014302,11.734261]],"type":"LineString"},"properties":{"id":"nhai_geoserver-dd21e46996de4db2","title":"Coimbatore - Satyamangalam - TN/KT Border","sector":"road","status":"tendered","is_blocked":false}},{"type":"Feature","geometry":{"coordinates":[[74.093706,14.909019],[74.696325,13.628472]],"type":"LineString"},"properties":{"id":"nhai_geoserver-cc52d6b183d9f5bf","title":"BRT Tiger Reserve Boundary (Km.287.500) to Bangalore Section (Km.458.420) of NH-209 in Karnataka","sector":"road","status":"under_construction","is_blocked":false}},{"type":"Feature","geometry":{"coordinates":[[73.138395,26.337529],[74.11287,26.073637]],"type":"LineString"},"properties":{"id":"nhai_geoserver-b4615c423eef1df3","title":"Bar-Bilara-Jodhpur (Km 0.000 to Km 111.000) of NH-112 in the State of Rajasthan","sector":"road","status":"commissioned","is_blocked":false}},{"type":"Feature","geometry":{"coordinates":[[73.256814,26.271589],[73.102519,26.446129]],"type":"LineString"},"properties":{"id":"nhai_geoserver-7da14eb625cae2d4","title":"Jodhpur Ring Road Package-I [4-laning of Dangiawas (Km. 96.595) to Jajiwal (Km. 283.500)","sector":"road","status":"commissioned","is_blocked":false}},{"type":"Feature","geometry":{"coordinates":[[85.532452,25.451455],[85.12388,25.58444]],"type":"LineString"},"properties":{"id":"nhai_geoserver-ad17a9d72d1ccde3","title":"Patna Bakhtiyarpur section of NH-30 from km. 181.300 to km. 231.950","sector":"road","status":"commissioned","is_blocked":false}},{"type":"Feature","geometry":{"coordinates":[[85.537733,25.449636],[85.953303,25.376722]],"type":"LineString"},"properties":{"id":"nhai_geoserver-dd422d28f3a19d5c","title":"Bakhtiyarpur (Km 153.300) to Mokama (Km 197.900)","sector":"road","status":"under_construction","is_blocked":false}},{"type":"Feature","geometry":{"coordinates":[[85.953536,25.376728],[86.011525,25.387723]],"type":"LineString"},"properties":{"id":"nhai_geoserver-8bc631d101257c9a","title":"Aunta - Simaria including Ganga Bridge","sector":"road","status":"commissioned","is_blocked":false}},{"type":"Feature","geometry":{"coordinates":[[86.011742,25.387916],[86.487108,25.506587]],"type":"LineString"},"properties":{"id":"nhai_geoserver-6b6f57b8a7dda98c","title":"Simaria (Km. 206.050) to Khagaria (Km. 266.282)","sector":"road","status":"under_construction","is_blocked":false}},{"type":"Feature","geometry":{"coordinates":[[86.487108,25.506587],[87.542878,25.791851]],"type":"LineString"},"properties":{"id":"nhai_geoserver-461d3505f528d027","title":"2L PS of Khagaria - Purnea from km. 270.00 to km. 410.00 of NH-31","sector":"road","status":"commissioned","is_blocked":false}},{"type":"Feature","geometry":{"coordinates":[[80.481965,26.524276],[80.945364,26.141567]],"type":"LineString"},"properties":{"id":"nhai_geoserver-a051789204d7b08e","title":"Unnao - Lalganj Section from km 0.000 to 70.000","sector":"road","status":"commissioned","is_blocked":false}},{"type":"Feature","geometry":{"coordinates":[[81.247544,26.18312],[82.67302,25.739861]],"type":"LineString"},"properties":{"id":"nhai_geoserver-480fbccbd6c9a909","title":"2L PS of Raebareilly-Jaunpur from km. 0.00 to km. 166.400 of NH-231","sector":"road","status":"commissioned","is_blocked":false}},{"type":"Feature","geometry":{"coordinates":[[85.984821,25.370325],[86.46433,25.339444]],"type":"LineString"},"properties":{"id":"nhai_geoserver-bc098789dc32c78c","title":"2L of Mokama-Munger from km. 1.43 to km. 70.00 of NH-80","sector":"road","status":"commissioned","is_blocked":false}},{"type":"Feature","geometry":{"coordinates":[[79.468178,11.906157],[79.710849,11.902869]],"type":"LineString"},"properties":{"id":"nhai_geoserver-3872f721a6185f12","title":"Viluppuram (Km.0.000) to Puducherry (Km.29.000)","sector":"road","status":"under_construction","is_blocked":false}},{"type":"Feature","geometry":{"coordinates":[[79.71083,11.903097],[79.732861,11.633259]],"type":"LineString"},"properties":{"id":"nhai_geoserver-de347d8799f4847e","title":"Puducherry (Km.29.000) to Poondiyankuppam (Km.67.000)","sector":"road","status":"under_construction","is_blocked":false}},{"type":"Feature","geometry":{"coordinates":[[79.732861,11.633259],[79.755359,11.207486]],"type":"LineString"},"properties":{"id":"nhai_geoserver-8ab16d3f0bab0073","title":"Poondiyankuppam (Km.67.000) to Sattanathapuram (Km.123.800)","sector":"road","status":"under_construction","is_blocked":false}},{"type":"Feature","geometry":{"coordinates":[[79.75545,11.207619],[79.824875,10.7564]],"type":"LineString"},"properties":{"id":"nhai_geoserver-07640ecded6735fe","title":"Sattanathapuram to Nagapattinam from Km 123.800 to Km 179.555","sector":"road","status":"under_construction","is_blocked":false}},{"type":"Feature","geometry":{"coordinates":[[78.988611,28.786111],[79.060555,28.743333]],"type":"LineString"},"properties":{"id":"nhai_geoserver-249f83026f63af1c","title":"Lucknow (11.500) to Sultanpur (138.925) of NH-56 in Uttar Pradesh","sector":"road","status":"commissioned","is_blocked":false}},{"type":"Feature","geometry":{"coordinates":[[81.22033,26.22717],[80.36629,25.5526]],"type":"LineString"},"properties":{"id":"nhai_geoserver-9c4a99c46931d3e6","title":"Four Laning of Sultanpur to Varanasi (PKG-I) [from Sultanpur (Km 134.700) to Jaunpur (Km 209.230)]","sector":"road","status":"commissioned","is_blocked":false}},{"type":"Feature","geometry":{"coordinates":[[82.530992,25.826397],[82.860463,25.430676]],"type":"LineString"},"properties":{"id":"nhai_geoserver-1c722cb5923f9a97","title":"Four Laning of Sultanpur to Varanasi (PKG-II) [from Jaunpur (Km 209.230) to Varanasi (Km 272.590)]","sector":"road","status":"commissioned","is_blocked":false}},{"type":"Feature","geometry":{"coordinates":[[77.123586,31.972219],[77.19106,32.248107]],"type":"LineString"},"properties":{"id":"nhai_geoserver-2d4c323dc469df4d","title":"Kullu ( 272.000) to Manali ( 309.345) of NH-21 in the state of Himachal Pradesh","sector":"road","status":"commissioned","is_blocked":false}},{"type":"Feature","geometry":{"coordinates":[[76.631694,30.76077],[76.564234,30.853006]],"type":"LineString"},"properties":{"id":"nhai_geoserver-85fc680cd05b745c","title":"Kharar(km15.765) to Kurali(kn29.90) oh NH-205 in Punjab","sector":"road","status":"commissioned","is_blocked":false}},{"type":"Feature","geometry":{"coordinates":[[76.563614,30.850888],[76.565983,31.182574]],"type":"LineString"},"properties":{"id":"nhai_geoserver-eb9fa00f67b436fc","title":"Kiratpur - Kurali from km. 28.60 to km. 73.20","sector":"road","status":"commissioned","is_blocked":false}},{"type":"Feature","geometry":{"coordinates":[[76.569948,31.183555],[76.664246,31.232912]],"type":"LineString"},"properties":{"id":"nhai_geoserver-5a8c36230ce22c4c","title":"Balance Work for Four laning of Kiratpur to Nerchowk section of NH-21 from km. 0.00 to km. 12.75 & km. 158.50 to km. 182.215 (excluding Sunder Nagar Bypass)","sector":"road","status":"commissioned","is_blocked":false}},{"type":"Feature","geometry":{"coordinates":[[76.940556,31.630923],[77.075942,31.674031]],"type":"LineString"},"properties":{"id":"nhai_geoserver-5ec494721baaf735","title":"Nerchowk (km 190.000) to Pandoh including Pandoh bypass ( km221.305)","sector":"road","status":"under_construction","is_blocked":false}},{"type":"Feature","geometry":{"coordinates":[[77.075942,31.674031],[77.207032,31.751873]],"type":"LineString"},"properties":{"id":"nhai_geoserver-e19222f39d760d17","title":"Pandoh bypass (221.305) to Takoli (242.000) of NH-21 in the state of Himachal Pradesh","sector":"road","status":"under_construction","is_blocked":false}},{"type":"Feature","geometry":{"coordinates":[[77.207032,31.751873],[77.123586,31.972219]],"type":"LineString"},"properties":{"id":"nhai_geoserver-a0652d27edca0df2","title":"Takoli ( 242.000) to Kullu (272.000)","sector":"road","status":"commissioned","is_blocked":false}},{"type":"Feature","geometry":{"coordinates":[[70.965975,26.922158],[71.411748,25.747757]],"type":"LineString"},"properties":{"id":"nhai_geoserver-76024c53d0bdce09","title":"Jaisalmer-Barmer (4/2LPS)","sector":"road","status":"commissioned","is_blocked":false}},{"type":"Feature","geometry":{"coordinates":[[71.411748,25.747757],[71.683594,24.982222]],"type":"LineString"},"properties":{"id":"nhai_geoserver-45756b8588357fba","title":"Barmer-Sanchore-Gujarat Border (Upto Gandhav Bridge) Section of NH-15 from Km 153.000 to 259.300","sector":"road","status":"commissioned","is_blocked":false}},{"type":"Feature","geometry":{"coordinates":[[71.683371,24.982663],[71.76475,24.669888]],"type":"LineString"},"properties":{"id":"nhai_geoserver-f467e3160529339b","title":"2L PS /4L of Gandhav Bridge to Gujarat Border from km.259.300 to km. 297.200 of NH-68","sector":"road","status":"commissioned","is_blocked":false}},{"type":"Feature","geometry":{"coordinates":[[81.218271,26.228302],[80.370006,25.499613]],"type":"LineString"},"properties":{"id":"nhai_geoserver-32182d4c14399ef6","title":"Raebareli (Km. 152.533) to Banda ( Km. 285.818) of NH-232 in Uttar Pradesh","sector":"road","status":"commissioned","is_blocked":false}},{"type":"Feature","geometry":{"coordinates":[[81.64,26.46],[82.13,26.75]],"type":"LineString"},"properties":{"id":"nhai_geoserver-67620b46399c8d15","title":"Four Lanning of Jagdishpur-Faizabad Section from km 47.930 to km 107.680 of NH-330A","sector":"road","status":"commissioned","is_blocked":false}},{"type":"Feature","geometry":{"coordinates":[[85.513792,24.603289],[85.527242,25.006756]],"type":"LineString"},"properties":{"id":"nhai_geoserver-750265c1a8725fc1","title":"Bakhtiyarpur-Rajauli Pkg-II from km. 54.405 to km.101.630","sector":"road","status":"under_construction","is_blocked":false}},{"type":"Feature","geometry":{"coordinates":[[85.527242,25.006736],[85.537706,25.449372]],"type":"LineString"},"properties":{"id":"nhai_geoserver-78b547be1c5c091a","title":"Bakhtiyarpur-Rajauli Pkg-III from km. 101.630 to km.152.520","sector":"road","status":"under_construction","is_blocked":false}},{"type":"Feature","geometry":{"coordinates":[[85.375463,23.965812],[85.43037,23.44348]],"type":"LineString"},"properties":{"id":"nhai_geoserver-da7b75c7a9955811","title":"4L of Hazaribagh-Ranchi stretch of NH33 from Km 40.5 to Km114 including Kujju bypass","sector":"road","status":"commissioned","is_blocked":false}},{"type":"Feature","geometry":{"coordinates":[[77.693797,27.4121],[77.858958,27.594694]],"type":"LineString"},"properties":{"id":"nhai_geoserver-43614fead1cb95eb","title":"4L from Mathura Bypass (Start) at Existing Km. 154.20 of NH-44 to Gaju Village at Km 32.982 of NH-530B (Pkg-IB)","sector":"road","status":"commissioned","is_blocked":false}},{"type":"Feature","geometry":{"coordinates":[[77.693781,27.418647],[77.694747,27.4056]],"type":"LineString"},"properties":{"id":"nhai_geoserver-c99b3629b22adef9","title":"6L Flyover with slip road along NH-44 at junction of NH 530B at start point - Km. 0.000 of Mathura Bypass at existing Km. 154.200 of NH-44 (Pkg-1A)","sector":"road","status":"commissioned","is_blocked":false}},{"type":"Feature","geometry":{"coordinates":[[77.858958,27.594694],[78.174722,27.640756]],"type":"LineString"},"properties":{"id":"nhai_geoserver-6183246561e2db66","title":"4L from Gaju Village at Km. 32.982 to Devinagar Bypass (End) at Km. 208.000 of NH-530B (Pkg-1C).","sector":"road","status":"commissioned","is_blocked":false}},{"type":"Feature","geometry":{"coordinates":[[79.152147,28.066039],[79.495342,28.287944]],"type":"LineString"},"properties":{"id":"nhai_geoserver-412dc6ae177472d6","title":"Four Lane Highway from Chandan Nagar (Existing Km. 59.025 of NH 530B/Design Km. 179.5000) to Bareilly Bypass(Start)(Existing Km. 59.025 of NH 530B/Design Km. 218.000) Section of NH 530B, in the State of Uttar Pradesh on HAM Mode under NH(0)","sector":"road","status":"under_construction","is_blocked":false}},{"type":"Feature","geometry":{"coordinates":[[75.83304,26.77152],[75.41332,25.73039]],"type":"LineString"},"properties":{"id":"nhai_geoserver-c7bb38ab9c29fb5a","title":"4 Laning of Jaipur to Deoli Section of NH-12 (Km 18.700 to km 165.000)","sector":"road","status":"commissioned","is_blocked":false}},{"type":"Feature","geometry":{"coordinates":[[76.2502,24.4971],[76.5006,24.2047]],"type":"LineString"},"properties":{"id":"nhai_geoserver-23a3d6bbbbb00066","title":"Jhalawar- RJ/MP Border (2L PS) under Jhalawar-Biaora-Bhopal Corridor","sector":"road","status":"commissioned","is_blocked":false}},{"type":"Feature","geometry":{"coordinates":[[77.369854,23.273008],[77.317404,23.31769]],"type":"LineString"},"properties":{"id":"nhai_geoserver-840efa79a32df5d9","title":"Lalghati (Bhopal) (Km. 315.73) to Mubarakpur (Km. 324.00) in Madhya Pradesh","sector":"road","status":"commissioned","is_blocked":false}},{"type":"Feature","geometry":{"coordinates":[[74.325205,15.495314],[74.305414,15.361944]],"type":"LineString"},"properties":{"id":"nhai_geoserver-bd0b768713c2d790","title":"4L PS from Near Guddehosur to Start of Kushalnagara Bypass to near Hemmige Village Periyapatna - Hassan Road Jn from Km. 122.200 to Km. 144.900 of NH-275 ( Pkg. II )","sector":"road","status":"under_construction","is_blocked":false}},{"type":"Feature","geometry":{"coordinates":[[78.616877,10.765762],[77.964832,10.385471]],"type":"LineString"},"properties":{"id":"nhai_geoserver-1dbdefe954e01a36","title":"Four Laning of Trichy - Dindigul from km. 333.00 to km. 421.273 of NH-45","sector":"road","status":"commissioned","is_blocked":false}},{"type":"Feature","geometry":{"coordinates":[[78.164555,29.945327],[78.389049,29.438169]],"type":"LineString"},"properties":{"id":"nhai_geoserver-ce20e69252fc21d4","title":"4L of Haridwar-Nagina section from km. 0.00 to km. 71.614 of NH-74","sector":"road","status":"under_construction","is_blocked":false}},{"type":"Feature","geometry":{"coordinates":[[78.389049,29.438169],[79.085307,29.149508]],"type":"LineString"},"properties":{"id":"nhai_geoserver-c4580e5afcbe49ad","title":"4L of Nagina-Kashipur section from km. 73.00 to km. 175.00 of NH-74","sector":"road","status":"commissioned","is_blocked":false}},{"type":"Feature","geometry":{"coordinates":[[79.085307,29.149508],[79.702648,28.901314]],"type":"LineString"},"properties":{"id":"nhai_geoserver-2cd2d31d2115c215","title":"4L of Kashipur Sitarganj Section of NH-74 from km. 175.000 to km. 252.200","sector":"road","status":"commissioned","is_blocked":false}},{"type":"Feature","geometry":{"coordinates":[[75.765678,32.288483],[76.0225,32.255278]],"type":"LineString"},"properties":{"id":"nhai_geoserver-8898b26c8e59db4a","title":"4L of HP/Punjab Border - Mo from km. 11.00 to km. 42.00 of Old NH-20 (New NH-154) (Package-IA)","sector":"road","status":"under_construction","is_blocked":false}},{"type":"Feature","geometry":{"coordinates":[[76.0225,32.255278],[76.088575,32.224511]],"type":"LineString"},"properties":{"id":"nhai_geoserver-fd5b7649e668ab5e","title":"4L of Mo - Sihuni from km. 42.00 to km. 51.00 of Old NH-20 (new NH-154) (Package-IB)","sector":"road","status":"commissioned","is_blocked":false}},{"type":"Feature","geometry":{"coordinates":[[76.088575,32.224511],[76.248753,32.172478]],"type":"LineString"},"properties":{"id":"nhai_geoserver-af192b4501ef184c","title":"Rehabilitation and Upgradation to 4L configuration & Strengthening of Sihuni to Rajol  from Km 51.000 to Km 72.000 of NH-154 (Package-IIA)","sector":"road","status":"under_construction","is_blocked":false}},{"type":"Feature","geometry":{"coordinates":[[84.778253,25.797001],[85.354878,26.121292]],"type":"LineString"},"properties":{"id":"nhai_geoserver-bf13db0fcca2aa61","title":"Chhapra - Rewaghat - Muzaffarpur from Km 1.300 to Km 74.200 and Km. 1.300 to Km. 7","sector":"road","status":"commissioned","is_blocked":false}},{"type":"Feature","geometry":{"coordinates":[[83.584198,25.355599],[83.481522,25.36072]],"type":"LineString"},"properties":{"id":"nhai_geoserver-dbd686c7bbe81e1d","title":"Construction of additional 3-Lane Bridge over River Ganga for connection between Buxar and Bharauli on NH-922 in the State of Uttar Pradesh and Bihar on Hybrid Annuity Mode","sector":"road","status":"under_construction","is_blocked":false}},{"type":"Feature","geometry":{"coordinates":[[77.731597,28.979059],[77.825047,28.417413]],"type":"LineString"},"properties":{"id":"nhai_geoserver-3e5345aa242a701f","title":"Shakarpur( Km 8.800) to Akbarpur (Km 73.512) of NH-235 in Uttar Pradesh (Meerut - Bulandshahar)","sector":"road","status":"commissioned","is_blocked":false}},{"type":"Feature","geometry":{"coordinates":[[77.205946,13.264418],[77.02674,13.486161]],"type":"LineString"},"properties":{"id":"nhai_geoserver-56ff4fd5b4cc0c0d","title":"4L of Bettadahalli- Shivamogga section from Km.170.415 to km. 226.750 of NH-206 (Tumkur- Shivamogga Pkg-IV)","sector":"road","status":"under_construction","is_blocked":false}},{"type":"Feature","geometry":{"coordinates":[[77.956803,29.890858],[78.28949,30.06041]],"type":"LineString"},"properties":{"id":"nhai_geoserver-ebef63bb3dc4fc3a","title":"Balance work of 4L of Muzaffarnagar - Haridwar [Package -III] (Design Chainage km 180.300 to km 208.620) [End of Roorkee Bypass to Haridwar]","sector":"road","status":"commissioned","is_blocked":false}},{"type":"Feature","geometry":{"coordinates":[[77.182903,13.145686],[77.145127,12.560384]],"type":"LineString"},"properties":{"id":"nhai_geoserver-790dc446d61459d8","title":"4L Tumkur-Shimoga (Pkg-I) from Mallasandra to Karadi village of NH-206 (from Km. 12.300 to Km. 65.195)","sector":"road","status":"under_construction","is_blocked":false}},{"type":"Feature","geometry":{"coordinates":[[77.7515,13.8116],[77.69667,13.23619]],"type":"LineString"},"properties":{"id":"nhai_geoserver-ba4bd5390e7cde94","title":"4L of Tumkur-Shimoga (Pkg-II) from Km 65.195 (Karadi) to Km 121.900 (Banawara) of NH-206","sector":"road","status":"under_construction","is_blocked":false}},{"type":"Feature","geometry":{"coordinates":[[86.275147,25.202656],[86.383255,25.135804]],"type":"LineString"},"properties":{"id":"nhai_geoserver-15def8db0d83c58c","title":"4L of Munger – Mirzachauki section from Munger to Kharia village junction from Km 69+520 to Km 95+580 (Pkg-1)","sector":"road","status":"under_construction","is_blocked":false}},{"type":"Feature","geometry":{"coordinates":[[81.227127,25.201805],[81.50627,25.265066]],"type":"LineString"},"properties":{"id":"nhai_geoserver-776ce6a76de33be9","title":"4L of Munger – Mirzachauki section from Km 157+350 to Km 193+931 (Pkg-4)","sector":"road","status":"under_construction","is_blocked":false}},{"type":"Feature","geometry":{"coordinates":[[81.494698,25.586521],[82.170601,25.365242]],"type":"LineString"},"properties":{"id":"nhai_geoserver-929f0852c45ff9d1","title":"Ambedkar Nagar (Km 0.000) to Raebareilly (Km 155.900) of NH-232 in UP","sector":"road","status":"commissioned","is_blocked":false}},{"type":"Feature","geometry":{"coordinates":[[86.383255,25.135804],[86.920768,25.222668]],"type":"LineString"},"properties":{"id":"nhai_geoserver-6fcf30cc82e93714","title":"4L of Munger – Mirzachauki section from Km 95+580 to Km 125+000 (Pkg-2)","sector":"road","status":"under_construction","is_blocked":false}},{"type":"Feature","geometry":{"coordinates":[[86.920775,25.222646],[87.226981,25.201784]],"type":"LineString"},"properties":{"id":"nhai_geoserver-2d6840c13f9080f0","title":"4L of Munger – Mirzachauki section from start of existing Bhagalpur bypass to Rasulpur from Km 125+000 to Km 157+350 (Pkg-3)","sector":"road","status":"under_construction","is_blocked":false}},{"type":"Feature","geometry":{"coordinates":[[74.34708,27.538273],[74.035772,26.609401]],"type":"LineString"},"properties":{"id":"nhai_geoserver-6b9ee936f18ee7e8","title":"2L PS of Nimbijiodha (near Ladnu) - Degana - Merta City from km. 0.00 to km. 139.90 of NH-458","sector":"road","status":"commissioned","is_blocked":false}},{"type":"Feature","geometry":{"coordinates":[[82.036103,26.255417],[82.530992,25.826398]],"type":"LineString"},"properties":{"id":"nhai_geoserver-057ede2171c6bade","title":"Varanasi Gorakhpur Section Packege IV from km. 149.540 to km. 215.160 (Mau-Gorakhpur)","sector":"road","status":"under_construction","is_blocked":false}},{"type":"Feature","geometry":{"coordinates":[[83.553929,25.66463],[83.511073,26.231883]],"type":"LineString"},"properties":{"id":"nhai_geoserver-aa957d32e7c1c9ac","title":"Varanasi Gorakhpur Section from km. 84.160 to 149.540 ( PKG III)","sector":"road","status":"commissioned","is_blocked":false}},{"type":"Feature","geometry":{"coordinates":[[83.061079,25.38514],[83.553929,25.664629]],"type":"LineString"},"properties":{"id":"nhai_geoserver-c56069270183bc99","title":"Varanasi (Km 12.01) to Birnon (Km 84.160) [Varanasi - Gorakpur] ( PKG-II)","sector":"road","status":"commissioned","is_blocked":false}},{"type":"Feature","geometry":{"coordinates":[[76.986225,10.917711],[77.012172,10.696146]],"type":"LineString"},"properties":{"id":"nhai_geoserver-ee1a4ade0f0dae15","title":"Pollachi to Coimbatore Section from km. 123.55 to km. 150.40 of Dindigul - Bangalore Road","sector":"road","status":"commissioned","is_blocked":false}},{"type":"Feature","geometry":{"coordinates":[[77.44191,10.295386],[77.21995,10.341198]],"type":"LineString"},"properties":{"id":"nhai_geoserver-329d4a892dd77bc1","title":"Oddanchatram - Madathukulam from km. 29.00 to km. 74.38","sector":"road","status":"commissioned","is_blocked":false}},{"type":"Feature","geometry":{"coordinates":[[77.352764,10.569994],[77.016889,10.711694]],"type":"LineString"},"properties":{"id":"nhai_geoserver-c1807c4377a6690a","title":"4L of Madathukulam - Pollachi from km. 74.38 to km. 116.95 of old NH-209 (New NH-83)","sector":"road","status":"under_construction","is_blocked":false}},{"type":"Feature","geometry":{"coordinates":[[77.907081,10.217306],[77.775144,10.483294]],"type":"LineString"},"properties":{"id":"nhai_geoserver-fc53c62535f747fa","title":"Kamalapuram to Oddanchatram from km. 0.00 to km. 35.822","sector":"road","status":"under_construction","is_blocked":false}},{"type":"Feature","geometry":{"coordinates":[[77.778675,10.478525],[77.712181,10.471881]],"type":"LineString"},"properties":{"id":"nhai_geoserver-8b2f479117bee6c7","title":"Oddanchatram Bypass from Km 23.100 to Km 33.200 of NH-209 in Tamil Nadu","sector":"road","status":"commissioned","is_blocked":false}},{"type":"Feature","geometry":{"coordinates":[[74.995392,13.194328],[74.872747,12.883036]],"type":"LineString"},"properties":{"id":"nhai_geoserver-1a357f032e40bb89","title":"4L of Sannur to Bikarnakatte section from Km 691.350 to Km 736.362 of NH-169 Karkala - Mangalore (Package-III)","sector":"road","status":"under_construction","is_blocked":false}},{"type":"Feature","geometry":{"coordinates":[[79.70203,28.917046],[80.09825,29.079771]],"type":"LineString"},"properties":{"id":"nhai_geoserver-4a2a94a682bccc3c","title":"Sitarganj Tankpur Section of NH-125 from km. 0.000 to km. 52.200 in State of Uttarakhand","sector":"road","status":"commissioned","is_blocked":false}},{"type":"Feature","geometry":{"coordinates":[[79.426847,11.069045],[79.16897,10.78186]],"type":"LineString"},"properties":{"id":"nhai_geoserver-8c3bfe3af1af3e13","title":"4L of Cholapuram - Thanjavur section from km 116.4 to km 164.275 of Old NH-45C","sector":"road","status":"commissioned","is_blocked":false}},{"type":"Feature","geometry":{"coordinates":[[79.561639,11.483475],[79.426847,11.069045]],"type":"LineString"},"properties":{"id":"nhai_geoserver-9de6642720ac2bb3","title":"4L of Sethiyathope -Cholapuram section from Km. 65.960 to Km. 116.440 section of NH–45 C (Pkg-II)","sector":"road","status":"commissioned","is_blocked":false}},{"type":"Feature","geometry":{"coordinates":[[78.165432,9.899567],[78.873141,9.354494]],"type":"LineString"},"properties":{"id":"nhai_geoserver-a99b4f95bea293bf","title":"Madurai - Paramakudi and 2 lane with paved shoulders of Paramakudi - Ramanathapuram section of NH-49","sector":"road","status":"commissioned","is_blocked":false}},{"type":"Feature","geometry":{"coordinates":[[78.613977,9.515493],[78.938181,9.342142]],"type":"LineString"},"properties":{"id":"nhai_geoserver-ef3fea6c2e8fc48a","title":"4 Laning of Paramakudi to Ramanathapuram Section of NH-87 (Old NH-49)","sector":"road","status":"under_construction","is_blocked":false}},{"type":"Feature","geometry":{"coordinates":[[78.758573,10.041932],[78.853253,9.391418]],"type":"LineString"},"properties":{"id":"nhai_geoserver-573bdd3e071b8770","title":"Karaikudi - Ramanathapuram section from Km.94/000 to Km.174/000 including 500 m on SH 35","sector":"road","status":"commissioned","is_blocked":false}},{"type":"Feature","geometry":{"coordinates":[[79.666895,12.244888],[78.230769,12.515314]],"type":"LineString"},"properties":{"id":"nhai_geoserver-be4faeea9fc27121","title":"Balance work of 2L PS of Tindivanam Krishnagiri from km. 37.600 to km. 219.782","sector":"road","status":"commissioned","is_blocked":false}},{"type":"Feature","geometry":{"coordinates":[[78.432875,10.535572],[78.451959,10.531232]],"type":"LineString"},"properties":{"id":"nhai_geoserver-552a17c6873ad934","title":"Trichirapalli (Km 0.000) to Kallagam (Km. 38.700) of NH-227 in Tamil Nadu","sector":"road","status":"commissioned","is_blocked":false}},{"type":"Feature","geometry":{"coordinates":[[78.451959,10.531232],[78.475655,10.542797]],"type":"LineString"},"properties":{"id":"nhai_geoserver-dafbfd28e307b568","title":"Kallagam (km.38.700) to Meensurutti (Km.98.433) of NH-227 in Tamil Nadu","sector":"road","status":"under_construction","is_blocked":false}},{"type":"Feature","geometry":{"coordinates":[[78.475655,10.542797],[79.404906,11.231706]],"type":"LineString"},"properties":{"id":"nhai_geoserver-20ff1bb2747550b4","title":"Meensurutti (Km.98.433) to Chidambaram (Km.129.965) of NH-227","sector":"road","status":"commissioned","is_blocked":false}},{"type":"Feature","geometry":{"coordinates":[[82.82447,25.270973],[82.913878,25.376867]],"type":"LineString"},"properties":{"id":"nhai_geoserver-244fd2c22e142a8f","title":"Ghaghra Bridge to Varanasi Section of NH-233 (Package-1)","sector":"road","status":"commissioned","is_blocked":false}},{"type":"Feature","geometry":{"coordinates":[[81.451173,23.334635],[81.59597,25.292097]],"type":"LineString"},"properties":{"id":"nhai_geoserver-be5785042a223b9a","title":"Four Laning of Ghaghra Bridge to Varanasi (PKG-II) [Budhanpur Urban section (Km 180.420) to Gossai ki bazaar bypass (Km 240.340)]","sector":"road","status":"commissioned","is_blocked":false}},{"type":"Feature","geometry":{"coordinates":[[81.644,26.46198],[82.135919,26.756195]],"type":"LineString"},"properties":{"id":"nhai_geoserver-3ea5289ad1fb3163","title":"Four Laning of Ghaghra Bridge to Varanasi (PKG-III) [Gossai ki bazaar bypass (Km 240.340) to Varanasi (Km 299.350)]","sector":"road","status":"commissioned","is_blocked":false}},{"type":"Feature","geometry":{"coordinates":[[86.639584,25.466461],[86.754461,25.913742]],"type":"LineString"},"properties":{"id":"nhai_geoserver-4423bded6cd918ac","title":"Maheshkunt-Saharsa-Purnea (Pkg I) km 0.00 to km. 90.00 of NH-107","sector":"road","status":"under_construction","is_blocked":false}},{"type":"Feature","geometry":{"coordinates":[[86.752828,25.912983],[87.465056,25.746908]],"type":"LineString"},"properties":{"id":"nhai_geoserver-6fc63106c2adc245","title":"Maheshkunt -Saharsa-Purnea Pkg II","sector":"road","status":"under_construction","is_blocked":false}},{"type":"Feature","geometry":{"coordinates":[[75.737571,31.246768],[75.737782,31.246685]],"type":"LineString"},"properties":{"id":"nhai_geoserver-6b36c60a3a6bfd45","title":"4L of Phagwara -Rupnagar from km. 0.00 to km. 80.82 of NH-344A","sector":"road","status":"commissioned","is_blocked":false}},{"type":"Feature","geometry":{"coordinates":[[76.110711,28.845172],[76.349306,29.310475]],"type":"LineString"},"properties":{"id":"nhai_geoserver-36d65481f414eb25","title":"Bhiwani - Mundhal - Jind from Km.6.875 to Km. 68.857 of NH-709A (Package-I) under NH (O)","sector":"road","status":"commissioned","is_blocked":false}},{"type":"Feature","geometry":{"coordinates":[[76.300278,29.326389],[77.005,29.7075]],"type":"LineString"},"properties":{"id":"nhai_geoserver-688930c946280e99","title":"Jind - Karnal from junction with Narwana road (NH-352) at Subhash Chowk to ITI Chowk (intersection with NH-1 of NH-709A from km. 68.660 to km. 153.700","sector":"road","status":"commissioned","is_blocked":false}},{"type":"Feature","geometry":{"coordinates":[[84.701926,25.789328],[84.4257,26.47452]],"type":"LineString"},"properties":{"id":"nhai_geoserver-23eed82f52cab1f3","title":"Chhapra - Gopalganj section","sector":"road","status":"commissioned","is_blocked":false}},{"type":"Feature","geometry":{"coordinates":[[84.685151,25.803941],[85.131697,25.415927]],"type":"LineString"},"properties":{"id":"nhai_geoserver-0cd799db103553ca","title":"Chhapra - Hajipur from km. 143.200 to km. 209.200","sector":"road","status":"cancelled","is_blocked":true}},{"type":"Feature","geometry":{"coordinates":[[76.83071,30.338763],[76.968257,30.300692]],"type":"LineString"},"properties":{"id":"nhai_geoserver-f557aca02f1c4742","title":"Ambala - Saha","sector":"road","status":"commissioned","is_blocked":false}},{"type":"Feature","geometry":{"coordinates":[[77.346794,30.075049],[77.038457,30.271214]],"type":"LineString"},"properties":{"id":"nhai_geoserver-238a6c94d1759c1d","title":"Four Laning of Yamunanagar-Panchkula section of Old NH 73 from Km 70.830 to Km 115.400 (Pkg-I)","sector":"road","status":"commissioned","is_blocked":false}},{"type":"Feature","geometry":{"coordinates":[[77.686889,29.988853],[77.343892,30.076178]],"type":"LineString"},"properties":{"id":"nhai_geoserver-29b66abd465e89a7","title":"Gagalheri-Saharanpur- Yamunanagar (UP/ Haryana Border) Section of NH-73","sector":"road","status":"commissioned","is_blocked":false}},{"type":"Feature","geometry":{"coordinates":[[72.244286,25.921458],[72.943594,26.197683]],"type":"LineString"},"properties":{"id":"nhai_geoserver-164936b7d27e6986","title":"Jodhpur - Pachpedra Pkg-I(2/4 LPS)","sector":"road","status":"commissioned","is_blocked":false}},{"type":"Feature","geometry":{"coordinates":[[76.7222,30.743112],[76.630824,30.755188]],"type":"LineString"},"properties":{"id":"nhai_geoserver-dcccc6d9dea82c69","title":"Chandigarh (km.0.000) to Kharar (km10.185) of NH-21 and NH-95 in Punjab","sector":"road","status":"commissioned","is_blocked":false}},{"type":"Feature","geometry":{"coordinates":[[71.416267,25.761397],[72.05785,25.9198]],"type":"LineString"},"properties":{"id":"nhai_geoserver-6d549adc4b118406","title":"Bagundi - Barmer (2LPS)","sector":"road","status":"commissioned","is_blocked":false}},{"type":"Feature","geometry":{"coordinates":[[77.197272,28.98641],[76.8635,28.84598]],"type":"LineString"},"properties":{"id":"nhai_geoserver-e9110c7dc5632be5","title":"UP/HR Border - Sonepat - Jhajjar","sector":"road","status":"commissioned","is_blocked":false}},{"type":"Feature","geometry":{"coordinates":[[77.197273,28.986411],[76.863589,28.84595]],"type":"LineString"},"properties":{"id":"nhai_geoserver-34eb276fa899a910","title":"Four Laning of Rohna/ Hassangarh section from Km.44.800 to km.80.250 (Package-2)","sector":"road","status":"commissioned","is_blocked":false}},{"type":"Feature","geometry":{"coordinates":[[76.664502,28.621795],[75.886309,28.466049]],"type":"LineString"},"properties":{"id":"nhai_geoserver-586c6a00dcec6268","title":"Jhajjar - Loharu from Km.130.770 to Km. 228.630","sector":"road","status":"commissioned","is_blocked":false}},{"type":"Feature","geometry":{"coordinates":[[74.937256,31.626271],[75.39992,31.684488]],"type":"LineString"},"properties":{"id":"nhai_geoserver-cf761c118e20edad","title":"4L of Amritsar-Ghoman - Tanda - Una Section from Km 8.270 to Km 54.000 of NH-503A (Package-I)","sector":"road","status":"under_construction","is_blocked":false}},{"type":"Feature","geometry":{"coordinates":[[80.481965,26.524276],[80.945364,26.141567]],"type":"LineString"},"properties":{"id":"nhai_geoserver-383d83266b20ff56","title":"2L PS of Aligarh - Moradabad section from km 85.650 to km 232.00 of Old NH-93","sector":"road","status":"commissioned","is_blocked":false}},{"type":"Feature","geometry":{"coordinates":[[78.088,27.8974],[78.7733,28.8386]],"type":"LineString"},"properties":{"id":"nhai_geoserver-fef57f67d2f4dc5e","title":"Routine Maintenance of 2-Lane with Paved Shoulders of Aligarh-Moradabad Section of NH-93 [New NH-509] From Km 79.000 To Km 232.020 [Total Length: 153.020 Km] in the State of Uttar Pradesh","sector":"road","status":"tendered","is_blocked":false}},{"type":"Feature","geometry":{"coordinates":[[85.222369,20.92061],[85.26695,20.942528]],"type":"LineString"},"properties":{"id":"nhai_geoserver-5087db5c609ee470","title":"4 Laning of Talcher to end of Kamakhyanagar Bypass km 8.844 - km 15.725 of NH-149 and km 301.875 - km 335.946 of NH-53 (Pkg-I)","sector":"road","status":"commissioned","is_blocked":false}},{"type":"Feature","geometry":{"coordinates":[[85.988348,20.988279],[86.13174,20.700596]],"type":"LineString"},"properties":{"id":"nhai_geoserver-d5da10e2ac0f8fd2","title":"4 Laning of Duburi Chandikhole from km 388.376 to km 428.074 (Pkg-III)","sector":"road","status":"under_construction","is_blocked":false}},{"type":"Feature","geometry":{"coordinates":[[70.629961,21.773643],[70.41197,20.894537]],"type":"LineString"},"properties":{"id":"nhai_geoserver-212e6da38e39c4db","title":"O&M of 4L of Jetpur- Somnath Section from Km 0.00 to Km 127.600 of Old NH-8D","sector":"road","status":"commissioned","is_blocked":false}},{"type":"Feature","geometry":{"coordinates":[[86.212081,23.44906],[86.00939,22.957096]],"type":"LineString"},"properties":{"id":"nhai_geoserver-a516cad681de5429","title":"2L PS of JH / WB Border (km. 70.524) - Purulia (km.84.400) & Purulia (km. 94.30) - Chandil (Junction with NH-33) (km. 153.705) of Old NH-32","sector":"road","status":"under_construction","is_blocked":false}},{"type":"Feature","geometry":{"coordinates":[[86.30854,23.37833],[86.35809,23.30776]],"type":"LineString"},"properties":{"id":"nhai_geoserver-814a0f82f6f7ef7a","title":"4L of Purulia Bypass section from Km 84.030 to Km 94.345 of NH-32","sector":"road","status":"cancelled","is_blocked":true}},{"type":"Feature","geometry":{"coordinates":[[79.057507,28.749946],[79.380877,28.95705]],"type":"LineString"},"properties":{"id":"nhai_geoserver-1dbc98aef4142683","title":"Rampur - Rudrapur Section from km. 0.000 to km. 43.446 [Rampur Kathgodam (Package-1)]","sector":"road","status":"commissioned","is_blocked":false}},{"type":"Feature","geometry":{"coordinates":[[78.967777,28.7938],[79.074444,28.82305]],"type":"LineString"},"properties":{"id":"nhai_geoserver-f8564898ebf870f6","title":"4L (Greenfield) Western Side spur of Rampur-Rudrapur Section from Km 0.000 to Km 13.700 connecting NH-24 to NH-87 bypassing rampur town","sector":"road","status":"under_construction","is_blocked":false}},{"type":"Feature","geometry":{"coordinates":[[79.429832,28.955398],[79.400556,29.015095]],"type":"LineString"},"properties":{"id":"nhai_geoserver-4aafe4c88424f540","title":"Construction of Rudrapur Bypass Section from Km. 0.000 to 20.640 in the state of Uttar Pradesh & Uttarakhand","sector":"road","status":"commissioned","is_blocked":false}},{"type":"Feature","geometry":{"coordinates":[[84.91921,21.87541],[84.990299,21.543341]],"type":"LineString"},"properties":{"id":"nhai_geoserver-752dd63541adce11","title":"4-L of Rajamunda to Barkote Section of NH-23 from km. 287.200 to km. 337.185","sector":"road","status":"commissioned","is_blocked":false}},{"type":"Feature","geometry":{"coordinates":[[84.826438,25.569506],[84.431161,25.596617]],"type":"LineString"},"properties":{"id":"nhai_geoserver-b14d6c02cd2b5c2a","title":"Koilwar Bhojpur from km. 137.375 of NH- 30 to km. 27.37 of NH-84","sector":"road","status":"commissioned","is_blocked":false}},{"type":"Feature","geometry":{"coordinates":[[83.985417,25.591038],[84.431161,25.596617]],"type":"LineString"},"properties":{"id":"nhai_geoserver-f1372349c73c3ac9","title":"Bhojpur Buxar section of NH-84 from km.27.37 to km. 75.00","sector":"road","status":"commissioned","is_blocked":false}},{"type":"Feature","geometry":{"coordinates":[[85.109906,25.562708],[85.000889,25.24275]],"type":"LineString"},"properties":{"id":"nhai_geoserver-005c7e5bbe04f59f","title":"4L of Bal. works of Patna - Gaya -Dobhi (Pkg-I) from km. 0.00 to km. 39.00 of Old NH-83","sector":"road","status":"commissioned","is_blocked":false}},{"type":"Feature","geometry":{"coordinates":[[85.000783,25.242784],[84.994795,24.881115]],"type":"LineString"},"properties":{"id":"nhai_geoserver-ff5e27c4b5e3d579","title":"4L of Bal. works of Patna - Gaya -Dobhi (Pkg-II) from km. 39.00 to km. 83.00 of Old NH-83","sector":"road","status":"commissioned","is_blocked":false}},{"type":"Feature","geometry":{"coordinates":[[84.994795,24.881115],[84.90671,24.533888]],"type":"LineString"},"properties":{"id":"nhai_geoserver-ca2a9ef8150ad90f","title":"4L of Bal. works of Patna - Gaya -Dobhi (Pkg-III) from km. 83.00 to km. 127.217 of Old NH-83","sector":"road","status":"commissioned","is_blocked":false}},{"type":"Feature","geometry":{"coordinates":[[85.1376,25.5941],[85.0002,24.7955]],"type":"LineString"},"properties":{"id":"nhai_geoserver-d075dc41de1dbca3","title":"4L Greenfield starting from NH-30 near Saristabad (Patna) to Nathupur (Project end point of Patna-Gaya-Dobhi Section of NH-83)","sector":"road","status":"under_construction","is_blocked":false}},{"type":"Feature","geometry":{"coordinates":[[79.883748,13.14255],[80.016657,13.125777]],"type":"LineString"},"properties":{"id":"nhai_geoserver-39803674fa1eb741","title":"Balance works of four lane from km 43.950 (Thiruvallur Bypass) to km 61.470 (Veppampattu Bypass) passing through Thannerkulam, Thozur and Sevapet Bypass (17.520 kms) of Tirupathi- Tiruttani- Chennai section of NH 205","sector":"road","status":"under_construction","is_blocked":false}},{"type":"Feature","geometry":{"coordinates":[[80.2707,13.0827],[79.4192,13.6288]],"type":"LineString"},"properties":{"id":"nhai_geoserver-f1d01f951c4ba415","title":"Access Controlled Highway of 4 Lane with Paved Shoulders from Tiruvallur (Design Chainage Km 17+56) to TN/AP Broder (Design Chainage Km 61+51) of NH-716 (Chennai-Tirupati Package-1)","sector":"road","status":"under_construction","is_blocked":false}},{"type":"Feature","geometry":{"coordinates":[[76.827669,30.660209],[76.979415,30.836262]],"type":"LineString"},"properties":{"id":"nhai_geoserver-a6c2032af7b776a0","title":"Zirakpur -Parwanoo from km.39.96 to km. 67.65 including Pinjore - Kalka Parwanoo Bypass in the State of PB, HR, HP","sector":"road","status":"commissioned","is_blocked":false}},{"type":"Feature","geometry":{"coordinates":[[77.096773,30.923123],[77.107657,31.025751]],"type":"LineString"},"properties":{"id":"nhai_geoserver-9302e69dfc335310","title":"Solan - Kaithlighat Section of NH-22 Now NH-5 from Km. 106.139 to Km.129.05","sector":"road","status":"under_construction","is_blocked":false}},{"type":"Feature","geometry":{"coordinates":[[75.590242,32.27144],[74.925705,31.649244]],"type":"LineString"},"properties":{"id":"nhai_geoserver-2614aadf1873ad97","title":"4L of Pathankot-Amritsar from km 6.082 to km 108.502","sector":"road","status":"commissioned","is_blocked":false}},{"type":"Feature","geometry":{"coordinates":[[77.757336,29.014944],[78.31091,29.593935]],"type":"LineString"},"properties":{"id":"nhai_geoserver-4fb01d8862f1271f","title":"Meerut - Najibabad from km. 11.50 to km. 39.24 & km. 86.59 to km. 112.545 of NH-119 (Pkg-I)","sector":"road","status":"commissioned","is_blocked":false}},{"type":"Feature","geometry":{"coordinates":[[78.393785,29.636783],[78.393785,29.729889]],"type":"LineString"},"properties":{"id":"nhai_geoserver-0828c687de5c5693","title":"2L PS of Najibabad Kotdwar section from 112.575 to Km. 138.635 of NH 119","sector":"road","status":"under_construction","is_blocked":false}},{"type":"Feature","geometry":{"coordinates":[[78.163,29.4149],[78.367214,29.43517]],"type":"LineString"},"properties":{"id":"nhai_geoserver-61599681b80c9a10","title":"Bijnor-Kotawali","sector":"road","status":"under_construction","is_blocked":false}},{"type":"Feature","geometry":{"coordinates":[[77.581456,30.436528],[77.758494,30.395436]],"type":"LineString"},"properties":{"id":"nhai_geoserver-d0624581af202a7e","title":"4L Poanta Saheb–Mednipur from Km. 435.65 to km. 458.65 of NH-07(Pkg-1)","sector":"road","status":"commissioned","is_blocked":false}},{"type":"Feature","geometry":{"coordinates":[[77.758494,30.395436],[78.008794,30.333214]],"type":"LineString"},"properties":{"id":"nhai_geoserver-13454b4bce67a369","title":"4L Medinipur to Ballupur from Km. 458.65 to Km. 487.65 of NH-07(Pkg-2)","sector":"road","status":"under_construction","is_blocked":false}},{"type":"Feature","geometry":{"coordinates":[[78.632153,28.819983],[78.860531,28.826953]],"type":"LineString"},"properties":{"id":"nhai_geoserver-740113d921fb01d1","title":"4L of Moradabad western side spur connecting NH-734 & NH-24 from Km. 0.000 to Km. 33.200 (Pkg-I)","sector":"road","status":"under_construction","is_blocked":false}},{"type":"Feature","geometry":{"coordinates":[[78.190125,29.999906],[78.171488,30.108992]],"type":"LineString"},"properties":{"id":"nhai_geoserver-f5a6b3903af8cbb9","title":"Remaining works of Haridwar Dehradun (Pkg I) (Haridwar - Lalatappar)","sector":"road","status":"commissioned","is_blocked":false}},{"type":"Feature","geometry":{"coordinates":[[78.171488,30.108992],[78.07101,30.272181]],"type":"LineString"},"properties":{"id":"nhai_geoserver-040f301104c613ea","title":"Remaining works of Haridwar Dehradun (Pkg II) (Lalatappar - Mohakampur)","sector":"road","status":"commissioned","is_blocked":false}},{"type":"Feature","geometry":{"coordinates":[[76.628076,30.754347],[75.87957,30.910907]],"type":"LineString"},"properties":{"id":"nhai_geoserver-d237c71824b43fd1","title":"Kharar Km. 10.185 (Design Chainage) to Samrala Chowk, Ludhiana Km 86.199 (Design Chainage) In the State Of Punjab","sector":"road","status":"commissioned","is_blocked":false}},{"type":"Feature","geometry":{"coordinates":[[84.2132,26.15],[84.48,26.0716]],"type":"LineString"},"properties":{"id":"nhai_geoserver-34acb9d2c991d2f9","title":"4L of Siwan- Masrakh section of Ram Janki Marg from Km 230.385 to Km 281.391 of NH-227A","sector":"road","status":"under_construction","is_blocked":false}},{"type":"Feature","geometry":{"coordinates":[[74.088728,25.760245],[74.620658,25.878502]],"type":"LineString"},"properties":{"id":"nhai_geoserver-3c8227a29b6d3e06","title":"Parsoli - Gulabpura","sector":"road","status":"commissioned","is_blocked":false}},{"type":"Feature","geometry":{"coordinates":[[75.353075,31.49059],[74.91981,31.657239]],"type":"LineString"},"properties":{"id":"nhai_geoserver-3341cc6d1479acb2","title":"Four Laning of Jalandhar-Amritsar of NH 1 from 407.1 to km 456.1","sector":"road","status":"commissioned","is_blocked":false}},{"type":"Feature","geometry":{"coordinates":[[75.526367,31.401937],[75.353075,31.49059]],"type":"LineString"},"properties":{"id":"nhai_geoserver-02df77554fa947ef","title":"Six Laning of Jalandhar - Amritsar Section of NH-1 from Km.387.100 to Km.407.100 (Bidhipur Dhilwan)","sector":"road","status":"commissioned","is_blocked":false}},{"type":"Feature","geometry":{"coordinates":[[74.91981,31.657239],[74.573061,31.604683]],"type":"LineString"},"properties":{"id":"nhai_geoserver-0c4ae503ca7aca7d","title":"Amritsar - Wagah Border section of NH-1 from km 456.100 - km 492.030","sector":"road","status":"commissioned","is_blocked":false}},{"type":"Feature","geometry":{"coordinates":[[74.072578,26.421049],[74.017697,26.0527]],"type":"LineString"},"properties":{"id":"nhai_geoserver-a8103b105df7bba1","title":"Lambia - Raipur (Package-II) from Km.163.800 to Km.218.563","sector":"road","status":"commissioned","is_blocked":false}},{"type":"Feature","geometry":{"coordinates":[[74.620278,25.878611],[76.010833,25.928889]],"type":"LineString"},"properties":{"id":"nhai_geoserver-0f682667432451c2","title":"Gulabpura(Km 69.267) to Uniara(282.936) of NH-148D in Rajasthan","sector":"road","status":"commissioned","is_blocked":false}},{"type":"Feature","geometry":{"coordinates":[[76.008324,27.238016],[76.31821,26.90557]],"type":"LineString"},"properties":{"id":"nhai_geoserver-71ee7347e066cbf8","title":"Manoharpur - Dausa section of NH-11 A (New NH-148)","sector":"road","status":"commissioned","is_blocked":false}},{"type":"Feature","geometry":{"coordinates":[[76.308056,26.8975],[75.950278,26.508333]],"type":"LineString"},"properties":{"id":"nhai_geoserver-9565114e8c72664c","title":"Dausa - Lalsot - Kothun section of NH11 A Extn. (Ch. 0.000 to Ch. 83.453)","sector":"road","status":"commissioned","is_blocked":false}},{"type":"Feature","geometry":{"coordinates":[[73.5419,29.5814],[73.241,29.2949]],"type":"LineString"},"properties":{"id":"nhai_geoserver-65cf681ef2f46729","title":"2L PS Sriganganagar to Raisinghnagar (Design Chainage -0.500 km to Design Chainage 101.000 km) (Package-1)  on NH-911","sector":"road","status":"commissioned","is_blocked":false}},{"type":"Feature","geometry":{"coordinates":[[77.021111,26.514167],[77.890556,26.696389]],"type":"LineString"},"properties":{"id":"nhai_geoserver-ba4e7cc4a2fe3405","title":"2L PS of Karauli - Dholpur from km 83.960 to 184.460 of Old NH-11B","sector":"road","status":"commissioned","is_blocked":false}},{"type":"Feature","geometry":{"coordinates":[[74.355851,23.457157],[74.212776,22.838741]],"type":"LineString"},"properties":{"id":"nhai_geoserver-4bae90dbd7a37287","title":"Padhi (km 180.000) to Dahod (km 265.59) of NH-113","sector":"road","status":"commissioned","is_blocked":false}},{"type":"Feature","geometry":{"coordinates":[[77.901667,26.745278],[77.580556,27.154167]],"type":"LineString"},"properties":{"id":"nhai_geoserver-591442a9947a5d14","title":"Uncha Nagla - Dholpur Section of NH-123 (0.000 to 75.008).","sector":"road","status":"commissioned","is_blocked":false}},{"type":"Feature","geometry":{"coordinates":[[75.792222,26.150278],[76.304722,25.980556]],"type":"LineString"},"properties":{"id":"nhai_geoserver-542e780de657069b","title":"Tonk (Km 1.300) to Sawaimadhopur (Km 69.750) of NH-116 in Rajasthan","sector":"road","status":"commissioned","is_blocked":false}},{"type":"Feature","geometry":{"coordinates":[[76.2842,20.4856],[76.0928,20.5945]],"type":"LineString"},"properties":{"id":"nhai_geoserver-2a69b45487ae0c9f","title":"4L of Nagpur-Katol Section from Km. 13.00 to Km. 62.900 of NH-353J","sector":"road","status":"under_construction","is_blocked":false}},{"type":"Feature","geometry":{"coordinates":[[76.986654,20.694076],[76.960607,20.316123]],"type":"LineString"},"properties":{"id":"nhai_geoserver-fb91c6f0044f740a","title":"4L of Nagpur - Umred section (From 7.300 km to 48.400 km of NH-353D","sector":"road","status":"commissioned","is_blocked":false}},{"type":"Feature","geometry":{"coordinates":[[74.472696,18.417436],[74.627236,18.130258]],"type":"LineString"},"properties":{"id":"nhai_geoserver-af3d0736b7c59ab6","title":"Patas-Vasunde Phata - Baramati Bypass","sector":"road","status":"commissioned","is_blocked":false}},{"type":"Feature","geometry":{"coordinates":[[78.982474,21.206593],[78.56671,21.286993]],"type":"LineString"},"properties":{"id":"nhai_geoserver-ff8f528dcddd45ee","title":"4L of Rajura-Korpana-Adilabad Road upto M.S. Border from km 32.910 to km 89.090 of NH-353B","sector":"road","status":"commissioned","is_blocked":false}},{"type":"Feature","geometry":{"coordinates":[[75.007338,18.10491],[75.12106,17.770607]],"type":"LineString"},"properties":{"id":"nhai_geoserver-2415e37c5320c36b","title":"4L of Indapur to Tondle (Pkg-III) from km.84.550 to km. 131.00 of NH-965G (Saint Tukaram Marg)","sector":"road","status":"commissioned","is_blocked":false}},{"type":"Feature","geometry":{"coordinates":[[79.044903,21.023576],[78.988254,21.21229]],"type":"LineString"},"properties":{"id":"nhai_geoserver-5f359444120ec416","title":"Warora - Wani from km. 313.850 to km. 332.160","sector":"road","status":"commissioned","is_blocked":false}},{"type":"Feature","geometry":{"coordinates":[[76.91961,13.252284],[75.51823,13.42504]],"type":"LineString"},"properties":{"id":"nhai_geoserver-a2a8e834c5eb9a9e","title":"Bijapur (Km.195.000) - Gulbarga - Homnabad (Km. 418.00) of NH-218 (New NH-50)","sector":"road","status":"commissioned","is_blocked":false}},{"type":"Feature","geometry":{"coordinates":[[79.257147,15.795263],[79.261892,15.915869]],"type":"LineString"},"properties":{"id":"nhai_geoserver-7f75ad7b41936ae3","title":"O&M of 2L PS Markapuram-Vaggampalle Section from Km. 198.694 to Km. 293.266 of NH-565","sector":"road","status":"commissioned","is_blocked":false}},{"type":"Feature","geometry":{"coordinates":[[85.270649,21.964137],[84.919641,21.87473]],"type":"LineString"},"properties":{"id":"nhai_geoserver-a8402b5016d5e52f","title":"Koida- Rajamunda (Pkg-II) km 206.00 - km 259.453 of NH 215","sector":"road","status":"commissioned","is_blocked":false}},{"type":"Feature","geometry":{"coordinates":[[74.547906,15.831225],[74.514637,15.605353]],"type":"LineString"},"properties":{"id":"nhai_geoserver-f63dd772fe827967","title":"Belgaum-Khanapur Pkg I (Km 0.000-Km 30.800) of NH-4A","sector":"road","status":"under_construction","is_blocked":false}},{"type":"Feature","geometry":{"coordinates":[[78.150242,11.625112],[79.273739,11.67759]],"type":"LineString"},"properties":{"id":"nhai_geoserver-f8dacd1d571fc545","title":"Salem - Ulundurpet section from km 0.313 to km 136.670 of NH-68","sector":"road","status":"commissioned","is_blocked":false}},{"type":"Feature","geometry":{"coordinates":[[79.82426,10.760433],[79.17355,10.78145]],"type":"LineString"},"properties":{"id":"nhai_geoserver-1c9489c381aad7b4","title":"2L PS of Nagapattinam - Thanjavur from Km 1.600 to Km 16.690 & Km. 29.850 to Km. 80.133 of Old NH-67 (New NH-83)","sector":"road","status":"commissioned","is_blocked":false}},{"type":"Feature","geometry":{"coordinates":[[78.751057,10.234311],[78.447871,9.699123]],"type":"LineString"},"properties":{"id":"nhai_geoserver-0306a2d562837a77","title":"Thirumayam - Manamadurai","sector":"road","status":"commissioned","is_blocked":false}},{"type":"Feature","geometry":{"coordinates":[[79.80701,11.93209],[79.6529,12.22164]],"type":"LineString"},"properties":{"id":"nhai_geoserver-2fa21ad3a4af3891","title":"Four Laning of Pondicherry - Tindivanam from km. 0.00 to km. 37.29","sector":"road","status":"commissioned","is_blocked":false}},{"type":"Feature","geometry":{"coordinates":[[82.343667,17.242895],[82.24849,17.022623]],"type":"LineString"},"properties":{"id":"nhai_geoserver-5d8b229fb3e446a9","title":"Routine maintenance including incident Management for O&M of Vaggampalli - Dornal T section from km 293.266 to km 359.422 of NH-565","sector":"road","status":"commissioned","is_blocked":false}},{"type":"Feature","geometry":{"coordinates":[[79.33405,16.137788],[79.152666,15.47412]],"type":"LineString"},"properties":{"id":"nhai_geoserver-c6166f530272cbb7","title":"O&M of 2L PS Davulapalli to Markapuram Section from Km. 153.939 to km.197.318 of NH-565","sector":"road","status":"commissioned","is_blocked":false}},{"type":"Feature","geometry":{"coordinates":[[83.393662,17.900423],[83.026814,17.681067]],"type":"LineString"},"properties":{"id":"nhai_geoserver-e0a7c8469c5f5ab9","title":"4L of Vijayawada to Machilipatnam from Km. 0.000 to Km. 63.800 of Old NH-09 (New NH-65)","sector":"road","status":"commissioned","is_blocked":false}},{"type":"Feature","geometry":{"coordinates":[[87.182275,24.59786],[87.52963,24.362436]],"type":"LineString"},"properties":{"id":"nhai_geoserver-f8cc11c49230a3b1","title":"4L of Mehgama - Hansdiha from  km. 41.900 to km. 93.000 of NH -133A (Pkg-II)","sector":"road","status":"commissioned","is_blocked":false}},{"type":"Feature","geometry":{"coordinates":[[78.4748,17.1696],[78.4754,17.168]],"type":"LineString"},"properties":{"id":"nhai_geoserver-152b0f2668b3cdfd","title":"Hyderabad to Dindi Section from km. 23.00 to km. 108.80","sector":"road","status":"unknown","is_blocked":false}},{"type":"Feature","geometry":{"coordinates":[[79.79579,17.34766],[80.04813,17.6253]],"type":"LineString"},"properties":{"id":"nhai_geoserver-6b1939ff48ea1bbf","title":"Thanamcherla-Jamandlapally (2LPS)","sector":"road","status":"commissioned","is_blocked":false}},{"type":"Feature","geometry":{"coordinates":[[78.358157,17.348856],[79.339369,17.353585]],"type":"LineString"},"properties":{"id":"nhai_geoserver-27eef1377b39b798","title":"Hyderabad - Maneguda","sector":"road","status":"under_construction","is_blocked":false}},{"type":"Feature","geometry":{"coordinates":[[80.001331,16.983739],[80.112403,17.209539]],"type":"LineString"},"properties":{"id":"nhai_geoserver-cf4fb45b6d8ad13a","title":"4L of Kodad (Design Km 0.00/Existing Km 185.00 of NH-65) to Khammam (Design Km 31.800/Existing Km 29.400) of NH-365A","sector":"road","status":"under_construction","is_blocked":false}},{"type":"Feature","geometry":{"coordinates":[[85.835851,19.851576],[85.78719,19.78646]],"type":"LineString"},"properties":{"id":"nhai_geoserver-2d937cba8a405eda","title":"Balance Work of Puri By Pass Road of Bhubaneswar-Puri Section from km. 56.500 to km. 67.500","sector":"road","status":"commissioned","is_blocked":false}},{"type":"Feature","geometry":{"coordinates":[[87.7312,25.24085],[87.79834,24.91763]],"type":"LineString"},"properties":{"id":"nhai_geoserver-8eef2ab5d33ff92e","title":"4L of NH-80 from km 215.00 to km 260.00 Mirza Chauki to Farkka (Pkg-I)","sector":"road","status":"under_construction","is_blocked":false}},{"type":"Feature","geometry":{"coordinates":[[87.102165,24.381083],[86.732516,24.443638]],"type":"LineString"},"properties":{"id":"nhai_geoserver-a32c4881c6081b6f","title":"4L of Basukinath- Deoghar Section of NH-114A","sector":"road","status":"under_construction","is_blocked":false}},{"type":"Feature","geometry":{"coordinates":[[84.165688,24.344621],[84.84878,24.195114]],"type":"LineString"},"properties":{"id":"nhai_geoserver-5e25f6a0b7587918","title":"Hariharganj to Parwa Mode section from km 23.284 to km 57.049 of NH-98","sector":"road","status":"under_construction","is_blocked":false}},{"type":"Feature","geometry":{"coordinates":[[87.354899,25.142027],[87.371579,25.232119]],"type":"LineString"},"properties":{"id":"nhai_geoserver-5d5f6ae1d2c326e3","title":"4L of Sahibganj - Manihari Ganga Bridge including Manihari Bypass","sector":"road","status":"under_construction","is_blocked":false}},{"type":"Feature","geometry":{"coordinates":[[86.235972,26.065317],[86.305327,26.033932]],"type":"LineString"},"properties":{"id":"nhai_geoserver-a3a67e739bee30a9","title":"Umagaon-Saharsa (Package-IV) Koshi Bridge & approach Road - (Bheja-Bakaur)","sector":"road","status":"under_construction","is_blocked":false}},{"type":"Feature","geometry":{"coordinates":[[81.306487,24.526688],[81.913543,24.407423]],"type":"LineString"},"properties":{"id":"nhai_geoserver-99435bb09569ffac","title":"Rewa - Sidhi","sector":"road","status":"commissioned","is_blocked":false}},{"type":"Feature","geometry":{"coordinates":[[86.305327,26.033932],[86.281124,25.512996]],"type":"LineString"},"properties":{"id":"nhai_geoserver-de646c51422cb84d","title":"Umagaon-Saharsa (Package-V) Bakaur-Parsarma-Bangaon-Bariyahi & Spur to Mahishi","sector":"road","status":"under_construction","is_blocked":false}},{"type":"Feature","geometry":{"coordinates":[[85.39242,26.17274],[85.566082,26.840995]],"type":"LineString"},"properties":{"id":"nhai_geoserver-eceb4287e096ef43","title":"Muzaffarpur - Sonbarsa Section of NH-77 from km 2.800 to km 89.000","sector":"road","status":"commissioned","is_blocked":false}},{"type":"Feature","geometry":{"coordinates":[[85.494822,26.157028],[85.789375,26.544527]],"type":"LineString"},"properties":{"id":"nhai_geoserver-fc662f533361e000","title":"2L PS of Majhauli to Charout section from km. 0.00 to km. 63.655","sector":"road","status":"under_construction","is_blocked":false}},{"type":"Feature","geometry":{"coordinates":[[85.515147,25.15565],[85.904953,25.384014]],"type":"LineString"},"properties":{"id":"nhai_geoserver-af228e7d4db4dfc8","title":"2L PS of Biharsharif - Barbigha - Mokama from km. 94.478 to km.149.053 of NH-82","sector":"road","status":"commissioned","is_blocked":false}},{"type":"Feature","geometry":{"coordinates":[[81.71746,19.434739],[82.042433,19.093751]],"type":"LineString"},"properties":{"id":"nhai_geoserver-eef3e5ea7a8f03f5","title":"2L PS of Dahikhonga - Jagdalpur (Package - 4) Km 241.000 to Km 298.00 of Old NH-43","sector":"road","status":"commissioned","is_blocked":false}},{"type":"Feature","geometry":{"coordinates":[[87.657419,25.346397],[87.514908,25.78525]],"type":"LineString"},"properties":{"id":"nhai_geoserver-375804cd310b9db5","title":"4L from km. 34.600 to km. 79.970 & 2LPS from km. 79.970 to km. 82.000 of Narenpur - Purnea Section of NH-131A","sector":"road","status":"commissioned","is_blocked":false}},{"type":"Feature","geometry":{"coordinates":[[86.515082,25.346415],[86.441514,25.46069]],"type":"LineString"},"properties":{"id":"nhai_geoserver-ef962928619ef987","title":"Construction of Approach Road to Rail-cum- Road Bridge across river Ganga at Munger Ghat ( NH-333 B)","sector":"road","status":"under_construction","is_blocked":false}},{"type":"Feature","geometry":{"coordinates":[[78.284193,21.770753],[79.54413,22.077454]],"type":"LineString"},"properties":{"id":"nhai_geoserver-dd32f999b9ae8f52","title":"2L PS of Multai-Chhindwara from Km. 0.000 to 75.592 and Chhindwara-Seoni from Km. 91.066 to 152.351 section of NH-347","sector":"road","status":"commissioned","is_blocked":false}},{"type":"Feature","geometry":{"coordinates":[[82.310753,22.296952],[82.545781,22.525118]],"type":"LineString"},"properties":{"id":"nhai_geoserver-316fe34cbdc26ee6","title":"4 Laning with PS of Pathrapalli-Katghora km 53.3 to km 92.6 (Pkg-II of Bilaspur Kathghora)","sector":"road","status":"under_construction","is_blocked":false}},{"type":"Feature","geometry":{"coordinates":[[82.739774,21.996419],[82.747019,22.29961]],"type":"LineString"},"properties":{"id":"nhai_geoserver-d223fe7ed7a9fcf1","title":"4 laning of Champa - Korba from km 0.00 to km 38.2","sector":"road","status":"under_construction","is_blocked":false}},{"type":"Feature","geometry":{"coordinates":[[91.87646,26.099176],[91.904891,25.677607]],"type":"LineString"},"properties":{"id":"nhai_geoserver-d4ef300588ee691e","title":"4L of Jorabat Shillong (Barapani) section from 0.000 to km 61.800 of Old NH-40","sector":"road","status":"commissioned","is_blocked":false}},{"type":"Feature","geometry":{"coordinates":[[91.905206,25.677968],[92.05194,25.552621]],"type":"LineString"},"properties":{"id":"nhai_geoserver-7d205b277ba87e3d","title":"2L of Shillong Bypass from km. 61.80 of Old NH-40 to km. 34.85 of Old NH-44","sector":"road","status":"commissioned","is_blocked":false}},{"type":"Feature","geometry":{"coordinates":[[92.233,25.466303],[92.461613,25.033234]],"type":"LineString"},"properties":{"id":"nhai_geoserver-cefe2a0c4d61011b","title":"Jowai-Meghalayal Assam Border Section of NH-44 from km 69.200 to km 173.200 in Meghalaya","sector":"road","status":"commissioned","is_blocked":false}},{"type":"Feature","geometry":{"coordinates":[[81.51356,20.683892],[81.456873,20.334038]],"type":"LineString"},"properties":{"id":"nhai_geoserver-96b52120e159ef27","title":"2L PS of Dhamtari - Kanker (Package - 1) from Km 81.500 to Km 130.00 of Old NH-43","sector":"road","status":"commissioned","is_blocked":false}},{"type":"Feature","geometry":{"coordinates":[[81.603776,19.988837],[81.71746,19.473937]],"type":"LineString"},"properties":{"id":"nhai_geoserver-bbed0de39cf097fd","title":"2L PS of Bedma - Dahikhonga (Package - 3) Km 180.000 to Km 241.00 of Old NH-43","sector":"road","status":"commissioned","is_blocked":false}},{"type":"Feature","geometry":{"coordinates":[[78.020951,17.361584],[78.54484,17.144822]],"type":"LineString"},"properties":{"id":"nhai_geoserver-5d33ae7a963f1449","title":"Development of Northern portion of Hyderabad Regional Ring Road (HRRR)","sector":"road","status":"tendered","is_blocked":false}},{"type":"Feature","geometry":{"coordinates":[[78.0081,27.1767],[78.1828,26.2183]],"type":"LineString"},"properties":{"id":"nhai_geoserver-2590d7058009098c","title":"Development of access controlled 6 Lane Agra-Gwalior greenfield NH section starting from Agra Inner Ring road ( K.M. 0+000) near Deori village and termination at Gwalior bypass (K.M. 88+400) near Susera village","sector":"road","status":"awarded","is_blocked":false}},{"type":"Feature","geometry":{"coordinates":[[82.9739,25.3176],[85.3096,23.3441]],"type":"LineString"},"properties":{"id":"nhai_geoserver-d037fd13a79ab6ed","title":"6L Greenfield Varanasi-Ranchi-Kolkata Highway (Package-5) from Malpura village to Pachmo village (From KM. 105+300 to KM. 116+000) and including 4-lane spur to NH-19 & NH-119 (total Spur length = 6.6 Km)","sector":"road","status":"tendered","is_blocked":false}},{"type":"Feature","geometry":{"coordinates":[[82.9739,25.3176],[85.3096,23.3441]],"type":"LineString"},"properties":{"id":"nhai_geoserver-6448629a61169159","title":"6L Greenfield Varanasi-Ranchi-Kolkata Highway from Konki village to Malpura village (From KM. 90+000 to KM. 105+300)(Package-4)","sector":"road","status":"tendered","is_blocked":false}},{"type":"Feature","geometry":{"coordinates":[[77.559319,29.792469],[78.034922,29.911964]],"type":"LineString"},"properties":{"id":"nhai_geoserver-467fbfd805e7b633","title":"4/6L of  Spur to Haridwar (Greenfield) from Km. 0.000 to Km. 50.70","sector":"road","status":"under_construction","is_blocked":false}}]}