{"type":"FeatureCollection","features":[{"type":"Feature","geometry":{"type":"Point","coordinates":[72.72455,21.04925]},"properties":{"id":"seed-6b2946bf67818196","title":"Mumbai-Ahmedabad High Speed Rail Corridor","sector":"rail","status":"under_construction","is_blocked":false,"block_reason":null,"cost_inr_crore":108000,"progress_pct":null,"delay_months":72,"revised_completion_date":"2028-12-01","state":"Gujarat","geo_confidence":"city","unverified":true}},{"type":"Feature","geometry":{"type":"Point","coordinates":[74.363,34.198]},"properties":{"id":"seed-7d801b4bbd14751a","title":"Udhampur-Srinagar-Baramulla Rail Link","sector":"rail","status":"commissioned","is_blocked":false,"block_reason":null,"cost_inr_crore":null,"progress_pct":null,"delay_months":null,"revised_completion_date":null,"state":"Jammu and Kashmir","geo_confidence":"city","unverified":true}},{"type":"Feature","geometry":{"type":"Point","coordinates":[78.2676,30.0869]},"properties":{"id":"seed-e3780ddf515660df","title":"Rishikesh to Karnaprayag Rail Line","sector":"rail","status":"under_construction","is_blocked":false,"block_reason":null,"cost_inr_crore":16200,"progress_pct":null,"delay_months":null,"revised_completion_date":"2026-12-01","state":"Uttarakhand","geo_confidence":"city","unverified":true}},{"type":"Feature","geometry":{"type":"Point","coordinates":[88.53,27.18]},"properties":{"id":"seed-3845676629d02979","title":"Sivok to Rangpo New Rail Line","sector":"rail","status":"under_construction","is_blocked":false,"block_reason":null,"cost_inr_crore":null,"progress_pct":null,"delay_months":null,"revised_completion_date":null,"state":"Sikkim","geo_confidence":"city","unverified":true}},{"type":"Feature","geometry":{"type":"Point","coordinates":[76.0856,29.0588]},"properties":{"id":"seed-8eb04a3844ba1a5b","title":"Western Dedicated Freight Corridor","sector":"rail","status":"under_construction","is_blocked":false,"block_reason":null,"cost_inr_crore":null,"progress_pct":null,"delay_months":null,"revised_completion_date":null,"state":"Haryana","geo_confidence":"state","unverified":true}},{"type":"Feature","geometry":{"type":"Point","coordinates":[80.9462,26.8467]},"properties":{"id":"seed-376672a8c52d2125","title":"Eastern Dedicated Freight Corridor","sector":"rail","status":"commissioned","is_blocked":false,"block_reason":null,"cost_inr_crore":null,"progress_pct":null,"delay_months":null,"revised_completion_date":null,"state":"Uttar Pradesh","geo_confidence":"state","unverified":true}},{"type":"Feature","geometry":{"type":"Point","coordinates":[75.04335,23.84495]},"properties":{"id":"seed-eb4d1adc9ab4d7a0","title":"Delhi-Mumbai Expressway","sector":"road","status":"under_construction","is_blocked":false,"block_reason":null,"cost_inr_crore":98000,"progress_pct":null,"delay_months":45,"revised_completion_date":"2026-12-01","state":"Rajasthan","geo_confidence":"city","unverified":true}},{"type":"Feature","geometry":{"type":"Point","coordinates":[80.9462,26.8467]},"properties":{"id":"seed-0cf9616fbdc1eb08","title":"Purvanchal Expressway","sector":"road","status":"commissioned","is_blocked":false,"block_reason":null,"cost_inr_crore":null,"progress_pct":null,"delay_months":null,"revised_completion_date":null,"state":"Uttar Pradesh","geo_confidence":"state","unverified":true}},{"type":"Feature","geometry":{"type":"Point","coordinates":[79.77635,27.21015]},"properties":{"id":"seed-4c165da75bb0f6cb","title":"Ganga Expressway from Meerut to Prayagraj","sector":"road","status":"under_construction","is_blocked":false,"block_reason":null,"cost_inr_crore":36000,"progress_pct":null,"delay_months":null,"revised_completion_date":null,"state":"Uttar Pradesh","geo_confidence":"city","unverified":true}},{"type":"Feature","geometry":{"type":"Point","coordinates":[78.2932,34.2996]},"properties":{"id":"seed-09a09a269a61a0aa","title":"Zojila Tunnel","sector":"road","status":"under_construction","is_blocked":false,"block_reason":null,"cost_inr_crore":6800,"progress_pct":null,"delay_months":null,"revised_completion_date":"2030-12-01","state":"Ladakh","geo_confidence":"state","unverified":true}},{"type":"Feature","geometry":{"type":"Point","coordinates":[94.7278,28.218]},"properties":{"id":"seed-186aa6e4498ee9c5","title":"Sela Tunnel on Balipara-Chariduar-Tawang Road","sector":"road","status":"commissioned","is_blocked":false,"block_reason":null,"cost_inr_crore":null,"progress_pct":null,"delay_months":null,"revised_completion_date":null,"state":"Arunachal Pradesh","geo_confidence":"state","unverified":true}},{"type":"Feature","geometry":{"type":"Point","coordinates":[79.0193,30.0668]},"properties":{"id":"seed-342da198882f1d19","title":"Silkyara Bend to Barkot Tunnel on Chardham route","sector":"road","status":"stalled","is_blocked":true,"block_reason":"geological","cost_inr_crore":null,"progress_pct":null,"delay_months":null,"revised_completion_date":null,"state":"Uttarakhand","geo_confidence":"state","unverified":true}},{"type":"Feature","geometry":{"type":"Point","coordinates":[79.0193,30.0668]},"properties":{"id":"seed-085538a228f9801f","title":"Chardham Pariyojana road widening programme","sector":"road","status":"under_construction","is_blocked":false,"block_reason":"litigation","cost_inr_crore":null,"progress_pct":null,"delay_months":null,"revised_completion_date":null,"state":"Uttarakhand","geo_confidence":"state","unverified":true}},{"type":"Feature","geometry":{"type":"Point","coordinates":[79.20835,12.3735]},"properties":{"id":"seed-d577ccde49c2ea6d","title":"Chennai-Salem Greenfield Expressway","sector":"road","status":"cancelled","is_blocked":true,"block_reason":"litigation","cost_inr_crore":null,"progress_pct":null,"delay_months":null,"revised_completion_date":null,"state":"Tamil Nadu","geo_confidence":"city","unverified":true}},{"type":"Feature","geometry":{"type":"Point","coordinates":[72.8777,19.076]},"properties":{"id":"seed-89500956e297ccc7","title":"Mumbai Coastal Road (Dharmveer Swarajya Rakshak Chhatrapati Sambhajiraje Marg)","sector":"road","status":"commissioned","is_blocked":false,"block_reason":null,"cost_inr_crore":13000,"progress_pct":null,"delay_months":null,"revised_completion_date":null,"state":"Maharashtra","geo_confidence":"city","unverified":true}},{"type":"Feature","geometry":{"type":"Point","coordinates":[72.8777,19.076]},"properties":{"id":"seed-5c37e2e1406b4491","title":"Mumbai Trans Harbour Link (Atal Setu)","sector":"road","status":"commissioned","is_blocked":false,"block_reason":null,"cost_inr_crore":17840,"progress_pct":null,"delay_months":null,"revised_completion_date":null,"state":"Maharashtra","geo_confidence":"city","unverified":true}},{"type":"Feature","geometry":{"type":"Point","coordinates":[72.8777,19.076]},"properties":{"id":"seed-aef5721599d7ab11","title":"Mumbai Metro Line 3 Colaba-Bandra-SEEPZ","sector":"metro","status":"commissioned","is_blocked":false,"block_reason":null,"cost_inr_crore":37000,"progress_pct":null,"delay_months":41,"revised_completion_date":"2025-05-01","state":"Maharashtra","geo_confidence":"city","unverified":true}},{"type":"Feature","geometry":{"type":"Point","coordinates":[77.5946,12.9716]},"properties":{"id":"seed-791baa66024dbb0f","title":"Bengaluru Metro Phase 2","sector":"metro","status":"under_construction","is_blocked":false,"block_reason":null,"cost_inr_crore":30695,"progress_pct":null,"delay_months":78,"revised_completion_date":"2027-06-01","state":"Karnataka","geo_confidence":"city","unverified":true}},{"type":"Feature","geometry":{"type":"Point","coordinates":[80.2707,13.0827]},"properties":{"id":"seed-740519992a5496d7","title":"Chennai Metro Phase 2","sector":"metro","status":"under_construction","is_blocked":false,"block_reason":null,"cost_inr_crore":63246,"progress_pct":null,"delay_months":null,"revised_completion_date":null,"state":"Tamil Nadu","geo_confidence":"city","unverified":true}},{"type":"Feature","geometry":{"type":"Point","coordinates":[77.4577,28.7992]},"properties":{"id":"seed-a95ec1a8f8c70d7c","title":"Delhi-Meerut Regional Rapid Transit System (Namo Bharat)","sector":"metro","status":"under_construction","is_blocked":false,"block_reason":null,"cost_inr_crore":30274,"progress_pct":null,"delay_months":null,"revised_completion_date":null,"state":"Uttar Pradesh","geo_confidence":"city","unverified":true}},{"type":"Feature","geometry":{"type":"Point","coordinates":[80.3319,26.4499]},"properties":{"id":"seed-a4471c542f76c597","title":"Kanpur Metro Rail Project","sector":"metro","status":"under_construction","is_blocked":false,"block_reason":null,"cost_inr_crore":11076,"progress_pct":null,"delay_months":null,"revised_completion_date":null,"state":"Uttar Pradesh","geo_confidence":"city","unverified":true}},{"type":"Feature","geometry":{"type":"Point","coordinates":[77.391,28.5355]},"properties":{"id":"seed-da33bbfb73690fcf","title":"Noida International Airport at Jewar","sector":"airport","status":"under_construction","is_blocked":false,"block_reason":null,"cost_inr_crore":10056,"progress_pct":null,"delay_months":15,"revised_completion_date":"2025-12-01","state":"Uttar Pradesh","geo_confidence":"city","unverified":true}},{"type":"Feature","geometry":{"type":"Point","coordinates":[73.0297,19.033]},"properties":{"id":"seed-7bf2ca0067bfa6be","title":"Navi Mumbai International Airport","sector":"airport","status":"commissioned","is_blocked":false,"block_reason":null,"cost_inr_crore":16700,"progress_pct":null,"delay_months":null,"revised_completion_date":null,"state":"Maharashtra","geo_confidence":"city","unverified":true}},{"type":"Feature","geometry":{"type":"Point","coordinates":[73.8667,15.7333]},"properties":{"id":"seed-abb41dca5fc2610b","title":"Manohar International Airport at Mopa","sector":"airport","status":"commissioned","is_blocked":false,"block_reason":null,"cost_inr_crore":null,"progress_pct":null,"delay_months":null,"revised_completion_date":null,"state":"Goa","geo_confidence":"city","unverified":true}},{"type":"Feature","geometry":{"type":"Point","coordinates":[93.65,27.05]},"properties":{"id":"seed-70a19f5166982332","title":"Donyi Polo Airport at Hollongi","sector":"airport","status":"commissioned","is_blocked":false,"block_reason":null,"cost_inr_crore":null,"progress_pct":null,"delay_months":null,"revised_completion_date":null,"state":"Arunachal Pradesh","geo_confidence":"city","unverified":true}},{"type":"Feature","geometry":{"type":"Point","coordinates":[76.995,8.3778]},"properties":{"id":"seed-c1d41e3d6703762a","title":"Vizhinjam International Deepwater Seaport","sector":"port","status":"commissioned","is_blocked":false,"block_reason":null,"cost_inr_crore":8867,"progress_pct":null,"delay_months":null,"revised_completion_date":null,"state":"Kerala","geo_confidence":"city","unverified":true}},{"type":"Feature","geometry":{"type":"Point","coordinates":[75.7139,19.7515]},"properties":{"id":"seed-afb6f01db9a72676","title":"Vadhavan Port","sector":"port","status":"approved","is_blocked":false,"block_reason":null,"cost_inr_crore":76220,"progress_pct":null,"delay_months":null,"revised_completion_date":null,"state":"Maharashtra","geo_confidence":"state","unverified":true}},{"type":"Feature","geometry":{"type":"Point","coordinates":[92.6586,11.7401]},"properties":{"id":"seed-4d3d2c3d92fafaf3","title":"Great Nicobar Island Transhipment Port and township","sector":"port","status":"approved","is_blocked":false,"block_reason":"environment_clearance","cost_inr_crore":null,"progress_pct":null,"delay_months":null,"revised_completion_date":null,"state":"Andaman and Nicobar Islands","geo_confidence":"state","unverified":true}},{"type":"Feature","geometry":{"type":"Point","coordinates":[73.0297,19.033]},"properties":{"id":"seed-71c00d514a8c03fc","title":"Jawaharlal Nehru Port capacity expansion","sector":"port","status":"under_construction","is_blocked":false,"block_reason":null,"cost_inr_crore":null,"progress_pct":null,"delay_months":null,"revised_completion_date":null,"state":"Maharashtra","geo_confidence":"city","unverified":true}},{"type":"Feature","geometry":{"type":"Point","coordinates":[77.7128,8.1683]},"properties":{"id":"seed-7cc1a149adb2d113","title":"Kudankulam Nuclear Power Plant Units 3 to 6","sector":"power","status":"under_construction","is_blocked":false,"block_reason":null,"cost_inr_crore":39849,"progress_pct":null,"delay_months":null,"revised_completion_date":"2027-12-01","state":"Tamil Nadu","geo_confidence":"city","unverified":true}},{"type":"Feature","geometry":{"type":"Point","coordinates":[94.7278,28.218]},"properties":{"id":"seed-4a2ae28ae3de6bbd","title":"Dibang Multipurpose Hydroelectric Project","sector":"power","status":"approved","is_blocked":false,"block_reason":null,"cost_inr_crore":31875,"progress_pct":null,"delay_months":null,"revised_completion_date":null,"state":"Arunachal Pradesh","geo_confidence":"state","unverified":true}},{"type":"Feature","geometry":{"type":"Point","coordinates":[94.7278,28.218]},"properties":{"id":"seed-0a1884be520e4cff","title":"Etalin Hydroelectric Project","sector":"power","status":"stalled","is_blocked":true,"block_reason":"forest_clearance","cost_inr_crore":null,"progress_pct":null,"delay_months":null,"revised_completion_date":null,"state":"Arunachal Pradesh","geo_confidence":"state","unverified":true}},{"type":"Feature","geometry":{"type":"Point","coordinates":[92.9376,26.2006]},"properties":{"id":"seed-c37bdc8549e1e69f","title":"Subansiri Lower Hydroelectric Project","sector":"power","status":"under_construction","is_blocked":false,"block_reason":"litigation","cost_inr_crore":null,"progress_pct":null,"delay_months":162,"revised_completion_date":"2026-06-01","state":"Assam","geo_confidence":"state","unverified":true}},{"type":"Feature","geometry":{"type":"Point","coordinates":[71.1924,22.2587]},"properties":{"id":"seed-5f4d5cb1b31f65e2","title":"Khavda Renewable Energy Park","sector":"renewable","status":"under_construction","is_blocked":false,"block_reason":null,"cost_inr_crore":null,"progress_pct":null,"delay_months":null,"revised_completion_date":null,"state":"Gujarat","geo_confidence":"state","unverified":true}},{"type":"Feature","geometry":{"type":"Point","coordinates":[74.2179,27.0238]},"properties":{"id":"seed-966f481e28afabfa","title":"Green Energy Corridor Inter-State Transmission Phase 2","sector":"power","status":"under_construction","is_blocked":false,"block_reason":null,"cost_inr_crore":null,"progress_pct":null,"delay_months":null,"revised_completion_date":null,"state":"Rajasthan","geo_confidence":"state","unverified":true}},{"type":"Feature","geometry":{"type":"Point","coordinates":[79.74,15.9129]},"properties":{"id":"seed-ad2984ee8c6a0dd8","title":"Polavaram Irrigation Project","sector":"irrigation","status":"stalled","is_blocked":true,"block_reason":"geological","cost_inr_crore":55656,"progress_pct":null,"delay_months":111,"revised_completion_date":"2028-03-01","state":"Andhra Pradesh","geo_confidence":"state","unverified":true}},{"type":"Feature","geometry":{"type":"Point","coordinates":[78.6569,22.9734]},"properties":{"id":"seed-58b57b8cfccd1ee0","title":"Ken-Betwa River Interlinking Project","sector":"irrigation","status":"under_construction","is_blocked":false,"block_reason":"wildlife_clearance","cost_inr_crore":44605,"progress_pct":null,"delay_months":null,"revised_completion_date":null,"state":"Madhya Pradesh","geo_confidence":"state","unverified":true}},{"type":"Feature","geometry":{"type":"Point","coordinates":[80.9462,26.8467]},"properties":{"id":"seed-fa5c5a8204686b3d","title":"Jal Jeevan Mission rural piped water programme","sector":"water","status":"under_construction","is_blocked":false,"block_reason":null,"cost_inr_crore":null,"progress_pct":null,"delay_months":null,"revised_completion_date":null,"state":"Uttar Pradesh","geo_confidence":"state","unverified":true}},{"type":"Feature","geometry":{"type":"Point","coordinates":[72.2,22.25]},"properties":{"id":"seed-c5c7d84ef76cd4ae","title":"Dholera Special Investment Region","sector":"industrial","status":"under_construction","is_blocked":false,"block_reason":null,"cost_inr_crore":null,"progress_pct":null,"delay_months":null,"revised_completion_date":null,"state":"Gujarat","geo_confidence":"city","unverified":true}},{"type":"Feature","geometry":{"type":"Point","coordinates":[79.74,15.9129]},"properties":{"id":"seed-632c3c5cf0b43260","title":"Amaravati Capital City","sector":"urban","status":"under_construction","is_blocked":false,"block_reason":"litigation","cost_inr_crore":null,"progress_pct":null,"delay_months":null,"revised_completion_date":null,"state":"Andhra Pradesh","geo_confidence":"state","unverified":true}},{"type":"Feature","geometry":{"type":"Point","coordinates":[85.3131,25.0961]},"properties":{"id":"seed-f575336bea079911","title":"BharatNet Phase 3 rural broadband","sector":"telecom","status":"under_construction","is_blocked":false,"block_reason":null,"cost_inr_crore":132000,"progress_pct":null,"delay_months":null,"revised_completion_date":null,"state":"Bihar","geo_confidence":"state","unverified":true}},{"type":"Feature","geometry":{"type":"Point","coordinates":[85.233,20.949]},"properties":{"id":"seed-590bfc62e0cf012c","title":"Talcher Fertilizer coal gasification plant","sector":"industrial","status":"under_construction","is_blocked":false,"block_reason":null,"cost_inr_crore":13277,"progress_pct":null,"delay_months":42,"revised_completion_date":"2027-03-01","state":"Odisha","geo_confidence":"city","unverified":true}},{"type":"Feature","geometry":{"type":"Point","coordinates":[74.2179,27.0238]},"properties":{"id":"seed-f9c6e92a4876c366","title":"HPCL Rajasthan Refinery at Pachpadra, Barmer","sector":"industrial","status":"under_construction","is_blocked":false,"block_reason":null,"cost_inr_crore":72937,"progress_pct":null,"delay_months":41,"revised_completion_date":"2026-03-01","state":"Rajasthan","geo_confidence":"state","unverified":true}},{"type":"Feature","geometry":{"type":"Point","coordinates":[76.330121,9.610972]},"properties":{"id":"nhai_geoserver-ead13602c7d1c6a1","title":"Thuravoor Thekku-Paravoor","sector":"road","status":"under_construction","is_blocked":false,"block_reason":null,"cost_inr_crore":2878.97,"progress_pct":81.49,"delay_months":null,"revised_completion_date":"2024-09-12","state":"Kerala","geo_confidence":"site","unverified":false}},{"type":"Feature","geometry":{"type":"Point","coordinates":[74.856,12.9141]},"properties":{"id":"nhai_geoserver-8a5ba7561f2f51a8","title":"Mangalore Ring Road","sector":"road","status":"tendered","is_blocked":false,"block_reason":null,"cost_inr_crore":null,"progress_pct":null,"delay_months":null,"revised_completion_date":null,"state":"Karnataka","geo_confidence":"city","unverified":false}},{"type":"Feature","geometry":{"type":"Point","coordinates":[79.0193,18.1124]},"properties":{"id":"nhai_geoserver-5d997446f4bfc1c2","title":"4 Laning of Armoor - Metpally Section of NH-63","sector":"road","status":"tendered","is_blocked":false,"block_reason":null,"cost_inr_crore":3.0,"progress_pct":null,"delay_months":null,"revised_completion_date":null,"state":"Telangana","geo_confidence":"state","unverified":false}},{"type":"Feature","geometry":{"type":"Point","coordinates":[84.394783,25.442904]},"properties":{"id":"nhai_geoserver-3971f2d649f377be","title":"Ara - Mohania (Pkg-I)","sector":"road","status":"commissioned","is_blocked":false,"block_reason":null,"cost_inr_crore":982.81,"progress_pct":100.0,"delay_months":null,"revised_completion_date":"2023-07-25","state":"Bihar","geo_confidence":"site","unverified":false}},{"type":"Feature","geometry":{"type":"Point","coordinates":[92.796617,24.902952]},"properties":{"id":"nhai_geoserver-41d60d9c031a9040","title":"4L of Balachera - Silchar (AS-01) from km. 306.54 to km. 275.00 of NH-54 (Pkg-EW-II)","sector":"road","status":"commissioned","is_blocked":false,"block_reason":null,"cost_inr_crore":419.49,"progress_pct":null,"delay_months":null,"revised_completion_date":"2007-09-16","state":"Assam","geo_confidence":"site","unverified":false}},{"type":"Feature","geometry":{"type":"Point","coordinates":[79.373795,18.255398]},"properties":{"id":"nhai_geoserver-d972b97d75b46363","title":"4L of Karimnagar-Warangal section from km 49.500 to km 117.820 of NH-563","sector":"road","status":"under_construction","is_blocked":false,"block_reason":null,"cost_inr_crore":2146.86,"progress_pct":92.4,"delay_months":null,"revised_completion_date":"2025-07-16","state":"Telangana","geo_confidence":"site","unverified":false}},{"type":"Feature","geometry":{"type":"Point","coordinates":[87.362792,22.107087]},"properties":{"id":"nhai_geoserver-ad727cb155bd5792","title":"Development of Emergency Landing Facility on NHS: Construction from Near  km. 83.400 to km. 88.400 on Balasore to kharagpur section (Approximately 5.00Km) of national Highway No. 16 (hereinafter called the \"NH 16\") in the state of West Bengal","sector":"road","status":"commissioned","is_blocked":false,"block_reason":null,"cost_inr_crore":111.37,"progress_pct":100.0,"delay_months":null,"revised_completion_date":"2021-08-07","state":"West Bengal","geo_confidence":"site","unverified":false}},{"type":"Feature","geometry":{"type":"Point","coordinates":[77.349231,12.413636]},"properties":{"id":"nhai_geoserver-878aac2e65774467","title":"Devanhalli - Bengaluru (Pkg No NS-2/BOT/KNT-2) from km 534.720 to km 556.84 of NH-7","sector":"road","status":"commissioned","is_blocked":false,"block_reason":null,"cost_inr_crore":816.63,"progress_pct":100.0,"delay_months":null,"revised_completion_date":"2013-11-18","state":"Karnataka","geo_confidence":"site","unverified":false}},{"type":"Feature","geometry":{"type":"Point","coordinates":[80.9462,26.8467]},"properties":{"id":"nhai_geoserver-4a773c7b3ce32d81","title":"4 laning of Sikandra - Bhaunti Section Coonstruction Pkg II-B (km 470.00 to km 38.00 of old NH-2 (Contract No. GTRIP/4)","sector":"road","status":"commissioned","is_blocked":false,"block_reason":null,"cost_inr_crore":685.37,"progress_pct":null,"delay_months":null,"revised_completion_date":"2005-03-31","state":"Uttar Pradesh","geo_confidence":"state","unverified":false}},{"type":"Feature","geometry":{"type":"Point","coordinates":[76.458946,29.23396]},"properties":{"id":"nhai_geoserver-9b78f2f724a6e750","title":"Ismailabad - Narnaul (Pkg- 04) (Ch. 80+000 to 108+000) [Junction with Jind-Safidon road (SH-14) near Kheri village to Junction with NH-352 (Jind-Gohana section) near Julana]","sector":"road","status":"commissioned","is_blocked":false,"block_reason":null,"cost_inr_crore":1018.79,"progress_pct":100.0,"delay_months":null,"revised_completion_date":"2022-02-27","state":"Haryana","geo_confidence":"site","unverified":false}},{"type":"Feature","geometry":{"type":"Point","coordinates":[75.3412,31.1471]},"properties":{"id":"nhai_geoserver-625e8f6ee9efec91","title":"Improvement and Routine maintenance of 4L  Sangrur Bypass to  Patiala Bypass  from  km 69.280 to km 110.720  of NH-64 (New NH-07)","sector":"road","status":"commissioned","is_blocked":false,"block_reason":null,"cost_inr_crore":null,"progress_pct":null,"delay_months":null,"revised_completion_date":"2016-08-25","state":"Punjab","geo_confidence":"state","unverified":false}},{"type":"Feature","geometry":{"type":"Point","coordinates":[87.855,22.9868]},"properties":{"id":"nhai_geoserver-db7d9329307169ad","title":"Belghoria Expressway - Repair & Maintenenace from km. 0.00 to km. 7.363 (Up Lane) &  from km. 0.00 to km. 5.563 (Down Lane) of NH-2E","sector":"road","status":"commissioned","is_blocked":false,"block_reason":null,"cost_inr_crore":19.25,"progress_pct":null,"delay_months":null,"revised_completion_date":"2023-01-01","state":"West Bengal","geo_confidence":"state","unverified":false}},{"type":"Feature","geometry":{"type":"Point","coordinates":[79.74,15.9129]},"properties":{"id":"nhai_geoserver-352607811775ed33","title":"Diwancheruvu - Siddhantham from km. 901.500 to km. 950.542","sector":"road","status":"commissioned","is_blocked":false,"block_reason":null,"cost_inr_crore":701.78,"progress_pct":null,"delay_months":null,"revised_completion_date":"2005-03-31","state":"Andhra Pradesh","geo_confidence":"state","unverified":false}},{"type":"Feature","geometry":{"type":"Point","coordinates":[75.932297,22.507062]},"properties":{"id":"nhai_geoserver-a5e523b240aa9eb8","title":"Indore - Edlabad (Pkg-II) [Tejajinagar to Balwara]","sector":"road","status":"under_construction","is_blocked":false,"block_reason":null,"cost_inr_crore":1162.8,"progress_pct":87.3,"delay_months":null,"revised_completion_date":"2025-01-15","state":"Madhya Pradesh","geo_confidence":"site","unverified":false}},{"type":"Feature","geometry":{"type":"Point","coordinates":[86.065377,23.985332]},"properties":{"id":"nhai_geoserver-55d379a19dfa2a61","title":"Khairatunda to Barwa Adda Section of NH 2 from km. 360.300 to km. 400.132 (Pkg II)","sector":"road","status":"commissioned","is_blocked":false,"block_reason":null,"cost_inr_crore":952.82,"progress_pct":100.0,"delay_months":null,"revised_completion_date":"2021-01-07","state":"Jharkhand","geo_confidence":"site","unverified":false}},{"type":"Feature","geometry":{"type":"Point","coordinates":[86.329201,25.16923]},"properties":{"id":"nhai_geoserver-15def8db0d83c58c","title":"4L of Munger – Mirzachauki section from Munger to Kharia village junction from Km 69+520 to Km 95+580 (Pkg-1)","sector":"road","status":"under_construction","is_blocked":false,"block_reason":null,"cost_inr_crore":1659.81,"progress_pct":85.15,"delay_months":null,"revised_completion_date":"2024-03-30","state":"Bihar","geo_confidence":"site","unverified":false}},{"type":"Feature","geometry":{"type":"Point","coordinates":[80.9462,26.8467]},"properties":{"id":"nhai_geoserver-5da321c9a967896b","title":"Jajmau-Ramadevi (rehabilitation of Ganga Bridge and upgradation of 4L divided carriageway)","sector":"road","status":"commissioned","is_blocked":false,"block_reason":null,"cost_inr_crore":313.71,"progress_pct":null,"delay_months":null,"revised_completion_date":"2008-09-01","state":"Uttar Pradesh","geo_confidence":"state","unverified":false}},{"type":"Feature","geometry":{"type":"Point","coordinates":[75.7139,19.7515]},"properties":{"id":"nhai_geoserver-8990bdc80817e673","title":"Karodi - Telwadi km 320.104 - km 375.00 of NH 211 (New NH-52)","sector":"road","status":"commissioned","is_blocked":false,"block_reason":null,"cost_inr_crore":1575.07,"progress_pct":100.0,"delay_months":null,"revised_completion_date":"2022-07-05","state":"Maharashtra","geo_confidence":"state","unverified":false}},{"type":"Feature","geometry":{"type":"Point","coordinates":[78.1617,26.228258]},"properties":{"id":"nhai_geoserver-2c1084a1bff7707d","title":"Gwalior bypass","sector":"road","status":"commissioned","is_blocked":false,"block_reason":null,"cost_inr_crore":932.02,"progress_pct":null,"delay_months":null,"revised_completion_date":"2009-10-08","state":"Madhya Pradesh","geo_confidence":"site","unverified":false}},{"type":"Feature","geometry":{"type":"Point","coordinates":[75.501156,11.737102]},"properties":{"id":"nhai_geoserver-d8ef358745529124","title":"Thalassery Mahe Bypass (Km 170.600 to Km 189.200) of NH-17(New NH-66) in Kerala","sector":"road","status":"under_construction","is_blocked":false,"block_reason":null,"cost_inr_crore":1181.12,"progress_pct":100.0,"delay_months":null,"revised_completion_date":"2020-05-31","state":"Kerala","geo_confidence":"site","unverified":false}},{"type":"Feature","geometry":{"type":"Point","coordinates":[79.36403,19.70777]},"properties":{"id":"nhai_geoserver-d37cf91980925980","title":"4L of Ausa-Chakur Section from km 55.835 to Km 114.345 of NH-361","sector":"road","status":"commissioned","is_blocked":false,"block_reason":null,"cost_inr_crore":1169.04,"progress_pct":100.0,"delay_months":null,"revised_completion_date":"2021-03-24","state":"Maharashtra","geo_confidence":"site","unverified":false}},{"type":"Feature","geometry":{"type":"Point","coordinates":[76.659722,8.863472]},"properties":{"id":"nhai_geoserver-dc9070e9ccfe03d4","title":"Start of Kollam Bypass - Kadambattukonam","sector":"road","status":"under_construction","is_blocked":false,"block_reason":null,"cost_inr_crore":2641.37,"progress_pct":81.8,"delay_months":null,"revised_completion_date":"2025-03-29","state":"Kerala","geo_confidence":"site","unverified":false}},{"type":"Feature","geometry":{"type":"Point","coordinates":[78.6569,22.9734]},"properties":{"id":"nhai_geoserver-83eb942a35319011","title":"4L of Sagar - Mohari from Km.8 to Km.50 (Pkg-I)","sector":"road","status":"commissioned","is_blocked":false,"block_reason":null,"cost_inr_crore":790.78,"progress_pct":98.64,"delay_months":null,"revised_completion_date":"2024-04-05","state":"Madhya Pradesh","geo_confidence":"state","unverified":false}},{"type":"Feature","geometry":{"type":"Point","coordinates":[78.79574,17.48382]},"properties":{"id":"nhai_geoserver-cf9a704ad95d13af","title":"Hyderabad-Yadagiri","sector":"road","status":"commissioned","is_blocked":false,"block_reason":null,"cost_inr_crore":225.83,"progress_pct":null,"delay_months":null,"revised_completion_date":"2012-12-09","state":"Telangana","geo_confidence":"site","unverified":false}},{"type":"Feature","geometry":{"type":"Point","coordinates":[78.18834,16.338586]},"properties":{"id":"nhai_geoserver-75c70bca8de74c1e","title":"Jadcherla-Kothakotta Bypass","sector":"road","status":"commissioned","is_blocked":false,"block_reason":null,"cost_inr_crore":32.1,"progress_pct":100.0,"delay_months":null,"revised_completion_date":"2009-02-09","state":"Telangana","geo_confidence":"site","unverified":false}},{"type":"Feature","geometry":{"type":"Point","coordinates":[75.19523,15.74332]},"properties":{"id":"nhai_geoserver-54f2ac6702f5836b","title":"Devihalli - Hassan","sector":"road","status":"commissioned","is_blocked":false,"block_reason":null,"cost_inr_crore":351.0,"progress_pct":100.0,"delay_months":null,"revised_completion_date":"2013-06-10","state":"Karnataka","geo_confidence":"site","unverified":false}},{"type":"Feature","geometry":{"type":"Point","coordinates":[79.0193,18.1124]},"properties":{"id":"nhai_geoserver-c5c94d42261eb222","title":"4 Laning of Jagtial - Rayapatnam Section of NH-63","sector":"road","status":"tendered","is_blocked":false,"block_reason":null,"cost_inr_crore":3.0,"progress_pct":null,"delay_months":null,"revised_completion_date":null,"state":"Telangana","geo_confidence":"state","unverified":false}},{"type":"Feature","geometry":{"type":"Point","coordinates":[79.024702,18.638838]},"properties":{"id":"nhai_geoserver-baea80f7135fe9d6","title":"Jagtial - Karimnagar","sector":"road","status":"tendered","is_blocked":false,"block_reason":null,"cost_inr_crore":2151.35,"progress_pct":null,"delay_months":null,"revised_completion_date":null,"state":"Telangana","geo_confidence":"site","unverified":false}},{"type":"Feature","geometry":{"type":"Point","coordinates":[72.889212,21.880707]},"properties":{"id":"nhai_geoserver-f2acb41ab9ede3f0","title":"Jambusar - Bharuch","sector":"road","status":"tendered","is_blocked":false,"block_reason":null,"cost_inr_crore":1100.0,"progress_pct":null,"delay_months":null,"revised_completion_date":null,"state":"Gujarat","geo_confidence":"site","unverified":false}},{"type":"Feature","geometry":{"type":"Point","coordinates":[75.7139,19.7515]},"properties":{"id":"nhai_geoserver-b3fd249198c028e9","title":"Talegaon - Chakan - Shikrapur (Elevated) from Km. 0.000 to Km 25.000 (Pkg-1)","sector":"road","status":"tendered","is_blocked":false,"block_reason":null,"cost_inr_crore":3021.82,"progress_pct":null,"delay_months":null,"revised_completion_date":null,"state":"Maharashtra","geo_confidence":"state","unverified":false}},{"type":"Feature","geometry":{"type":"Point","coordinates":[75.882026,30.784349]},"properties":{"id":"nhai_geoserver-f2d6ee5a3ccbb3da","title":"6L of Southern Ludhiana bypass connecting NE-5 and NH-44","sector":"road","status":"cancelled","is_blocked":true,"block_reason":"other","cost_inr_crore":956.94,"progress_pct":0.0,"delay_months":null,"revised_completion_date":null,"state":"Punjab","geo_confidence":"site","unverified":false}},{"type":"Feature","geometry":{"type":"Point","coordinates":[74.2179,27.0238]},"properties":{"id":"nhai_geoserver-ea12a193a3d7c694","title":"4L of Udaipur - Ratanpur - Gandhinagar (Pkg-I) from km. 278.00 to km. 340.00 of NH-8","sector":"road","status":"commissioned","is_blocked":false,"block_reason":null,"cost_inr_crore":887.24,"progress_pct":null,"delay_months":null,"revised_completion_date":"2004-04-30","state":"Rajasthan","geo_confidence":"state","unverified":false}},{"type":"Feature","geometry":{"type":"Point","coordinates":[79.100606,28.548495]},"properties":{"id":"nhai_geoserver-a94699d0d3909428","title":"4 L of Moradabad - Bareilly section of NH-24 from km 149.25 to km 271.05","sector":"road","status":"commissioned","is_blocked":false,"block_reason":null,"cost_inr_crore":2647.33,"progress_pct":100.0,"delay_months":null,"revised_completion_date":"2015-06-10","state":"Uttar Pradesh","geo_confidence":"site","unverified":false}},{"type":"Feature","geometry":{"type":"Point","coordinates":[86.744256,21.352122]},"properties":{"id":"nhai_geoserver-a2b23f02f8ac2e15","title":"Bhadrak (KM 136.500) to Baleshwar (KM 199.141)","sector":"road","status":"under_construction","is_blocked":false,"block_reason":null,"cost_inr_crore":844.67,"progress_pct":91.32,"delay_months":null,"revised_completion_date":"2021-09-15","state":"Odisha","geo_confidence":"site","unverified":false}},{"type":"Feature","geometry":{"type":"Point","coordinates":[83.006007,25.633942]},"properties":{"id":"nhai_geoserver-e79caa50d75570b2","title":"Dagamagpur to Lalganj (km 49.1 - km 96.8)","sector":"road","status":"commissioned","is_blocked":false,"block_reason":null,"cost_inr_crore":1739.73,"progress_pct":100.0,"delay_months":null,"revised_completion_date":"2021-09-07","state":"Uttar Pradesh","geo_confidence":"site","unverified":false}},{"type":"Feature","geometry":{"type":"Point","coordinates":[76.922632,22.516109]},"properties":{"id":"nhai_geoserver-305fe69a3dae7ac3","title":"Delhi-Vadodara Greenfield Alignment (NH-148N) (Pkg-20) (Ch. 546+920 to Ch. 572+220) [Bardawadi village of Mandsaur district to Kamliya village of Ratlam district]","sector":"road","status":"commissioned","is_blocked":false,"block_reason":null,"cost_inr_crore":1078.85,"progress_pct":100.0,"delay_months":null,"revised_completion_date":"2021-12-05","state":"Madhya Pradesh","geo_confidence":"site","unverified":false}},{"type":"Feature","geometry":{"type":"Point","coordinates":[75.19,33.43]},"properties":{"id":"nhai_geoserver-f3531029195f5d22","title":"4L of twin tube tunnel configuration including approaches from Marog to Digdol (from Km.154.210 to Km.158.650 (North Bound) and from Km.155.940 to Km.160.260 (South Bound)) of  Ramban to Banihal (Pkg-I) of Old NH-1A (New NH-44)","sector":"road","status":"under_construction","is_blocked":false,"block_reason":null,"cost_inr_crore":1912.17,"progress_pct":28.3,"delay_months":null,"revised_completion_date":"2025-08-12","state":"Jammu and Kashmir","geo_confidence":"city","unverified":false}},{"type":"Feature","geometry":{"type":"Point","coordinates":[74.911798,21.218246]},"properties":{"id":"nhai_geoserver-e7ae373f49cecfe2","title":"Tarsod - Fagne section of NH-6","sector":"road","status":"commissioned","is_blocked":false,"block_reason":null,"cost_inr_crore":2267.99,"progress_pct":98.84,"delay_months":null,"revised_completion_date":"2021-07-12","state":"Maharashtra","geo_confidence":"site","unverified":false}},{"type":"Feature","geometry":{"type":"Point","coordinates":[75.7139,15.3173]},"properties":{"id":"nhai_geoserver-f0d4ed147527d718","title":"4L PS from near Yalachahalli village KR Nagara - Yelawala Road junction to Srirangapatna Bypass Near Paschima Vahini from km 195.550 to Km 214.535 of NH-275 (Pkg-V)","sector":"road","status":"under_construction","is_blocked":false,"block_reason":null,"cost_inr_crore":1272.71,"progress_pct":17.36,"delay_months":null,"revised_completion_date":"2027-04-06","state":"Karnataka","geo_confidence":"state","unverified":false}},{"type":"Feature","geometry":{"type":"Point","coordinates":[85.3131,25.0961]},"properties":{"id":"nhai_geoserver-8b30b58baffb21ed","title":"Widening with additional 3L abetting Chhapra Bypass Section of NH-19 from Km. 143.200 to Km. 159.255 (Pkg-1)","sector":"road","status":"under_construction","is_blocked":false,"block_reason":null,"cost_inr_crore":470.5,"progress_pct":77.28,"delay_months":null,"revised_completion_date":"2026-08-29","state":"Bihar","geo_confidence":"state","unverified":false}},{"type":"Feature","geometry":{"type":"Point","coordinates":[76.903542,30.748235]},"properties":{"id":"nhai_geoserver-a6c2032af7b776a0","title":"Zirakpur -Parwanoo from km.39.96 to km. 67.65 including Pinjore - Kalka Parwanoo Bypass in the State of PB, HR, HP","sector":"road","status":"commissioned","is_blocked":false,"block_reason":null,"cost_inr_crore":534.71,"progress_pct":null,"delay_months":null,"revised_completion_date":"2010-10-28","state":"Haryana","geo_confidence":"site","unverified":false}},{"type":"Feature","geometry":{"type":"Point","coordinates":[85.427784,21.970168]},"properties":{"id":"nhai_geoserver-370c8db28323e6c0","title":"Rimuli Koida km 163 - km 206 of NH 215","sector":"road","status":"commissioned","is_blocked":false,"block_reason":null,"cost_inr_crore":834.62,"progress_pct":100.0,"delay_months":null,"revised_completion_date":"2020-05-12","state":"Odisha","geo_confidence":"site","unverified":false}},{"type":"Feature","geometry":{"type":"Point","coordinates":[77.984344,9.788041]},"properties":{"id":"nhai_geoserver-91fdd7c735b4c468","title":"Madurai to Kanyakumari from Km 000.000 to Km 52.300 Section of NH 7 under TOT Bundle-3","sector":"road","status":"commissioned","is_blocked":false,"block_reason":null,"cost_inr_crore":null,"progress_pct":null,"delay_months":null,"revised_completion_date":"2050-10-19","state":"Tamil Nadu","geo_confidence":"site","unverified":false}},{"type":"Feature","geometry":{"type":"Point","coordinates":[75.187821,33.508058]},"properties":{"id":"nhai_geoserver-d0f81d3d52cf0edc","title":"Banihal (Km 189.350) to Quazigund (KM 220.700)","sector":"road","status":"commissioned","is_blocked":false,"block_reason":null,"cost_inr_crore":7545.34,"progress_pct":99.8,"delay_months":null,"revised_completion_date":"2016-06-02","state":"Jammu and Kashmir","geo_confidence":"site","unverified":false}},{"type":"Feature","geometry":{"type":"Point","coordinates":[85.258779,24.168121]},"properties":{"id":"nhai_geoserver-f3e5216da226f527","title":"Six Laning of Bihar - Jharkhand Border (Chordaha) - Gorhar section of NH-2 from km 249.525 to km 320.810","sector":"road","status":"under_construction","is_blocked":false,"block_reason":null,"cost_inr_crore":1772.7,"progress_pct":78.0,"delay_months":null,"revised_completion_date":"2021-11-26","state":"Jharkhand","geo_confidence":"site","unverified":false}},{"type":"Feature","geometry":{"type":"Point","coordinates":[74.86766,31.841089]},"properties":{"id":"nhai_geoserver-877aeb25ade3e874","title":"Amritsar(airport Junction) - Ramdas from km. 100.835 to km. 139.813 (Pkg - IV)","sector":"road","status":"under_construction","is_blocked":false,"block_reason":null,"cost_inr_crore":524.88,"progress_pct":96.0,"delay_months":null,"revised_completion_date":"2023-09-17","state":"Punjab","geo_confidence":"site","unverified":false}},{"type":"Feature","geometry":{"type":"Point","coordinates":[80.9462,26.8467]},"properties":{"id":"nhai_geoserver-d2249447ef28886f","title":"Hapur - Garh Mukteshwar","sector":"road","status":"commissioned","is_blocked":false,"block_reason":null,"cost_inr_crore":325.06,"progress_pct":null,"delay_months":null,"revised_completion_date":"2007-09-11","state":"Uttar Pradesh","geo_confidence":"state","unverified":false}},{"type":"Feature","geometry":{"type":"Point","coordinates":[70.337663,21.570448]},"properties":{"id":"nhai_geoserver-d839bf215f595818","title":"Junagadh Bypass","sector":"road","status":"commissioned","is_blocked":false,"block_reason":null,"cost_inr_crore":255.52,"progress_pct":100.0,"delay_months":null,"revised_completion_date":"2021-11-07","state":"Gujarat","geo_confidence":"site","unverified":false}},{"type":"Feature","geometry":{"type":"Point","coordinates":[77.5946,12.9716]},"properties":{"id":"nhai_geoserver-f0fbb068c39dee3a","title":"Bangalore/TN border to Hoskote","sector":"road","status":"under_construction","is_blocked":false,"block_reason":null,"cost_inr_crore":1181.68,"progress_pct":94.89,"delay_months":null,"revised_completion_date":"2025-02-14","state":"Karnataka","geo_confidence":"city","unverified":false}},{"type":"Feature","geometry":{"type":"Point","coordinates":[73.7898,19.9975]},"properties":{"id":"nhai_geoserver-67a0556097d01d83","title":"Surat ­ Nashik ­ Ahmednagar Greenfield (Package 4)","sector":"road","status":"tendered","is_blocked":false,"block_reason":null,"cost_inr_crore":2523.54,"progress_pct":null,"delay_months":null,"revised_completion_date":null,"state":"Maharashtra","geo_confidence":"city","unverified":false}},{"type":"Feature","geometry":{"type":"Point","coordinates":[70.851667,22.833525]},"properties":{"id":"nhai_geoserver-c20a3bcb7e00d0f3","title":"Halvad Cross Road","sector":"road","status":"commissioned","is_blocked":false,"block_reason":null,"cost_inr_crore":28.88,"progress_pct":null,"delay_months":null,"revised_completion_date":"2018-08-25","state":"Gujarat","geo_confidence":"site","unverified":false}},{"type":"Feature","geometry":{"type":"Point","coordinates":[75.7139,15.3173]},"properties":{"id":"nhai_geoserver-748f3673f3198f75","title":"Harihar - Haveri from Km. 284 to Km. 340","sector":"road","status":"commissioned","is_blocked":false,"block_reason":null,"cost_inr_crore":575.91,"progress_pct":null,"delay_months":null,"revised_completion_date":"2010-07-21","state":"Karnataka","geo_confidence":"state","unverified":false}},{"type":"Feature","geometry":{"type":"Point","coordinates":[78.338722,29.475521]},"properties":{"id":"nhai_geoserver-4298e593c9c2403f","title":"Package-IV- Delhi Meerut Expressway Km.27.740 of NH-24 - Km.51.975","sector":"road","status":"commissioned","is_blocked":false,"block_reason":null,"cost_inr_crore":2189.55,"progress_pct":99.0,"delay_months":null,"revised_completion_date":"2019-08-20","state":"Delhi","geo_confidence":"site","unverified":false}},{"type":"Feature","geometry":{"type":"Point","coordinates":[86.31687,22.063799]},"properties":{"id":"nhai_geoserver-8d63a4a1123e251b","title":"Baharagora (199.606 Km) to Singhara (310.806 Km) of NH-6","sector":"road","status":"commissioned","is_blocked":false,"block_reason":null,"cost_inr_crore":1282.94,"progress_pct":100.0,"delay_months":null,"revised_completion_date":"2020-04-18","state":"Odisha","geo_confidence":"site","unverified":false}},{"type":"Feature","geometry":{"type":"Point","coordinates":[87.855,22.9868]},"properties":{"id":"nhai_geoserver-aed5f50741ea6886","title":"4L Bowaichandi to Guskara–Katwa Road section from Km 89.814 to Km 133.000 of NH 116A (Pkg-III)","sector":"road","status":"awarded","is_blocked":false,"block_reason":null,"cost_inr_crore":2279.4,"progress_pct":null,"delay_months":null,"revised_completion_date":null,"state":"West Bengal","geo_confidence":"state","unverified":false}},{"type":"Feature","geometry":{"type":"Point","coordinates":[76.2711,10.8505]},"properties":{"id":"nhai_geoserver-7f9a8bc52b395a69","title":"4L of Walayar to Vadakkanchery from Km 182.250 to Km 240 (Section NS2/BOT/KL-02) of NH 544","sector":"road","status":"commissioned","is_blocked":false,"block_reason":null,"cost_inr_crore":367.86,"progress_pct":null,"delay_months":null,"revised_completion_date":"2015-11-13","state":"Kerala","geo_confidence":"state","unverified":false}},{"type":"Feature","geometry":{"type":"Point","coordinates":[92.9376,26.2006]},"properties":{"id":"nhai_geoserver-ade8dbf66d46d5fe","title":"Maintenance of Tihu to Puthimari section from Km. 1040.300 to Km. 1093.000 of NH-31(NH-27 new)","sector":"road","status":"commissioned","is_blocked":false,"block_reason":null,"cost_inr_crore":14.75,"progress_pct":null,"delay_months":null,"revised_completion_date":"2023-04-07","state":"Assam","geo_confidence":"state","unverified":false}},{"type":"Feature","geometry":{"type":"Point","coordinates":[75.3412,31.1471]},"properties":{"id":"nhai_geoserver-c38855559b283619","title":"Faridkot-Kotkapura-Bathinda section of NH-15 (New NH.No 54) from existing Km 221.380 to Km 287.615","sector":"road","status":"commissioned","is_blocked":false,"block_reason":null,"cost_inr_crore":51.45,"progress_pct":null,"delay_months":null,"revised_completion_date":"2017-06-30","state":"Punjab","geo_confidence":"state","unverified":false}},{"type":"Feature","geometry":{"type":"Point","coordinates":[71.044835,24.531878]},"properties":{"id":"nhai_geoserver-d0a8e43e72a7ff56","title":"Sanchore - Santalpur from km 4.888 - km 35.000 of NH-754K (AJ-RGBS-Package-1)","sector":"road","status":"commissioned","is_blocked":false,"block_reason":null,"cost_inr_crore":649.62,"progress_pct":98.99,"delay_months":null,"revised_completion_date":"2023-06-01","state":"Gujarat","geo_confidence":"site","unverified":false}},{"type":"Feature","geometry":{"type":"Point","coordinates":[72.5714,23.0225]},"properties":{"id":"nhai_geoserver-865328dca6924e91","title":"6/8 lane Green Field Expressways form Sanchore to Ahmedabad - Package V (Giyod to Bhuval of Tharad Ahmedabad Expressway)","sector":"road","status":"tendered","is_blocked":false,"block_reason":null,"cost_inr_crore":1715.21,"progress_pct":null,"delay_months":null,"revised_completion_date":null,"state":"Gujarat","geo_confidence":"city","unverified":false}},{"type":"Feature","geometry":{"type":"Point","coordinates":[75.73175,30.275022]},"properties":{"id":"nhai_geoserver-28e0f9609cfb9262","title":"Operation and Maintenance of 4L PS  from Km 110.720 to Km 123.900 (Sangrur bypass) and from km 144.900 to Km 149.960 (Dhanaula Bypass) of NH-64( New NH 7)","sector":"road","status":"commissioned","is_blocked":false,"block_reason":null,"cost_inr_crore":null,"progress_pct":null,"delay_months":null,"revised_completion_date":"2017-01-10","state":"Punjab","geo_confidence":"site","unverified":false}},{"type":"Feature","geometry":{"type":"Point","coordinates":[77.1734,31.1048]},"properties":{"id":"nhai_geoserver-ec527a24b80fc94c","title":"Maintenance of existing highway from Kaithlighat to Dhalli bypassed by proposed Shimla bypass (Kaithlighat to Dhalli Section) of New NH-05 from Km. 129.050 to Km 156.507","sector":"road","status":"unknown","is_blocked":false,"block_reason":null,"cost_inr_crore":29.54,"progress_pct":0.0,"delay_months":null,"revised_completion_date":null,"state":"Himachal Pradesh","geo_confidence":"city","unverified":false}},{"type":"Feature","geometry":{"type":"Point","coordinates":[72.090593,21.897303]},"properties":{"id":"nhai_geoserver-7d47f79621a66345","title":"Pipli Bhavnagar-Package 1 from km 136.025 to km 169.328","sector":"road","status":"commissioned","is_blocked":false,"block_reason":null,"cost_inr_crore":819.14,"progress_pct":100.0,"delay_months":null,"revised_completion_date":"2021-09-03","state":"Gujarat","geo_confidence":"site","unverified":false}},{"type":"Feature","geometry":{"type":"Point","coordinates":[73.004418,21.258156]},"properties":{"id":"nhai_geoserver-d3a0326cc9757863","title":"Vadodara Mumbai Expressway (Ena -Kim) (Phase IB - Pkg VI) [Km 217.500 to Km 254.430]","sector":"road","status":"commissioned","is_blocked":false,"block_reason":null,"cost_inr_crore":2271.86,"progress_pct":98.9,"delay_months":null,"revised_completion_date":"2023-12-10","state":"Gujarat","geo_confidence":"site","unverified":false}},{"type":"Feature","geometry":{"type":"Point","coordinates":[73.1812,22.3072]},"properties":{"id":"nhai_geoserver-1c4acc9cb8ac15d0","title":"Vadodara Mumbai Expressway (Phase II - Pkg XV) [Km. 20.200 to Km. 43.000 of Spur] (Akloli - Amne)","sector":"road","status":"under_construction","is_blocked":false,"block_reason":null,"cost_inr_crore":2610.88,"progress_pct":91.5,"delay_months":null,"revised_completion_date":"2024-05-11","state":"Maharashtra","geo_confidence":"city","unverified":false}},{"type":"Feature","geometry":{"type":"Point","coordinates":[75.898945,23.008499]},"properties":{"id":"nhai_geoserver-7e65d0997f50de39","title":"Obaidullaganj Km. 2.800 to Km. 8.300 and Km. 20.700 to Itarsi Km. 63.000 of NH-69 in Madhya Pradesh","sector":"road","status":"commissioned","is_blocked":false,"block_reason":null,"cost_inr_crore":873.06,"progress_pct":100.0,"delay_months":null,"revised_completion_date":"2019-11-13","state":"Madhya Pradesh","geo_confidence":"site","unverified":false}},{"type":"Feature","geometry":{"type":"Point","coordinates":[71.1924,22.2587]},"properties":{"id":"nhai_geoserver-95bedbd92287ee2f","title":"Upgradation to 4L Divided Carriageway from Ch. 161.000 in Jitnagar in Nandod Taluka to Ch. 179.780 in Bitada/Movi in Netrang Taluka of NH 56 (PKG 4B)","sector":"road","status":"tendered","is_blocked":false,"block_reason":null,"cost_inr_crore":1179.32,"progress_pct":null,"delay_months":null,"revised_completion_date":null,"state":"Gujarat","geo_confidence":"state","unverified":false}},{"type":"Feature","geometry":{"type":"Point","coordinates":[83.839251,23.853471]},"properties":{"id":"nhai_geoserver-965cc6c1d901964a","title":"4L from Km 147.450 (Bhogu) to Km 196.870 (Sankha) on NH-75 (Sec-III)","sector":"road","status":"under_construction","is_blocked":false,"block_reason":null,"cost_inr_crore":1517.87,"progress_pct":76.95,"delay_months":null,"revised_completion_date":"2025-11-08","state":"Jharkhand","geo_confidence":"site","unverified":false}},{"type":"Feature","geometry":{"type":"Point","coordinates":[84.527761,21.13817]},"properties":{"id":"nhai_geoserver-ca4268cdcfff8a68","title":"Four Laning of Angul to Sambalpur from Km.112.000 to Km.265.000","sector":"road","status":"under_construction","is_blocked":false,"block_reason":null,"cost_inr_crore":2510.04,"progress_pct":99.98,"delay_months":null,"revised_completion_date":"2019-08-31","state":"Odisha","geo_confidence":"site","unverified":false}},{"type":"Feature","geometry":{"type":"Point","coordinates":[73.31045,20.58385]},"properties":{"id":"nhai_geoserver-747f794bda15c8e2","title":"Surat - Nashik - Ahmednagar Greenfield (Package 5)","sector":"road","status":"tendered","is_blocked":false,"block_reason":null,"cost_inr_crore":1900.7,"progress_pct":null,"delay_months":null,"revised_completion_date":null,"state":"Maharashtra","geo_confidence":"city","unverified":false}},{"type":"Feature","geometry":{"type":"Point","coordinates":[80.569952,16.858835]},"properties":{"id":"nhai_geoserver-5fdfb478a954cfdb","title":"4L PS Mydukur - Badvel from Km 585.820 to Km 630.960 of NH-67","sector":"road","status":"under_construction","is_blocked":false,"block_reason":null,"cost_inr_crore":1063.57,"progress_pct":90.4,"delay_months":null,"revised_completion_date":"2025-09-19","state":"Andhra Pradesh","geo_confidence":"site","unverified":false}},{"type":"Feature","geometry":{"type":"Point","coordinates":[85.0895,23.3133]},"properties":{"id":"nhai_geoserver-56e57251b18b8889","title":"4L of Palma to Gumla from km. 26.00 to km. 89.170 of NH-23","sector":"road","status":"under_construction","is_blocked":false,"block_reason":null,"cost_inr_crore":1882.93,"progress_pct":99.9,"delay_months":null,"revised_completion_date":"2024-03-31","state":"Jharkhand","geo_confidence":"site","unverified":false}},{"type":"Feature","geometry":{"type":"Point","coordinates":[75.7139,19.7515]},"properties":{"id":"nhai_geoserver-0ce6252593ee177c","title":"End of Malshej Ghat - Ane Ghat from km. 101 to km. 161.57","sector":"road","status":"commissioned","is_blocked":false,"block_reason":null,"cost_inr_crore":894.93,"progress_pct":null,"delay_months":null,"revised_completion_date":"2016-12-31","state":"Maharashtra","geo_confidence":"state","unverified":false}},{"type":"Feature","geometry":{"type":"Point","coordinates":[76.0856,29.0588]},"properties":{"id":"nhai_geoserver-3fa9b88f78ee2fad","title":"Major Saraswati Bridge","sector":"road","status":"commissioned","is_blocked":false,"block_reason":null,"cost_inr_crore":31.75,"progress_pct":97.0,"delay_months":null,"revised_completion_date":"2019-08-13","state":"Haryana","geo_confidence":"state","unverified":false}},{"type":"Feature","geometry":{"type":"Point","coordinates":[75.866806,31.347222]},"properties":{"id":"nhai_geoserver-9dd621a5ae2663a4","title":"4L of Phagwara - Hoshiarpur","sector":"road","status":"under_construction","is_blocked":false,"block_reason":null,"cost_inr_crore":1196.38,"progress_pct":20.03,"delay_months":null,"revised_completion_date":"2027-03-30","state":"Punjab","geo_confidence":"site","unverified":false}},{"type":"Feature","geometry":{"type":"Point","coordinates":[82.743396,22.148015]},"properties":{"id":"nhai_geoserver-d223fe7ed7a9fcf1","title":"4 laning of Champa - Korba from km 0.00 to km 38.2","sector":"road","status":"under_construction","is_blocked":false,"block_reason":null,"cost_inr_crore":1002.33,"progress_pct":98.75,"delay_months":null,"revised_completion_date":"2024-01-05","state":"Chhattisgarh","geo_confidence":"site","unverified":false}},{"type":"Feature","geometry":{"type":"Point","coordinates":[85.0985,20.9517]},"properties":{"id":"nhai_geoserver-74133d1047f1e1bd","title":"4L Greenfield Coastal road with paved shoulder from Kakatpur to Erasama (Km.91.600 to km.134.400) (Package III)","sector":"road","status":"tendered","is_blocked":false,"block_reason":null,"cost_inr_crore":2968.91,"progress_pct":null,"delay_months":null,"revised_completion_date":null,"state":"Odisha","geo_confidence":"state","unverified":false}},{"type":"Feature","geometry":{"type":"Point","coordinates":[69.969618,21.323632]},"properties":{"id":"nhai_geoserver-628301968a701851","title":"Gadu -Porbandar (Package VII)","sector":"road","status":"commissioned","is_blocked":false,"block_reason":null,"cost_inr_crore":604.83,"progress_pct":99.13,"delay_months":null,"revised_completion_date":"2019-09-04","state":"Gujarat","geo_confidence":"site","unverified":false}},{"type":"Feature","geometry":{"type":"Point","coordinates":[76.0856,29.0588]},"properties":{"id":"nhai_geoserver-76cf3e62edf16305","title":"Flyover and Underpass at Hero Honda Chowk","sector":"road","status":"cancelled","is_blocked":true,"block_reason":"other","cost_inr_crore":183.18,"progress_pct":99.75,"delay_months":null,"revised_completion_date":"2017-05-24","state":"Haryana","geo_confidence":"state","unverified":false}},{"type":"Feature","geometry":{"type":"Point","coordinates":[79.74,15.9129]},"properties":{"id":"nhai_geoserver-740aa4f6e5f9470e","title":"Palasa-Korlam from Km. 503.415 to Km. 532.600 (AP-4A)","sector":"road","status":"commissioned","is_blocked":false,"block_reason":null,"cost_inr_crore":415.0,"progress_pct":null,"delay_months":null,"revised_completion_date":"2004-11-21","state":"Andhra Pradesh","geo_confidence":"state","unverified":false}},{"type":"Feature","geometry":{"type":"Point","coordinates":[76.768869,30.143633]},"properties":{"id":"nhai_geoserver-cb8c7fcde6bf9c3d","title":"4L (Greenfield) Jalbhera – Shahbad section from km. 0.000 to km. 22.850 of NH-152G","sector":"road","status":"under_construction","is_blocked":false,"block_reason":null,"cost_inr_crore":927.22,"progress_pct":87.05,"delay_months":null,"revised_completion_date":"2025-05-31","state":"Haryana","geo_confidence":"site","unverified":false}},{"type":"Feature","geometry":{"type":"Point","coordinates":[75.136443,31.573914]},"properties":{"id":"nhai_geoserver-3341cc6d1479acb2","title":"Four Laning of Jalandhar-Amritsar of NH 1 from 407.1 to km 456.1","sector":"road","status":"commissioned","is_blocked":false,"block_reason":null,"cost_inr_crore":263.0,"progress_pct":null,"delay_months":null,"revised_completion_date":"2008-11-30","state":"Punjab","geo_confidence":"site","unverified":false}},{"type":"Feature","geometry":{"type":"Point","coordinates":[77.956727,14.931075]},"properties":{"id":"nhai_geoserver-51d78e0409945a96","title":"4L of Tada - Nellore from Km. 52.800 to 163.600 (110.52 km.)","sector":"road","status":"commissioned","is_blocked":false,"block_reason":null,"cost_inr_crore":2196.35,"progress_pct":null,"delay_months":null,"revised_completion_date":"2004-03-15","state":"Andhra Pradesh","geo_confidence":"site","unverified":false}},{"type":"Feature","geometry":{"type":"Point","coordinates":[72.8311,21.1702]},"properties":{"id":"nhai_geoserver-1a0fdf1171d853ab","title":"Short term improvement and routine maintenance of Surat - Bharuch from Km 198.700 to Km 263.000 Section of NH-48","sector":"road","status":"commissioned","is_blocked":false,"block_reason":null,"cost_inr_crore":null,"progress_pct":100.0,"delay_months":null,"revised_completion_date":"2023-05-17","state":"Gujarat","geo_confidence":"city","unverified":false}},{"type":"Feature","geometry":{"type":"Point","coordinates":[80.061735,15.267546]},"properties":{"id":"nhai_geoserver-a730ff0fad685b53","title":"Chilakaluripet (1182.802) to Nellore (1366.547) of NH16 in Andhra Pradesh","sector":"road","status":"commissioned","is_blocked":false,"block_reason":null,"cost_inr_crore":432.74,"progress_pct":99.0,"delay_months":null,"revised_completion_date":"2014-05-21","state":"Andhra Pradesh","geo_confidence":"site","unverified":false}},{"type":"Feature","geometry":{"type":"Point","coordinates":[83.151381,18.395797]},"properties":{"id":"nhai_geoserver-ec9f650fee81e0e1","title":"6L Aluru - Jakkuva Section of NH-130CD Road from km 365.033 to km 396.800 (Pkg. 1)","sector":"road","status":"under_construction","is_blocked":false,"block_reason":null,"cost_inr_crore":1216.12,"progress_pct":99.63,"delay_months":null,"revised_completion_date":"2024-03-29","state":"Andhra Pradesh","geo_confidence":"site","unverified":false}},{"type":"Feature","geometry":{"type":"Point","coordinates":[81.8463,25.4358]},"properties":{"id":"nhai_geoserver-a7bbbd164896ec9c","title":"Construction & upgradation of carriageway km 180.200 to 188.700 of Raebareli - Prayagraj section of NH-30 (Old NH-24B)","sector":"road","status":"commissioned","is_blocked":false,"block_reason":null,"cost_inr_crore":87.06,"progress_pct":99.0,"delay_months":null,"revised_completion_date":"2024-05-07","state":"Uttar Pradesh","geo_confidence":"city","unverified":false}},{"type":"Feature","geometry":{"type":"Point","coordinates":[75.7139,19.7515]},"properties":{"id":"nhai_geoserver-2caceea93a1e9138","title":"Kharwandi Kasar to Junction with NH-211 (km. 284 to km. 337) section of NH-61","sector":"road","status":"commissioned","is_blocked":false,"block_reason":null,"cost_inr_crore":763.73,"progress_pct":null,"delay_months":null,"revised_completion_date":"2016-11-19","state":"Maharashtra","geo_confidence":"state","unverified":false}},{"type":"Feature","geometry":{"type":"Point","coordinates":[73.834885,28.514205]},"properties":{"id":"nhai_geoserver-7ad24393528ff303","title":"Sangariya (near Chautala)-Rasisar (near Bikaner) (Phase-I) (AJ/SR-Package-6)","sector":"road","status":"commissioned","is_blocked":false,"block_reason":null,"cost_inr_crore":635.84,"progress_pct":99.4,"delay_months":null,"revised_completion_date":"2022-10-17","state":"Rajasthan","geo_confidence":"site","unverified":false}},{"type":"Feature","geometry":{"type":"Point","coordinates":[78.406114,21.125659]},"properties":{"id":"nhai_geoserver-3ed65cc6de4bd6a5","title":"Four Laning of Kondhali-Talegaon section from km 50.00 to 100.00","sector":"road","status":"commissioned","is_blocked":false,"block_reason":null,"cost_inr_crore":214.21,"progress_pct":null,"delay_months":null,"revised_completion_date":"2009-03-05","state":"Maharashtra","geo_confidence":"site","unverified":false}},{"type":"Feature","geometry":{"type":"Point","coordinates":[75.7139,19.7515]},"properties":{"id":"nhai_geoserver-248254bca5c73844","title":"Talegaon - Chakan - Shikrapur section of NH-548D","sector":"road","status":"commissioned","is_blocked":false,"block_reason":null,"cost_inr_crore":null,"progress_pct":null,"delay_months":null,"revised_completion_date":"2032-10-19","state":"Maharashtra","geo_confidence":"state","unverified":false}},{"type":"Feature","geometry":{"type":"Point","coordinates":[75.7139,15.3173]},"properties":{"id":"nhai_geoserver-65558d94aa48e900","title":"4LPS Access Controlled Highway of Bellary Bypass (Balance work) from Ch. 254+750 to Ch. 266+837 and construction of 4LPS from Ch. 277.690 to Ch. 278.690 at D. Hirehal Village (Balance work) of NH 150A of Bellary – Byrapura Section","sector":"road","status":"under_construction","is_blocked":false,"block_reason":null,"cost_inr_crore":626.01,"progress_pct":38.08,"delay_months":null,"revised_completion_date":"2026-07-31","state":"Karnataka","geo_confidence":"state","unverified":false}},{"type":"Feature","geometry":{"type":"Point","coordinates":[77.343629,23.295349]},"properties":{"id":"nhai_geoserver-840efa79a32df5d9","title":"Lalghati (Bhopal) (Km. 315.73) to Mubarakpur (Km. 324.00) in Madhya Pradesh","sector":"road","status":"commissioned","is_blocked":false,"block_reason":null,"cost_inr_crore":357.48,"progress_pct":100.0,"delay_months":null,"revised_completion_date":"2019-11-27","state":"Madhya Pradesh","geo_confidence":"site","unverified":false}},{"type":"Feature","geometry":{"type":"Point","coordinates":[79.910422,17.996992]},"properties":{"id":"nhai_geoserver-55e197d055af3811","title":"Mangalwarpet to Mallampalli Section","sector":"road","status":"commissioned","is_blocked":false,"block_reason":null,"cost_inr_crore":55.0,"progress_pct":100.0,"delay_months":null,"revised_completion_date":"2016-03-10","state":"Telangana","geo_confidence":"site","unverified":false}},{"type":"Feature","geometry":{"type":"Point","coordinates":[84.865083,22.046423]},"properties":{"id":"nhai_geoserver-7418d2490ed34a05","title":"Brahmani Bypass Rajmunda","sector":"road","status":"commissioned","is_blocked":false,"block_reason":null,"cost_inr_crore":604.91,"progress_pct":100.0,"delay_months":null,"revised_completion_date":"2021-03-06","state":"Odisha","geo_confidence":"site","unverified":false}},{"type":"Feature","geometry":{"type":"Point","coordinates":[72.419614,26.626436]},"properties":{"id":"nhai_geoserver-f07fbda7c97b1e16","title":"Jodhpur-Pokaran (2LPS)","sector":"road","status":"commissioned","is_blocked":false,"block_reason":null,"cost_inr_crore":394.84,"progress_pct":null,"delay_months":null,"revised_completion_date":"2017-07-24","state":"Rajasthan","geo_confidence":"site","unverified":false}},{"type":"Feature","geometry":{"type":"Point","coordinates":[75.7139,15.3173]},"properties":{"id":"nhai_geoserver-f2410771733cd585","title":"Chitradurga - Harihar from Km. 207 to Km. 284","sector":"road","status":"commissioned","is_blocked":false,"block_reason":null,"cost_inr_crore":678.96,"progress_pct":100.0,"delay_months":null,"revised_completion_date":"2010-06-30","state":"Karnataka","geo_confidence":"state","unverified":false}},{"type":"Feature","geometry":{"type":"Point","coordinates":[76.627419,14.127238]},"properties":{"id":"nhai_geoserver-9b67b0464fa0d2a1","title":"Raichur - Hungund","sector":"road","status":"tendered","is_blocked":false,"block_reason":null,"cost_inr_crore":4379.99,"progress_pct":null,"delay_months":null,"revised_completion_date":null,"state":"Karnataka","geo_confidence":"site","unverified":false}},{"type":"Feature","geometry":{"type":"Point","coordinates":[75.7139,19.7515]},"properties":{"id":"nhai_geoserver-fae919388e01f5d2","title":"Ahmednagar Bypass","sector":"road","status":"commissioned","is_blocked":false,"block_reason":null,"cost_inr_crore":901.39,"progress_pct":98.08,"delay_months":null,"revised_completion_date":"2023-07-20","state":"Maharashtra","geo_confidence":"state","unverified":false}},{"type":"Feature","geometry":{"type":"Point","coordinates":[77.4126,23.2599]},"properties":{"id":"nhai_geoserver-dbe0ad47e5640e4c","title":"4L from km 0.000 to 42.040 Bhopal (Ratnaigiri Tiraha) to Vidisha (Morikodi)","sector":"road","status":"under_construction","is_blocked":false,"block_reason":null,"cost_inr_crore":1032.3,"progress_pct":20.23,"delay_months":null,"revised_completion_date":"2027-11-12","state":"Madhya Pradesh","geo_confidence":"city","unverified":false}},{"type":"Feature","geometry":{"type":"Point","coordinates":[77.724085,13.523895]},"properties":{"id":"nhai_geoserver-ba4bd5390e7cde94","title":"4L of Tumkur-Shimoga (Pkg-II) from Km 65.195 (Karadi) to Km 121.900 (Banawara) of NH-206","sector":"road","status":"under_construction","is_blocked":false,"block_reason":null,"cost_inr_crore":1505.85,"progress_pct":99.98,"delay_months":null,"revised_completion_date":"2021-10-14","state":"Karnataka","geo_confidence":"site","unverified":false}},{"type":"Feature","geometry":{"type":"Point","coordinates":[75.8648,25.2138]},"properties":{"id":"nhai_geoserver-5845f7984dbe11e2","title":"Deoli (Km 165/0) to Jn. of NH-76 on Kota Bypass","sector":"road","status":"commissioned","is_blocked":false,"block_reason":null,"cost_inr_crore":122.87,"progress_pct":100.0,"delay_months":null,"revised_completion_date":"2013-07-03","state":"Rajasthan","geo_confidence":"city","unverified":false}},{"type":"Feature","geometry":{"type":"Point","coordinates":[83.869502,18.307316]},"properties":{"id":"nhai_geoserver-063cf2e95ed7c557","title":"4L of Nandigama - Vijayawada","sector":"road","status":"commissioned","is_blocked":false,"block_reason":null,"cost_inr_crore":676.86,"progress_pct":100.0,"delay_months":null,"revised_completion_date":"2003-12-31","state":"Andhra Pradesh","geo_confidence":"site","unverified":false}},{"type":"Feature","geometry":{"type":"Point","coordinates":[78.442417,10.533402]},"properties":{"id":"nhai_geoserver-552a17c6873ad934","title":"Trichirapalli (Km 0.000) to Kallagam (Km. 38.700) of NH-227 in Tamil Nadu","sector":"road","status":"commissioned","is_blocked":false,"block_reason":null,"cost_inr_crore":1502.36,"progress_pct":100.0,"delay_months":null,"revised_completion_date":"2021-02-28","state":"Tamil Nadu","geo_confidence":"site","unverified":false}},{"type":"Feature","geometry":{"type":"Point","coordinates":[71.1924,22.2587]},"properties":{"id":"nhai_geoserver-f07cd88125d788b0","title":"Bamanbore - Garamore from 182.6 km. to 254.54 km.  under TOT Bundle - 1","sector":"road","status":"commissioned","is_blocked":false,"block_reason":null,"cost_inr_crore":null,"progress_pct":null,"delay_months":null,"revised_completion_date":"2048-08-28","state":"Gujarat","geo_confidence":"state","unverified":false}},{"type":"Feature","geometry":{"type":"Point","coordinates":[73.7898,19.9975]},"properties":{"id":"nhai_geoserver-625af1b5551c055d","title":"Elevated Flyover including provisions for metro on section Nashik Phata to Khed of NH-60 from Km. 12.190 to Km. 28.925 (Pkg-I)","sector":"road","status":"tendered","is_blocked":false,"block_reason":null,"cost_inr_crore":4391.86,"progress_pct":null,"delay_months":null,"revised_completion_date":null,"state":"Maharashtra","geo_confidence":"city","unverified":false}},{"type":"Feature","geometry":{"type":"Point","coordinates":[85.0985,20.9517]},"properties":{"id":"nhai_geoserver-dd1bbaf508af99bf","title":"4L  Greenfield coastal road with paved shoulder from Rameshwar to Puri (km.0 to km. 47.050) (Package I)","sector":"road","status":"tendered","is_blocked":false,"block_reason":null,"cost_inr_crore":2595.71,"progress_pct":null,"delay_months":null,"revised_completion_date":null,"state":"Odisha","geo_confidence":"state","unverified":false}},{"type":"Feature","geometry":{"type":"Point","coordinates":[76.3754,24.3509]},"properties":{"id":"nhai_geoserver-23a3d6bbbbb00066","title":"Jhalawar- RJ/MP Border (2L PS) under Jhalawar-Biaora-Bhopal Corridor","sector":"road","status":"commissioned","is_blocked":false,"block_reason":null,"cost_inr_crore":9.83,"progress_pct":100.0,"delay_months":null,"revised_completion_date":"2016-01-14","state":"Rajasthan","geo_confidence":"site","unverified":false}},{"type":"Feature","geometry":{"type":"Point","coordinates":[77.169861,27.108333]},"properties":{"id":"nhai_geoserver-93a2b4185a951353","title":"4L of Bharatpur-Mahua from km. 63.00 to km. 120.00 of Old NH 11","sector":"road","status":"commissioned","is_blocked":false,"block_reason":null,"cost_inr_crore":183.78,"progress_pct":null,"delay_months":null,"revised_completion_date":"2009-01-31","state":"Rajasthan","geo_confidence":"site","unverified":false}},{"type":"Feature","geometry":{"type":"Point","coordinates":[78.6569,22.9734]},"properties":{"id":"nhai_geoserver-533cf2eda1b5c91b","title":"Construction work of 4-laning of Shahganj bypass end to Badi (Package-IV) of NH-146B from design km 102.000 to design km 142.357 (Design length 40.357 km)","sector":"road","status":"under_construction","is_blocked":false,"block_reason":null,"cost_inr_crore":784.14,"progress_pct":53.6,"delay_months":null,"revised_completion_date":"2027-03-24","state":"Madhya Pradesh","geo_confidence":"state","unverified":false}},{"type":"Feature","geometry":{"type":"Point","coordinates":[75.253248,21.867567]},"properties":{"id":"nhai_geoserver-858de384ba01bc23","title":"Delhi-Vadodara Greenfield Alignment (NH-148N) (Pkg-17) (Ch. 452+420 to Ch. 484+420) [Rajasthan/MP Border to Jodmi village of Mandsaur district]","sector":"road","status":"commissioned","is_blocked":false,"block_reason":null,"cost_inr_crore":1320.1,"progress_pct":99.7,"delay_months":null,"revised_completion_date":"2022-10-07","state":"Madhya Pradesh","geo_confidence":"site","unverified":false}},{"type":"Feature","geometry":{"type":"Point","coordinates":[79.335209,15.716599]},"properties":{"id":"nhai_geoserver-043d68ee23542641","title":"Development of Multipurpose Facility on Chilakaluripet - Nellore Section from km. 1210.00 to km. 1214.00","sector":"road","status":"commissioned","is_blocked":false,"block_reason":null,"cost_inr_crore":79.13,"progress_pct":96.73,"delay_months":null,"revised_completion_date":"2019-10-31","state":"Andhra Pradesh","geo_confidence":"site","unverified":false}},{"type":"Feature","geometry":{"type":"Point","coordinates":[83.172468,17.882961]},"properties":{"id":"nhai_geoserver-4f87329e2f00a2d0","title":"6L Kantakapalle – Sabbavaram Section of NH-130CD Road from Km 445.100 to Km 464.662 (Pkg-4)","sector":"road","status":"under_construction","is_blocked":false,"block_reason":null,"cost_inr_crore":1012.57,"progress_pct":84.6,"delay_months":null,"revised_completion_date":"2024-10-04","state":"Andhra Pradesh","geo_confidence":"site","unverified":false}},{"type":"Feature","geometry":{"type":"Point","coordinates":[85.1376,25.5941]},"properties":{"id":"nhai_geoserver-e5cf92d7fb30f11e","title":"Construction of 4 Laning Greenfield corridor from Suara (sasaram) at Ch. 0+000 to Garhani (at SH-12) at Ch 74+432, Pacakge 1 of Patna-Arrah-Sasaram Corridor of NH-119A","sector":"road","status":"awarded","is_blocked":false,"block_reason":null,"cost_inr_crore":1715.94,"progress_pct":null,"delay_months":null,"revised_completion_date":null,"state":"Bihar","geo_confidence":"city","unverified":false}},{"type":"Feature","geometry":{"type":"Point","coordinates":[85.2799,23.6102]},"properties":{"id":"nhai_geoserver-ec0bbaaf50989e5e","title":"Strengthening of Purulia (JH) - Balarampur - Chandil Section of NH-18 from Km, 140.280 to Km. 142.100 and Km. 143.920 to Km. 153.705","sector":"road","status":"commissioned","is_blocked":false,"block_reason":null,"cost_inr_crore":0.0,"progress_pct":null,"delay_months":null,"revised_completion_date":"2024-06-19","state":"Jharkhand","geo_confidence":"state","unverified":false}},{"type":"Feature","geometry":{"type":"Point","coordinates":[85.3131,25.0961]},"properties":{"id":"nhai_geoserver-3965befe4a22df58","title":"Balance work of 4 laning of Gorakpur -Gopalganj","sector":"road","status":"commissioned","is_blocked":false,"block_reason":null,"cost_inr_crore":656.42,"progress_pct":100.0,"delay_months":null,"revised_completion_date":"2017-04-27","state":"Bihar","geo_confidence":"state","unverified":false}},{"type":"Feature","geometry":{"type":"Point","coordinates":[79.74,15.9129]},"properties":{"id":"nhai_geoserver-8958f23ff25d348a","title":"6L Access Controlled Greenfield Highway from Kodur (Ch. 0+000) to Vanavolu (Ch. 24+300) of [NH-544G]  (Package-1)","sector":"road","status":"under_construction","is_blocked":false,"block_reason":null,"cost_inr_crore":912.94,"progress_pct":87.65,"delay_months":null,"revised_completion_date":"2026-02-03","state":"Andhra Pradesh","geo_confidence":"state","unverified":false}},{"type":"Feature","geometry":{"type":"Point","coordinates":[82.316162,19.472149]},"properties":{"id":"nhai_geoserver-0bbc8e8e8d043bca","title":"6L of Badakumari - Karki Section from Km 179.000 to km 226.500 of NH-130-CD (Package – OD-3)","sector":"road","status":"under_construction","is_blocked":false,"block_reason":null,"cost_inr_crore":1101.76,"progress_pct":99.7,"delay_months":null,"revised_completion_date":"2024-04-11","state":"Odisha","geo_confidence":"site","unverified":false}},{"type":"Feature","geometry":{"type":"Point","coordinates":[79.603529,22.565681]},"properties":{"id":"nhai_geoserver-234501427582aca4","title":"Seoni to MP/MH Border (MP 3) (Seoni - Mohgaon)","sector":"road","status":"commissioned","is_blocked":false,"block_reason":null,"cost_inr_crore":806.25,"progress_pct":null,"delay_months":null,"revised_completion_date":"2010-05-25","state":"Madhya Pradesh","geo_confidence":"site","unverified":false}},{"type":"Feature","geometry":{"type":"Point","coordinates":[81.60196,20.797986]},"properties":{"id":"nhai_geoserver-ba6694b408a136f2","title":"Kodebod (Km 43.400) to Dhamtari (Km 82.209)","sector":"road","status":"commissioned","is_blocked":false,"block_reason":null,"cost_inr_crore":967.19,"progress_pct":100.0,"delay_months":null,"revised_completion_date":"2019-03-10","state":"Chhattisgarh","geo_confidence":"site","unverified":false}},{"type":"Feature","geometry":{"type":"Point","coordinates":[78.6569,11.1271]},"properties":{"id":"nhai_geoserver-54787f46ff2c1e5f","title":"Four laning of Namakkal Bypass of NH-7 in the State of Tamil Nadu (Contract Package no.NS-27-TN)","sector":"road","status":"commissioned","is_blocked":false,"block_reason":null,"cost_inr_crore":120.21,"progress_pct":null,"delay_months":null,"revised_completion_date":"2002-11-29","state":"Tamil Nadu","geo_confidence":"state","unverified":false}},{"type":"Feature","geometry":{"type":"Point","coordinates":[85.328166,25.517947]},"properties":{"id":"nhai_geoserver-ad17a9d72d1ccde3","title":"Patna Bakhtiyarpur section of NH-30 from km. 181.300 to km. 231.950","sector":"road","status":"commissioned","is_blocked":false,"block_reason":null,"cost_inr_crore":523.75,"progress_pct":99.78,"delay_months":null,"revised_completion_date":"2014-03-24","state":"Bihar","geo_confidence":"site","unverified":false}},{"type":"Feature","geometry":{"type":"Point","coordinates":[92.783888,26.217411]},"properties":{"id":"nhai_geoserver-8b49120a433b12e1","title":"Nagaon - Doboka (AS-17)","sector":"road","status":"commissioned","is_blocked":false,"block_reason":null,"cost_inr_crore":450.96,"progress_pct":null,"delay_months":null,"revised_completion_date":"2014-07-25","state":"Assam","geo_confidence":"site","unverified":false}},{"type":"Feature","geometry":{"type":"Point","coordinates":[75.09565,14.691222]},"properties":{"id":"nhai_geoserver-0182410a8d26bf83","title":"Yekkambi-Haveri","sector":"road","status":"under_construction","is_blocked":false,"block_reason":null,"cost_inr_crore":294.62,"progress_pct":24.7,"delay_months":null,"revised_completion_date":"2024-03-07","state":"Karnataka","geo_confidence":"site","unverified":false}},{"type":"Feature","geometry":{"type":"Point","coordinates":[75.637514,12.859195]},"properties":{"id":"nhai_geoserver-9bed139838d21122","title":"Nidagatta-Mysore (Pkg II)","sector":"road","status":"under_construction","is_blocked":false,"block_reason":null,"cost_inr_crore":2919.8,"progress_pct":99.19,"delay_months":null,"revised_completion_date":"2022-06-07","state":"Karnataka","geo_confidence":"site","unverified":false}},{"type":"Feature","geometry":{"type":"Point","coordinates":[75.287091,33.084677]},"properties":{"id":"nhai_geoserver-d012a788cb188de0","title":"4L of Chenani - Nashri including 9 Km long tunnel (2L) with parallel escape tunnel","sector":"road","status":"commissioned","is_blocked":false,"block_reason":null,"cost_inr_crore":9709.47,"progress_pct":null,"delay_months":null,"revised_completion_date":"2016-05-21","state":"Jammu and Kashmir","geo_confidence":"site","unverified":false}},{"type":"Feature","geometry":{"type":"Point","coordinates":[73.1812,22.3072]},"properties":{"id":"nhai_geoserver-67ed61eaa77ed246","title":"Vadodara Mumbai Expressway (Karvad - Jujuwa) from Km. 128.000 to Km. 154.600 (Phase-I Package-IX)","sector":"road","status":"under_construction","is_blocked":false,"block_reason":null,"cost_inr_crore":2594.17,"progress_pct":21.75,"delay_months":null,"revised_completion_date":"2025-10-13","state":"Gujarat","geo_confidence":"city","unverified":false}},{"type":"Feature","geometry":{"type":"Point","coordinates":[92.901982,26.518487]},"properties":{"id":"nhai_geoserver-49f20eca4356b0aa","title":"Development of 4L UER II [Package - V] (Spur to Bahadurgarh Bypass) (NH-10) from km. 0.00 to km.7.30","sector":"road","status":"commissioned","is_blocked":false,"block_reason":null,"cost_inr_crore":767.36,"progress_pct":99.33,"delay_months":null,"revised_completion_date":"2023-10-20","state":"Delhi","geo_confidence":"site","unverified":false}},{"type":"Feature","geometry":{"type":"Point","coordinates":[78.6569,22.9734]},"properties":{"id":"nhai_geoserver-7693d37e355f1baf","title":"Lakhnadon-Seoni (left out delinked stretches of MP-2 Package)","sector":"road","status":"commissioned","is_blocked":false,"block_reason":null,"cost_inr_crore":968.25,"progress_pct":null,"delay_months":null,"revised_completion_date":"2017-10-20","state":"Madhya Pradesh","geo_confidence":"state","unverified":false}},{"type":"Feature","geometry":{"type":"Point","coordinates":[81.098832,26.490375]},"properties":{"id":"nhai_geoserver-4c8c898d2950d799","title":"Lucknow - Raibareili","sector":"road","status":"commissioned","is_blocked":false,"block_reason":null,"cost_inr_crore":1470.0,"progress_pct":null,"delay_months":null,"revised_completion_date":"2014-04-14","state":"Uttar Pradesh","geo_confidence":"site","unverified":false}},{"type":"Feature","geometry":{"type":"Point","coordinates":[76.0856,29.0588]},"properties":{"id":"nhai_geoserver-ecbcf436a031fbe9","title":"Hansi-Barwala section of NH-148B","sector":"road","status":"tendered","is_blocked":false,"block_reason":null,"cost_inr_crore":null,"progress_pct":null,"delay_months":null,"revised_completion_date":null,"state":"Haryana","geo_confidence":"state","unverified":false}},{"type":"Feature","geometry":{"type":"Point","coordinates":[75.564298,19.170651]},"properties":{"id":"nhai_geoserver-6e25f1f2763b87ac","title":"4L bypass to Mozari town (Taluka-Tiwasa) from km. 0.000 to km. 6.100 of NH-53","sector":"road","status":"commissioned","is_blocked":false,"block_reason":null,"cost_inr_crore":116.42,"progress_pct":100.0,"delay_months":null,"revised_completion_date":"2023-06-14","state":"Maharashtra","geo_confidence":"site","unverified":false}},{"type":"Feature","geometry":{"type":"Point","coordinates":[78.1828,26.2183]},"properties":{"id":"nhai_geoserver-c31ea33c54310c2b","title":"Bypass on Western side of Gwalior City","sector":"road","status":"under_construction","is_blocked":false,"block_reason":null,"cost_inr_crore":998.95,"progress_pct":null,"delay_months":null,"revised_completion_date":"2028-01-12","state":"Madhya Pradesh","geo_confidence":"city","unverified":false}},{"type":"Feature","geometry":{"type":"Point","coordinates":[77.102215,30.974437]},"properties":{"id":"nhai_geoserver-9302e69dfc335310","title":"Solan - Kaithlighat Section of NH-22 Now NH-5 from Km. 106.139 to Km.129.05","sector":"road","status":"under_construction","is_blocked":false,"block_reason":null,"cost_inr_crore":881.74,"progress_pct":90.11,"delay_months":null,"revised_completion_date":"2021-05-06","state":"Himachal Pradesh","geo_confidence":"site","unverified":false}},{"type":"Feature","geometry":{"type":"Point","coordinates":[85.402916,23.704646]},"properties":{"id":"nhai_geoserver-da7b75c7a9955811","title":"4L of Hazaribagh-Ranchi stretch of NH33 from Km 40.5 to Km114 including Kujju bypass","sector":"road","status":"commissioned","is_blocked":false,"block_reason":null,"cost_inr_crore":2286.0,"progress_pct":null,"delay_months":null,"revised_completion_date":"2013-02-27","state":"Jharkhand","geo_confidence":"site","unverified":false}},{"type":"Feature","geometry":{"type":"Point","coordinates":[80.164023,25.905179]},"properties":{"id":"nhai_geoserver-696fb51fd2e74087","title":"Kanpur - Kabrai from km. 0.00 to km. 123.863","sector":"road","status":"commissioned","is_blocked":false,"block_reason":null,"cost_inr_crore":214.64,"progress_pct":null,"delay_months":null,"revised_completion_date":"2015-07-27","state":"Uttar Pradesh","geo_confidence":"site","unverified":false}},{"type":"Feature","geometry":{"type":"Point","coordinates":[77.741111,26.949722]},"properties":{"id":"nhai_geoserver-591442a9947a5d14","title":"Uncha Nagla - Dholpur Section of NH-123 (0.000 to 75.008).","sector":"road","status":"commissioned","is_blocked":false,"block_reason":null,"cost_inr_crore":400.45,"progress_pct":100.0,"delay_months":null,"revised_completion_date":"2018-02-23","state":"Rajasthan","geo_confidence":"site","unverified":false}},{"type":"Feature","geometry":{"type":"Point","coordinates":[75.8648,25.2138]},"properties":{"id":"nhai_geoserver-f138f5f9238c8fc3","title":"Cable Stayed Bridge across Chambal river on Kota Bypass (Contract Package RJ-05)","sector":"road","status":"commissioned","is_blocked":false,"block_reason":null,"cost_inr_crore":310.05,"progress_pct":100.0,"delay_months":null,"revised_completion_date":"2010-03-06","state":"Rajasthan","geo_confidence":"city","unverified":false}},{"type":"Feature","geometry":{"type":"Point","coordinates":[87.855,22.9868]},"properties":{"id":"nhai_geoserver-a9fc6f09efed5a6d","title":"4L of Palsit-Panagarh","sector":"road","status":"commissioned","is_blocked":false,"block_reason":null,"cost_inr_crore":1740.1,"progress_pct":null,"delay_months":null,"revised_completion_date":"2024-01-31","state":"West Bengal","geo_confidence":"state","unverified":false}},{"type":"Feature","geometry":{"type":"Point","coordinates":[72.910778,22.988274]},"properties":{"id":"nhai_geoserver-afc9989f341dc12f","title":"Operations of Way Side Amenities at Km. 78.00 (LHS) of Ahmedabad - Vadodra Expressway","sector":"road","status":"unknown","is_blocked":false,"block_reason":null,"cost_inr_crore":null,"progress_pct":null,"delay_months":null,"revised_completion_date":null,"state":"Gujarat","geo_confidence":"site","unverified":false}},{"type":"Feature","geometry":{"type":"Point","coordinates":[85.3647,26.1209]},"properties":{"id":"nhai_geoserver-7ff4a8a98b517351","title":"Kotwa (Motihari) – Mehsi - Muzaffarpur","sector":"road","status":"commissioned","is_blocked":false,"block_reason":null,"cost_inr_crore":52.35,"progress_pct":null,"delay_months":null,"revised_completion_date":"2039-10-19","state":"Bihar","geo_confidence":"city","unverified":false}},{"type":"Feature","geometry":{"type":"Point","coordinates":[78.71125,20.320472]},"properties":{"id":"nhai_geoserver-f74bad5c5b0c2f16","title":"Wainganga Bridge - MH/CG Border","sector":"road","status":"commissioned","is_blocked":false,"block_reason":null,"cost_inr_crore":138.39,"progress_pct":100.0,"delay_months":null,"revised_completion_date":"2010-09-15","state":"Maharashtra","geo_confidence":"site","unverified":false}},{"type":"Feature","geometry":{"type":"Point","coordinates":[79.0882,21.1458]},"properties":{"id":"nhai_geoserver-7cf591193bc94656","title":"Nagpur-Wainganga - Bhandara-Nagpur","sector":"road","status":"tendered","is_blocked":false,"block_reason":null,"cost_inr_crore":null,"progress_pct":null,"delay_months":null,"revised_completion_date":null,"state":"Maharashtra","geo_confidence":"city","unverified":false}},{"type":"Feature","geometry":{"type":"Point","coordinates":[78.097938,19.09121]},"properties":{"id":"nhai_geoserver-31c99f1c623bdf11","title":"Kalyan to Nirmal Section from km. 615.00 to km. 668.60","sector":"road","status":"commissioned","is_blocked":false,"block_reason":null,"cost_inr_crore":788.05,"progress_pct":100.0,"delay_months":null,"revised_completion_date":"2016-03-10","state":"Telangana","geo_confidence":"site","unverified":false}},{"type":"Feature","geometry":{"type":"Point","coordinates":[73.017264,21.410764]},"properties":{"id":"nhai_geoserver-295a3522cd243c52","title":"Bharuch - Surat from km. 198.00 to km. 263.00 (Package BOT -II)","sector":"road","status":"commissioned","is_blocked":false,"block_reason":null,"cost_inr_crore":5.63,"progress_pct":null,"delay_months":null,"revised_completion_date":"2022-03-31","state":"Gujarat","geo_confidence":"site","unverified":false}},{"type":"Feature","geometry":{"type":"Point","coordinates":[76.0856,29.0588]},"properties":{"id":"nhai_geoserver-cf63ffedbdf9a6ed","title":"4L Bhiwani-Hansi road section of NH-148B","sector":"road","status":"under_construction","is_blocked":false,"block_reason":null,"cost_inr_crore":1330.23,"progress_pct":99.5,"delay_months":null,"revised_completion_date":"2025-12-17","state":"Haryana","geo_confidence":"state","unverified":false}},{"type":"Feature","geometry":{"type":"Point","coordinates":[76.899484,30.319727]},"properties":{"id":"nhai_geoserver-f557aca02f1c4742","title":"Ambala - Saha","sector":"road","status":"commissioned","is_blocked":false,"block_reason":null,"cost_inr_crore":219.51,"progress_pct":100.0,"delay_months":null,"revised_completion_date":"2021-11-19","state":"Haryana","geo_confidence":"site","unverified":false}},{"type":"Feature","geometry":{"type":"Point","coordinates":[78.776079,9.428818]},"properties":{"id":"nhai_geoserver-ef3fea6c2e8fc48a","title":"4 Laning of Paramakudi to Ramanathapuram Section of NH-87 (Old NH-49)","sector":"road","status":"under_construction","is_blocked":false,"block_reason":null,"cost_inr_crore":1853.16,"progress_pct":0.0,"delay_months":null,"revised_completion_date":"2028-05-14","state":"Tamil Nadu","geo_confidence":"site","unverified":false}},{"type":"Feature","geometry":{"type":"Point","coordinates":[91.894612,26.120253]},"properties":{"id":"nhai_geoserver-786a45dcf5246f57","title":"4L of Sonapur to Guwahati from Km 183.000 to Km 163.895 (Package AS-03)","sector":"road","status":"commissioned","is_blocked":false,"block_reason":null,"cost_inr_crore":418.38,"progress_pct":97.39,"delay_months":null,"revised_completion_date":"2017-11-30","state":"Assam","geo_confidence":"site","unverified":false}},{"type":"Feature","geometry":{"type":"Point","coordinates":[84.908424,25.609934]},"properties":{"id":"nhai_geoserver-0cd799db103553ca","title":"Chhapra - Hajipur from km. 143.200 to km. 209.200","sector":"road","status":"cancelled","is_blocked":true,"block_reason":"other","cost_inr_crore":2127.86,"progress_pct":89.81,"delay_months":null,"revised_completion_date":"2013-07-24","state":"Bihar","geo_confidence":"site","unverified":false}},{"type":"Feature","geometry":{"type":"Point","coordinates":[76.286598,10.024323]},"properties":{"id":"nhai_geoserver-8b1e4998d38e4b7c","title":"NH Connectivity to ICTT Vallarpadam","sector":"road","status":"commissioned","is_blocked":false,"block_reason":null,"cost_inr_crore":683.97,"progress_pct":null,"delay_months":null,"revised_completion_date":"2010-02-09","state":"Kerala","geo_confidence":"site","unverified":false}},{"type":"Feature","geometry":{"type":"Point","coordinates":[78.393785,29.683336]},"properties":{"id":"nhai_geoserver-0828c687de5c5693","title":"2L PS of Najibabad Kotdwar section from 112.575 to Km. 138.635 of NH 119","sector":"road","status":"under_construction","is_blocked":false,"block_reason":null,"cost_inr_crore":188.87,"progress_pct":55.9,"delay_months":null,"revised_completion_date":"2025-09-07","state":"Uttarakhand","geo_confidence":"site","unverified":false}},{"type":"Feature","geometry":{"type":"Point","coordinates":[81.549734,27.333408]},"properties":{"id":"nhai_geoserver-626e36393d3cc052","title":"Jarwal to Bahraich","sector":"road","status":"commissioned","is_blocked":false,"block_reason":null,"cost_inr_crore":738.76,"progress_pct":null,"delay_months":null,"revised_completion_date":"2016-07-12","state":"Uttar Pradesh","geo_confidence":"site","unverified":false}},{"type":"Feature","geometry":{"type":"Point","coordinates":[78.899867,21.249643]},"properties":{"id":"nhai_geoserver-1dcb47efb6d0e2ba","title":"Bodhre - Dhule","sector":"road","status":"under_construction","is_blocked":false,"block_reason":null,"cost_inr_crore":1344.78,"progress_pct":97.69,"delay_months":null,"revised_completion_date":"2024-07-27","state":"Maharashtra","geo_confidence":"site","unverified":false}},{"type":"Feature","geometry":{"type":"Point","coordinates":[83.532501,25.948256]},"properties":{"id":"nhai_geoserver-aa957d32e7c1c9ac","title":"Varanasi Gorakhpur Section from km. 84.160 to 149.540 ( PKG III)","sector":"road","status":"commissioned","is_blocked":false,"block_reason":null,"cost_inr_crore":3765.72,"progress_pct":96.77,"delay_months":null,"revised_completion_date":"2019-10-07","state":"Uttar Pradesh","geo_confidence":"site","unverified":false}},{"type":"Feature","geometry":{"type":"Point","coordinates":[75.7139,19.7515]},"properties":{"id":"nhai_geoserver-ff25051e8840f809","title":"6L Access Controlled National Highway from Pagote to Chowk (Km 0.000 to Km 29.319)","sector":"road","status":"tendered","is_blocked":false,"block_reason":null,"cost_inr_crore":4500.62,"progress_pct":null,"delay_months":null,"revised_completion_date":null,"state":"Maharashtra","geo_confidence":"state","unverified":false}},{"type":"Feature","geometry":{"type":"Point","coordinates":[92.9376,26.2006]},"properties":{"id":"nhai_geoserver-c0f0e8d7ad2db965","title":"Strengthening including Operation and Maintenance of 4L PS from Km. 961.500 to Km. 1013.000 on NH 27 (AS-08 & AS-09) (New NH No. 27)","sector":"road","status":"commissioned","is_blocked":false,"block_reason":null,"cost_inr_crore":null,"progress_pct":null,"delay_months":null,"revised_completion_date":"2024-04-25","state":"Assam","geo_confidence":"state","unverified":false}},{"type":"Feature","geometry":{"type":"Point","coordinates":[77.406576,28.129491]},"properties":{"id":"nhai_geoserver-4bf5138b8c4995d0","title":"Four Laning of Rewari Bypass Pkg-IV","sector":"road","status":"commissioned","is_blocked":false,"block_reason":null,"cost_inr_crore":1069.42,"progress_pct":100.0,"delay_months":null,"revised_completion_date":"2023-11-16","state":"Haryana","geo_confidence":"site","unverified":false}},{"type":"Feature","geometry":{"type":"Point","coordinates":[76.2711,10.8505]},"properties":{"id":"nhai_geoserver-725d51add60ac6ea","title":"Aroor-Thuravoor Thekku","sector":"road","status":"under_construction","is_blocked":false,"block_reason":null,"cost_inr_crore":2429.52,"progress_pct":91.63,"delay_months":null,"revised_completion_date":"2026-01-30","state":"Kerala","geo_confidence":"state","unverified":false}},{"type":"Feature","geometry":{"type":"Point","coordinates":[78.183847,10.118545]},"properties":{"id":"nhai_geoserver-21d6cdd665e223c8","title":"Four Laning of Chettikulam to Natham section of NH-785","sector":"road","status":"unknown","is_blocked":false,"block_reason":null,"cost_inr_crore":837.61,"progress_pct":99.75,"delay_months":null,"revised_completion_date":"2020-11-03","state":"Tamil Nadu","geo_confidence":"site","unverified":false}},{"type":"Feature","geometry":{"type":"Point","coordinates":[77.797121,29.852216]},"properties":{"id":"nhai_geoserver-467fbfd805e7b633","title":"4/6L of  Spur to Haridwar (Greenfield) from Km. 0.000 to Km. 50.70","sector":"road","status":"under_construction","is_blocked":false,"block_reason":null,"cost_inr_crore":2155.95,"progress_pct":92.98,"delay_months":null,"revised_completion_date":"2025-02-19","state":"Uttarakhand","geo_confidence":"site","unverified":false}},{"type":"Feature","geometry":{"type":"Point","coordinates":[80.9462,26.8467]},"properties":{"id":"nhai_geoserver-d22195a7aea78f8f","title":"4L of Handia - Rajatalab Section Km. 245.00 to Km 317.398 of Old NH-2","sector":"road","status":"commissioned","is_blocked":false,"block_reason":null,"cost_inr_crore":2447.0,"progress_pct":null,"delay_months":null,"revised_completion_date":null,"state":"Uttar Pradesh","geo_confidence":"state","unverified":false}},{"type":"Feature","geometry":{"type":"Point","coordinates":[90.723224,26.485794]},"properties":{"id":"nhai_geoserver-54f25cc9b687cb8d","title":"Nalbari-Bijni(AS-09) from 983.00 km to 961.50 km of Old NH-31","sector":"road","status":"commissioned","is_blocked":false,"block_reason":null,"cost_inr_crore":332.19,"progress_pct":null,"delay_months":null,"revised_completion_date":"2012-03-31","state":"Assam","geo_confidence":"site","unverified":false}},{"type":"Feature","geometry":{"type":"Point","coordinates":[84.14175,24.33085]},"properties":{"id":"nhai_geoserver-d037fd13a79ab6ed","title":"6L Greenfield Varanasi-Ranchi-Kolkata Highway (Package-5) from Malpura village to Pachmo village (From KM. 105+300 to KM. 116+000) and including 4-lane spur to NH-19 & NH-119 (total Spur length = 6.6 Km)","sector":"road","status":"tendered","is_blocked":false,"block_reason":null,"cost_inr_crore":null,"progress_pct":null,"delay_months":null,"revised_completion_date":null,"state":"Bihar","geo_confidence":"city","unverified":false}},{"type":"Feature","geometry":{"type":"Point","coordinates":[75.801884,26.868247]},"properties":{"id":"nhai_geoserver-6458aceaa33d59eb","title":"Balance works of 6L of Jaipur Ring Road from Agra Road (Km. 0.300) to Ajmer Road (46.700) section","sector":"road","status":"commissioned","is_blocked":false,"block_reason":null,"cost_inr_crore":1377.7,"progress_pct":100.0,"delay_months":null,"revised_completion_date":"2019-04-17","state":"Rajasthan","geo_confidence":"site","unverified":false}},{"type":"Feature","geometry":{"type":"Point","coordinates":[78.6569,11.1271]},"properties":{"id":"nhai_geoserver-c7a890b8d843c5bc","title":"4 laning of km 156.000 to km 163.400 of Thoppurghat section on NH-7 in the State of TamilNadu (Pack No. NS-14/TN)","sector":"road","status":"commissioned","is_blocked":false,"block_reason":null,"cost_inr_crore":95.39,"progress_pct":null,"delay_months":null,"revised_completion_date":"2001-01-28","state":"Tamil Nadu","geo_confidence":"state","unverified":false}},{"type":"Feature","geometry":{"type":"Point","coordinates":[71.248472,23.834584]},"properties":{"id":"nhai_geoserver-4c4cc8edae42514c","title":"Sanchore - Santalpur from km 99.000 - km 130.073 of NH-754K (AJ-RGBS-Package-4)","sector":"road","status":"under_construction","is_blocked":false,"block_reason":null,"cost_inr_crore":778.15,"progress_pct":99.7,"delay_months":null,"revised_completion_date":"2023-03-09","state":"Gujarat","geo_confidence":"site","unverified":false}},{"type":"Feature","geometry":{"type":"Point","coordinates":[82.607059,21.252044]},"properties":{"id":"nhai_geoserver-fb93f3eff179f8c3","title":"4L of Odisha/Chhattisgarh border-Aurang Section from Km.88.000 to Km. 239.000 of NH-6","sector":"road","status":"commissioned","is_blocked":false,"block_reason":null,"cost_inr_crore":1548.0,"progress_pct":100.0,"delay_months":null,"revised_completion_date":"2016-03-03","state":"Chhattisgarh","geo_confidence":"site","unverified":false}},{"type":"Feature","geometry":{"type":"Point","coordinates":[80.2707,13.0827]},"properties":{"id":"nhai_geoserver-28ba4d41486c963f","title":"Construction of New Double Tier 4L Elevated Corridor from Chennai Port to Maduravoyal in Chennai District from km -0.342 to Km 20.593 and Package IV from (Km 14.185 to Km 20.593)","sector":"road","status":"under_construction","is_blocked":false,"block_reason":null,"cost_inr_crore":1205.4,"progress_pct":8.58,"delay_months":null,"revised_completion_date":"2026-05-20","state":"Tamil Nadu","geo_confidence":"city","unverified":false}},{"type":"Feature","geometry":{"type":"Point","coordinates":[85.0985,20.9517]},"properties":{"id":"nhai_geoserver-3be7c7c7e6631142","title":"6L Major Bridge including Approaches from Km.172.895 to Km.173.670 of  NH-520","sector":"road","status":"commissioned","is_blocked":false,"block_reason":null,"cost_inr_crore":97.11,"progress_pct":100.0,"delay_months":null,"revised_completion_date":"2023-03-17","state":"Odisha","geo_confidence":"state","unverified":false}},{"type":"Feature","geometry":{"type":"Point","coordinates":[74.179,24.717]},"properties":{"id":"nhai_geoserver-1e0d267c333eeea3","title":"Chittorgarh-Udaipur Section of NH76","sector":"road","status":"commissioned","is_blocked":false,"block_reason":null,"cost_inr_crore":236.64,"progress_pct":99.7,"delay_months":null,"revised_completion_date":"2019-12-29","state":"Rajasthan","geo_confidence":"site","unverified":false}},{"type":"Feature","geometry":{"type":"Point","coordinates":[78.290854,10.575617]},"properties":{"id":"nhai_geoserver-1dbdefe954e01a36","title":"Four Laning of Trichy - Dindigul from km. 333.00 to km. 421.273 of NH-45","sector":"road","status":"commissioned","is_blocked":false,"block_reason":null,"cost_inr_crore":1003.11,"progress_pct":100.0,"delay_months":null,"revised_completion_date":"2010-07-14","state":"Tamil Nadu","geo_confidence":"site","unverified":false}},{"type":"Feature","geometry":{"type":"Point","coordinates":[75.516177,17.880633]},"properties":{"id":"nhai_geoserver-3a96e65d6cb2c860","title":"4L of Pune Solapur Section from km. 144.40 to km.249.00 of Old NH 9 (Pkg-II)","sector":"road","status":"commissioned","is_blocked":false,"block_reason":null,"cost_inr_crore":1349.57,"progress_pct":100.0,"delay_months":null,"revised_completion_date":"2013-08-31","state":"Maharashtra","geo_confidence":"site","unverified":false}},{"type":"Feature","geometry":{"type":"Point","coordinates":[76.597964,30.806888]},"properties":{"id":"nhai_geoserver-85fc680cd05b745c","title":"Kharar(km15.765) to Kurali(kn29.90) oh NH-205 in Punjab","sector":"road","status":"commissioned","is_blocked":false,"block_reason":null,"cost_inr_crore":476.63,"progress_pct":null,"delay_months":null,"revised_completion_date":"2017-12-17","state":"Punjab","geo_confidence":"site","unverified":false}},{"type":"Feature","geometry":{"type":"Point","coordinates":[74.857,32.7266]},"properties":{"id":"nhai_geoserver-b2f47393f04328b7","title":"4L of Vijaypur-Hiranagar from km. 50.00 to km. 80.00 of Pathankot - Jammu (NS-35)","sector":"road","status":"commissioned","is_blocked":false,"block_reason":null,"cost_inr_crore":520.79,"progress_pct":null,"delay_months":null,"revised_completion_date":"2008-09-01","state":"Jammu and Kashmir","geo_confidence":"city","unverified":false}},{"type":"Feature","geometry":{"type":"Point","coordinates":[78.31832,27.747481]},"properties":{"id":"nhai_geoserver-b9a13a4b8ff06544","title":"Aligarh-Kanpur (Pkg I) [Aligarh-Bhadwas]","sector":"road","status":"commissioned","is_blocked":false,"block_reason":null,"cost_inr_crore":1226.64,"progress_pct":100.0,"delay_months":null,"revised_completion_date":"2022-06-06","state":"Uttar Pradesh","geo_confidence":"site","unverified":false}},{"type":"Feature","geometry":{"type":"Point","coordinates":[77.1734,31.1048]},"properties":{"id":"nhai_geoserver-2d56d35ecd2d9e7e","title":"Parwanoo (Km 67.00) to Solan (Km 106.14)","sector":"road","status":"commissioned","is_blocked":false,"block_reason":null,"cost_inr_crore":1247.43,"progress_pct":100.0,"delay_months":null,"revised_completion_date":"2018-03-22","state":"Himachal Pradesh","geo_confidence":"state","unverified":false}},{"type":"Feature","geometry":{"type":"Point","coordinates":[74.238601,15.307503]},"properties":{"id":"nhai_geoserver-4858f40028c41089","title":"Aurad - Bidar Km 0.00 to Km 45.878","sector":"road","status":"commissioned","is_blocked":false,"block_reason":null,"cost_inr_crore":424.16,"progress_pct":99.1,"delay_months":null,"revised_completion_date":"2023-09-13","state":"Karnataka","geo_confidence":"site","unverified":false}},{"type":"Feature","geometry":{"type":"Point","coordinates":[72.910778,22.988274]},"properties":{"id":"nhai_geoserver-cc478337530bebb6","title":"Operations of Way Side Amenities at Km. 23.00 (RHS) of Ahmedabad - Vadodra Expressway","sector":"road","status":"unknown","is_blocked":false,"block_reason":null,"cost_inr_crore":null,"progress_pct":null,"delay_months":null,"revised_completion_date":null,"state":"Gujarat","geo_confidence":"site","unverified":false}},{"type":"Feature","geometry":{"type":"Point","coordinates":[86.293226,25.773464]},"properties":{"id":"nhai_geoserver-de646c51422cb84d","title":"Umagaon-Saharsa (Package-V) Bakaur-Parsarma-Bangaon-Bariyahi & Spur to Mahishi","sector":"road","status":"under_construction","is_blocked":false,"block_reason":null,"cost_inr_crore":768.35,"progress_pct":99.5,"delay_months":null,"revised_completion_date":"2025-12-14","state":"Bihar","geo_confidence":"site","unverified":false}},{"type":"Feature","geometry":{"type":"Point","coordinates":[79.74,15.9129]},"properties":{"id":"nhai_geoserver-21c18796c2766787","title":"Rajamahendravaram - Dharamavaram","sector":"road","status":"commissioned","is_blocked":false,"block_reason":null,"cost_inr_crore":905.32,"progress_pct":null,"delay_months":null,"revised_completion_date":"2004-11-29","state":"Andhra Pradesh","geo_confidence":"state","unverified":false}},{"type":"Feature","geometry":{"type":"Point","coordinates":[78.543435,10.055283]},"properties":{"id":"nhai_geoserver-a2d7a178b5bddafa","title":"Melur - Pilayarpatti - Karaikudi from km 99.920 of NH 38 to km 12.9 of NH 383 Ext.","sector":"road","status":"under_construction","is_blocked":false,"block_reason":null,"cost_inr_crore":1103.86,"progress_pct":98.12,"delay_months":null,"revised_completion_date":"2022-03-15","state":"Tamil Nadu","geo_confidence":"site","unverified":false}},{"type":"Feature","geometry":{"type":"Point","coordinates":[85.2799,23.6102]},"properties":{"id":"nhai_geoserver-1cdf954060991e3a","title":"4L from Km 55.00 (Kuru) to Km 95.400 (Udaipura) on NH-75 (Sec-I)","sector":"road","status":"under_construction","is_blocked":false,"block_reason":null,"cost_inr_crore":1274.82,"progress_pct":11.1,"delay_months":null,"revised_completion_date":"2028-01-10","state":"Jharkhand","geo_confidence":"state","unverified":false}},{"type":"Feature","geometry":{"type":"Point","coordinates":[75.8577,22.7196]},"properties":{"id":"nhai_geoserver-35694bbb3b212270","title":"Construction of Eastern Bypass around Indore City","sector":"road","status":"tendered","is_blocked":false,"block_reason":null,"cost_inr_crore":2.0,"progress_pct":null,"delay_months":null,"revised_completion_date":null,"state":"Madhya Pradesh","geo_confidence":"city","unverified":false}},{"type":"Feature","geometry":{"type":"Point","coordinates":[79.523899,17.03932]},"properties":{"id":"nhai_geoserver-7c3409811ad6be76","title":"Hyderabad-Vijayawada","sector":"road","status":"unknown","is_blocked":false,"block_reason":null,"cost_inr_crore":122.97,"progress_pct":100.0,"delay_months":null,"revised_completion_date":"2012-10-01","state":"Telangana,Andhra Pradesh","geo_confidence":"site","unverified":false}},{"type":"Feature","geometry":{"type":"Point","coordinates":[74.549966,18.273847]},"properties":{"id":"nhai_geoserver-af3d0736b7c59ab6","title":"Patas-Vasunde Phata - Baramati Bypass","sector":"road","status":"commissioned","is_blocked":false,"block_reason":null,"cost_inr_crore":1342.52,"progress_pct":98.0,"delay_months":null,"revised_completion_date":"2023-09-08","state":"Maharashtra","geo_confidence":"site","unverified":false}},{"type":"Feature","geometry":{"type":"Point","coordinates":[80.95373,25.984053]},"properties":{"id":"nhai_geoserver-7b52f0669a7640e5","title":"6L of Chakeri - Allahabad from 483.687 to km. 628.753 of Old NH-02","sector":"road","status":"commissioned","is_blocked":false,"block_reason":null,"cost_inr_crore":3721.09,"progress_pct":97.5,"delay_months":null,"revised_completion_date":"2021-07-09","state":"Uttar Pradesh","geo_confidence":"site","unverified":false}},{"type":"Feature","geometry":{"type":"Point","coordinates":[75.033747,32.849221]},"properties":{"id":"nhai_geoserver-86d70858a2db57a3","title":"4L of Jammu - Udhampur from km. 15.00 to km. 67.00 [Jammu Bypass - Udhampur] (Pkg No. NHDP-II/BOT/VI/J&K)","sector":"road","status":"commissioned","is_blocked":false,"block_reason":null,"cost_inr_crore":6661.98,"progress_pct":100.0,"delay_months":null,"revised_completion_date":"2014-06-16","state":"Jammu and Kashmir","geo_confidence":"site","unverified":false}},{"type":"Feature","geometry":{"type":"Point","coordinates":[85.0985,20.9517]},"properties":{"id":"nhai_geoserver-7f0d1a3e30ce0e73","title":"O&M of 4L Bhubneshwar - Puri Section from km. 0.00 to km. 56.500 of NH-316","sector":"road","status":"commissioned","is_blocked":false,"block_reason":null,"cost_inr_crore":15.83,"progress_pct":null,"delay_months":null,"revised_completion_date":"2024-03-31","state":"Odisha","geo_confidence":"state","unverified":false}},{"type":"Feature","geometry":{"type":"Point","coordinates":[80.434658,16.657187]},"properties":{"id":"nhai_geoserver-21c2df75c0d6e553","title":"Six Laning of Vijayawada Bypass from Chinna Avutapalli to Gollapudi in Vijayawada - Gundugolanu Section from km. 0.00 to km. 30.00 (Pkg-III)","sector":"road","status":"under_construction","is_blocked":false,"block_reason":null,"cost_inr_crore":1581.24,"progress_pct":98.2,"delay_months":null,"revised_completion_date":"2023-02-17","state":"Andhra Pradesh","geo_confidence":"site","unverified":false}},{"type":"Feature","geometry":{"type":"Point","coordinates":[75.3412,31.1471]},"properties":{"id":"nhai_geoserver-ccf44429d45a2c16","title":"O&M of 4L PS of Harike-Zira-Faridkot section from existing Km 166.925 to 221.380 of NH-15 (New NH-54)","sector":"road","status":"commissioned","is_blocked":false,"block_reason":null,"cost_inr_crore":13.58,"progress_pct":null,"delay_months":null,"revised_completion_date":"2021-11-23","state":"Punjab","geo_confidence":"state","unverified":false}},{"type":"Feature","geometry":{"type":"Point","coordinates":[73.0243,26.2389]},"properties":{"id":"nhai_geoserver-4e13b8df6e2853ac","title":"6L of Jodhpur Romana (Bathinda) - Mandi Dabwali (Punjab Haryana Border) section of NH-54 from km. 0.000 to km. 27.400 of NH-54","sector":"road","status":"under_construction","is_blocked":false,"block_reason":null,"cost_inr_crore":789.26,"progress_pct":99.0,"delay_months":null,"revised_completion_date":"2025-08-10","state":"Punjab","geo_confidence":"city","unverified":false}},{"type":"Feature","geometry":{"type":"Point","coordinates":[79.96929,14.45071]},"properties":{"id":"nhai_geoserver-fdcf664a9c171e49","title":"6L of Pondavakkam to Kannigaipair from km 96.040 to km 116.100 of NH 716B (Pkg-IV)","sector":"road","status":"under_construction","is_blocked":false,"block_reason":null,"cost_inr_crore":1359.81,"progress_pct":44.53,"delay_months":null,"revised_completion_date":"2025-01-23","state":"Andhra Pradesh","geo_confidence":"site","unverified":false}},{"type":"Feature","geometry":{"type":"Point","coordinates":[90.468472,26.500442]},"properties":{"id":"nhai_geoserver-60afe7f5c26be54f","title":"Development of 4L UER II [Package - IV] (Spur to Sonipat Bypass) from km. 0.00 to km.29.60","sector":"road","status":"commissioned","is_blocked":false,"block_reason":null,"cost_inr_crore":1758.37,"progress_pct":99.2,"delay_months":null,"revised_completion_date":"2024-04-05","state":"Haryana","geo_confidence":"site","unverified":false}},{"type":"Feature","geometry":{"type":"Point","coordinates":[79.74,15.9129]},"properties":{"id":"nhai_geoserver-362f07095bf39ae7","title":"4 Laning of NH-544D from Km 37.000 to km 69.000 of Muchukota- Bugga section (Pkg-2)","sector":"road","status":"under_construction","is_blocked":false,"block_reason":null,"cost_inr_crore":1097.57,"progress_pct":84.92,"delay_months":null,"revised_completion_date":"2025-08-15","state":"Andhra Pradesh","geo_confidence":"state","unverified":false}},{"type":"Feature","geometry":{"type":"Point","coordinates":[75.737677,31.246727]},"properties":{"id":"nhai_geoserver-6b36c60a3a6bfd45","title":"4L of Phagwara -Rupnagar from km. 0.00 to km. 80.82 of NH-344A","sector":"road","status":"commissioned","is_blocked":false,"block_reason":null,"cost_inr_crore":2474.59,"progress_pct":99.5,"delay_months":null,"revised_completion_date":"2020-04-03","state":"Punjab","geo_confidence":"site","unverified":false}},{"type":"Feature","geometry":{"type":"Point","coordinates":[75.064199,17.937758]},"properties":{"id":"nhai_geoserver-2415e37c5320c36b","title":"4L of Indapur to Tondle (Pkg-III) from km.84.550 to km. 131.00 of NH-965G (Saint Tukaram Marg)","sector":"road","status":"commissioned","is_blocked":false,"block_reason":null,"cost_inr_crore":1601.25,"progress_pct":99.5,"delay_months":null,"revised_completion_date":"2023-09-06","state":"Maharashtra","geo_confidence":"site","unverified":false}},{"type":"Feature","geometry":{"type":"Point","coordinates":[76.692075,18.374759]},"properties":{"id":"nhai_geoserver-b1307803c52be96e","title":"Nagpur-Wainganga bridge","sector":"road","status":"commissioned","is_blocked":false,"block_reason":null,"cost_inr_crore":127.82,"progress_pct":100.0,"delay_months":null,"revised_completion_date":"2014-10-08","state":"Maharashtra","geo_confidence":"site","unverified":false}},{"type":"Feature","geometry":{"type":"Point","coordinates":[74.2179,27.0238]},"properties":{"id":"nhai_geoserver-8038add4049dc123","title":"Jaisalmer-Barmer section of NH-68 from km 0.000 to 122.880 & 144.500 to 153.034","sector":"road","status":"commissioned","is_blocked":false,"block_reason":null,"cost_inr_crore":null,"progress_pct":null,"delay_months":null,"revised_completion_date":"2025-08-16","state":"Rajasthan","geo_confidence":"state","unverified":false}},{"type":"Feature","geometry":{"type":"Point","coordinates":[72.8311,21.1702]},"properties":{"id":"nhai_geoserver-9396ff2ecdeb6da9","title":"Strengthening of Surat - Dahisar section from Km.263.000 to Km.381.000 on NH-48","sector":"road","status":"commissioned","is_blocked":false,"block_reason":null,"cost_inr_crore":null,"progress_pct":null,"delay_months":null,"revised_completion_date":"2023-06-19","state":"Gujarat","geo_confidence":"city","unverified":false}},{"type":"Feature","geometry":{"type":"Point","coordinates":[76.239638,30.435216]},"properties":{"id":"nhai_geoserver-a71e94c29259d442","title":"O&M of 6L Panipat-Jalandhar section from Km. 96.000 to Km. 387.100  of NH-44","sector":"road","status":"commissioned","is_blocked":false,"block_reason":null,"cost_inr_crore":25.39,"progress_pct":null,"delay_months":null,"revised_completion_date":"2022-09-30","state":"Haryana","geo_confidence":"site","unverified":false}},{"type":"Feature","geometry":{"type":"Point","coordinates":[76.415629,9.317423]},"properties":{"id":"nhai_geoserver-94a2b509e598124a","title":"Paravoor-Kottankulangara","sector":"road","status":"under_construction","is_blocked":false,"block_reason":null,"cost_inr_crore":3273.61,"progress_pct":71.2,"delay_months":null,"revised_completion_date":"2025-02-23","state":"Kerala","geo_confidence":"site","unverified":false}},{"type":"Feature","geometry":{"type":"Point","coordinates":[76.0856,29.0588]},"properties":{"id":"nhai_geoserver-de259a6e7c8c0f54","title":"Bhatinda Suratgarh","sector":"road","status":"commissioned","is_blocked":false,"block_reason":null,"cost_inr_crore":47.25,"progress_pct":null,"delay_months":null,"revised_completion_date":"2010-12-23","state":"Haryana","geo_confidence":"state","unverified":false}},{"type":"Feature","geometry":{"type":"Point","coordinates":[84.34633,18.738515]},"properties":{"id":"nhai_geoserver-4cc31babef2fdbfa","title":"Four Laning of Kadapa (167.750) to Kurnool (356.502) of NH-40 (Old NH-18)","sector":"road","status":"commissioned","is_blocked":false,"block_reason":null,"cost_inr_crore":834.43,"progress_pct":100.0,"delay_months":null,"revised_completion_date":"2013-05-12","state":"Andhra Pradesh","geo_confidence":"site","unverified":false}},{"type":"Feature","geometry":{"type":"Point","coordinates":[87.758167,23.298272]},"properties":{"id":"nhai_geoserver-982d04257778e265","title":"6L of Palsit-Panagarh from Km. 521.120 to Km. 588.870 of  NH-19","sector":"road","status":"commissioned","is_blocked":false,"block_reason":null,"cost_inr_crore":2112.8,"progress_pct":96.28,"delay_months":null,"revised_completion_date":"2024-09-27","state":"West Bengal","geo_confidence":"site","unverified":false}},{"type":"Feature","geometry":{"type":"Point","coordinates":[83.908491,25.239204]},"properties":{"id":"nhai_geoserver-d63e464cfe10daad","title":"Ara - Mohania (Pkg-II)","sector":"road","status":"commissioned","is_blocked":false,"block_reason":null,"cost_inr_crore":984.63,"progress_pct":100.0,"delay_months":null,"revised_completion_date":"2023-07-16","state":"Bihar","geo_confidence":"site","unverified":false}},{"type":"Feature","geometry":{"type":"Point","coordinates":[75.3412,31.1471]},"properties":{"id":"nhai_geoserver-a490e880cff3f702","title":"Strengthening and major maintenance work from Km 85.980 to Km 170.000 of NH-05","sector":"road","status":"commissioned","is_blocked":false,"block_reason":null,"cost_inr_crore":null,"progress_pct":3.63,"delay_months":null,"revised_completion_date":"2029-08-31","state":"Punjab","geo_confidence":"state","unverified":false}},{"type":"Feature","geometry":{"type":"Point","coordinates":[81.610015,24.467056]},"properties":{"id":"nhai_geoserver-99435bb09569ffac","title":"Rewa - Sidhi","sector":"road","status":"commissioned","is_blocked":false,"block_reason":null,"cost_inr_crore":856.96,"progress_pct":null,"delay_months":null,"revised_completion_date":"2017-01-19","state":"Madhya Pradesh","geo_confidence":"site","unverified":false}},{"type":"Feature","geometry":{"type":"Point","coordinates":[73.558149,28.059079]},"properties":{"id":"nhai_geoserver-21f873df892a19ee","title":"Sangariya (near Chautala)-Rasisar (near Bikaner) (Phase-I) (AJ/SR-Package-8)","sector":"road","status":"commissioned","is_blocked":false,"block_reason":null,"cost_inr_crore":580.79,"progress_pct":98.1,"delay_months":null,"revised_completion_date":"2022-10-22","state":"Rajasthan","geo_confidence":"site","unverified":false}},{"type":"Feature","geometry":{"type":"Point","coordinates":[78.399998,19.226934]},"properties":{"id":"nhai_geoserver-2ef5c37b8c38c897","title":"Islam Nagar-Kadthal (AP 7)","sector":"road","status":"commissioned","is_blocked":false,"block_reason":null,"cost_inr_crore":1603.74,"progress_pct":null,"delay_months":null,"revised_completion_date":"2010-06-11","state":"Telangana","geo_confidence":"site","unverified":false}},{"type":"Feature","geometry":{"type":"Point","coordinates":[86.224575,25.354885]},"properties":{"id":"nhai_geoserver-bc098789dc32c78c","title":"2L of Mokama-Munger from km. 1.43 to km. 70.00 of NH-80","sector":"road","status":"commissioned","is_blocked":false,"block_reason":null,"cost_inr_crore":1186.0,"progress_pct":null,"delay_months":null,"revised_completion_date":"2013-05-14","state":"Bihar","geo_confidence":"site","unverified":false}},{"type":"Feature","geometry":{"type":"Point","coordinates":[77.7064,28.9845]},"properties":{"id":"nhai_geoserver-9ad4f6e562988ff3","title":"Meerut - Muzaffarnagar","sector":"road","status":"commissioned","is_blocked":false,"block_reason":null,"cost_inr_crore":616.19,"progress_pct":100.0,"delay_months":null,"revised_completion_date":"2009-03-07","state":"Uttar Pradesh","geo_confidence":"city","unverified":false}},{"type":"Feature","geometry":{"type":"Point","coordinates":[81.556888,27.358505]},"properties":{"id":"nhai_geoserver-397a317d348b3551","title":"Barabanki to Jarwal Road(28C Pkg-1)","sector":"road","status":"commissioned","is_blocked":false,"block_reason":null,"cost_inr_crore":627.52,"progress_pct":100.0,"delay_months":null,"revised_completion_date":"2017-03-17","state":"Uttar Pradesh","geo_confidence":"site","unverified":false}},{"type":"Feature","geometry":{"type":"Point","coordinates":[74.124,15.2993]},"properties":{"id":"nhai_geoserver-1d8f4a74f81df50b","title":"Verna Junction to Varunpuri Junction","sector":"road","status":"commissioned","is_blocked":false,"block_reason":null,"cost_inr_crore":202.87,"progress_pct":null,"delay_months":null,"revised_completion_date":"2004-05-31","state":"Goa","geo_confidence":"state","unverified":false}},{"type":"Feature","geometry":{"type":"Point","coordinates":[76.135556,25.262778]},"properties":{"id":"nhai_geoserver-fe71e28473ce58c0","title":"Delhi-Vadodara Greenfield Alignment (NH-148N) (Pkg-13) (Ch. 359.170 to Ch. 388.420) [Junction with SH-37A to Junction with NH- 76]","sector":"road","status":"commissioned","is_blocked":false,"block_reason":null,"cost_inr_crore":1330.76,"progress_pct":99.65,"delay_months":null,"revised_completion_date":"2023-03-24","state":"Rajasthan","geo_confidence":"site","unverified":false}},{"type":"Feature","geometry":{"type":"Point","coordinates":[73.00615,21.7387]},"properties":{"id":"nhai_geoserver-4e46f5005e80b681","title":"6L of km. 192.00 to km. 198.00 between Vadodara - Surat section of NH-48 including 4L extra dosed Bridge across Narmada","sector":"road","status":"commissioned","is_blocked":false,"block_reason":null,"cost_inr_crore":503.16,"progress_pct":null,"delay_months":null,"revised_completion_date":"2016-08-28","state":"Gujarat","geo_confidence":"city","unverified":false}},{"type":"Feature","geometry":{"type":"Point","coordinates":[77.60855,27.8953]},"properties":{"id":"nhai_geoserver-017d62fd76755556","title":"Additional Structures under Six Laning of Delhi-Agra section of NH-44 in the State of Haryana between km. 34.0 and km. 93.00","sector":"road","status":"commissioned","is_blocked":false,"block_reason":null,"cost_inr_crore":152.4,"progress_pct":100.0,"delay_months":null,"revised_completion_date":"2021-03-22","state":"Haryana","geo_confidence":"city","unverified":false}},{"type":"Feature","geometry":{"type":"Point","coordinates":[81.47105,25.13325]},"properties":{"id":"nhai_geoserver-b5aa64d7bbead9b9","title":"4L PS of Prayagraj to UP/MP Border section of NH-27 (New NH-30) from Km. 4.285 to Km 45.627","sector":"road","status":"commissioned","is_blocked":false,"block_reason":null,"cost_inr_crore":1172.28,"progress_pct":null,"delay_months":null,"revised_completion_date":"2018-07-31","state":"Uttar Pradesh","geo_confidence":"site","unverified":false}},{"type":"Feature","geometry":{"type":"Point","coordinates":[87.855,22.9868]},"properties":{"id":"nhai_geoserver-88b539572cb3d62d","title":"Dhupguri-End of Falakata Bypass (Pkg IIB)","sector":"road","status":"awarded","is_blocked":false,"block_reason":null,"cost_inr_crore":1606.14,"progress_pct":0.0,"delay_months":null,"revised_completion_date":null,"state":"West Bengal","geo_confidence":"state","unverified":false}},{"type":"Feature","geometry":{"type":"Point","coordinates":[75.7139,19.7515]},"properties":{"id":"nhai_geoserver-24b8ff9ed994356b","title":"6L of Kagal-Satara section from Km 658.000 to Km 725.000 of NH-48 (Pkg-II)","sector":"road","status":"under_construction","is_blocked":false,"block_reason":null,"cost_inr_crore":2330.71,"progress_pct":90.12,"delay_months":null,"revised_completion_date":"2024-12-15","state":"Maharashtra","geo_confidence":"state","unverified":false}},{"type":"Feature","geometry":{"type":"Point","coordinates":[78.758675,10.934683]},"properties":{"id":"nhai_geoserver-7f1790fcdccec980","title":"4L of Padalur - Trichy section from km. 285.00 to km. 325.00 of NH - 45 (Pkg VI-C)","sector":"road","status":"commissioned","is_blocked":false,"block_reason":null,"cost_inr_crore":555.8,"progress_pct":100.0,"delay_months":null,"revised_completion_date":"2009-05-24","state":"Tamil Nadu","geo_confidence":"site","unverified":false}},{"type":"Feature","geometry":{"type":"Point","coordinates":[74.688074,30.219716]},"properties":{"id":"nhai_geoserver-3abd2d3ac92f3816","title":"Bhatinda - Malout from km. 0.00 to km. 38.642","sector":"road","status":"commissioned","is_blocked":false,"block_reason":null,"cost_inr_crore":453.83,"progress_pct":99.8,"delay_months":null,"revised_completion_date":"2022-07-13","state":"Punjab","geo_confidence":"site","unverified":false}},{"type":"Feature","geometry":{"type":"Point","coordinates":[80.2707,13.0827]},"properties":{"id":"nhai_geoserver-500dc2c01407468b","title":"4 laning of Chennai - Tada from km. 11.000 to km. 52.800","sector":"road","status":"commissioned","is_blocked":false,"block_reason":null,"cost_inr_crore":612.48,"progress_pct":null,"delay_months":null,"revised_completion_date":"2004-01-07","state":"Tamil Nadu","geo_confidence":"city","unverified":false}},{"type":"Feature","geometry":{"type":"Point","coordinates":[75.9064,17.6599]},"properties":{"id":"nhai_geoserver-57fe453cb8de7128","title":"Four Laning of Sangli - Solapur (Pkg II) [Boregaon-Watambare] from km. 224.00 to km. 276.00","sector":"road","status":"commissioned","is_blocked":false,"block_reason":null,"cost_inr_crore":1413.77,"progress_pct":100.0,"delay_months":null,"revised_completion_date":"2021-08-04","state":"Maharashtra","geo_confidence":"city","unverified":false}},{"type":"Feature","geometry":{"type":"Point","coordinates":[72.59394,26.05957]},"properties":{"id":"nhai_geoserver-164936b7d27e6986","title":"Jodhpur - Pachpedra Pkg-I(2/4 LPS)","sector":"road","status":"commissioned","is_blocked":false,"block_reason":null,"cost_inr_crore":360.3,"progress_pct":null,"delay_months":null,"revised_completion_date":"2017-04-14","state":"Rajasthan","geo_confidence":"site","unverified":false}},{"type":"Feature","geometry":{"type":"Point","coordinates":[75.3412,31.1471]},"properties":{"id":"nhai_geoserver-908c0f671663d8dc","title":"Milling and BC Overlay of Zirakpur to Rajpura Section of NH-64 (New NH-07) from Km. 0.000 to Km. 28.110","sector":"road","status":"commissioned","is_blocked":false,"block_reason":null,"cost_inr_crore":null,"progress_pct":75.0,"delay_months":null,"revised_completion_date":"2024-01-04","state":"Punjab","geo_confidence":"state","unverified":false}},{"type":"Feature","geometry":{"type":"Point","coordinates":[71.483951,23.768814]},"properties":{"id":"nhai_geoserver-2fea17eb7afbda54","title":"Palanpur - Radhanpur - Samakhiyali (OMT-1)","sector":"road","status":"commissioned","is_blocked":false,"block_reason":null,"cost_inr_crore":184.4,"progress_pct":null,"delay_months":null,"revised_completion_date":"2021-09-12","state":"Gujarat","geo_confidence":"site","unverified":false}},{"type":"Feature","geometry":{"type":"Point","coordinates":[75.165115,24.993916]},"properties":{"id":"nhai_geoserver-548c5a79df9dcf2b","title":"Chittorgarh - Kota","sector":"road","status":"commissioned","is_blocked":false,"block_reason":null,"cost_inr_crore":31.68,"progress_pct":null,"delay_months":null,"revised_completion_date":null,"state":"Rajasthan","geo_confidence":"site","unverified":false}},{"type":"Feature","geometry":{"type":"Point","coordinates":[76.7794,30.7333]},"properties":{"id":"nhai_geoserver-ceb847318b86b910","title":"6L PR-07 spur from Ambala-Chandigarh greenfield NH-205A","sector":"road","status":"awarded","is_blocked":false,"block_reason":null,"cost_inr_crore":1463.95,"progress_pct":null,"delay_months":null,"revised_completion_date":null,"state":"Punjab","geo_confidence":"city","unverified":false}},{"type":"Feature","geometry":{"type":"Point","coordinates":[87.586164,25.565824]},"properties":{"id":"nhai_geoserver-375804cd310b9db5","title":"4L from km. 34.600 to km. 79.970 & 2LPS from km. 79.970 to km. 82.000 of Narenpur - Purnea Section of NH-131A","sector":"road","status":"commissioned","is_blocked":false,"block_reason":null,"cost_inr_crore":2161.86,"progress_pct":100.0,"delay_months":null,"revised_completion_date":"2023-03-17","state":"Bihar","geo_confidence":"site","unverified":false}},{"type":"Feature","geometry":{"type":"Point","coordinates":[79.0193,30.0668]},"properties":{"id":"nhai_geoserver-6f79bf301d814839","title":"4L of Najibabad Bypass  from Km. 105.423 to Km. 118.373 (excluding 2.45 Km. of NH-74 Bypass) of NH-119","sector":"road","status":"commissioned","is_blocked":false,"block_reason":null,"cost_inr_crore":578.02,"progress_pct":100.0,"delay_months":null,"revised_completion_date":"2024-06-20","state":"Uttarakhand","geo_confidence":"state","unverified":false}},{"type":"Feature","geometry":{"type":"Point","coordinates":[84.563813,26.131924]},"properties":{"id":"nhai_geoserver-23eed82f52cab1f3","title":"Chhapra - Gopalganj section","sector":"road","status":"commissioned","is_blocked":false,"block_reason":null,"cost_inr_crore":1038.57,"progress_pct":100.0,"delay_months":null,"revised_completion_date":"2017-12-06","state":"Bihar","geo_confidence":"site","unverified":false}},{"type":"Feature","geometry":{"type":"Point","coordinates":[79.74,15.9129]},"properties":{"id":"nhai_geoserver-8cc165e99ca4f1a9","title":"Ichapuram - Srikakulam - AP-6 (Bridge Package)","sector":"road","status":"commissioned","is_blocked":false,"block_reason":null,"cost_inr_crore":68.18,"progress_pct":99.34,"delay_months":null,"revised_completion_date":"2004-03-28","state":"Andhra Pradesh","geo_confidence":"state","unverified":false}},{"type":"Feature","geometry":{"type":"Point","coordinates":[74.792639,30.876213]},"properties":{"id":"nhai_geoserver-6e1437c1709dc0f8","title":"Talwandi - Ferozepur","sector":"road","status":"commissioned","is_blocked":false,"block_reason":null,"cost_inr_crore":354.51,"progress_pct":100.0,"delay_months":null,"revised_completion_date":"2021-01-14","state":"Punjab","geo_confidence":"site","unverified":false}},{"type":"Feature","geometry":{"type":"Point","coordinates":[85.491311,24.445133]},"properties":{"id":"nhai_geoserver-e6567f1c13b3e811","title":"4L of Koderma-Meghatari section from Km 27.00 to Km 47.00 of NH-20","sector":"road","status":"tendered","is_blocked":false,"block_reason":null,"cost_inr_crore":null,"progress_pct":null,"delay_months":null,"revised_completion_date":null,"state":"Jharkhand","geo_confidence":"site","unverified":false}},{"type":"Feature","geometry":{"type":"Point","coordinates":[74.4266,14.419016]},"properties":{"id":"nhai_geoserver-76831e3e8c805da4","title":"Kumta Bypass","sector":"road","status":"tendered","is_blocked":false,"block_reason":null,"cost_inr_crore":403.86,"progress_pct":0.0,"delay_months":null,"revised_completion_date":null,"state":"Karnataka","geo_confidence":"site","unverified":false}},{"type":"Feature","geometry":{"type":"Point","coordinates":[75.8648,25.2138]},"properties":{"id":"nhai_geoserver-77f644f1da28fc04","title":"Construction of Kota Bypass on NH-76 on East-West Corridor-Contract Package No. EW-II (RJ-4)","sector":"road","status":"commissioned","is_blocked":false,"block_reason":null,"cost_inr_crore":null,"progress_pct":null,"delay_months":null,"revised_completion_date":null,"state":"Rajasthan","geo_confidence":"city","unverified":false}},{"type":"Feature","geometry":{"type":"Point","coordinates":[82.50509,22.144143]},"properties":{"id":"nhai_geoserver-92243940c390425f","title":"4L of Bilaspur to Urga (km 0.00 to 70.2) of NH-130A","sector":"road","status":"under_construction","is_blocked":false,"block_reason":null,"cost_inr_crore":1855.59,"progress_pct":94.81,"delay_months":null,"revised_completion_date":"2024-03-24","state":"Chhattisgarh","geo_confidence":"site","unverified":false}},{"type":"Feature","geometry":{"type":"Point","coordinates":[77.950432,20.97109]},"properties":{"id":"nhai_geoserver-d31af27c397daae9","title":"Talegaon - Amravati from km. 100.000 to km. 166.725","sector":"road","status":"commissioned","is_blocked":false,"block_reason":null,"cost_inr_crore":321.51,"progress_pct":null,"delay_months":null,"revised_completion_date":"2013-03-01","state":"Maharashtra","geo_confidence":"site","unverified":false}},{"type":"Feature","geometry":{"type":"Point","coordinates":[79.0193,18.1124]},"properties":{"id":"nhai_geoserver-cd9202049b0556eb","title":"4 Laning of Rayapatnam - Mancherial Section of NH-63","sector":"road","status":"tendered","is_blocked":false,"block_reason":null,"cost_inr_crore":3.0,"progress_pct":null,"delay_months":null,"revised_completion_date":null,"state":"Telangana","geo_confidence":"state","unverified":false}},{"type":"Feature","geometry":{"type":"Point","coordinates":[78.007586,26.692754]},"properties":{"id":"nhai_geoserver-75a237b729c45dc5","title":"Vadodara Mumbai Expressway (Phase II - Pkg XII) [Km. 50.700 to Km. 77.000] (Masvan - Ganjad)","sector":"road","status":"under_construction","is_blocked":false,"block_reason":null,"cost_inr_crore":1711.38,"progress_pct":99.38,"delay_months":null,"revised_completion_date":"2024-03-22","state":"Maharashtra","geo_confidence":"site","unverified":false}},{"type":"Feature","geometry":{"type":"Point","coordinates":[77.989387,16.082797]},"properties":{"id":"nhai_geoserver-840d86c0857a408f","title":"Kothakota bypass–Kurnool","sector":"road","status":"commissioned","is_blocked":false,"block_reason":null,"cost_inr_crore":2005.42,"progress_pct":100.0,"delay_months":null,"revised_completion_date":"2009-03-14","state":"Telangana,Andhra Pradesh","geo_confidence":"site","unverified":false}},{"type":"Feature","geometry":{"type":"Point","coordinates":[92.074048,26.116867]},"properties":{"id":"nhai_geoserver-5b300af1cafec0e5","title":"Sonapur to Dharamtul section from Km 183.000 to Km 205.000 of NH - 27 (Package AS-20) in Assam","sector":"road","status":"commissioned","is_blocked":false,"block_reason":null,"cost_inr_crore":341.21,"progress_pct":null,"delay_months":null,"revised_completion_date":"2017-02-28","state":"Assam","geo_confidence":"site","unverified":false}},{"type":"Feature","geometry":{"type":"Point","coordinates":[73.871538,18.1505]},"properties":{"id":"nhai_geoserver-e044e53edcf18d0a","title":"Dhule-Pimpalgaon Baswant","sector":"road","status":"commissioned","is_blocked":false,"block_reason":null,"cost_inr_crore":556.0,"progress_pct":null,"delay_months":null,"revised_completion_date":"2009-03-26","state":"Maharashtra","geo_confidence":"site","unverified":false}},{"type":"Feature","geometry":{"type":"Point","coordinates":[85.0985,20.9517]},"properties":{"id":"nhai_geoserver-8e1264e4d55f2f7c","title":"Puintola - Icchapuram km 419.60 - km 484.00","sector":"road","status":"commissioned","is_blocked":false,"block_reason":null,"cost_inr_crore":34.72,"progress_pct":null,"delay_months":null,"revised_completion_date":"2010-10-03","state":"Odisha","geo_confidence":"state","unverified":false}},{"type":"Feature","geometry":{"type":"Point","coordinates":[85.2799,23.6102]},"properties":{"id":"nhai_geoserver-6399f5a90a0e4424","title":"4L of Ekchari to Mehgama from Km 0.000 to Km 41.900 of NH-133 (Pkg I)","sector":"road","status":"tendered","is_blocked":false,"block_reason":null,"cost_inr_crore":1225.0,"progress_pct":null,"delay_months":null,"revised_completion_date":null,"state":"Jharkhand","geo_confidence":"state","unverified":false}},{"type":"Feature","geometry":{"type":"Point","coordinates":[85.8245,20.2961]},"properties":{"id":"nhai_geoserver-abedbe3490a2ca69","title":"VUPs at Balikuda, Sikharpur and Badachana on Bhubaneswar-Chandikhole Section","sector":"road","status":"commissioned","is_blocked":false,"block_reason":null,"cost_inr_crore":46.44,"progress_pct":100.0,"delay_months":null,"revised_completion_date":"2021-01-01","state":"Odisha","geo_confidence":"city","unverified":false}},{"type":"Feature","geometry":{"type":"Point","coordinates":[75.999139,10.806227]},"properties":{"id":"nhai_geoserver-e7a79cdf23654ba4","title":"6L of Valanchery bypass to Kappirikkad of NH – 66 from km. 298+500 to km 335+850","sector":"road","status":"under_construction","is_blocked":false,"block_reason":null,"cost_inr_crore":4023.94,"progress_pct":100.0,"delay_months":null,"revised_completion_date":"2024-07-19","state":"Kerala","geo_confidence":"site","unverified":false}},{"type":"Feature","geometry":{"type":"Point","coordinates":[74.054721,28.955293]},"properties":{"id":"nhai_geoserver-8b9f31c31ec4e0ab","title":"Sangariya (near Chautala)-Rasisar (near Bikaner) (AJ/SR-Package-4)","sector":"road","status":"commissioned","is_blocked":false,"block_reason":null,"cost_inr_crore":542.7,"progress_pct":98.5,"delay_months":null,"revised_completion_date":"2022-06-23","state":"Rajasthan","geo_confidence":"site","unverified":false}},{"type":"Feature","geometry":{"type":"Point","coordinates":[75.7139,19.7515]},"properties":{"id":"nhai_geoserver-b1bd7c5739c102da","title":"Balance Works in descoped section in the village Hiwara Sangam and Dattarampur in four laning of Mahagaon-Yavatmal section of NH-361","sector":"road","status":"cancelled","is_blocked":true,"block_reason":"other","cost_inr_crore":61.22,"progress_pct":0.0,"delay_months":null,"revised_completion_date":null,"state":"Maharashtra","geo_confidence":"state","unverified":false}},{"type":"Feature","geometry":{"type":"Point","coordinates":[78.519286,9.62703]},"properties":{"id":"nhai_geoserver-a99b4f95bea293bf","title":"Madurai - Paramakudi and 2 lane with paved shoulders of Paramakudi - Ramanathapuram section of NH-49","sector":"road","status":"commissioned","is_blocked":false,"block_reason":null,"cost_inr_crore":1415.07,"progress_pct":100.0,"delay_months":null,"revised_completion_date":"2017-11-15","state":"Tamil Nadu","geo_confidence":"site","unverified":false}},{"type":"Feature","geometry":{"type":"Point","coordinates":[82.514457,25.318687]},"properties":{"id":"nhai_geoserver-daaa7846706f466e","title":"Lalganj-Hanumana km 96.80 - km 140.200","sector":"road","status":"commissioned","is_blocked":false,"block_reason":null,"cost_inr_crore":1525.8,"progress_pct":100.0,"delay_months":null,"revised_completion_date":"2021-10-27","state":"Uttar Pradesh","geo_confidence":"site","unverified":false}},{"type":"Feature","geometry":{"type":"Point","coordinates":[76.2711,10.8505]},"properties":{"id":"nhai_geoserver-d8025555c4f957a9","title":"6L of Thalikulam to Kodugallur section from km 369.015 to km 397.850 of NH - 66 (old NH-17)","sector":"road","status":"under_construction","is_blocked":false,"block_reason":null,"cost_inr_crore":4302.06,"progress_pct":95.05,"delay_months":null,"revised_completion_date":"2025-02-14","state":"Kerala","geo_confidence":"state","unverified":false}},{"type":"Feature","geometry":{"type":"Point","coordinates":[74.7973,34.0837]},"properties":{"id":"nhai_geoserver-4128c7a15628cfe4","title":"4L of existing Wayul – Ganderbal – Pandach (Soura) section of old NH-1 as a part of Srinagar Ring Road Phase – IIA","sector":"road","status":"under_construction","is_blocked":false,"block_reason":null,"cost_inr_crore":827.98,"progress_pct":0.06,"delay_months":null,"revised_completion_date":"2028-05-18","state":"Jammu and Kashmir","geo_confidence":"city","unverified":false}},{"type":"Feature","geometry":{"type":"Point","coordinates":[74.556042,18.271496]},"properties":{"id":"nhai_geoserver-78fe756e0a9bb1fa","title":"Solapur Yedashi Section of NH-211 From Km. 0.000 To 100.000 in the State of Maharashtra","sector":"road","status":"commissioned","is_blocked":false,"block_reason":null,"cost_inr_crore":1246.82,"progress_pct":100.0,"delay_months":null,"revised_completion_date":"2019-03-31","state":"Maharashtra","geo_confidence":"site","unverified":false}},{"type":"Feature","geometry":{"type":"Point","coordinates":[92.264695,26.136182]},"properties":{"id":"nhai_geoserver-a72053d05b5cb1b7","title":"Jagiroad-Dharamtul (AS-19)","sector":"road","status":"commissioned","is_blocked":false,"block_reason":null,"cost_inr_crore":552.48,"progress_pct":null,"delay_months":null,"revised_completion_date":"2018-11-30","state":"Assam","geo_confidence":"site","unverified":false}},{"type":"Feature","geometry":{"type":"Point","coordinates":[81.569401,21.18546]},"properties":{"id":"nhai_geoserver-f058a182a39e3946","title":"Raipur - Aurang from km. 239.00 to km. 281.00","sector":"road","status":"commissioned","is_blocked":false,"block_reason":null,"cost_inr_crore":25.71,"progress_pct":100.0,"delay_months":null,"revised_completion_date":"2008-10-11","state":"Chhattisgarh","geo_confidence":"site","unverified":false}},{"type":"Feature","geometry":{"type":"Point","coordinates":[85.3131,25.0961]},"properties":{"id":"nhai_geoserver-8f9aecdaed6bcb85","title":"Bakhtiyarpur-Rajauli Pkg-I from km. 47.723 to km. 54.405","sector":"road","status":"tendered","is_blocked":false,"block_reason":null,"cost_inr_crore":null,"progress_pct":null,"delay_months":null,"revised_completion_date":null,"state":"Bihar","geo_confidence":"state","unverified":false}},{"type":"Feature","geometry":{"type":"Point","coordinates":[84.774785,22.301395]},"properties":{"id":"nhai_geoserver-a37cf7c24f816dab","title":"Birmitrapur - Brahmani Bypass end of NH-23","sector":"road","status":"commissioned","is_blocked":false,"block_reason":null,"cost_inr_crore":780.37,"progress_pct":100.0,"delay_months":null,"revised_completion_date":"2021-06-07","state":"Odisha","geo_confidence":"site","unverified":false}},{"type":"Feature","geometry":{"type":"Point","coordinates":[75.122704,17.755461]},"properties":{"id":"nhai_geoserver-c891920b8cbcc776","title":"Wakhari - Khudus km 44.7 to km 77.8 Pkg II of Mohol Alangi","sector":"road","status":"commissioned","is_blocked":false,"block_reason":null,"cost_inr_crore":1002.59,"progress_pct":98.5,"delay_months":null,"revised_completion_date":"2022-01-30","state":"Maharashtra","geo_confidence":"site","unverified":false}},{"type":"Feature","geometry":{"type":"Point","coordinates":[75.062162,30.651821]},"properties":{"id":"nhai_geoserver-b68d1c5e11854a85","title":"Moga - Bagha Purana - Bajakhana from km. 0.00 to km. 43.32","sector":"road","status":"under_construction","is_blocked":false,"block_reason":null,"cost_inr_crore":1032.59,"progress_pct":76.0,"delay_months":null,"revised_completion_date":"2024-12-30","state":"Punjab","geo_confidence":"site","unverified":false}},{"type":"Feature","geometry":{"type":"Point","coordinates":[76.2711,10.8505]},"properties":{"id":"nhai_geoserver-542123269b7ef222","title":"6L of Kodugallur to Edapppally section from km 397.750 to km 423.780 of NH - 66 (old NH-17)","sector":"road","status":"under_construction","is_blocked":false,"block_reason":null,"cost_inr_crore":3465.82,"progress_pct":71.11,"delay_months":null,"revised_completion_date":"2025-04-21","state":"Kerala","geo_confidence":"state","unverified":false}},{"type":"Feature","geometry":{"type":"Point","coordinates":[78.053433,26.719364]},"properties":{"id":"nhai_geoserver-0b5e8d96d39ba54f","title":"Hiran River to Sindoor River (Km.66.00 - Km.130.00)","sector":"road","status":"commissioned","is_blocked":false,"block_reason":null,"cost_inr_crore":866.39,"progress_pct":100.0,"delay_months":null,"revised_completion_date":"2020-07-24","state":"Madhya Pradesh","geo_confidence":"site","unverified":false}},{"type":"Feature","geometry":{"type":"Point","coordinates":[79.589513,11.904513]},"properties":{"id":"nhai_geoserver-3872f721a6185f12","title":"Viluppuram (Km.0.000) to Puducherry (Km.29.000)","sector":"road","status":"under_construction","is_blocked":false,"block_reason":null,"cost_inr_crore":1358.31,"progress_pct":98.32,"delay_months":null,"revised_completion_date":"2023-11-24","state":"Tamil Nadu,Puducherry","geo_confidence":"site","unverified":false}},{"type":"Feature","geometry":{"type":"Point","coordinates":[81.6296,21.2514]},"properties":{"id":"nhai_geoserver-12392ce2d3165f5b","title":"Lambia - Raipur (Package-II) from Km.163.800 to Km.216.600","sector":"road","status":"commissioned","is_blocked":false,"block_reason":null,"cost_inr_crore":null,"progress_pct":null,"delay_months":null,"revised_completion_date":"2025-04-08","state":"Rajasthan","geo_confidence":"city","unverified":false}},{"type":"Feature","geometry":{"type":"Point","coordinates":[80.9462,26.8467]},"properties":{"id":"nhai_geoserver-2576c9c7134e13b6","title":"Repair and Maintenance of Rouza Chouraha (Ghazipur)- Phephna (Ballia) Section from Km 405.030 to Km 473.400 on NH-31 (Pkg-1)","sector":"road","status":"commissioned","is_blocked":false,"block_reason":null,"cost_inr_crore":null,"progress_pct":null,"delay_months":null,"revised_completion_date":"2024-02-29","state":"Uttar Pradesh","geo_confidence":"state","unverified":false}},{"type":"Feature","geometry":{"type":"Point","coordinates":[73.00615,21.7387]},"properties":{"id":"nhai_geoserver-616c46627052893c","title":"Narmada Bridge (Vadodara-Surat Section)","sector":"road","status":"commissioned","is_blocked":false,"block_reason":null,"cost_inr_crore":379.0,"progress_pct":null,"delay_months":null,"revised_completion_date":"2017-11-30","state":"Gujarat","geo_confidence":"city","unverified":false}},{"type":"Feature","geometry":{"type":"Point","coordinates":[74.863253,25.282367]},"properties":{"id":"nhai_geoserver-a2ad5812bc07d4cb","title":"Bhilwara-Ladpura","sector":"road","status":"commissioned","is_blocked":false,"block_reason":null,"cost_inr_crore":284.97,"progress_pct":null,"delay_months":null,"revised_completion_date":"2018-08-21","state":"Rajasthan","geo_confidence":"site","unverified":false}},{"type":"Feature","geometry":{"type":"Point","coordinates":[85.642099,26.350777]},"properties":{"id":"nhai_geoserver-fc662f533361e000","title":"2L PS of Majhauli to Charout section from km. 0.00 to km. 63.655","sector":"road","status":"under_construction","is_blocked":false,"block_reason":null,"cost_inr_crore":638.29,"progress_pct":99.8,"delay_months":null,"revised_completion_date":"2021-11-04","state":"Bihar","geo_confidence":"site","unverified":false}},{"type":"Feature","geometry":{"type":"Point","coordinates":[75.169035,23.490869]},"properties":{"id":"nhai_geoserver-9345c6a5f076c8ac","title":"Four laning of Biaora to Dewas Section from Km 426+100 to Km 566+450 of NH-3","sector":"road","status":"commissioned","is_blocked":false,"block_reason":null,"cost_inr_crore":253.0,"progress_pct":100.0,"delay_months":null,"revised_completion_date":"2019-01-04","state":"Madhya Pradesh","geo_confidence":"site","unverified":false}},{"type":"Feature","geometry":{"type":"Point","coordinates":[76.0856,29.0588]},"properties":{"id":"nhai_geoserver-65873fd133404595","title":"4 laning of Rohtak-Hisar section of NH-9 (Old NH-10) from Km. 87.000 to  Km.170.000 including connection link from Km 87.000 (NH-10) to Km 348.000 (NH-71)","sector":"road","status":"commissioned","is_blocked":false,"block_reason":null,"cost_inr_crore":null,"progress_pct":null,"delay_months":null,"revised_completion_date":"2024-08-31","state":"Haryana","geo_confidence":"state","unverified":false}},{"type":"Feature","geometry":{"type":"Point","coordinates":[78.146,11.6643]},"properties":{"id":"nhai_geoserver-768de4d12bd0a6ff","title":"Four laning of km 199/200 to km 207/600 of Salem Bypass Section on NH-7 in the State of TamilNadu (Pack No. NS-12/TN)","sector":"road","status":"commissioned","is_blocked":false,"block_reason":null,"cost_inr_crore":108.28,"progress_pct":null,"delay_months":null,"revised_completion_date":"2001-06-28","state":"Tamil Nadu","geo_confidence":"city","unverified":false}},{"type":"Feature","geometry":{"type":"Point","coordinates":[78.7047,10.7905]},"properties":{"id":"nhai_geoserver-0eba3ef61722185e","title":"Remaining works of Trichy - Karaikudi from Km. 10.00 to Km. 94.00 including Trichy Bypass (Km. 110.016 to Km. 135.93)","sector":"road","status":"commissioned","is_blocked":false,"block_reason":null,"cost_inr_crore":166.9,"progress_pct":100.0,"delay_months":null,"revised_completion_date":"2021-03-11","state":"Tamil Nadu","geo_confidence":"city","unverified":false}},{"type":"Feature","geometry":{"type":"Point","coordinates":[75.936323,22.763858]},"properties":{"id":"nhai_geoserver-0e4bd642fb4fb315","title":"Itarsi (Km. 63.000) to Betul (Km. 137.000) of NH-69 in Madhya Pradesh","sector":"road","status":"under_construction","is_blocked":false,"block_reason":null,"cost_inr_crore":950.27,"progress_pct":100.0,"delay_months":null,"revised_completion_date":"2020-02-21","state":"Madhya Pradesh","geo_confidence":"site","unverified":false}},{"type":"Feature","geometry":{"type":"Point","coordinates":[81.840895,21.759453]},"properties":{"id":"nhai_geoserver-72bbea45806343a4","title":"Simga (km 48.580) to Sargaon (km. 91.026)","sector":"road","status":"unknown","is_blocked":false,"block_reason":null,"cost_inr_crore":694.1,"progress_pct":100.0,"delay_months":null,"revised_completion_date":"2018-05-04","state":"Chhattisgarh","geo_confidence":"site","unverified":false}},{"type":"Feature","geometry":{"type":"Point","coordinates":[84.14175,24.33085]},"properties":{"id":"nhai_geoserver-b90a36976a2a1c3b","title":"Construction of 6 lane Greenfield Varanasi- Ranchi -Kolkata Highway from Guridih village(JH/WB) Border to Sijumakhna Village (from Km 387.200 to Km 439.040) section NH-319B(Package-14)","sector":"road","status":"tendered","is_blocked":false,"block_reason":null,"cost_inr_crore":1.0,"progress_pct":null,"delay_months":null,"revised_completion_date":null,"state":"West Bengal","geo_confidence":"city","unverified":false}},{"type":"Feature","geometry":{"type":"Point","coordinates":[76.0856,29.0588]},"properties":{"id":"nhai_geoserver-f4a83ee68f8cf75f","title":"Operation & Maintenance including Incident Management of Rohtak-Panipat section of NH-709 (Old NH-71A) from Km. 0.000 to Km. 80.858","sector":"road","status":"commissioned","is_blocked":false,"block_reason":null,"cost_inr_crore":null,"progress_pct":1.0,"delay_months":null,"revised_completion_date":"2024-10-27","state":"Haryana","geo_confidence":"state","unverified":false}},{"type":"Feature","geometry":{"type":"Point","coordinates":[74.751879,13.187469]},"properties":{"id":"nhai_geoserver-aab8faa0acf3e2cf","title":"Annavaram - Diwancheruvu (km 830.525 to km 901.500) under TOT Bundle - 1","sector":"road","status":"commissioned","is_blocked":false,"block_reason":null,"cost_inr_crore":10.83,"progress_pct":null,"delay_months":null,"revised_completion_date":"2048-08-28","state":"Andhra Pradesh","geo_confidence":"site","unverified":false}},{"type":"Feature","geometry":{"type":"Point","coordinates":[75.532417,29.35046]},"properties":{"id":"nhai_geoserver-8269fb6bf2109613","title":"Hisar - Dabwali (Pkg-I) (km 170.000 to km 227.000)","sector":"road","status":"commissioned","is_blocked":false,"block_reason":null,"cost_inr_crore":962.31,"progress_pct":null,"delay_months":null,"revised_completion_date":"2018-02-06","state":"Haryana","geo_confidence":"site","unverified":false}},{"type":"Feature","geometry":{"type":"Point","coordinates":[80.9462,26.8467]},"properties":{"id":"nhai_geoserver-b610f3f7254c064a","title":"Makhanpur - Etawah from km 250.500 - km 307.500 of NH-2 Pkg 1B","sector":"road","status":"commissioned","is_blocked":false,"block_reason":null,"cost_inr_crore":319.42,"progress_pct":null,"delay_months":null,"revised_completion_date":"2008-09-24","state":"Uttar Pradesh","geo_confidence":"state","unverified":false}},{"type":"Feature","geometry":{"type":"Point","coordinates":[85.229137,19.667158]},"properties":{"id":"nhai_geoserver-bda98a8892acadc5","title":"Puintola to Tangi (km 284.00 to km 355.00) of NH-5 (New NH-16)","sector":"road","status":"commissioned","is_blocked":false,"block_reason":null,"cost_inr_crore":1853.3,"progress_pct":98.95,"delay_months":null,"revised_completion_date":"2020-12-16","state":"Odisha","geo_confidence":"site","unverified":false}},{"type":"Feature","geometry":{"type":"Point","coordinates":[75.127541,23.61396]},"properties":{"id":"nhai_geoserver-a80a746318ce6c28","title":"Delhi-Vadodara Greenfield Alignment (NH-148N) (Pkg-21) (Ch. 572+220 to Ch. 602+420) [Kamliya village to Kandarwasa village of Ratlam district]","sector":"road","status":"commissioned","is_blocked":false,"block_reason":null,"cost_inr_crore":1383.42,"progress_pct":99.3,"delay_months":null,"revised_completion_date":"2021-12-09","state":"Madhya Pradesh","geo_confidence":"site","unverified":false}},{"type":"Feature","geometry":{"type":"Point","coordinates":[75.251792,15.074302]},"properties":{"id":"nhai_geoserver-ac3b519924895fd4","title":"Six laning of Haveri (Km 340) to Hubli (Km 403.400) section of NH4 in Karnataka","sector":"road","status":"commissioned","is_blocked":false,"block_reason":null,"cost_inr_crore":1521.26,"progress_pct":100.0,"delay_months":null,"revised_completion_date":"2020-02-21","state":"Karnataka","geo_confidence":"site","unverified":false}},{"type":"Feature","geometry":{"type":"Point","coordinates":[77.067991,29.042209]},"properties":{"id":"nhai_geoserver-576191a5ccb3cbf2","title":"8L of Mukarba Chowk in Delhi to Panipat in Haryana from km 15.500 to km 86.000 of NH-44 (Old NH-1)","sector":"road","status":"commissioned","is_blocked":false,"block_reason":null,"cost_inr_crore":479.01,"progress_pct":99.55,"delay_months":null,"revised_completion_date":"2021-09-07","state":"Haryana","geo_confidence":"site","unverified":false}},{"type":"Feature","geometry":{"type":"Point","coordinates":[71.051229,24.025632]},"properties":{"id":"nhai_geoserver-930bca15ada88996","title":"Sanchore - Santalpur from km 35.000 - km 67.000 of NH-754K (AJ-RGBS-Package-2)","sector":"road","status":"commissioned","is_blocked":false,"block_reason":null,"cost_inr_crore":785.51,"progress_pct":98.0,"delay_months":null,"revised_completion_date":"2023-02-18","state":"Gujarat","geo_confidence":"site","unverified":false}},{"type":"Feature","geometry":{"type":"Point","coordinates":[78.6569,11.1271]},"properties":{"id":"nhai_geoserver-e6ac246b370f2137","title":"4L Tambaram to Tindivanam section of NH-32 (Old NH-45) from km 28.000 to km 121.000","sector":"road","status":"commissioned","is_blocked":false,"block_reason":null,"cost_inr_crore":null,"progress_pct":null,"delay_months":null,"revised_completion_date":"2026-11-13","state":"Tamil Nadu","geo_confidence":"state","unverified":false}},{"type":"Feature","geometry":{"type":"Point","coordinates":[76.711865,28.802362]},"properties":{"id":"nhai_geoserver-14c0e6e2d5b51fa1","title":"Delhi/ Haryana Border to Rohtak section including Bahadurgarh and Rohtak by-passes from km. 29.70 to km. 87.00","sector":"road","status":"commissioned","is_blocked":false,"block_reason":null,"cost_inr_crore":277.81,"progress_pct":100.0,"delay_months":null,"revised_completion_date":"2010-05-02","state":"Haryana","geo_confidence":"site","unverified":false}},{"type":"Feature","geometry":{"type":"Point","coordinates":[74.395015,14.268746]},"properties":{"id":"nhai_geoserver-cc52d6b183d9f5bf","title":"BRT Tiger Reserve Boundary (Km.287.500) to Bangalore Section (Km.458.420) of NH-209 in Karnataka","sector":"road","status":"under_construction","is_blocked":false,"block_reason":null,"cost_inr_crore":2082.69,"progress_pct":99.7,"delay_months":null,"revised_completion_date":"2019-08-20","state":"Karnataka","geo_confidence":"site","unverified":false}},{"type":"Feature","geometry":{"type":"Point","coordinates":[78.0322,30.3165]},"properties":{"id":"nhai_geoserver-07c3a44d2987dea3","title":"Construction of 4 Lane Access Controlled Bypass for Dehradun on NH307 from Design Chainage km 0+050 (Jhajra on NH-07) to Design Chainage km 12+220 (Asharori) on EPC Mode in the State of Uttarakhand under NH(O)","sector":"road","status":"under_construction","is_blocked":false,"block_reason":null,"cost_inr_crore":715.97,"progress_pct":62.79,"delay_months":null,"revised_completion_date":"2027-04-23","state":"Uttarakhand","geo_confidence":"city","unverified":false}},{"type":"Feature","geometry":{"type":"Point","coordinates":[78.912086,26.732372]},"properties":{"id":"nhai_geoserver-9d95d24d5c46fd00","title":"Vadodara Mumbai Expressway (Phase II - Pkg XI) [Km. 77.000 to Km. 103.400] (Ganjad - Talsari)","sector":"road","status":"commissioned","is_blocked":false,"block_reason":null,"cost_inr_crore":1524.71,"progress_pct":99.76,"delay_months":null,"revised_completion_date":"2024-05-17","state":"Maharashtra","geo_confidence":"site","unverified":false}},{"type":"Feature","geometry":{"type":"Point","coordinates":[85.3131,25.0961]},"properties":{"id":"nhai_geoserver-51486e1aca41c991","title":"Construction of 4-lane greenfield Spur to Samstipur, connecting NH-119D to SH-49 (Tajpur-Samastipur Road) near village Karpurigram","sector":"road","status":"tendered","is_blocked":false,"block_reason":null,"cost_inr_crore":null,"progress_pct":0.0,"delay_months":null,"revised_completion_date":null,"state":"Bihar","geo_confidence":"state","unverified":false}},{"type":"Feature","geometry":{"type":"Point","coordinates":[81.591157,27.80771]},"properties":{"id":"nhai_geoserver-bf92aff54ffc3838","title":"Bahraich Bypass - Rupadiha","sector":"road","status":"commissioned","is_blocked":false,"block_reason":null,"cost_inr_crore":437.92,"progress_pct":null,"delay_months":null,"revised_completion_date":"2016-10-28","state":"Uttar Pradesh","geo_confidence":"site","unverified":false}},{"type":"Feature","geometry":{"type":"Point","coordinates":[80.386635,21.315543]},"properties":{"id":"nhai_geoserver-ee7c43eb6720edf7","title":"Agra-Gwalior","sector":"road","status":"commissioned","is_blocked":false,"block_reason":null,"cost_inr_crore":196.14,"progress_pct":null,"delay_months":null,"revised_completion_date":"2024-02-17","state":"Madhya Pradesh,Rajasthan,Uttar Pradesh","geo_confidence":"site","unverified":false}},{"type":"Feature","geometry":{"type":"Point","coordinates":[79.74,15.9129]},"properties":{"id":"nhai_geoserver-02155546cc55cf72","title":"4L of Pileru to Kalur Section from Km 55.900 to Km 92.800 & Km 94.500 to Km 95.717 of NH-71(Package-II)","sector":"road","status":"under_construction","is_blocked":false,"block_reason":null,"cost_inr_crore":1877.47,"progress_pct":99.41,"delay_months":null,"revised_completion_date":"2025-11-18","state":"Andhra Pradesh","geo_confidence":"state","unverified":false}},{"type":"Feature","geometry":{"type":"Point","coordinates":[81.054147,26.942358]},"properties":{"id":"nhai_geoserver-3bb2772de563e147","title":"4L of Lucknow Ring Road Package-3B from Km.17.600 to MDR-77C and terminating at Km.15.650 of NH-28","sector":"road","status":"commissioned","is_blocked":false,"block_reason":null,"cost_inr_crore":765.08,"progress_pct":null,"delay_months":null,"revised_completion_date":"2019-07-31","state":"Uttar Pradesh","geo_confidence":"site","unverified":false}},{"type":"Feature","geometry":{"type":"Point","coordinates":[73.934793,22.851219]},"properties":{"id":"nhai_geoserver-bde54b76c74c0c3b","title":"Delhi-Vadodara Greenfield Alignment (NH-148N) (Pkg-27) (Ch.729.700 to Ch.756.052)","sector":"road","status":"under_construction","is_blocked":false,"block_reason":null,"cost_inr_crore":1185.69,"progress_pct":98.9,"delay_months":null,"revised_completion_date":"2024-02-14","state":"Gujarat","geo_confidence":"site","unverified":false}},{"type":"Feature","geometry":{"type":"Point","coordinates":[75.3412,31.1471]},"properties":{"id":"nhai_geoserver-8700df011f1ba8e1","title":"Development of 4L Northern Patiala Bypass","sector":"road","status":"awarded","is_blocked":false,"block_reason":null,"cost_inr_crore":1107.29,"progress_pct":null,"delay_months":null,"revised_completion_date":null,"state":"Punjab","geo_confidence":"state","unverified":false}},{"type":"Feature","geometry":{"type":"Point","coordinates":[76.97618,29.394447]},"properties":{"id":"nhai_geoserver-d2221f25e94d41a4","title":"Panipat Elevated Flyover from km. 86.00 to km. 96.00 on NH-44 (old NH-1)","sector":"road","status":"commissioned","is_blocked":false,"block_reason":null,"cost_inr_crore":421.5,"progress_pct":100.0,"delay_months":null,"revised_completion_date":"2009-01-22","state":"Haryana","geo_confidence":"site","unverified":false}},{"type":"Feature","geometry":{"type":"Point","coordinates":[79.0193,18.1124]},"properties":{"id":"nhai_geoserver-4b0c0900fb8726c8","title":"4 Laning of Metpally - Jagtial Section of Nh-63","sector":"road","status":"tendered","is_blocked":false,"block_reason":null,"cost_inr_crore":3.0,"progress_pct":null,"delay_months":null,"revised_completion_date":null,"state":"Telangana","geo_confidence":"state","unverified":false}},{"type":"Feature","geometry":{"type":"Point","coordinates":[83.2185,17.6868]},"properties":{"id":"nhai_geoserver-f8ea646ba5c8efac","title":"Road Connectivity-Visakhapatnam Port Trust","sector":"road","status":"commissioned","is_blocked":false,"block_reason":null,"cost_inr_crore":177.58,"progress_pct":null,"delay_months":null,"revised_completion_date":"2004-12-16","state":"Andhra Pradesh","geo_confidence":"city","unverified":false}},{"type":"Feature","geometry":{"type":"Point","coordinates":[79.550552,12.893136]},"properties":{"id":"nhai_geoserver-3527685c3c28f3c8","title":"Karaipettai to Walajapet from Km 71.015 to 107.091","sector":"road","status":"under_construction","is_blocked":false,"block_reason":null,"cost_inr_crore":766.51,"progress_pct":93.55,"delay_months":null,"revised_completion_date":"2021-02-09","state":"Tamil Nadu","geo_confidence":"site","unverified":false}},{"type":"Feature","geometry":{"type":"Point","coordinates":[77.635694,27.162361]},"properties":{"id":"nhai_geoserver-e2bd9c00fcd342a4","title":"Four Laning of Agra-Bharatpur from km 17.756 to km 62.295 of NH-21","sector":"road","status":"commissioned","is_blocked":false,"block_reason":null,"cost_inr_crore":83.83,"progress_pct":null,"delay_months":null,"revised_completion_date":"2009-03-06","state":"Rajasthan","geo_confidence":"site","unverified":false}},{"type":"Feature","geometry":{"type":"Point","coordinates":[83.1524,18.4026]},"properties":{"id":"nhai_geoserver-abf26edd32f1445d","title":"Dedicated Port road to Krishnapatnam Port (Package-I) from Km. 0.000 to Km. 18.000","sector":"road","status":"under_construction","is_blocked":false,"block_reason":null,"cost_inr_crore":348.72,"progress_pct":80.19,"delay_months":null,"revised_completion_date":"2020-12-19","state":"Andhra Pradesh","geo_confidence":"site","unverified":false}},{"type":"Feature","geometry":{"type":"Point","coordinates":[87.855,22.9868]},"properties":{"id":"nhai_geoserver-c0db61222b704519","title":"Construction of New Bridges/Structures, Repairs of Existing Four Lane Highway from Baleshwar to Kharagpur section of NH-60 (new NH-16) from Km 0.000 to Km 119.300 in the State of Orissa and West Bengal and its Operation and Maintenance under NHDP Phase-1 to be executed as BOT (Toll) on DBFOT Pattern","sector":"road","status":"commissioned","is_blocked":false,"block_reason":null,"cost_inr_crore":471.05,"progress_pct":null,"delay_months":null,"revised_completion_date":"2015-06-29","state":"West Bengal","geo_confidence":"state","unverified":false}},{"type":"Feature","geometry":{"type":"Point","coordinates":[80.648,16.5062]},"properties":{"id":"nhai_geoserver-8682fc7862dd46f3","title":"Maintenance from Km 1076.480 (Chinna Avutupalli) to Km 1100.254 (Kanaka Durgamma Varadhi) and Incident Management from Gundugolanu (Km 1023.280) to Kanaka Durgamma Varadhi (Km 1100.254) Section of Vijayawada–Gundugolanu Section of NH-16 (Old NH-5)","sector":"road","status":"commissioned","is_blocked":false,"block_reason":null,"cost_inr_crore":null,"progress_pct":null,"delay_months":null,"revised_completion_date":"2025-10-30","state":"Andhra Pradesh","geo_confidence":"city","unverified":false}},{"type":"Feature","geometry":{"type":"Point","coordinates":[78.484669,17.638472]},"properties":{"id":"nhai_geoserver-713d6dced9112229","title":"Improvement of Geometrics of Kalkallu to Gundla Pochanpalli from Km 454.00  to Km 471.00 of NH-44","sector":"road","status":"cancelled","is_blocked":true,"block_reason":"other","cost_inr_crore":955.49,"progress_pct":36.5,"delay_months":null,"revised_completion_date":"2025-01-22","state":"Telangana","geo_confidence":"site","unverified":false}},{"type":"Feature","geometry":{"type":"Point","coordinates":[76.2711,10.8505]},"properties":{"id":"nhai_geoserver-689e0055ebedbca8","title":"6L of  Kappirikkad to Thalikulam section from km 335.85 to km 369.015 of NH - 66 (old NH-17)","sector":"road","status":"under_construction","is_blocked":false,"block_reason":null,"cost_inr_crore":4225.59,"progress_pct":95.27,"delay_months":null,"revised_completion_date":"2025-01-26","state":"Kerala","geo_confidence":"state","unverified":false}},{"type":"Feature","geometry":{"type":"Point","coordinates":[83.263122,18.269467]},"properties":{"id":"nhai_geoserver-53d7f236d6a723d3","title":"6L Jakkuva – Korlam Section of NH-130CD Road from km 396.800 to km 421.100 (Pkg 2)","sector":"road","status":"under_construction","is_blocked":false,"block_reason":null,"cost_inr_crore":840.51,"progress_pct":99.83,"delay_months":null,"revised_completion_date":"2024-03-29","state":"Andhra Pradesh","geo_confidence":"site","unverified":false}},{"type":"Feature","geometry":{"type":"Point","coordinates":[78.6569,11.1271]},"properties":{"id":"nhai_geoserver-d973b737819e2109","title":"Four Laning of Ulundupet-Padalur from km. 192.25 to km. 285.00 of Old NH-45 (Pkg VI-B)","sector":"road","status":"commissioned","is_blocked":false,"block_reason":null,"cost_inr_crore":704.06,"progress_pct":100.0,"delay_months":null,"revised_completion_date":"2009-06-25","state":"Tamil Nadu","geo_confidence":"state","unverified":false}},{"type":"Feature","geometry":{"type":"Point","coordinates":[74.2179,27.0238]},"properties":{"id":"nhai_geoserver-9e2801c633098127","title":"Operation Maintenance of Two Laning with Paved Shoulder of Bhilwara Ladpura section of NH 758 From km 87.250 to Km 155.000 (Total length 67.750 kms) in Rajasthan on Performance Based Maintenance Contract (PBMC)","sector":"road","status":"commissioned","is_blocked":false,"block_reason":null,"cost_inr_crore":null,"progress_pct":null,"delay_months":null,"revised_completion_date":"2030-02-28","state":"Rajasthan","geo_confidence":"state","unverified":false}},{"type":"Feature","geometry":{"type":"Point","coordinates":[73.179666,26.358859]},"properties":{"id":"nhai_geoserver-7da14eb625cae2d4","title":"Jodhpur Ring Road Package-I [4-laning of Dangiawas (Km. 96.595) to Jajiwal (Km. 283.500)","sector":"road","status":"commissioned","is_blocked":false,"block_reason":null,"cost_inr_crore":1308.73,"progress_pct":99.6,"delay_months":null,"revised_completion_date":"2020-12-13","state":"Rajasthan","geo_confidence":"site","unverified":false}},{"type":"Feature","geometry":{"type":"Point","coordinates":[78.7733,28.8386]},"properties":{"id":"nhai_geoserver-e3881d4e203207bb","title":"Improvement & Up-gradation of NH-734 Section of Moradabad-Thakurdwara –Kashipur including Moradabad & Kashipur Bypasse Package-III : Kashipur Bypass (Length =14.490 Km.), Starts from Ch. 38+770 and ends at Ch. 53+260 (existing Ch. 05+560","sector":"road","status":"under_construction","is_blocked":false,"block_reason":null,"cost_inr_crore":936.12,"progress_pct":53.84,"delay_months":null,"revised_completion_date":"2025-09-14","state":"Uttar Pradesh","geo_confidence":"city","unverified":false}},{"type":"Feature","geometry":{"type":"Point","coordinates":[75.9064,17.6599]},"properties":{"id":"nhai_geoserver-83d2dbac0af33a70","title":"Solapur to Maharashtra - Karnataka Border Section of NH-9 (New NH-65) from Km. 309.000 To 348.800","sector":"road","status":"commissioned","is_blocked":false,"block_reason":null,"cost_inr_crore":null,"progress_pct":null,"delay_months":null,"revised_completion_date":"2023-07-12","state":"Maharashtra","geo_confidence":"city","unverified":false}},{"type":"Feature","geometry":{"type":"Point","coordinates":[73.011663,27.164427]},"properties":{"id":"nhai_geoserver-154320eeb300bbbc","title":"Rasisar (near Bikaner)-Deogarh (near Dhandhaniya) (Phase-I) (AJ/RD-Package-3)","sector":"road","status":"commissioned","is_blocked":false,"block_reason":null,"cost_inr_crore":732.84,"progress_pct":100.0,"delay_months":null,"revised_completion_date":"2022-01-21","state":"Rajasthan","geo_confidence":"site","unverified":false}},{"type":"Feature","geometry":{"type":"Point","coordinates":[93.013207,25.898223]},"properties":{"id":"nhai_geoserver-8da3d4413cdb67a3","title":"4L of km 22.00 to km 40.00 of Lanka - Udali (AS-15) (Including Lanka Bypass of NH-54)","sector":"road","status":"commissioned","is_blocked":false,"block_reason":null,"cost_inr_crore":202.56,"progress_pct":null,"delay_months":null,"revised_completion_date":"2008-07-26","state":"Assam","geo_confidence":"site","unverified":false}},{"type":"Feature","geometry":{"type":"Point","coordinates":[75.62318,26.250955]},"properties":{"id":"nhai_geoserver-c7bb38ab9c29fb5a","title":"4 Laning of Jaipur to Deoli Section of NH-12 (Km 18.700 to km 165.000)","sector":"road","status":"commissioned","is_blocked":false,"block_reason":null,"cost_inr_crore":3233.53,"progress_pct":null,"delay_months":null,"revised_completion_date":"2012-12-09","state":"Rajasthan","geo_confidence":"site","unverified":false}},{"type":"Feature","geometry":{"type":"Point","coordinates":[74.191426,27.073837]},"properties":{"id":"nhai_geoserver-6b9ee936f18ee7e8","title":"2L PS of Nimbijiodha (near Ladnu) - Degana - Merta City from km. 0.00 to km. 139.90 of NH-458","sector":"road","status":"commissioned","is_blocked":false,"block_reason":null,"cost_inr_crore":405.52,"progress_pct":null,"delay_months":null,"revised_completion_date":"2016-01-20","state":"Rajasthan","geo_confidence":"site","unverified":false}},{"type":"Feature","geometry":{"type":"Point","coordinates":[86.060044,20.844437]},"properties":{"id":"nhai_geoserver-d5da10e2ac0f8fd2","title":"4 Laning of Duburi Chandikhole from km 388.376 to km 428.074 (Pkg-III)","sector":"road","status":"under_construction","is_blocked":false,"block_reason":null,"cost_inr_crore":789.0,"progress_pct":86.0,"delay_months":null,"revised_completion_date":"2022-08-09","state":"Odisha","geo_confidence":"site","unverified":false}},{"type":"Feature","geometry":{"type":"Point","coordinates":[77.587867,19.612274]},"properties":{"id":"nhai_geoserver-81ad8f1fefdb95eb","title":"Borkhedi - JamWadner OMT-29","sector":"road","status":"commissioned","is_blocked":false,"block_reason":null,"cost_inr_crore":23.0,"progress_pct":100.0,"delay_months":null,"revised_completion_date":"2011-09-30","state":"Maharashtra","geo_confidence":"site","unverified":false}},{"type":"Feature","geometry":{"type":"Point","coordinates":[76.0856,29.0588]},"properties":{"id":"nhai_geoserver-bbdca76dcdd63392","title":"Monetization of Public Funded operational  National Highway Projects under Tolling, Operation, Maintenance and Transfer (ToT) – Bundle-7","sector":"road","status":"commissioned","is_blocked":false,"block_reason":null,"cost_inr_crore":6.2,"progress_pct":null,"delay_months":null,"revised_completion_date":"2042-11-10","state":"Haryana","geo_confidence":"state","unverified":false}},{"type":"Feature","geometry":{"type":"Point","coordinates":[74.857,32.7266]},"properties":{"id":"nhai_geoserver-0b617ca131c8f600","title":"4L of Hiranagar - Lakhanpur from km. 16.35 to km. 50.00 of Pathankot - Jammu (NS-34)","sector":"road","status":"commissioned","is_blocked":false,"block_reason":null,"cost_inr_crore":584.16,"progress_pct":null,"delay_months":null,"revised_completion_date":"2008-09-01","state":"Jammu and Kashmir","geo_confidence":"city","unverified":false}},{"type":"Feature","geometry":{"type":"Point","coordinates":[85.3131,25.0961]},"properties":{"id":"nhai_geoserver-e514fd246741a3e9","title":"Construction of four laning of Bakarpur- Manikpur road section starting from village Chitarsenpur (km 0+000) and terminating at SH-74 near Manikpur (38+814) at NH-139W under Bharatmalapariyona","sector":"road","status":"under_construction","is_blocked":false,"block_reason":null,"cost_inr_crore":1422.37,"progress_pct":48.75,"delay_months":null,"revised_completion_date":"2027-04-05","state":"Bihar","geo_confidence":"state","unverified":false}},{"type":"Feature","geometry":{"type":"Point","coordinates":[80.9462,26.8467]},"properties":{"id":"nhai_geoserver-f799d0f8e5206007","title":"4L Western bypass for Jaunpur city, connecting NH-731 at existing Ch. Km. 223/200 to NH-135A (Eastern Bypass) at Ch. Km. 107/780- Pkg-2","sector":"road","status":"awarded","is_blocked":false,"block_reason":null,"cost_inr_crore":827.99,"progress_pct":null,"delay_months":null,"revised_completion_date":null,"state":"Uttar Pradesh","geo_confidence":"state","unverified":false}},{"type":"Feature","geometry":{"type":"Point","coordinates":[76.2711,10.8505]},"properties":{"id":"nhai_geoserver-12a72a940cb1111a","title":"Edappally-Vyttila-Aroor Section","sector":"road","status":"commissioned","is_blocked":false,"block_reason":null,"cost_inr_crore":355.99,"progress_pct":null,"delay_months":null,"revised_completion_date":"2010-04-30","state":"Kerala","geo_confidence":"state","unverified":false}},{"type":"Feature","geometry":{"type":"Point","coordinates":[80.9462,26.8467]},"properties":{"id":"nhai_geoserver-89e0925f51924608","title":"Improvement and Up-Gradation of Existing Road to 4L PS from Km 229.070 to 260.800, End of Hardoi District to Lucknow Ring road of NH 731 (Pkg-4)","sector":"road","status":"under_construction","is_blocked":false,"block_reason":null,"cost_inr_crore":575.66,"progress_pct":99.33,"delay_months":null,"revised_completion_date":"2024-10-23","state":"Uttar Pradesh","geo_confidence":"city","unverified":false}},{"type":"Feature","geometry":{"type":"Point","coordinates":[79.022716,25.739126]},"properties":{"id":"nhai_geoserver-c16b6f7f7b03a808","title":"Jhansi-Orai from Km. 90.300 to Km. 225.713 of NH-27 (OMT-Pkg 12)","sector":"road","status":"commissioned","is_blocked":false,"block_reason":null,"cost_inr_crore":1233.02,"progress_pct":null,"delay_months":null,"revised_completion_date":"2025-10-27","state":"Uttar Pradesh","geo_confidence":"site","unverified":false}},{"type":"Feature","geometry":{"type":"Point","coordinates":[79.92196,17.48648]},"properties":{"id":"nhai_geoserver-6b1939ff48ea1bbf","title":"Thanamcherla-Jamandlapally (2LPS)","sector":"road","status":"commissioned","is_blocked":false,"block_reason":null,"cost_inr_crore":177.18,"progress_pct":100.0,"delay_months":null,"revised_completion_date":"2023-02-07","state":"Telangana","geo_confidence":"site","unverified":false}},{"type":"Feature","geometry":{"type":"Point","coordinates":[80.832163,21.123786]},"properties":{"id":"nhai_geoserver-6415e79b7e8ba2b1","title":"End of Durg Bypass - MH/CG Border from km. 322.40 to km. 405.00","sector":"road","status":"commissioned","is_blocked":false,"block_reason":null,"cost_inr_crore":70.0,"progress_pct":100.0,"delay_months":null,"revised_completion_date":"2012-12-04","state":"Chhattisgarh","geo_confidence":"site","unverified":false}},{"type":"Feature","geometry":{"type":"Point","coordinates":[85.0985,20.9517]},"properties":{"id":"nhai_geoserver-8c82d15b2fff63c8","title":"Balance Work of 4/6L of existing 2L of Bhadrak (km. 136.500) to Baleshwar (km. 199.141) of NH-5","sector":"road","status":"commissioned","is_blocked":false,"block_reason":null,"cost_inr_crore":500.47,"progress_pct":null,"delay_months":null,"revised_completion_date":"2010-12-14","state":"Odisha","geo_confidence":"state","unverified":false}},{"type":"Feature","geometry":{"type":"Point","coordinates":[78.6569,11.1271]},"properties":{"id":"nhai_geoserver-2e1bc73bb910cf27","title":"Four laning of Vaniyambadi to Pallikonda","sector":"road","status":"commissioned","is_blocked":false,"block_reason":null,"cost_inr_crore":726.39,"progress_pct":null,"delay_months":null,"revised_completion_date":"2006-06-30","state":"Tamil Nadu","geo_confidence":"state","unverified":false}},{"type":"Feature","geometry":{"type":"Point","coordinates":[75.7139,15.3173]},"properties":{"id":"nhai_geoserver-28c780446c72f960","title":"Tumkur - Nelamangala (6L)","sector":"road","status":"under_construction","is_blocked":false,"block_reason":null,"cost_inr_crore":2032.15,"progress_pct":61.36,"delay_months":null,"revised_completion_date":"2025-08-25","state":"Karnataka","geo_confidence":"state","unverified":false}},{"type":"Feature","geometry":{"type":"Point","coordinates":[74.354693,25.819374]},"properties":{"id":"nhai_geoserver-3c8227a29b6d3e06","title":"Parsoli - Gulabpura","sector":"road","status":"commissioned","is_blocked":false,"block_reason":null,"cost_inr_crore":5.94,"progress_pct":null,"delay_months":null,"revised_completion_date":"2016-01-10","state":"Rajasthan","geo_confidence":"site","unverified":false}},{"type":"Feature","geometry":{"type":"Point","coordinates":[85.520517,24.805022]},"properties":{"id":"nhai_geoserver-750265c1a8725fc1","title":"Bakhtiyarpur-Rajauli Pkg-II from km. 54.405 to km.101.630","sector":"road","status":"under_construction","is_blocked":false,"block_reason":null,"cost_inr_crore":897.45,"progress_pct":97.85,"delay_months":null,"revised_completion_date":"2023-07-11","state":"Bihar","geo_confidence":"site","unverified":false}},{"type":"Feature","geometry":{"type":"Point","coordinates":[78.748318,13.198847]},"properties":{"id":"nhai_geoserver-2408b120d867de0a","title":"Nalagampalli to Allkuppam (AP/KA Border) from Km. 172. 000 to Km 219.687","sector":"road","status":"commissioned","is_blocked":false,"block_reason":null,"cost_inr_crore":959.06,"progress_pct":98.88,"delay_months":null,"revised_completion_date":"2019-11-14","state":"Andhra Pradesh","geo_confidence":"site","unverified":false}},{"type":"Feature","geometry":{"type":"Point","coordinates":[75.8577,22.7196]},"properties":{"id":"nhai_geoserver-a2eba98b8144a28b","title":"Service Road on Indore-Dewas","sector":"road","status":"commissioned","is_blocked":false,"block_reason":null,"cost_inr_crore":145.21,"progress_pct":98.5,"delay_months":null,"revised_completion_date":"2019-12-17","state":"Madhya Pradesh","geo_confidence":"city","unverified":false}},{"type":"Feature","geometry":{"type":"Point","coordinates":[85.066486,25.512947]},"properties":{"id":"nhai_geoserver-3095c687a067f8c3","title":"6L of Kanhauli - Ramnagar (Patna Ring Road PKG-I)  from Km 0.000 to Km 39.160 of SH-78/ new NH-131G","sector":"road","status":"commissioned","is_blocked":false,"block_reason":null,"cost_inr_crore":939.43,"progress_pct":99.5,"delay_months":null,"revised_completion_date":"2023-12-31","state":"Bihar","geo_confidence":"site","unverified":false}},{"type":"Feature","geometry":{"type":"Point","coordinates":[83.2185,17.6868]},"properties":{"id":"nhai_geoserver-65c1b614d16ea158","title":"O&M of Anandapuram - Visakhapatnam - Anakapalle","sector":"road","status":"commissioned","is_blocked":false,"block_reason":null,"cost_inr_crore":9.52,"progress_pct":null,"delay_months":null,"revised_completion_date":null,"state":"Andhra Pradesh","geo_confidence":"city","unverified":false}},{"type":"Feature","geometry":{"type":"Point","coordinates":[78.6569,22.9734]},"properties":{"id":"nhai_geoserver-09faae6956fd4aae","title":"4L of near Satai Ghat to Chowka section of NH-34 from D. Ch. 89.875 to D. Ch. 145.000 (Package-3)","sector":"road","status":"under_construction","is_blocked":false,"block_reason":null,"cost_inr_crore":1005.59,"progress_pct":38.26,"delay_months":null,"revised_completion_date":"2027-10-27","state":"Madhya Pradesh","geo_confidence":"state","unverified":false}},{"type":"Feature","geometry":{"type":"Point","coordinates":[85.8245,20.2961]},"properties":{"id":"nhai_geoserver-3141bf62d999c1c5","title":"Bhubaneswar-Sunakala-Ichapuram(Chainage KM.413.000 to KM.233.200)","sector":"road","status":"tendered","is_blocked":false,"block_reason":null,"cost_inr_crore":null,"progress_pct":null,"delay_months":null,"revised_completion_date":null,"state":null,"geo_confidence":"city","unverified":false}},{"type":"Feature","geometry":{"type":"Point","coordinates":[79.243358,15.805954]},"properties":{"id":"nhai_geoserver-c6166f530272cbb7","title":"O&M of 2L PS Davulapalli to Markapuram Section from Km. 153.939 to km.197.318 of NH-565","sector":"road","status":"commissioned","is_blocked":false,"block_reason":null,"cost_inr_crore":4.09,"progress_pct":null,"delay_months":null,"revised_completion_date":"2024-10-11","state":"Andhra Pradesh","geo_confidence":"site","unverified":false}},{"type":"Feature","geometry":{"type":"Point","coordinates":[77.271876,28.675967]},"properties":{"id":"nhai_geoserver-3c5edab7d556e380","title":"Delhi-Vadodara Greenfield Alignment (NH-148N) (Pkg-04) (Ch. 78+800 to Ch. 115+700) [HR/Raj Border to Jn. with SH-44]","sector":"road","status":"commissioned","is_blocked":false,"block_reason":null,"cost_inr_crore":1585.79,"progress_pct":100.0,"delay_months":null,"revised_completion_date":"2021-08-12","state":"Rajasthan","geo_confidence":"site","unverified":false}},{"type":"Feature","geometry":{"type":"Point","coordinates":[74.8723,31.634]},"properties":{"id":"nhai_geoserver-ef10ac65c9890472","title":"Greenfield connectivity from Govindsar village on Delhi Amritsar Katra Expressway to Talwara village on NH-44 (Pathankot by-pass)","sector":"road","status":"under_construction","is_blocked":false,"block_reason":null,"cost_inr_crore":666.81,"progress_pct":29.01,"delay_months":null,"revised_completion_date":"2027-07-15","state":"Punjab","geo_confidence":"city","unverified":false}},{"type":"Feature","geometry":{"type":"Point","coordinates":[75.7139,19.7515]},"properties":{"id":"nhai_geoserver-ef092c0c3a556677","title":"Balance work of 4L Panvel to Indapur section of NH-66 (Old NH- 17) from km 0.000 (Panvel) to km 42.300 (Kasu)","sector":"road","status":"under_construction","is_blocked":false,"block_reason":null,"cost_inr_crore":329.82,"progress_pct":98.66,"delay_months":null,"revised_completion_date":"2024-10-22","state":"Maharashtra","geo_confidence":"state","unverified":false}},{"type":"Feature","geometry":{"type":"Point","coordinates":[86.549911,22.162679]},"properties":{"id":"nhai_geoserver-6be5b1609df620d8","title":"Ankapalli - Annavaram (Tuni) from km. 741.255 to km. 830.525 under TOT Bundle - 1","sector":"road","status":"commissioned","is_blocked":false,"block_reason":null,"cost_inr_crore":2639.07,"progress_pct":null,"delay_months":null,"revised_completion_date":"2048-08-28","state":"Andhra Pradesh","geo_confidence":"site","unverified":false}},{"type":"Feature","geometry":{"type":"Point","coordinates":[77.4126,23.2599]},"properties":{"id":"nhai_geoserver-d5f6bab40bb5c681","title":"Mubarakpur (Km. 324.000) to Biaora (KM. 423.000) in Madhya Pradesh [Bhopal-biaora Pkg II]","sector":"road","status":"commissioned","is_blocked":false,"block_reason":null,"cost_inr_crore":725.99,"progress_pct":100.0,"delay_months":null,"revised_completion_date":"2020-01-19","state":"Madhya Pradesh","geo_confidence":"city","unverified":false}},{"type":"Feature","geometry":{"type":"Point","coordinates":[79.74,15.9129]},"properties":{"id":"nhai_geoserver-002509041fe7edd8","title":"6L Access Controlled Greenfield Highway from Polavaram (Ch. 260+000) to Marripudi (Ch. 285+500) of [NH-544G](Package-12)","sector":"road","status":"under_construction","is_blocked":false,"block_reason":null,"cost_inr_crore":747.29,"progress_pct":70.2,"delay_months":null,"revised_completion_date":"2026-02-10","state":"Andhra Pradesh","geo_confidence":"state","unverified":false}},{"type":"Feature","geometry":{"type":"Point","coordinates":[75.124,15.3647]},"properties":{"id":"nhai_geoserver-ae10bd58e3b09733","title":"6L of Haveri - Hubli section of NH-4 from km. 340.00 to km. 404.00","sector":"road","status":"commissioned","is_blocked":false,"block_reason":null,"cost_inr_crore":884.07,"progress_pct":null,"delay_months":null,"revised_completion_date":"2003-12-29","state":"Karnataka","geo_confidence":"city","unverified":false}},{"type":"Feature","geometry":{"type":"Point","coordinates":[78.158724,12.447547]},"properties":{"id":"nhai_geoserver-aae75aeef501d09b","title":"Jittandahalli to Dharampuri Section of NH-844 from km 60.100 to km 94.460 [Hosur to Dhamrapuri Pkg-3]","sector":"road","status":"commissioned","is_blocked":false,"block_reason":null,"cost_inr_crore":1539.54,"progress_pct":100.0,"delay_months":null,"revised_completion_date":"2023-08-21","state":"Tamil Nadu","geo_confidence":"site","unverified":false}},{"type":"Feature","geometry":{"type":"Point","coordinates":[79.489345,14.27158]},"properties":{"id":"nhai_geoserver-6c5cd4909d06dd8c","title":"Renigunta - Poyya - Naidupeta km 124.60 to km 183.4 of NH 71","sector":"road","status":"under_construction","is_blocked":false,"block_reason":null,"cost_inr_crore":1863.09,"progress_pct":98.6,"delay_months":null,"revised_completion_date":"2024-01-31","state":"Andhra Pradesh","geo_confidence":"site","unverified":false}},{"type":"Feature","geometry":{"type":"Point","coordinates":[79.90014,28.998409]},"properties":{"id":"nhai_geoserver-4a2a94a682bccc3c","title":"Sitarganj Tankpur Section of NH-125 from km. 0.000 to km. 52.200 in State of Uttarakhand","sector":"road","status":"commissioned","is_blocked":false,"block_reason":null,"cost_inr_crore":501.5,"progress_pct":null,"delay_months":null,"revised_completion_date":"2018-03-31","state":"Uttarakhand","geo_confidence":"site","unverified":false}},{"type":"Feature","geometry":{"type":"Point","coordinates":[79.25952,15.855566]},"properties":{"id":"nhai_geoserver-7f75ad7b41936ae3","title":"O&M of 2L PS Markapuram-Vaggampalle Section from Km. 198.694 to Km. 293.266 of NH-565","sector":"road","status":"commissioned","is_blocked":false,"block_reason":null,"cost_inr_crore":6.02,"progress_pct":null,"delay_months":null,"revised_completion_date":"2024-10-11","state":"Andhra Pradesh","geo_confidence":"site","unverified":false}},{"type":"Feature","geometry":{"type":"Point","coordinates":[78.6569,22.9734]},"properties":{"id":"nhai_geoserver-e153c07b3b3004c4","title":"2L PS of Roshni to Ashapur Section of NH-347B from Design KM Ch. 89.900 to 114.000 KM (Package – III of Betul – Khandwa)","sector":"road","status":"under_construction","is_blocked":false,"block_reason":null,"cost_inr_crore":200.99,"progress_pct":100.0,"delay_months":null,"revised_completion_date":"2026-08-21","state":"Madhya Pradesh","geo_confidence":"state","unverified":false}},{"type":"Feature","geometry":{"type":"Point","coordinates":[76.5762,33.7782]},"properties":{"id":"nhai_geoserver-d72bcc942c059fcf","title":"Udhampur - Ramban section of NH-1A from km. 67.00 to km. 89.00 and km. 130.00 to km. 151.00","sector":"road","status":"commissioned","is_blocked":false,"block_reason":null,"cost_inr_crore":2289.55,"progress_pct":99.9,"delay_months":null,"revised_completion_date":"2023-04-17","state":"Jammu and Kashmir","geo_confidence":"state","unverified":false}},{"type":"Feature","geometry":{"type":"Point","coordinates":[75.3412,31.1471]},"properties":{"id":"nhai_geoserver-487cbef836861c02","title":"Short Term Operation & Maintenance of Bidhipur to Verka Junction Section of NH-01 (New NH-03) from Km. 387.100 to Km. 456.100 in the State of Punjab","sector":"road","status":"commissioned","is_blocked":false,"block_reason":null,"cost_inr_crore":null,"progress_pct":null,"delay_months":null,"revised_completion_date":"2024-02-06","state":"Punjab","geo_confidence":"state","unverified":false}},{"type":"Feature","geometry":{"type":"Point","coordinates":[80.2707,13.0827]},"properties":{"id":"nhai_geoserver-e4b5b49a58daa28e","title":"Operation & Maintenance of Chennai Tada Section of NH­5 from Km.11/000 to Km.21/400","sector":"road","status":"commissioned","is_blocked":false,"block_reason":null,"cost_inr_crore":null,"progress_pct":null,"delay_months":null,"revised_completion_date":"2025-07-02","state":"Tamil Nadu","geo_confidence":"city","unverified":false}},{"type":"Feature","geometry":{"type":"Point","coordinates":[84.14175,24.33085]},"properties":{"id":"nhai_geoserver-adf95a9f4b8f51b3","title":"6 Lane Greenfield Varanasi- Ranchi- Kolkata Highway from Chatra to junction with NH- 100 in Deoria village from km 222.000 to km 253.000 (Pkg -9)","sector":"road","status":"under_construction","is_blocked":false,"block_reason":null,"cost_inr_crore":1418.16,"progress_pct":null,"delay_months":null,"revised_completion_date":"2028-07-16","state":"Jharkhand","geo_confidence":"city","unverified":false}},{"type":"Feature","geometry":{"type":"Point","coordinates":[74.2179,27.0238]},"properties":{"id":"nhai_geoserver-e79dd3347f8ff83b","title":"6L access controlled Highway from Km 40+080 to Km 86+513 (Mator to Barodameo Section)","sector":"road","status":"under_construction","is_blocked":false,"block_reason":null,"cost_inr_crore":2010.2,"progress_pct":37.27,"delay_months":null,"revised_completion_date":"2026-03-14","state":"Rajasthan","geo_confidence":"state","unverified":false}},{"type":"Feature","geometry":{"type":"Point","coordinates":[85.03452,19.12822]},"properties":{"id":"nhai_geoserver-3d3fd7b86236a6e3","title":"Four Laning of Ahmedabad-Vadodara Expressway from km.0.000 to km 93.302","sector":"road","status":"commissioned","is_blocked":false,"block_reason":null,"cost_inr_crore":2420.59,"progress_pct":null,"delay_months":null,"revised_completion_date":"2015-12-31","state":"Gujarat","geo_confidence":"site","unverified":false}},{"type":"Feature","geometry":{"type":"Point","coordinates":[79.74,15.9129]},"properties":{"id":"nhai_geoserver-bd3e9f2c30f1c874","title":"Ankapalli - Annavaram (Tuni) from km. 741.255 to km. 830.525","sector":"road","status":"commissioned","is_blocked":false,"block_reason":null,"cost_inr_crore":1277.48,"progress_pct":null,"delay_months":null,"revised_completion_date":"2004-08-11","state":"Andhra Pradesh","geo_confidence":"state","unverified":false}},{"type":"Feature","geometry":{"type":"Point","coordinates":[79.74,15.9129]},"properties":{"id":"nhai_geoserver-a94c5b11ab121c62","title":"6L of Naidupeta Junction - Turpukanupur Section from km 57.046 to km 91.927","sector":"road","status":"under_construction","is_blocked":false,"block_reason":null,"cost_inr_crore":1398.84,"progress_pct":53.7,"delay_months":null,"revised_completion_date":"2025-10-19","state":"Andhra Pradesh","geo_confidence":"state","unverified":false}},{"type":"Feature","geometry":{"type":"Point","coordinates":[85.0985,20.9517]},"properties":{"id":"nhai_geoserver-fc8d2b1101aade88","title":"Road connectivity from Jamujhadih on NH-16 to Dhamra port via Basudevpur from Km.0.000 to Km.61.660","sector":"road","status":"tendered","is_blocked":false,"block_reason":null,"cost_inr_crore":1471.97,"progress_pct":0.0,"delay_months":null,"revised_completion_date":null,"state":"Odisha","geo_confidence":"state","unverified":false}},{"type":"Feature","geometry":{"type":"Point","coordinates":[76.04065,30.12395]},"properties":{"id":"nhai_geoserver-aa57d24885140d39","title":"Delhi-Amritsar-Katra Expressway (Phase-II Pkg-XVI) Existing Jakh (Vijaypur)-Kunjwani section of NH-44 including spur Connectivity to Jammu Airport ( NH-144A) [Km 503+500 to km 514+500]","sector":"road","status":"under_construction","is_blocked":false,"block_reason":null,"cost_inr_crore":1821.72,"progress_pct":94.14,"delay_months":null,"revised_completion_date":"2024-09-26","state":"Jammu and Kashmir","geo_confidence":"city","unverified":false}},{"type":"Feature","geometry":{"type":"Point","coordinates":[77.707,28.02105]},"properties":{"id":"nhai_geoserver-03c91819fc0d9de8","title":"Construction of New Interchange from Km. 126.990 to 125.057 at Junction of Eastern Peripheral Expressway and Palwal-Aligarh Road-SH22A of NE-2","sector":"road","status":"commissioned","is_blocked":false,"block_reason":null,"cost_inr_crore":88.15,"progress_pct":100.0,"delay_months":null,"revised_completion_date":"2023-12-04","state":"Haryana","geo_confidence":"city","unverified":false}},{"type":"Feature","geometry":{"type":"Point","coordinates":[79.74,15.9129]},"properties":{"id":"nhai_geoserver-4e82d347b8dab2cd","title":"Construction of 6 lane elevated corridor including its approaches from Km. 629+880 to Km. 634+470 (Design Chainage) of NH-16 in Ranasthalam Town portion in the state of Andhra Pradesh on EPC Mode under NH(O).","sector":"road","status":"under_construction","is_blocked":false,"block_reason":null,"cost_inr_crore":257.98,"progress_pct":39.1,"delay_months":null,"revised_completion_date":"2027-03-20","state":"Andhra Pradesh","geo_confidence":"state","unverified":false}},{"type":"Feature","geometry":{"type":"Point","coordinates":[75.022266,33.805133]},"properties":{"id":"nhai_geoserver-eada3afef7aae732","title":"Banihal to Srinagar (KM 187.00 to KM 189.35 and KM 220.70 to KM 286.11)","sector":"road","status":"commissioned","is_blocked":false,"block_reason":null,"cost_inr_crore":5430.7,"progress_pct":99.0,"delay_months":null,"revised_completion_date":"2014-06-26","state":"Jammu and Kashmir","geo_confidence":"site","unverified":false}},{"type":"Feature","geometry":{"type":"Point","coordinates":[74.99365,33.75685]},"properties":{"id":"nhai_geoserver-c97d6094765acf0c","title":"Construction of emergency landing facility from km. 246.60 to km. 249.70 on Srinagar - Banihal Section","sector":"road","status":"commissioned","is_blocked":false,"block_reason":null,"cost_inr_crore":157.05,"progress_pct":100.0,"delay_months":null,"revised_completion_date":"2020-10-21","state":"Jammu and Kashmir","geo_confidence":"city","unverified":false}},{"type":"Feature","geometry":{"type":"Point","coordinates":[75.3412,31.1471]},"properties":{"id":"nhai_geoserver-a27f0c822ef79d12","title":"4L of km. 4.230 to km. 26.00 of Jalandhar - Pathankot Section of Old NH- 1A (Contract Package No. NS-16 (PB)","sector":"road","status":"commissioned","is_blocked":false,"block_reason":null,"cost_inr_crore":300.72,"progress_pct":null,"delay_months":null,"revised_completion_date":"2003-08-29","state":"Punjab","geo_confidence":"state","unverified":false}},{"type":"Feature","geometry":{"type":"Point","coordinates":[75.052853,20.35463]},"properties":{"id":"nhai_geoserver-d44ee0db9c4b42e6","title":"4L of MP/MH Border-Nagpur including Kamptee-Kanhan and Nagpur Bypass and Maintenance of Nagpur-Hyderabad from Km.14.585 to Km. 36.600","sector":"road","status":"commissioned","is_blocked":false,"block_reason":null,"cost_inr_crore":1443.85,"progress_pct":100.0,"delay_months":null,"revised_completion_date":"2018-12-31","state":"Maharashtra","geo_confidence":"site","unverified":false}},{"type":"Feature","geometry":{"type":"Point","coordinates":[92.9376,26.2006]},"properties":{"id":"nhai_geoserver-ccdb336d1317ba7d","title":"Strengthening including Special Repair and operation, maintenance on existing rigid and flexible 4-lane Pavement surface from km 30.000 to ch. 93.000 on NH-31C (AS-10 & AS-11) (New NH No. 27) And Repair and Rehabilitation of 8 Nos. of Distressed Brid","sector":"road","status":"commissioned","is_blocked":false,"block_reason":null,"cost_inr_crore":null,"progress_pct":null,"delay_months":null,"revised_completion_date":"2024-04-04","state":"Assam","geo_confidence":"state","unverified":false}},{"type":"Feature","geometry":{"type":"Point","coordinates":[78.6569,22.9734]},"properties":{"id":"nhai_geoserver-4f1b22a56389d3ea","title":"Construction of 4-lane Greenfield western Bypass from Design Km 0+000 (Ex Km 181+000 on NH-146) near Lahdara Village Junction on NH-146 to Design Km 20+193 (Ex Km 223+200 on NH-44) near Berkheri Guru village Junction on NH-44 of Length-20.193 km","sector":"road","status":"awarded","is_blocked":false,"block_reason":null,"cost_inr_crore":771.14,"progress_pct":null,"delay_months":null,"revised_completion_date":null,"state":"Madhya Pradesh","geo_confidence":"state","unverified":false}},{"type":"Feature","geometry":{"type":"Point","coordinates":[75.7804,11.2588]},"properties":{"id":"nhai_geoserver-5159904757fa45ad","title":"Maintenance of Kozhikode to Palakkad from Km 15.656 (junction with NH-66 near Ferokh) to Km 140.960 (Junction with NH-544 near Palakkad) of NH-966","sector":"road","status":"unknown","is_blocked":false,"block_reason":null,"cost_inr_crore":0.96,"progress_pct":null,"delay_months":null,"revised_completion_date":null,"state":"Kerala","geo_confidence":"city","unverified":false}},{"type":"Feature","geometry":{"type":"Point","coordinates":[75.7139,19.7515]},"properties":{"id":"nhai_geoserver-ef1151b5f91562ab","title":"Balance work under Phase-II for 4L of Khed Sinner Section comprising of (i) Kalamb bypass (km 68.576 to km 72.390), (ii) Linear length of Bhatkalwadi (km 89.550 to km 90.400) and Alephata bypass (km 92.030 to km 96.000)","sector":"road","status":"commissioned","is_blocked":false,"block_reason":null,"cost_inr_crore":122.15,"progress_pct":100.0,"delay_months":null,"revised_completion_date":"2022-06-28","state":"Maharashtra","geo_confidence":"state","unverified":false}},{"type":"Feature","geometry":{"type":"Point","coordinates":[75.7139,19.7515]},"properties":{"id":"nhai_geoserver-9c4a81db855d991c","title":"Strengthening of existing stretch (i.e. Strengthening (DBM +BC ) and other Maintenance of 4/6L of Khed (42.00) to Sinnar (Km. 177.00) of Old NH - 50 (New NH - 60)","sector":"road","status":"commissioned","is_blocked":false,"block_reason":null,"cost_inr_crore":2.51,"progress_pct":null,"delay_months":null,"revised_completion_date":"2021-02-24","state":"Maharashtra","geo_confidence":"state","unverified":false}},{"type":"Feature","geometry":{"type":"Point","coordinates":[76.0856,29.0588]},"properties":{"id":"nhai_geoserver-c4082b350939e2f0","title":"Overlay, Routine Maintenance and Incident Management works on four lane Rohtak-Bawal Section of NH-352 (Old NH-71) from Km. 363.300 (intersection with NH-09) to Km. 446.955 (intersection with NH-48)","sector":"road","status":"commissioned","is_blocked":false,"block_reason":null,"cost_inr_crore":null,"progress_pct":null,"delay_months":null,"revised_completion_date":"2024-10-31","state":"Haryana","geo_confidence":"state","unverified":false}},{"type":"Feature","geometry":{"type":"Point","coordinates":[74.2179,27.0238]},"properties":{"id":"nhai_geoserver-58b2c70bb2b39f3f","title":"6L accesscontrolled highway from km 0+000 to km 40+080 (Paniyala to Mator Section) of Paniyala-Barodameo ICR","sector":"road","status":"under_construction","is_blocked":false,"block_reason":null,"cost_inr_crore":1764.86,"progress_pct":42.75,"delay_months":null,"revised_completion_date":"2026-09-15","state":"Rajasthan","geo_confidence":"state","unverified":false}},{"type":"Feature","geometry":{"type":"Point","coordinates":[77.778322,28.698236]},"properties":{"id":"nhai_geoserver-3e5345aa242a701f","title":"Shakarpur( Km 8.800) to Akbarpur (Km 73.512) of NH-235 in Uttar Pradesh (Meerut - Bulandshahar)","sector":"road","status":"commissioned","is_blocked":false,"block_reason":null,"cost_inr_crore":2179.56,"progress_pct":100.0,"delay_months":null,"revised_completion_date":"2021-12-02","state":"Uttar Pradesh","geo_confidence":"site","unverified":false}},{"type":"Feature","geometry":{"type":"Point","coordinates":[82.199793,17.034393]},"properties":{"id":"nhai_geoserver-905d31e089d17e04","title":"Development of 4L Road from Samarlakota to Achampeta Junction as part of Kakinada Port Connectivity to NH-16 (Rajanagaram Junction) in East Godavari District","sector":"road","status":"under_construction","is_blocked":false,"block_reason":null,"cost_inr_crore":645.63,"progress_pct":93.0,"delay_months":null,"revised_completion_date":"2025-08-15","state":"Andhra Pradesh","geo_confidence":"site","unverified":false}},{"type":"Feature","geometry":{"type":"Point","coordinates":[84.3466,26.1108]},"properties":{"id":"nhai_geoserver-34acb9d2c991d2f9","title":"4L of Siwan- Masrakh section of Ram Janki Marg from Km 230.385 to Km 281.391 of NH-227A","sector":"road","status":"under_construction","is_blocked":false,"block_reason":null,"cost_inr_crore":1431.36,"progress_pct":10.97,"delay_months":null,"revised_completion_date":"2026-11-19","state":"Bihar","geo_confidence":"site","unverified":false}},{"type":"Feature","geometry":{"type":"Point","coordinates":[78.1642,29.9457]},"properties":{"id":"nhai_geoserver-43161ee513845330","title":"Balance work of 4L of Muzaffarnagar - Haridwar [Package -I] (Design Chainage km 130.360 to km 167.200) [Muzaffarnagar to Start of Roorkee bypass]","sector":"road","status":"commissioned","is_blocked":false,"block_reason":null,"cost_inr_crore":110.13,"progress_pct":100.0,"delay_months":null,"revised_completion_date":"2020-08-25","state":"Uttarakhand","geo_confidence":"city","unverified":false}},{"type":"Feature","geometry":{"type":"Point","coordinates":[71.724061,24.826276]},"properties":{"id":"nhai_geoserver-f467e3160529339b","title":"2L PS /4L of Gandhav Bridge to Gujarat Border from km.259.300 to km. 297.200 of NH-68","sector":"road","status":"commissioned","is_blocked":false,"block_reason":null,"cost_inr_crore":343.8,"progress_pct":null,"delay_months":null,"revised_completion_date":"2020-10-30","state":"Rajasthan","geo_confidence":"site","unverified":false}},{"type":"Feature","geometry":{"type":"Point","coordinates":[72.768845,26.679515]},"properties":{"id":"nhai_geoserver-a0fe680b7c8a5fdc","title":"Rasisar (near Bikaner)-Deogarh (near Dhandhaniya) (Phase-I) (AJ/RD-Package-5)","sector":"road","status":"commissioned","is_blocked":false,"block_reason":null,"cost_inr_crore":820.02,"progress_pct":100.0,"delay_months":null,"revised_completion_date":"2021-11-24","state":"Rajasthan","geo_confidence":"site","unverified":false}},{"type":"Feature","geometry":{"type":"Point","coordinates":[75.9064,17.6599]},"properties":{"id":"nhai_geoserver-d52187817340d080","title":"Ahmednagar – Solapur - Akkalkot - New Greenfield Highway from Hingani village at Km. 450.000 to Katgaon village at Km 486.000 - Package – XII","sector":"road","status":"tendered","is_blocked":false,"block_reason":null,"cost_inr_crore":1617.26,"progress_pct":null,"delay_months":null,"revised_completion_date":null,"state":"Maharashtra","geo_confidence":"city","unverified":false}},{"type":"Feature","geometry":{"type":"Point","coordinates":[77.888075,29.877826]},"properties":{"id":"nhai_geoserver-272084ff2e058058","title":"Ahmedabad - Dholera (Pkg IV) from km. 71.06 to km. 109.019) [Start of DSIR zone - Adhelai Village]","sector":"road","status":"commissioned","is_blocked":false,"block_reason":null,"cost_inr_crore":1181.76,"progress_pct":98.08,"delay_months":null,"revised_completion_date":"2023-12-13","state":"Gujarat","geo_confidence":"site","unverified":false}},{"type":"Feature","geometry":{"type":"Point","coordinates":[77.841113,10.3503]},"properties":{"id":"nhai_geoserver-fc53c62535f747fa","title":"Kamalapuram to Oddanchatram from km. 0.00 to km. 35.822","sector":"road","status":"under_construction","is_blocked":false,"block_reason":null,"cost_inr_crore":1319.42,"progress_pct":93.6,"delay_months":null,"revised_completion_date":"2023-01-20","state":"Tamil Nadu","geo_confidence":"site","unverified":false}},{"type":"Feature","geometry":{"type":"Point","coordinates":[75.7873,26.9124]},"properties":{"id":"nhai_geoserver-244c97855c36af7b","title":"Six Laning of Jaipur-Kishangarh from km 273.500 to km 363.885","sector":"road","status":"commissioned","is_blocked":false,"block_reason":null,"cost_inr_crore":279.0,"progress_pct":null,"delay_months":null,"revised_completion_date":"2005-09-01","state":"Rajasthan","geo_confidence":"city","unverified":false}},{"type":"Feature","geometry":{"type":"Point","coordinates":[87.938491,24.80292]},"properties":{"id":"nhai_geoserver-a90c3cd149f92513","title":"Bridge over Ganga River at d/s of Farraka Barrage including Approaches connecting Farakka-Raiganj","sector":"road","status":"under_construction","is_blocked":false,"block_reason":null,"cost_inr_crore":622.04,"progress_pct":96.71,"delay_months":null,"revised_completion_date":"2021-12-18","state":"West Bengal","geo_confidence":"site","unverified":false}},{"type":"Feature","geometry":{"type":"Point","coordinates":[79.135137,27.317769]},"properties":{"id":"nhai_geoserver-8b11a0c0558b0278","title":"Aligarh-Kanpur (Pkg III) [Kalyanpur - Naviganj]","sector":"road","status":"commissioned","is_blocked":false,"block_reason":null,"cost_inr_crore":1939.46,"progress_pct":100.0,"delay_months":null,"revised_completion_date":"2021-06-06","state":"Uttar Pradesh","geo_confidence":"site","unverified":false}},{"type":"Feature","geometry":{"type":"Point","coordinates":[78.77877,25.208045]},"properties":{"id":"nhai_geoserver-c4c6931864fbd36b","title":"Jhansi - Khajuraho(PKG-I)","sector":"road","status":"commissioned","is_blocked":false,"block_reason":null,"cost_inr_crore":1689.89,"progress_pct":99.99,"delay_months":null,"revised_completion_date":"2020-11-13","state":"Madhya Pradesh","geo_confidence":"site","unverified":false}},{"type":"Feature","geometry":{"type":"Point","coordinates":[76.0856,29.0588]},"properties":{"id":"nhai_geoserver-03dbe6d5bf5d51e4","title":"Operation and Maintenance of Hisar-Dabwali section of NH-9/10","sector":"road","status":"commissioned","is_blocked":false,"block_reason":null,"cost_inr_crore":null,"progress_pct":null,"delay_months":null,"revised_completion_date":"2023-06-21","state":"Haryana","geo_confidence":"state","unverified":false}},{"type":"Feature","geometry":{"type":"Point","coordinates":[80.938873,26.784312]},"properties":{"id":"nhai_geoserver-5dce2c6bc50357c3","title":"Lucknow Ring Road Pkg-1 (Sultanpur Road to Behta Road) [Bypass connecting NH-56 at km. 17.40 and terminating near Behta Road]","sector":"road","status":"commissioned","is_blocked":false,"block_reason":null,"cost_inr_crore":1916.38,"progress_pct":100.0,"delay_months":null,"revised_completion_date":"2023-02-06","state":"Uttar Pradesh","geo_confidence":"site","unverified":false}},{"type":"Feature","geometry":{"type":"Point","coordinates":[70.128696,21.707134]},"properties":{"id":"nhai_geoserver-1483a3583cc9e7a2","title":"Porbandar - Bhiladi - Jetpur from km. 01.96 to km. 117.00 under TOT Bundle - 1","sector":"road","status":"commissioned","is_blocked":false,"block_reason":null,"cost_inr_crore":74.25,"progress_pct":null,"delay_months":null,"revised_completion_date":"2048-08-28","state":"Gujarat","geo_confidence":"site","unverified":false}},{"type":"Feature","geometry":{"type":"Point","coordinates":[76.163267,27.071793]},"properties":{"id":"nhai_geoserver-71ee7347e066cbf8","title":"Manoharpur - Dausa section of NH-11 A (New NH-148)","sector":"road","status":"commissioned","is_blocked":false,"block_reason":null,"cost_inr_crore":267.28,"progress_pct":100.0,"delay_months":null,"revised_completion_date":"2018-10-19","state":"Rajasthan","geo_confidence":"site","unverified":false}},{"type":"Feature","geometry":{"type":"Point","coordinates":[79.74,15.9129]},"properties":{"id":"nhai_geoserver-583b807d97578c27","title":"Chandragudem to AP/Telangana Border","sector":"road","status":"commissioned","is_blocked":false,"block_reason":null,"cost_inr_crore":540.75,"progress_pct":null,"delay_months":null,"revised_completion_date":"2017-07-31","state":"Andhra Pradesh","geo_confidence":"state","unverified":false}},{"type":"Feature","geometry":{"type":"Point","coordinates":[78.282895,17.253203]},"properties":{"id":"nhai_geoserver-5d33ae7a963f1449","title":"Development of Northern portion of Hyderabad Regional Ring Road (HRRR)","sector":"road","status":"tendered","is_blocked":false,"block_reason":null,"cost_inr_crore":12596.54,"progress_pct":null,"delay_months":null,"revised_completion_date":null,"state":"Telangana","geo_confidence":"site","unverified":false}},{"type":"Feature","geometry":{"type":"Point","coordinates":[76.0856,29.0588]},"properties":{"id":"nhai_geoserver-e3407cdb87ece3ae","title":"4L  Ambala - Kalaamb from Km. -0.800 to Km. 33.015 of old NH-72","sector":"road","status":"commissioned","is_blocked":false,"block_reason":null,"cost_inr_crore":1183.7,"progress_pct":100.0,"delay_months":null,"revised_completion_date":"2025-06-08","state":"Haryana","geo_confidence":"state","unverified":false}},{"type":"Feature","geometry":{"type":"Point","coordinates":[85.095145,21.919434]},"properties":{"id":"nhai_geoserver-a8402b5016d5e52f","title":"Koida- Rajamunda (Pkg-II) km 206.00 - km 259.453 of NH 215","sector":"road","status":"commissioned","is_blocked":false,"block_reason":null,"cost_inr_crore":1176.41,"progress_pct":99.94,"delay_months":null,"revised_completion_date":"2020-05-07","state":"Odisha","geo_confidence":"site","unverified":false}},{"type":"Feature","geometry":{"type":"Point","coordinates":[85.379175,24.076263]},"properties":{"id":"nhai_geoserver-18b2c032124e78c5","title":"Barhi (Km 0.000 ) to Hazaribagh (40.500) of NH-33 in Jharkhand","sector":"road","status":"commissioned","is_blocked":false,"block_reason":null,"cost_inr_crore":711.77,"progress_pct":98.75,"delay_months":null,"revised_completion_date":"2018-11-16","state":"Jharkhand","geo_confidence":"site","unverified":false}},{"type":"Feature","geometry":{"type":"Point","coordinates":[75.9064,17.6599]},"properties":{"id":"nhai_geoserver-f5dc654f94dbed30","title":"Pune to Solapur from Km. 14  to Km. 40 (transferred to NHAI from State PWD)","sector":"road","status":"commissioned","is_blocked":false,"block_reason":null,"cost_inr_crore":1.15,"progress_pct":null,"delay_months":null,"revised_completion_date":null,"state":"Maharashtra","geo_confidence":"city","unverified":false}},{"type":"Feature","geometry":{"type":"Point","coordinates":[69.64386,21.621475]},"properties":{"id":"nhai_geoserver-402309228298e084","title":"One Time Improvement & Maintenance of Porbandar–Bypass road  from Km.357.100 to Km.376.000 of NH-51","sector":"road","status":"commissioned","is_blocked":false,"block_reason":null,"cost_inr_crore":8.7,"progress_pct":null,"delay_months":null,"revised_completion_date":"2022-06-14","state":"Gujarat","geo_confidence":"site","unverified":false}},{"type":"Feature","geometry":{"type":"Point","coordinates":[92.914619,26.027613]},"properties":{"id":"nhai_geoserver-85201e2b4517c284","title":"Doboka - Lanka (AS-16) (Including Dobaka Bypass)","sector":"road","status":"commissioned","is_blocked":false,"block_reason":null,"cost_inr_crore":322.12,"progress_pct":null,"delay_months":null,"revised_completion_date":"2013-04-20","state":"Assam","geo_confidence":"site","unverified":false}},{"type":"Feature","geometry":{"type":"Point","coordinates":[87.855,22.9868]},"properties":{"id":"nhai_geoserver-3f4cd25b54e41414","title":"Strengthening to NH-12 (old NH-34)","sector":"road","status":"under_construction","is_blocked":false,"block_reason":null,"cost_inr_crore":null,"progress_pct":null,"delay_months":null,"revised_completion_date":"2024-04-28","state":"West Bengal","geo_confidence":"state","unverified":false}},{"type":"Feature","geometry":{"type":"Point","coordinates":[92.9376,26.2006]},"properties":{"id":"nhai_geoserver-0906ae31fccacfee","title":"Kaljhar to patacharkuchi","sector":"road","status":"tendered","is_blocked":false,"block_reason":null,"cost_inr_crore":null,"progress_pct":null,"delay_months":null,"revised_completion_date":null,"state":"Assam","geo_confidence":"state","unverified":false}},{"type":"Feature","geometry":{"type":"Point","coordinates":[78.6569,22.9734]},"properties":{"id":"nhai_geoserver-59c6aa8f9805837b","title":"4L Greenfield Highway link for connecting NH - 26 with NH-76 in Madhya Pradesh","sector":"road","status":"tendered","is_blocked":false,"block_reason":null,"cost_inr_crore":256.6,"progress_pct":0.0,"delay_months":null,"revised_completion_date":null,"state":"Madhya Pradesh","geo_confidence":"state","unverified":false}},{"type":"Feature","geometry":{"type":"Point","coordinates":[83.343105,24.127025]},"properties":{"id":"nhai_geoserver-cccdd188517f3a8a","title":"4L from Km 219.600 (Khajuri) to Km 260.483 (Wyndhamganj) on NH-75 (Sec-V)","sector":"road","status":"commissioned","is_blocked":false,"block_reason":null,"cost_inr_crore":1436.49,"progress_pct":100.0,"delay_months":null,"revised_completion_date":"2025-09-14","state":"Jharkhand","geo_confidence":"site","unverified":false}},{"type":"Feature","geometry":{"type":"Point","coordinates":[75.3412,31.1471]},"properties":{"id":"nhai_geoserver-2da0e7b6d9c91bac","title":"4L of Patiala bypass section from km 50.000  to km 69.870 of NH-64 (New NH-07)","sector":"road","status":"commissioned","is_blocked":false,"block_reason":null,"cost_inr_crore":569.73,"progress_pct":null,"delay_months":null,"revised_completion_date":"2016-12-15","state":"Punjab","geo_confidence":"state","unverified":false}},{"type":"Feature","geometry":{"type":"Point","coordinates":[74.603453,26.329959]},"properties":{"id":"nhai_geoserver-8ce26eb98f4a5d32","title":"Kishangarh-Ajmar- Beawar from km 364.125 - km 396.00 and km 0.00 to km 58.245","sector":"road","status":"under_construction","is_blocked":false,"block_reason":null,"cost_inr_crore":115.54,"progress_pct":100.0,"delay_months":null,"revised_completion_date":"2012-05-12","state":"Rajasthan","geo_confidence":"site","unverified":false}},{"type":"Feature","geometry":{"type":"Point","coordinates":[74.4266,14.419016]},"properties":{"id":"nhai_geoserver-da508475fe26ece2","title":"Bengaluru-Hoskote-Mulbagal","sector":"road","status":"commissioned","is_blocked":false,"block_reason":null,"cost_inr_crore":614.54,"progress_pct":100.0,"delay_months":null,"revised_completion_date":"2010-07-04","state":"Karnataka","geo_confidence":"site","unverified":false}},{"type":"Feature","geometry":{"type":"Point","coordinates":[80.035737,15.780289]},"properties":{"id":"nhai_geoserver-d653345141314f28","title":"6L of Veera Kaveri Raja Puram to Pondavakkam from km 61.380 to km 96.040 of NH 716B (Pkg-III)","sector":"road","status":"under_construction","is_blocked":false,"block_reason":null,"cost_inr_crore":1439.77,"progress_pct":98.89,"delay_months":null,"revised_completion_date":"2025-01-24","state":"Andhra Pradesh","geo_confidence":"site","unverified":false}},{"type":"Feature","geometry":{"type":"Point","coordinates":[75.9064,17.6599]},"properties":{"id":"nhai_geoserver-69202d55c96389aa","title":"Ahmednagar – Solapur - Akkalkot -  New Greenfield Highway from  Musti at Km. 0.000 to Hattur village at Km.33.000 (Spur connectivity to Solapur city)- Package – XV","sector":"road","status":"tendered","is_blocked":false,"block_reason":null,"cost_inr_crore":1722.61,"progress_pct":null,"delay_months":null,"revised_completion_date":null,"state":"Maharashtra","geo_confidence":"city","unverified":false}},{"type":"Feature","geometry":{"type":"Point","coordinates":[79.74,15.9129]},"properties":{"id":"nhai_geoserver-b276a1885c1462b3","title":"6L  Access Controlled Greenfield Highway from Audireddipalle (Ch. 160+000) to Mallapalle (Ch. 176+000)(Package-07)","sector":"road","status":"under_construction","is_blocked":false,"block_reason":null,"cost_inr_crore":987.1,"progress_pct":73.78,"delay_months":null,"revised_completion_date":"2026-03-06","state":"Andhra Pradesh","geo_confidence":"state","unverified":false}},{"type":"Feature","geometry":{"type":"Point","coordinates":[75.7873,26.9124]},"properties":{"id":"nhai_geoserver-168c2aab1a620436","title":"Strengthening and Maintenance of 4L Jaipur-Reengus section of NH-52 (Old NH-11) from Km. 246.300 to Km. 298.075","sector":"road","status":"commissioned","is_blocked":false,"block_reason":null,"cost_inr_crore":77.5,"progress_pct":null,"delay_months":null,"revised_completion_date":"2028-07-12","state":"Rajasthan","geo_confidence":"city","unverified":false}},{"type":"Feature","geometry":{"type":"Point","coordinates":[69.7219,22.8394]},"properties":{"id":"nhai_geoserver-ec65668029a66af4","title":"Short term improvement and routine maintenance of 4L  Gandhidham (Kandla)-Mundra port section from Km 0.00 to Km. 71.4 of NH-8A (Extn.)","sector":"road","status":"commissioned","is_blocked":false,"block_reason":null,"cost_inr_crore":6.76,"progress_pct":null,"delay_months":null,"revised_completion_date":"2022-11-22","state":"Gujarat","geo_confidence":"city","unverified":false}},{"type":"Feature","geometry":{"type":"Point","coordinates":[76.6565,28.6063]},"properties":{"id":"nhai_geoserver-e41fcc633f56632b","title":"Improvement of section from km 173.050 to 177.770 (design ch. 42.280 to 47.000) and from km 212.130 to 213.130 (design ch. 81.360 to 82.360) of Jhajjar-Loharu section of NH-334B","sector":"road","status":"commissioned","is_blocked":false,"block_reason":null,"cost_inr_crore":null,"progress_pct":null,"delay_months":null,"revised_completion_date":"2024-02-09","state":"Haryana","geo_confidence":"city","unverified":false}},{"type":"Feature","geometry":{"type":"Point","coordinates":[82.296078,17.132759]},"properties":{"id":"nhai_geoserver-5d8b229fb3e446a9","title":"Routine maintenance including incident Management for O&M of Vaggampalli - Dornal T section from km 293.266 to km 359.422 of NH-565","sector":"road","status":"commissioned","is_blocked":false,"block_reason":null,"cost_inr_crore":23.44,"progress_pct":null,"delay_months":null,"revised_completion_date":"2024-07-10","state":"Andhra Pradesh","geo_confidence":"site","unverified":false}},{"type":"Feature","geometry":{"type":"Point","coordinates":[71.1924,22.2587]},"properties":{"id":"nhai_geoserver-4cf43e812bcb1b80","title":"4L PS from Ch. 179.780 in Bitada/Movi Village to Ch. 208.900 in Nasarpore Village of NH-56 (Pkg-V)","sector":"road","status":"under_construction","is_blocked":false,"block_reason":null,"cost_inr_crore":764.02,"progress_pct":10.85,"delay_months":null,"revised_completion_date":"2027-11-26","state":"Gujarat","geo_confidence":"state","unverified":false}},{"type":"Feature","geometry":{"type":"Point","coordinates":[92.644201,26.296353]},"properties":{"id":"nhai_geoserver-9b53f8ded57c72da","title":"4L of km 262.70 to km 255.00 of NH-37 (old) Raha-Nagaon (AS-18) (Including Nagaon Bypass)","sector":"road","status":"commissioned","is_blocked":false,"block_reason":null,"cost_inr_crore":418.95,"progress_pct":null,"delay_months":null,"revised_completion_date":"2008-02-17","state":"Assam","geo_confidence":"site","unverified":false}},{"type":"Feature","geometry":{"type":"Point","coordinates":[72.241474,25.645103]},"properties":{"id":"nhai_geoserver-6029da65b265a3a6","title":"Deogarh (near Dhandhaniya)-Rajasthan/Gujarat Border (Phase-I) (AJ/DRGB-Package-4)","sector":"road","status":"commissioned","is_blocked":false,"block_reason":null,"cost_inr_crore":598.01,"progress_pct":100.0,"delay_months":null,"revised_completion_date":"2022-11-25","state":"Rajasthan","geo_confidence":"site","unverified":false}},{"type":"Feature","geometry":{"type":"Point","coordinates":[72.023708,25.215518]},"properties":{"id":"nhai_geoserver-5fcdd8bf865a0c9f","title":"Deogarh (near Dhandhaniya)-Rajasthan/Gujarat Border (Phase-I) (AJ/DRGB-Package-6)","sector":"road","status":"under_construction","is_blocked":false,"block_reason":null,"cost_inr_crore":846.59,"progress_pct":100.0,"delay_months":null,"revised_completion_date":"2023-08-11","state":"Rajasthan","geo_confidence":"site","unverified":false}},{"type":"Feature","geometry":{"type":"Point","coordinates":[75.057329,15.401537]},"properties":{"id":"nhai_geoserver-78772bf35dd27abb","title":"4/6L of Bangalore - Pune Section of bypass connecting Dharwad - Hubli from km. 403.80 to km. 433.20","sector":"road","status":"under_construction","is_blocked":false,"block_reason":null,"cost_inr_crore":1135.39,"progress_pct":83.8,"delay_months":null,"revised_completion_date":"2025-09-21","state":"Karnataka","geo_confidence":"site","unverified":false}},{"type":"Feature","geometry":{"type":"Point","coordinates":[84.628799,25.583061]},"properties":{"id":"nhai_geoserver-b14d6c02cd2b5c2a","title":"Koilwar Bhojpur from km. 137.375 of NH- 30 to km. 27.37 of NH-84","sector":"road","status":"commissioned","is_blocked":false,"block_reason":null,"cost_inr_crore":1378.14,"progress_pct":100.0,"delay_months":null,"revised_completion_date":"2020-01-01","state":"Bihar","geo_confidence":"site","unverified":false}},{"type":"Feature","geometry":{"type":"Point","coordinates":[78.37565,25.83335]},"properties":{"id":"nhai_geoserver-f2585d1ad0b43915","title":"Balance work of Gwalior - Jhansi section","sector":"road","status":"commissioned","is_blocked":false,"block_reason":null,"cost_inr_crore":419.0,"progress_pct":100.0,"delay_months":null,"revised_completion_date":"2020-08-27","state":"Madhya Pradesh","geo_confidence":"city","unverified":false}},{"type":"Feature","geometry":{"type":"Point","coordinates":[78.409014,26.704865]},"properties":{"id":"nhai_geoserver-2a126f27f8a2ce0d","title":"Vadodara Mumbai Expressway (Phase II - Pkg XIII) [Km. 26.582 to Km. 50.700] (Shirsad - Masvan)","sector":"road","status":"under_construction","is_blocked":false,"block_reason":null,"cost_inr_crore":3536.9,"progress_pct":88.5,"delay_months":null,"revised_completion_date":"2024-02-08","state":"Maharashtra","geo_confidence":"site","unverified":false}},{"type":"Feature","geometry":{"type":"Point","coordinates":[78.01684,27.617725]},"properties":{"id":"nhai_geoserver-6183246561e2db66","title":"4L from Gaju Village at Km. 32.982 to Devinagar Bypass (End) at Km. 208.000 of NH-530B (Pkg-1C).","sector":"road","status":"commissioned","is_blocked":false,"block_reason":null,"cost_inr_crore":1384.79,"progress_pct":99.99,"delay_months":null,"revised_completion_date":"2025-01-01","state":"Uttar Pradesh","geo_confidence":"site","unverified":false}},{"type":"Feature","geometry":{"type":"Point","coordinates":[78.307792,18.588445]},"properties":{"id":"nhai_geoserver-a8355967527f8454","title":"Armur - Adloor Yellareddy (Nagpur-Hyderabad)","sector":"road","status":"commissioned","is_blocked":false,"block_reason":null,"cost_inr_crore":206.4,"progress_pct":100.0,"delay_months":null,"revised_completion_date":"2012-01-31","state":"Telangana","geo_confidence":"site","unverified":false}},{"type":"Feature","geometry":{"type":"Point","coordinates":[78.6569,22.9734]},"properties":{"id":"nhai_geoserver-2ccf81d16e985cd2","title":"Construction of 4-laning of balance section of Itarsi-Betul (Length 20.91 Km) in Tiger corridor of  of NH-46.","sector":"road","status":"awarded","is_blocked":false,"block_reason":null,"cost_inr_crore":758.6,"progress_pct":null,"delay_months":null,"revised_completion_date":null,"state":"Madhya Pradesh","geo_confidence":"state","unverified":false}},{"type":"Feature","geometry":{"type":"Point","coordinates":[71.1924,22.2587]},"properties":{"id":"nhai_geoserver-032460e9c34c2c6d","title":"4 laning of Malia to Pipaliya (CSH-6) section (Missing link) of NH-151A (Approx. length 24 Km)","sector":"road","status":"tendered","is_blocked":false,"block_reason":null,"cost_inr_crore":746.63,"progress_pct":null,"delay_months":null,"revised_completion_date":null,"state":"Gujarat","geo_confidence":"state","unverified":false}},{"type":"Feature","geometry":{"type":"Point","coordinates":[85.066565,25.959147]},"properties":{"id":"nhai_geoserver-bf13db0fcca2aa61","title":"Chhapra - Rewaghat - Muzaffarpur from Km 1.300 to Km 74.200 and Km. 1.300 to Km. 7","sector":"road","status":"commissioned","is_blocked":false,"block_reason":null,"cost_inr_crore":649.27,"progress_pct":100.0,"delay_months":null,"revised_completion_date":"2018-04-05","state":"Bihar","geo_confidence":"site","unverified":false}},{"type":"Feature","geometry":{"type":"Point","coordinates":[77.745428,10.475203]},"properties":{"id":"nhai_geoserver-8b2f479117bee6c7","title":"Oddanchatram Bypass from Km 23.100 to Km 33.200 of NH-209 in Tamil Nadu","sector":"road","status":"commissioned","is_blocked":false,"block_reason":null,"cost_inr_crore":263.67,"progress_pct":100.0,"delay_months":null,"revised_completion_date":"2019-11-21","state":"Tamil Nadu","geo_confidence":"site","unverified":false}},{"type":"Feature","geometry":{"type":"Point","coordinates":[78.6569,22.9734]},"properties":{"id":"nhai_geoserver-64a16e09ad35a82f","title":"Delinked stretch of Seoni - MP/MH Border (MP 3)","sector":"road","status":"commissioned","is_blocked":false,"block_reason":null,"cost_inr_crore":968.25,"progress_pct":100.0,"delay_months":null,"revised_completion_date":"2020-08-09","state":"Madhya Pradesh","geo_confidence":"state","unverified":false}},{"type":"Feature","geometry":{"type":"Point","coordinates":[75.7139,19.7515]},"properties":{"id":"nhai_geoserver-b8a607587871cbde","title":"Flyovers in Akola City","sector":"road","status":"commissioned","is_blocked":false,"block_reason":null,"cost_inr_crore":209.35,"progress_pct":100.0,"delay_months":null,"revised_completion_date":"2022-02-16","state":"Maharashtra","geo_confidence":"state","unverified":false}},{"type":"Feature","geometry":{"type":"Point","coordinates":[80.155912,13.032448]},"properties":{"id":"nhai_geoserver-1ff8b15e2073fd19","title":"Chennai Bypass","sector":"road","status":"commissioned","is_blocked":false,"block_reason":null,"cost_inr_crore":610.41,"progress_pct":null,"delay_months":null,"revised_completion_date":"1999-12-11","state":"Tamil Nadu","geo_confidence":"site","unverified":false}},{"type":"Feature","geometry":{"type":"Point","coordinates":[76.819402,8.686011]},"properties":{"id":"nhai_geoserver-b5b941157aaac4b2","title":"Kadambattukonam-Kazhakuttom","sector":"road","status":"under_construction","is_blocked":false,"block_reason":null,"cost_inr_crore":3635.64,"progress_pct":44.34,"delay_months":null,"revised_completion_date":"2025-01-18","state":"Kerala","geo_confidence":"site","unverified":false}},{"type":"Feature","geometry":{"type":"Point","coordinates":[79.024583,28.764722]},"properties":{"id":"nhai_geoserver-249f83026f63af1c","title":"Lucknow (11.500) to Sultanpur (138.925) of NH-56 in Uttar Pradesh","sector":"road","status":"commissioned","is_blocked":false,"block_reason":null,"cost_inr_crore":3355.0,"progress_pct":100.0,"delay_months":null,"revised_completion_date":"2019-11-04","state":"Uttar Pradesh","geo_confidence":"site","unverified":false}},{"type":"Feature","geometry":{"type":"Point","coordinates":[79.0193,30.0668]},"properties":{"id":"nhai_geoserver-12ef56a52890ee97","title":"2L PS of Khatima bypass from km 24+720 to km. 32+975","sector":"road","status":"cancelled","is_blocked":true,"block_reason":"other","cost_inr_crore":102.26,"progress_pct":100.0,"delay_months":null,"revised_completion_date":"2022-04-17","state":"Uttarakhand","geo_confidence":"state","unverified":false}},{"type":"Feature","geometry":{"type":"Point","coordinates":[88.170733,22.910193]},"properties":{"id":"nhai_geoserver-884f9e3756f2c5c8","title":"6L of Palsit - Dankuni from Km 588.870 to Km 652.700","sector":"road","status":"commissioned","is_blocked":false,"block_reason":null,"cost_inr_crore":2153.85,"progress_pct":97.04,"delay_months":null,"revised_completion_date":"2024-09-28","state":"West Bengal","geo_confidence":"site","unverified":false}},{"type":"Feature","geometry":{"type":"Point","coordinates":[78.6569,11.1271]},"properties":{"id":"nhai_geoserver-29c448592e85946b","title":"Dindigul Bypass - Samyanallore from km. 373.275 to km. 426.00","sector":"road","status":"commissioned","is_blocked":false,"block_reason":null,"cost_inr_crore":579.0,"progress_pct":100.0,"delay_months":null,"revised_completion_date":"2009-01-29","state":"Tamil Nadu","geo_confidence":"state","unverified":false}},{"type":"Feature","geometry":{"type":"Point","coordinates":[74.412793,20.54566]},"properties":{"id":"nhai_geoserver-27e755c41c0a0cc2","title":"Satara (Km 725.000) to Pune (Km 865.350) of NH - 4 (New NH - 48) in Maharashtra","sector":"road","status":"under_construction","is_blocked":false,"block_reason":null,"cost_inr_crore":361.72,"progress_pct":99.05,"delay_months":null,"revised_completion_date":"2022-05-04","state":"Maharashtra","geo_confidence":"site","unverified":false}},{"type":"Feature","geometry":{"type":"Point","coordinates":[77.737335,8.813688]},"properties":{"id":"nhai_geoserver-96d42cc3199c2f5c","title":"Madurai to Kanyakumari from Km 116.500 to Km 180.00 Section of NH 7 under TOT Bundle-3","sector":"road","status":"commissioned","is_blocked":false,"block_reason":null,"cost_inr_crore":null,"progress_pct":null,"delay_months":null,"revised_completion_date":"2050-10-19","state":"Tamil Nadu","geo_confidence":"site","unverified":false}},{"type":"Feature","geometry":{"type":"Point","coordinates":[78.814402,21.149312]},"properties":{"id":"nhai_geoserver-03290b6a64b14d71","title":"4L of Nagpur - Kondhali Section from km 9.200 - km 50.000 of Old NH-6","sector":"road","status":"commissioned","is_blocked":false,"block_reason":null,"cost_inr_crore":235.97,"progress_pct":97.0,"delay_months":null,"revised_completion_date":"2011-10-23","state":"Maharashtra","geo_confidence":"site","unverified":false}},{"type":"Feature","geometry":{"type":"Point","coordinates":[83.003472,18.444167]},"properties":{"id":"nhai_geoserver-b39cdaa54675dd5f","title":"6L Greenfield  Kandili - Aluru Section of NH-130-CD Road from km 342+500 to km 365+033 (Package-OD-8)","sector":"road","status":"under_construction","is_blocked":false,"block_reason":null,"cost_inr_crore":1492.74,"progress_pct":99.9,"delay_months":null,"revised_completion_date":"2024-10-17","state":"Odisha","geo_confidence":"site","unverified":false}},{"type":"Feature","geometry":{"type":"Point","coordinates":[85.565576,25.788598]},"properties":{"id":"nhai_geoserver-9d46f94c0cfe250f","title":"4L  Greenfield Alignment from Kalyanapur to Tal Dashraha of NH-119D (Pkg-III)","sector":"road","status":"under_construction","is_blocked":false,"block_reason":null,"cost_inr_crore":1857.58,"progress_pct":36.25,"delay_months":null,"revised_completion_date":"2025-02-15","state":"Bihar","geo_confidence":"site","unverified":false}},{"type":"Feature","geometry":{"type":"Point","coordinates":[74.681862,16.911645]},"properties":{"id":"nhai_geoserver-b79691292187c6a3","title":"Four Laning of Sangli - Solapur (Pkg I) [Sangli - Borgaon km 182.556 - km 224.00]","sector":"road","status":"commissioned","is_blocked":false,"block_reason":null,"cost_inr_crore":1408.76,"progress_pct":99.0,"delay_months":null,"revised_completion_date":"2021-05-21","state":"Maharashtra","geo_confidence":"site","unverified":false}},{"type":"Feature","geometry":{"type":"Point","coordinates":[79.9864,23.1815]},"properties":{"id":"nhai_geoserver-84baa81817de2b66","title":"Outer Ring Road of Jabalpur Town from Barela to Manegaon (Pkg-1)","sector":"road","status":"under_construction","is_blocked":false,"block_reason":null,"cost_inr_crore":652.33,"progress_pct":89.72,"delay_months":null,"revised_completion_date":"2025-03-05","state":"Madhya Pradesh","geo_confidence":"city","unverified":false}},{"type":"Feature","geometry":{"type":"Point","coordinates":[87.855,22.9868]},"properties":{"id":"nhai_geoserver-06c4f4be6448ae5d","title":"Palsit - Dhankuni (4L) km 581.457 to km 646.000 of NH-2","sector":"road","status":"commissioned","is_blocked":false,"block_reason":null,"cost_inr_crore":1329.56,"progress_pct":null,"delay_months":null,"revised_completion_date":"2005-06-09","state":"West Bengal","geo_confidence":"state","unverified":false}},{"type":"Feature","geometry":{"type":"Point","coordinates":[79.494527,11.975508]},"properties":{"id":"nhai_geoserver-c333d82302b60133","title":"Tindivanam - Ulundurpet from km 121.00 to km 193.90","sector":"road","status":"commissioned","is_blocked":false,"block_reason":null,"cost_inr_crore":1241.23,"progress_pct":null,"delay_months":null,"revised_completion_date":"2009-04-15","state":"Tamil Nadu","geo_confidence":"site","unverified":false}},{"type":"Feature","geometry":{"type":"Point","coordinates":[77.53,29.4905]},"properties":{"id":"nhai_geoserver-94864605c4e248dc","title":"Shamli - Muzzafarnagar","sector":"road","status":"commissioned","is_blocked":false,"block_reason":null,"cost_inr_crore":1621.07,"progress_pct":100.0,"delay_months":null,"revised_completion_date":"2022-12-23","state":"Uttar Pradesh","geo_confidence":"site","unverified":false}},{"type":"Feature","geometry":{"type":"Point","coordinates":[74.2179,27.0238]},"properties":{"id":"nhai_geoserver-676367567e37fe33","title":"Chittorgarh Bypass (RJ-6) km.253 to km. 213","sector":"road","status":"commissioned","is_blocked":false,"block_reason":null,"cost_inr_crore":694.39,"progress_pct":null,"delay_months":null,"revised_completion_date":"2008-04-22","state":"Rajasthan","geo_confidence":"state","unverified":false}},{"type":"Feature","geometry":{"type":"Point","coordinates":[78.265107,29.425035]},"properties":{"id":"nhai_geoserver-61599681b80c9a10","title":"Bijnor-Kotawali","sector":"road","status":"under_construction","is_blocked":false,"block_reason":null,"cost_inr_crore":300.58,"progress_pct":99.02,"delay_months":null,"revised_completion_date":"2023-05-02","state":"Uttar Pradesh","geo_confidence":"site","unverified":false}},{"type":"Feature","geometry":{"type":"Point","coordinates":[86.91734,24.41236]},"properties":{"id":"nhai_geoserver-a32c4881c6081b6f","title":"4L of Basukinath- Deoghar Section of NH-114A","sector":"road","status":"under_construction","is_blocked":false,"block_reason":null,"cost_inr_crore":1444.94,"progress_pct":90.53,"delay_months":null,"revised_completion_date":"2025-12-11","state":"Jharkhand","geo_confidence":"site","unverified":false}},{"type":"Feature","geometry":{"type":"Point","coordinates":[79.74,15.9129]},"properties":{"id":"nhai_geoserver-9d9eda486dcc78e7","title":"Annavaram - Diwancheruvu (km 830.525 to km 901.500)","sector":"road","status":"commissioned","is_blocked":false,"block_reason":null,"cost_inr_crore":1015.75,"progress_pct":null,"delay_months":null,"revised_completion_date":"2004-11-29","state":"Andhra Pradesh","geo_confidence":"state","unverified":false}},{"type":"Feature","geometry":{"type":"Point","coordinates":[83.2185,17.6868]},"properties":{"id":"nhai_geoserver-3aeb0bdf3bc6796c","title":"Construction of Flyover/Underpass at Vizag Airport Junction to ensure Flow of container trailers to/from MMLP setup at NH-16","sector":"road","status":"commissioned","is_blocked":false,"block_reason":null,"cost_inr_crore":58.73,"progress_pct":90.0,"delay_months":null,"revised_completion_date":"2025-02-15","state":"Andhra Pradesh","geo_confidence":"city","unverified":false}},{"type":"Feature","geometry":{"type":"Point","coordinates":[77.141487,31.712952]},"properties":{"id":"nhai_geoserver-e19222f39d760d17","title":"Pandoh bypass (221.305) to Takoli (242.000) of NH-21 in the state of Himachal Pradesh","sector":"road","status":"under_construction","is_blocked":false,"block_reason":null,"cost_inr_crore":3419.95,"progress_pct":95.65,"delay_months":null,"revised_completion_date":"2021-09-23","state":"Himachal Pradesh","geo_confidence":"site","unverified":false}},{"type":"Feature","geometry":{"type":"Point","coordinates":[74.2179,27.0238]},"properties":{"id":"nhai_geoserver-9c6b7f2e0532223c","title":"Gogunda - Udaipur from km. 73.00 to km. 104.724 of NH-76 (Contract Package EW-II RJ-III)","sector":"road","status":"commissioned","is_blocked":false,"block_reason":null,"cost_inr_crore":550.83,"progress_pct":null,"delay_months":null,"revised_completion_date":"2008-07-13","state":"Rajasthan","geo_confidence":"state","unverified":false}},{"type":"Feature","geometry":{"type":"Point","coordinates":[87.989197,26.393138]},"properties":{"id":"nhai_geoserver-64f080d452b36080","title":"4L of Galgalia - Bahadurganj section from Km 0.000 to Km 49.000 (Package-I) of NH327E","sector":"road","status":"commissioned","is_blocked":false,"block_reason":null,"cost_inr_crore":1282.97,"progress_pct":100.0,"delay_months":null,"revised_completion_date":"2024-01-09","state":"Bihar","geo_confidence":"site","unverified":false}},{"type":"Feature","geometry":{"type":"Point","coordinates":[78.774592,21.246793]},"properties":{"id":"nhai_geoserver-ff8f528dcddd45ee","title":"4L of Rajura-Korpana-Adilabad Road upto M.S. Border from km 32.910 to km 89.090 of NH-353B","sector":"road","status":"commissioned","is_blocked":false,"block_reason":null,"cost_inr_crore":1013.33,"progress_pct":100.0,"delay_months":null,"revised_completion_date":"2024-10-15","state":"Maharashtra","geo_confidence":"site","unverified":false}},{"type":"Feature","geometry":{"type":"Point","coordinates":[86.333315,23.343045]},"properties":{"id":"nhai_geoserver-814a0f82f6f7ef7a","title":"4L of Purulia Bypass section from Km 84.030 to Km 94.345 of NH-32","sector":"road","status":"cancelled","is_blocked":true,"block_reason":"other","cost_inr_crore":557.55,"progress_pct":94.12,"delay_months":null,"revised_completion_date":"2023-08-08","state":"West Bengal","geo_confidence":"site","unverified":false}},{"type":"Feature","geometry":{"type":"Point","coordinates":[77.1734,31.1048]},"properties":{"id":"nhai_geoserver-accb1749654feade","title":"2L PS of Hamirpur Bypass from Km 121.175 to Km.138.295 of NH-103&3","sector":"road","status":"under_construction","is_blocked":false,"block_reason":null,"cost_inr_crore":739.39,"progress_pct":92.57,"delay_months":null,"revised_completion_date":"2025-10-28","state":"Himachal Pradesh","geo_confidence":"state","unverified":false}},{"type":"Feature","geometry":{"type":"Point","coordinates":[85.0985,20.9517]},"properties":{"id":"nhai_geoserver-4a6169516cce265f","title":"4 laning of End of Kamakhyanagar Bypass - Duburi from km. 335.946 to km 388.382 (Pkg-II)","sector":"road","status":"commissioned","is_blocked":false,"block_reason":null,"cost_inr_crore":761.11,"progress_pct":100.0,"delay_months":null,"revised_completion_date":"2021-08-21","state":"Odisha","geo_confidence":"state","unverified":false}},{"type":"Feature","geometry":{"type":"Point","coordinates":[74.531272,15.718289]},"properties":{"id":"nhai_geoserver-f63dd772fe827967","title":"Belgaum-Khanapur Pkg I (Km 0.000-Km 30.800) of NH-4A","sector":"road","status":"under_construction","is_blocked":false,"block_reason":null,"cost_inr_crore":1214.3,"progress_pct":75.72,"delay_months":null,"revised_completion_date":"2021-09-02","state":"Karnataka","geo_confidence":"site","unverified":false}},{"type":"Feature","geometry":{"type":"Point","coordinates":[79.9865,14.4426]},"properties":{"id":"nhai_geoserver-af70dec01a7133ba","title":"Nellore bypass (from Km. 161.034 to 178.200)","sector":"road","status":"commissioned","is_blocked":false,"block_reason":null,"cost_inr_crore":388.8,"progress_pct":null,"delay_months":null,"revised_completion_date":"2004-10-26","state":"Andhra Pradesh","geo_confidence":"city","unverified":false}},{"type":"Feature","geometry":{"type":"Point","coordinates":[86.27065,26.049625]},"properties":{"id":"nhai_geoserver-a3a67e739bee30a9","title":"Umagaon-Saharsa (Package-IV) Koshi Bridge & approach Road - (Bheja-Bakaur)","sector":"road","status":"under_construction","is_blocked":false,"block_reason":null,"cost_inr_crore":1199.58,"progress_pct":92.4,"delay_months":null,"revised_completion_date":"2023-08-11","state":"Bihar","geo_confidence":"site","unverified":false}},{"type":"Feature","geometry":{"type":"Point","coordinates":[80.63905,26.6483]},"properties":{"id":"nhai_geoserver-ab7c4eeb52b047da","title":"6L Elevated Kanpur - Lucknow (Exeressway) Pkg-1 from Km. 10+980 to Km. 28+500","sector":"road","status":"under_construction","is_blocked":false,"block_reason":null,"cost_inr_crore":1972.94,"progress_pct":100.0,"delay_months":null,"revised_completion_date":"2025-07-30","state":"Uttar Pradesh","geo_confidence":"city","unverified":false}},{"type":"Feature","geometry":{"type":"Point","coordinates":[72.953134,21.516804]},"properties":{"id":"nhai_geoserver-2ec298edeb014580","title":"Vadodara Mumbai Expressway (Kim to Ankleshwar) (Phase IA - Pkg V)","sector":"road","status":"under_construction","is_blocked":false,"block_reason":null,"cost_inr_crore":1324.84,"progress_pct":91.34,"delay_months":null,"revised_completion_date":"2021-10-31","state":"Gujarat","geo_confidence":"site","unverified":false}},{"type":"Feature","geometry":{"type":"Point","coordinates":[78.319369,20.527699]},"properties":{"id":"nhai_geoserver-9b4c483bd6b52a5a","title":"Four Laning of Yavatmal to Wardha (Pkg-III) of NH-361 from Km 400.575 to Km 465.500","sector":"road","status":"commissioned","is_blocked":false,"block_reason":null,"cost_inr_crore":1876.36,"progress_pct":99.24,"delay_months":null,"revised_completion_date":"2020-08-02","state":"Maharashtra","geo_confidence":"site","unverified":false}},{"type":"Feature","geometry":{"type":"Point","coordinates":[71.670471,27.016953]},"properties":{"id":"nhai_geoserver-83ddf1e736eaca71","title":"Phalodi (km 163.400) to Jaisalmer (km 323.857) of NH- 15 in Rajasthan","sector":"road","status":"commissioned","is_blocked":false,"block_reason":null,"cost_inr_crore":593.83,"progress_pct":null,"delay_months":null,"revised_completion_date":"2018-03-08","state":"Rajasthan","geo_confidence":"site","unverified":false}},{"type":"Feature","geometry":{"type":"Point","coordinates":[76.482692,22.68553]},"properties":{"id":"nhai_geoserver-2f1a5f3a8fd28e00","title":"Indore - Harda (Pkg-II) [Raghavgarh to Nanasa from km. 29.30 to km. 92.30]","sector":"road","status":"under_construction","is_blocked":false,"block_reason":null,"cost_inr_crore":1081.51,"progress_pct":40.25,"delay_months":null,"revised_completion_date":"2026-03-14","state":"Madhya Pradesh","geo_confidence":"site","unverified":false}},{"type":"Feature","geometry":{"type":"Point","coordinates":[71.1924,22.2587]},"properties":{"id":"nhai_geoserver-0e0c8bac91d86c08","title":"Garamore - Samakhiyali section from km 254.54 - km 306.00  under TOT Bundle - 1","sector":"road","status":"commissioned","is_blocked":false,"block_reason":null,"cost_inr_crore":null,"progress_pct":null,"delay_months":null,"revised_completion_date":"2048-08-28","state":"Gujarat","geo_confidence":"state","unverified":false}},{"type":"Feature","geometry":{"type":"Point","coordinates":[87.853166,25.876317]},"properties":{"id":"nhai_geoserver-856320d83e0c6b9c","title":"4L of Dalkhola Bypass including ROB from Km. 446.740 to Km. 452.162 of NH-34","sector":"road","status":"under_construction","is_blocked":false,"block_reason":null,"cost_inr_crore":125.74,"progress_pct":100.0,"delay_months":null,"revised_completion_date":"2019-04-13","state":"West Bengal","geo_confidence":"site","unverified":false}},{"type":"Feature","geometry":{"type":"Point","coordinates":[90.208963,26.55757]},"properties":{"id":"nhai_geoserver-f28fc820c3e7965a","title":"4L of Bijni - Assam / WB Border from km. 60.0 to km. 30.00 of NH-31 C (AS-11)","sector":"road","status":"commissioned","is_blocked":false,"block_reason":null,"cost_inr_crore":445.99,"progress_pct":null,"delay_months":null,"revised_completion_date":"2008-04-05","state":"Assam","geo_confidence":"site","unverified":false}},{"type":"Feature","geometry":{"type":"Point","coordinates":[87.855,22.9868]},"properties":{"id":"nhai_geoserver-fbbea8975e89157e","title":"4L of Barwa Adda (Km. 398.750) to Barakar (Km. 441.440) [Project completed under ADB Loan assistance in the year 2001]","sector":"road","status":"commissioned","is_blocked":false,"block_reason":null,"cost_inr_crore":239.84,"progress_pct":null,"delay_months":null,"revised_completion_date":null,"state":"West Bengal","geo_confidence":"state","unverified":false}},{"type":"Feature","geometry":{"type":"Point","coordinates":[78.333858,13.225049]},"properties":{"id":"nhai_geoserver-d502ed0419a88b09","title":"Hosur to Dhamrapuri (Pkg-1) [Neraluru - Thorapalli Agraharam]","sector":"road","status":"under_construction","is_blocked":false,"block_reason":null,"cost_inr_crore":1828.66,"progress_pct":78.7,"delay_months":null,"revised_completion_date":"2024-10-24","state":"Tamil Nadu","geo_confidence":"site","unverified":false}},{"type":"Feature","geometry":{"type":"Point","coordinates":[79.74,15.9129]},"properties":{"id":"nhai_geoserver-cc0c8fa055fe0480","title":"4 L of China Orampadu-Renigunta section of NH-716 (Package-II of Kadapa-Renigunta section)","sector":"road","status":"under_construction","is_blocked":false,"block_reason":null,"cost_inr_crore":1500.11,"progress_pct":2.25,"delay_months":null,"revised_completion_date":"2028-03-15","state":"Andhra Pradesh","geo_confidence":"state","unverified":false}},{"type":"Feature","geometry":{"type":"Point","coordinates":[77.724085,13.523895]},"properties":{"id":"nhai_geoserver-e818d7197402a9ce","title":"AP/ Karnataka Border - Devanhalli","sector":"road","status":"commissioned","is_blocked":false,"block_reason":null,"cost_inr_crore":1983.07,"progress_pct":null,"delay_months":null,"revised_completion_date":"2009-03-25","state":"Karnataka","geo_confidence":"site","unverified":false}},{"type":"Feature","geometry":{"type":"Point","coordinates":[75.9064,17.6599]},"properties":{"id":"nhai_geoserver-d047237209e1102b","title":"Ahmednagar – Solapur - Akkalkot -  New Greenfield Highway from Katgaon village at Km. 486.000 to Hasapur village at Km.512.000 - Package – XIII","sector":"road","status":"tendered","is_blocked":false,"block_reason":null,"cost_inr_crore":982.42,"progress_pct":null,"delay_months":null,"revised_completion_date":null,"state":"Maharashtra","geo_confidence":"city","unverified":false}},{"type":"Feature","geometry":{"type":"Point","coordinates":[75.7139,19.7515]},"properties":{"id":"nhai_geoserver-53338489fb9cef1a","title":"Upgradation of 4 laning of old NH-6 from Km.296 to 304 passing through Khamgaon City","sector":"road","status":"commissioned","is_blocked":false,"block_reason":null,"cost_inr_crore":81.14,"progress_pct":100.0,"delay_months":null,"revised_completion_date":"2019-08-27","state":"Maharashtra","geo_confidence":"state","unverified":false}},{"type":"Feature","geometry":{"type":"Point","coordinates":[75.3412,31.1471]},"properties":{"id":"nhai_geoserver-04dba7d4dbe4fed7","title":"4L of  End of Patiala Bypass to start of Sangrur Bypass section from km 69.870  to km 110.720 of NH-64 (New NH-07)","sector":"road","status":"commissioned","is_blocked":false,"block_reason":null,"cost_inr_crore":1175.11,"progress_pct":null,"delay_months":null,"revised_completion_date":"2017-02-06","state":"Punjab","geo_confidence":"state","unverified":false}},{"type":"Feature","geometry":{"type":"Point","coordinates":[76.253823,30.832627]},"properties":{"id":"nhai_geoserver-d237c71824b43fd1","title":"Kharar Km. 10.185 (Design Chainage) to Samrala Chowk, Ludhiana Km 86.199 (Design Chainage) In the State Of Punjab","sector":"road","status":"commissioned","is_blocked":false,"block_reason":null,"cost_inr_crore":2541.68,"progress_pct":97.0,"delay_months":null,"revised_completion_date":"2019-09-11","state":"Punjab","geo_confidence":"site","unverified":false}},{"type":"Feature","geometry":{"type":"Point","coordinates":[81.616217,26.832566]},"properties":{"id":"nhai_geoserver-1bb0aa916d4b8499","title":"Kanpur - Lucknow - Ayodhya OMT - 10","sector":"road","status":"commissioned","is_blocked":false,"block_reason":null,"cost_inr_crore":6027.22,"progress_pct":null,"delay_months":null,"revised_completion_date":"2022-07-31","state":"Uttar Pradesh","geo_confidence":"site","unverified":false}},{"type":"Feature","geometry":{"type":"Point","coordinates":[79.74,15.9129]},"properties":{"id":"nhai_geoserver-7a070d273d71977b","title":"Korlam-Ichapuram from Km. 470.415 to 503.415 (AP-4B)","sector":"road","status":"commissioned","is_blocked":false,"block_reason":null,"cost_inr_crore":472.24,"progress_pct":null,"delay_months":null,"revised_completion_date":"2004-11-21","state":"Andhra Pradesh","geo_confidence":"state","unverified":false}},{"type":"Feature","geometry":{"type":"Point","coordinates":[77.421048,13.256192]},"properties":{"id":"nhai_geoserver-9a1efbc263b9ba26","title":"Hassan (km 184.912) to Maranahally (km 230.060) of NH - 75 in Karnataka","sector":"road","status":"under_construction","is_blocked":false,"block_reason":null,"cost_inr_crore":1021.57,"progress_pct":97.8,"delay_months":null,"revised_completion_date":"2019-03-07","state":"Karnataka","geo_confidence":"site","unverified":false}},{"type":"Feature","geometry":{"type":"Point","coordinates":[78.7644,20.799602]},"properties":{"id":"nhai_geoserver-b3d2f80429e3d5bc","title":"Four Laning of Wardha - Butibori of NH-361 (Pkg - IV) from km. 465.50 to km. 524.69","sector":"road","status":"commissioned","is_blocked":false,"block_reason":null,"cost_inr_crore":1833.74,"progress_pct":100.0,"delay_months":null,"revised_completion_date":"2020-05-27","state":"Maharashtra","geo_confidence":"site","unverified":false}},{"type":"Feature","geometry":{"type":"Point","coordinates":[82.918719,25.178137]},"properties":{"id":"nhai_geoserver-a64662760ad6f071","title":"Varanasi-Degamapur [km. 15.1 - km. 49.1]","sector":"road","status":"commissioned","is_blocked":false,"block_reason":null,"cost_inr_crore":1549.75,"progress_pct":100.0,"delay_months":null,"revised_completion_date":"2022-09-29","state":"Uttar Pradesh","geo_confidence":"site","unverified":false}},{"type":"Feature","geometry":{"type":"Point","coordinates":[74.810587,23.25177]},"properties":{"id":"nhai_geoserver-b367b880ef419048","title":"Delhi-Vadodara Greenfield Alignment (NH-148N) (Pkg-23) (Ch. 627+420 to Ch.652+720) [Bawadi village (Near Shivgarh) of Ratlam district to Ranni Village of Jhabua district]","sector":"road","status":"commissioned","is_blocked":false,"block_reason":null,"cost_inr_crore":1408.48,"progress_pct":99.0,"delay_months":null,"revised_completion_date":"2022-05-28","state":"Madhya Pradesh","geo_confidence":"site","unverified":false}},{"type":"Feature","geometry":{"type":"Point","coordinates":[85.0985,20.9517]},"properties":{"id":"nhai_geoserver-388330514e43fbde","title":"Construction of New four lane Sambalpur Bypass from Km 0.000 to Km 35.384","sector":"road","status":"awarded","is_blocked":false,"block_reason":null,"cost_inr_crore":1411.17,"progress_pct":null,"delay_months":null,"revised_completion_date":null,"state":"Odisha","geo_confidence":"state","unverified":false}},{"type":"Feature","geometry":{"type":"Point","coordinates":[78.4867,17.385]},"properties":{"id":"nhai_geoserver-556e74b68e7c309a","title":"4-laning of Hyderabad to Dindi section of NH-765","sector":"road","status":"tendered","is_blocked":false,"block_reason":null,"cost_inr_crore":null,"progress_pct":null,"delay_months":null,"revised_completion_date":null,"state":"Telangana","geo_confidence":"city","unverified":false}},{"type":"Feature","geometry":{"type":"Point","coordinates":[77.1734,31.1048]},"properties":{"id":"nhai_geoserver-3889d6c89774c761","title":"Twin Tube Tunnel with approaches for 4L PS from Kolaka to Dareota section of NH-205 (Km 28.800 to Km 33.185) on Shimla-Mataur corridor (Package-IIA)","sector":"road","status":"tendered","is_blocked":false,"block_reason":null,"cost_inr_crore":1.0,"progress_pct":null,"delay_months":null,"revised_completion_date":null,"state":"Himachal Pradesh","geo_confidence":"city","unverified":false}},{"type":"Feature","geometry":{"type":"Point","coordinates":[85.479251,26.506867]},"properties":{"id":"nhai_geoserver-eceb4287e096ef43","title":"Muzaffarpur - Sonbarsa Section of NH-77 from km 2.800 to km 89.000","sector":"road","status":"commissioned","is_blocked":false,"block_reason":null,"cost_inr_crore":2290.72,"progress_pct":100.0,"delay_months":null,"revised_completion_date":"2013-11-25","state":"Bihar","geo_confidence":"site","unverified":false}},{"type":"Feature","geometry":{"type":"Point","coordinates":[69.327703,21.901488]},"properties":{"id":"nhai_geoserver-eb52496a8b4b0de9","title":"Porbandar-Dwarka (Package VIII) from km. 379.100 to km. 496.848","sector":"road","status":"commissioned","is_blocked":false,"block_reason":null,"cost_inr_crore":1993.81,"progress_pct":99.48,"delay_months":null,"revised_completion_date":"2021-02-11","state":"Gujarat","geo_confidence":"site","unverified":false}},{"type":"Feature","geometry":{"type":"Point","coordinates":[78.6569,22.9734]},"properties":{"id":"nhai_geoserver-775be58be9071097","title":"4L Shahpur to Muktainagar from Km. 186.000 to km 216.278  of NH 753L (Pkg II of Boregaon Buzurg to Muktainagar)","sector":"road","status":"under_construction","is_blocked":false,"block_reason":null,"cost_inr_crore":784.35,"progress_pct":64.0,"delay_months":null,"revised_completion_date":"2026-03-14","state":"Madhya Pradesh","geo_confidence":"state","unverified":false}},{"type":"Feature","geometry":{"type":"Point","coordinates":[74.960692,12.632262]},"properties":{"id":"nhai_geoserver-9be71e553b7b657c","title":"Six Laning of KT/KL Border (Thalapaddy) -Chengala from Km. 17.200 to Km. 57.20","sector":"road","status":"under_construction","is_blocked":false,"block_reason":null,"cost_inr_crore":1981.07,"progress_pct":100.0,"delay_months":null,"revised_completion_date":"2024-05-15","state":"Kerala","geo_confidence":"site","unverified":false}},{"type":"Feature","geometry":{"type":"Point","coordinates":[91.890675,25.888392]},"properties":{"id":"nhai_geoserver-d4ef300588ee691e","title":"4L of Jorabat Shillong (Barapani) section from 0.000 to km 61.800 of Old NH-40","sector":"road","status":"commissioned","is_blocked":false,"block_reason":null,"cost_inr_crore":3088.23,"progress_pct":100.0,"delay_months":null,"revised_completion_date":"2014-01-10","state":"Meghalaya","geo_confidence":"site","unverified":false}},{"type":"Feature","geometry":{"type":"Point","coordinates":[78.7733,28.8386]},"properties":{"id":"nhai_geoserver-e12894e08ac7208a","title":"Balance left out works on Hapur Bypass to Moradabad","sector":"road","status":"commissioned","is_blocked":false,"block_reason":null,"cost_inr_crore":42.59,"progress_pct":null,"delay_months":null,"revised_completion_date":"2018-06-15","state":"Uttar Pradesh","geo_confidence":"city","unverified":false}},{"type":"Feature","geometry":{"type":"Point","coordinates":[75.7139,15.3173]},"properties":{"id":"nhai_geoserver-291df161d6702b4b","title":"4L PS from AP/KN Border Mittimalkapur Ch 023+500 to Deosugur Ch 054+566 section of NH167 in Raichur Dist. Karnataka state Pkg-2","sector":"road","status":"tendered","is_blocked":false,"block_reason":null,"cost_inr_crore":929.28,"progress_pct":null,"delay_months":null,"revised_completion_date":null,"state":"Karnataka","geo_confidence":"state","unverified":false}},{"type":"Feature","geometry":{"type":"Point","coordinates":[78.1273,9.3447]},"properties":{"id":"nhai_geoserver-370eb1ae15da5371","title":"Madurai - Tuticorin section from Km 138.800 to Km 266.865","sector":"road","status":"commissioned","is_blocked":false,"block_reason":null,"cost_inr_crore":null,"progress_pct":null,"delay_months":null,"revised_completion_date":"2026-12-03","state":"Tamil Nadu","geo_confidence":"city","unverified":false}},{"type":"Feature","geometry":{"type":"Point","coordinates":[77.878963,29.851509]},"properties":{"id":"nhai_geoserver-fe7cd74e18f1d470","title":"Ahmedabad - Dholera (Pkg I) from km. 0.00 to km. 22.00) [Sardar Patel Ring Road - Sindhrej Village]","sector":"road","status":"commissioned","is_blocked":false,"block_reason":null,"cost_inr_crore":1298.0,"progress_pct":100.0,"delay_months":null,"revised_completion_date":"2024-01-10","state":"Gujarat","geo_confidence":"site","unverified":false}},{"type":"Feature","geometry":{"type":"Point","coordinates":[76.230008,29.077823]},"properties":{"id":"nhai_geoserver-36d65481f414eb25","title":"Bhiwani - Mundhal - Jind from Km.6.875 to Km. 68.857 of NH-709A (Package-I) under NH (O)","sector":"road","status":"commissioned","is_blocked":false,"block_reason":null,"cost_inr_crore":222.82,"progress_pct":100.0,"delay_months":null,"revised_completion_date":"2020-03-13","state":"Haryana","geo_confidence":"site","unverified":false}},{"type":"Feature","geometry":{"type":"Point","coordinates":[88.085696,22.05341]},"properties":{"id":"nhai_geoserver-5f8d608323aa022d","title":"ROB cum Flyover at Ranichak, Haldia","sector":"road","status":"commissioned","is_blocked":false,"block_reason":null,"cost_inr_crore":127.8,"progress_pct":100.0,"delay_months":null,"revised_completion_date":"2018-11-13","state":"West Bengal","geo_confidence":"site","unverified":false}},{"type":"Feature","geometry":{"type":"Point","coordinates":[79.0193,30.0668]},"properties":{"id":"nhai_geoserver-bc53ee8a7414ee6d","title":"Najibabad - Kotdwar Section from km. 112.545 to km. 138.635 of NH-119","sector":"road","status":"commissioned","is_blocked":false,"block_reason":null,"cost_inr_crore":11.19,"progress_pct":null,"delay_months":null,"revised_completion_date":null,"state":"Uttarakhand","geo_confidence":"state","unverified":false}},{"type":"Feature","geometry":{"type":"Point","coordinates":[92.901982,26.038965]},"properties":{"id":"nhai_geoserver-24a09b17fc5f6c5c","title":"Thondupally-Jadcherla","sector":"road","status":"commissioned","is_blocked":false,"block_reason":null,"cost_inr_crore":28.15,"progress_pct":100.0,"delay_months":null,"revised_completion_date":"2009-02-12","state":"Telangana","geo_confidence":"site","unverified":false}},{"type":"Feature","geometry":{"type":"Point","coordinates":[75.227519,27.283838]},"properties":{"id":"nhai_geoserver-277b284b1ead2729","title":"Reengus-Sikar Section of NH-52","sector":"road","status":"commissioned","is_blocked":false,"block_reason":null,"cost_inr_crore":333.51,"progress_pct":13.27,"delay_months":null,"revised_completion_date":"2014-08-31","state":"Rajasthan","geo_confidence":"site","unverified":false}},{"type":"Feature","geometry":{"type":"Point","coordinates":[74.327895,15.52804]},"properties":{"id":"nhai_geoserver-b4b970e6e323b0db","title":"Bangalore-Nidagatta (Pkg. I)","sector":"road","status":"under_construction","is_blocked":false,"block_reason":null,"cost_inr_crore":3496.01,"progress_pct":99.19,"delay_months":null,"revised_completion_date":"2021-11-09","state":"Karnataka","geo_confidence":"site","unverified":false}},{"type":"Feature","geometry":{"type":"Point","coordinates":[78.143094,9.969161]},"properties":{"id":"nhai_geoserver-10950e243a32416b","title":"4L of Madurai to Chettikulam from km.0.00 to km 7.30 of NH-785","sector":"road","status":"commissioned","is_blocked":false,"block_reason":null,"cost_inr_crore":803.82,"progress_pct":100.0,"delay_months":null,"revised_completion_date":"2020-11-03","state":"Tamil Nadu","geo_confidence":"site","unverified":false}},{"type":"Feature","geometry":{"type":"Point","coordinates":[79.53688,22.156251]},"properties":{"id":"nhai_geoserver-9922a423abe48dc3","title":"Lakhnadon - Seoni MP 2","sector":"road","status":"commissioned","is_blocked":false,"block_reason":null,"cost_inr_crore":837.63,"progress_pct":null,"delay_months":null,"revised_completion_date":"2009-09-30","state":"Madhya Pradesh","geo_confidence":"site","unverified":false}},{"type":"Feature","geometry":{"type":"Point","coordinates":[75.540054,24.4307]},"properties":{"id":"nhai_geoserver-cc3f92d27ab03e2b","title":"Delhi-Vadodara Greenfield Alignment (NH-148N) (Pkg-16) (Ch. 427.300 to Ch.452.420) [Major bridge over Takli river near Nayagaon Jageer village to Rajasthan/MP Border]","sector":"road","status":"commissioned","is_blocked":false,"block_reason":null,"cost_inr_crore":952.57,"progress_pct":99.0,"delay_months":null,"revised_completion_date":"2023-01-04","state":"Rajasthan","geo_confidence":"site","unverified":false}},{"type":"Feature","geometry":{"type":"Point","coordinates":[73.50776,22.715868]},"properties":{"id":"nhai_geoserver-9ce05f4b83d6bbc2","title":"Delhi-Vadodara Greenfield Alignment (NH-148N) (Pkg-29) (Ch.780+920 to Ch.803+420) [Bhamaiya Village to Baletiya Village]","sector":"road","status":"commissioned","is_blocked":false,"block_reason":null,"cost_inr_crore":1573.72,"progress_pct":100.0,"delay_months":null,"revised_completion_date":"2023-04-16","state":"Gujarat","geo_confidence":"site","unverified":false}},{"type":"Feature","geometry":{"type":"Point","coordinates":[75.448793,17.752203]},"properties":{"id":"nhai_geoserver-21062a8fba9e3d5d","title":"Mohol - Wakhari km 0.0 to km 44.77 Pkg. I of Mohol Alangi","sector":"road","status":"commissioned","is_blocked":false,"block_reason":null,"cost_inr_crore":1353.78,"progress_pct":94.0,"delay_months":null,"revised_completion_date":"2022-01-30","state":"Maharashtra","geo_confidence":"site","unverified":false}},{"type":"Feature","geometry":{"type":"Point","coordinates":[78.511089,19.610242]},"properties":{"id":"nhai_geoserver-33a6c63691457537","title":"AP/Mah Border-Islam Nagar (AP 6)","sector":"road","status":"commissioned","is_blocked":false,"block_reason":null,"cost_inr_crore":1186.84,"progress_pct":100.0,"delay_months":null,"revised_completion_date":"2009-11-02","state":"Telangana","geo_confidence":"site","unverified":false}},{"type":"Feature","geometry":{"type":"Point","coordinates":[74.2179,27.0238]},"properties":{"id":"nhai_geoserver-f5619a1e2616961e","title":"Deogarh (near Dhandhaniya)-Rajasthan/Gujarat Border (Phase-I) (AJ/DRGB-Package-8)","sector":"road","status":"commissioned","is_blocked":false,"block_reason":null,"cost_inr_crore":839.63,"progress_pct":100.0,"delay_months":null,"revised_completion_date":"2023-10-17","state":"Rajasthan","geo_confidence":"state","unverified":false}},{"type":"Feature","geometry":{"type":"Point","coordinates":[74.385624,23.259754]},"properties":{"id":"nhai_geoserver-7f88963fde224a62","title":"Indore - Gujarat / MP Border from km. Km 9.500 to Km 171.000 of NH-59 in MP","sector":"road","status":"commissioned","is_blocked":false,"block_reason":null,"cost_inr_crore":1175.0,"progress_pct":100.0,"delay_months":null,"revised_completion_date":"2013-02-14","state":"Madhya Pradesh","geo_confidence":"site","unverified":false}},{"type":"Feature","geometry":{"type":"Point","coordinates":[79.334162,15.698826]},"properties":{"id":"nhai_geoserver-67fa99d19be4db57","title":"Giddalur-Vinukonda from Design km 212.983 to Design km 322.800","sector":"road","status":"commissioned","is_blocked":false,"block_reason":null,"cost_inr_crore":721.07,"progress_pct":100.0,"delay_months":null,"revised_completion_date":"2022-01-02","state":"Andhra Pradesh","geo_confidence":"site","unverified":false}},{"type":"Feature","geometry":{"type":"Point","coordinates":[72.416344,24.269081]},"properties":{"id":"nhai_geoserver-69d57b5e0d7acd7d","title":"Palanpur/ Khemana - Abu Road - Swaroopganj from km. 340.00 to km. 264.00","sector":"road","status":"commissioned","is_blocked":false,"block_reason":null,"cost_inr_crore":1310.25,"progress_pct":100.0,"delay_months":null,"revised_completion_date":"2009-03-24","state":"Gujarat","geo_confidence":"site","unverified":false}},{"type":"Feature","geometry":{"type":"Point","coordinates":[75.696421,15.319534]},"properties":{"id":"nhai_geoserver-d087a4934d3408a7","title":"4L of Hubli - Hospet Section of NH-63 from: Km 128.850 to Km 272.571","sector":"road","status":"commissioned","is_blocked":false,"block_reason":null,"cost_inr_crore":2531.99,"progress_pct":100.0,"delay_months":null,"revised_completion_date":"2020-03-13","state":"Karnataka","geo_confidence":"site","unverified":false}},{"type":"Feature","geometry":{"type":"Point","coordinates":[91.806087,26.106946]},"properties":{"id":"nhai_geoserver-76a40d3662c9a217","title":"6 L of Narasannapeta - Ranastalam","sector":"road","status":"commissioned","is_blocked":false,"block_reason":null,"cost_inr_crore":1423.15,"progress_pct":100.0,"delay_months":null,"revised_completion_date":"2022-03-02","state":"Andhra Pradesh","geo_confidence":"site","unverified":false}},{"type":"Feature","geometry":{"type":"Point","coordinates":[73.7898,19.9975]},"properties":{"id":"nhai_geoserver-817cc1863b984ab7","title":"Elevated flyover including provisions for metro on section Nashik Phata to Khed of NH-60 (KM. 28.925 to KM. 42.113) Pkg-II","sector":"road","status":"tendered","is_blocked":false,"block_reason":null,"cost_inr_crore":3440.77,"progress_pct":null,"delay_months":null,"revised_completion_date":null,"state":"Maharashtra","geo_confidence":"city","unverified":false}},{"type":"Feature","geometry":{"type":"Point","coordinates":[75.842168,25.166106]},"properties":{"id":"nhai_geoserver-2edf6c9c8da04c57","title":"Kota bypass on NH-76 Contract Package (RJ-4)","sector":"road","status":"commissioned","is_blocked":false,"block_reason":null,"cost_inr_crore":488.85,"progress_pct":100.0,"delay_months":null,"revised_completion_date":"2008-10-11","state":"Rajasthan","geo_confidence":"site","unverified":false}},{"type":"Feature","geometry":{"type":"Point","coordinates":[74.483782,23.148668]},"properties":{"id":"nhai_geoserver-e6655bbeaf1c520b","title":"Delhi-Vadodara Greenfield Alignment (NH-148N) (Pkg-25) (Ch.673.770 to Ch.696.920) [Miyati Village to MP-Gujarat Border]","sector":"road","status":"commissioned","is_blocked":false,"block_reason":null,"cost_inr_crore":1312.97,"progress_pct":96.29,"delay_months":null,"revised_completion_date":"2022-03-04","state":"Madhya Pradesh","geo_confidence":"site","unverified":false}},{"type":"Feature","geometry":{"type":"Point","coordinates":[72.8763,22.66485]},"properties":{"id":"nhai_geoserver-e70d35bda271b3c4","title":"Adoption of Safety measures on four lane Ahmedabad - Vadodara Expressway NE-1 from Ch.0+000 to Ch .93+302 in the state of Gujarat","sector":"road","status":"commissioned","is_blocked":false,"block_reason":null,"cost_inr_crore":3.31,"progress_pct":null,"delay_months":null,"revised_completion_date":"2025-05-17","state":"Gujarat","geo_confidence":"city","unverified":false}},{"type":"Feature","geometry":{"type":"Point","coordinates":[86.267366,20.544891]},"properties":{"id":"nhai_geoserver-b3beff9bc7cf63e3","title":"Eastern Peripheral Expressway Package - V from Km 93.000 to Km 114.000 in the state of Haryana and Uttar Pradesh.","sector":"road","status":"commissioned","is_blocked":false,"block_reason":null,"cost_inr_crore":1426.8,"progress_pct":null,"delay_months":null,"revised_completion_date":"2018-09-10","state":"Uttar Pradesh","geo_confidence":"site","unverified":false}},{"type":"Feature","geometry":{"type":"Point","coordinates":[71.1924,22.2587]},"properties":{"id":"nhai_geoserver-16532c6044e3408d","title":"Strengthening of section of NH27 from Malana Patiya (Km. 599.350) to Ladbi Nala (Km. 596.750)","sector":"road","status":"commissioned","is_blocked":false,"block_reason":null,"cost_inr_crore":null,"progress_pct":40.0,"delay_months":null,"revised_completion_date":"2024-03-13","state":"Gujarat","geo_confidence":"state","unverified":false}},{"type":"Feature","geometry":{"type":"Point","coordinates":[93.133251,25.269315]},"properties":{"id":"nhai_geoserver-1aff32479da83047","title":"Maibang to Nrimbanglo from Km. 126.450 to Km.140.700 & km. 164.080 to 165.400 of Jatinga Junction [EW-II] of AS-23","sector":"road","status":"commissioned","is_blocked":false,"block_reason":null,"cost_inr_crore":991.38,"progress_pct":99.89,"delay_months":null,"revised_completion_date":"2009-02-04","state":"Assam","geo_confidence":"site","unverified":false}},{"type":"Feature","geometry":{"type":"Point","coordinates":[73.39145,29.43815]},"properties":{"id":"nhai_geoserver-65cf681ef2f46729","title":"2L PS Sriganganagar to Raisinghnagar (Design Chainage -0.500 km to Design Chainage 101.000 km) (Package-1)  on NH-911","sector":"road","status":"commissioned","is_blocked":false,"block_reason":null,"cost_inr_crore":672.35,"progress_pct":99.5,"delay_months":null,"revised_completion_date":"2025-04-25","state":"Rajasthan","geo_confidence":"site","unverified":false}},{"type":"Feature","geometry":{"type":"Point","coordinates":[86.348632,20.925041]},"properties":{"id":"nhai_geoserver-f18ed600d1211ef9","title":"6L of Chandikhole (km 62.000) to Bhadrak (km136.500)","sector":"road","status":"commissioned","is_blocked":false,"block_reason":null,"cost_inr_crore":1210.55,"progress_pct":100.0,"delay_months":null,"revised_completion_date":"2021-06-12","state":"Odisha","geo_confidence":"site","unverified":false}},{"type":"Feature","geometry":{"type":"Point","coordinates":[77.008249,31.652477]},"properties":{"id":"nhai_geoserver-5ec494721baaf735","title":"Nerchowk (km 190.000) to Pandoh including Pandoh bypass ( km221.305)","sector":"road","status":"under_construction","is_blocked":false,"block_reason":null,"cost_inr_crore":1464.12,"progress_pct":100.0,"delay_months":null,"revised_completion_date":"2020-07-11","state":"Himachal Pradesh","geo_confidence":"site","unverified":false}},{"type":"Feature","geometry":{"type":"Point","coordinates":[73.1812,22.3072]},"properties":{"id":"nhai_geoserver-c24e8f50fa51529b","title":"Vadodara Mumbai Expressway (Phase II - Pkg XVI) [Km. 43.000 to Km. 69.800 of Spur] (Amne - Bhoj)","sector":"road","status":"under_construction","is_blocked":false,"block_reason":null,"cost_inr_crore":4051.8,"progress_pct":95.7,"delay_months":null,"revised_completion_date":"2024-10-31","state":"Maharashtra","geo_confidence":"city","unverified":false}},{"type":"Feature","geometry":{"type":"Point","coordinates":[84.507234,24.269868]},"properties":{"id":"nhai_geoserver-5e25f6a0b7587918","title":"Hariharganj to Parwa Mode section from km 23.284 to km 57.049 of NH-98","sector":"road","status":"under_construction","is_blocked":false,"block_reason":null,"cost_inr_crore":1125.78,"progress_pct":91.3,"delay_months":null,"revised_completion_date":"2024-02-29","state":"Jharkhand","geo_confidence":"site","unverified":false}},{"type":"Feature","geometry":{"type":"Point","coordinates":[71.1924,22.2587]},"properties":{"id":"nhai_geoserver-79d72f1d5c87bc2b","title":"Short term Improvement and Routine Maintenance of Porbandar - Bhiladi - Jetpur from km. 01.96 to km. 117.60 of Old NH- 8B","sector":"road","status":"commissioned","is_blocked":false,"block_reason":null,"cost_inr_crore":1921.59,"progress_pct":null,"delay_months":null,"revised_completion_date":"2008-12-30","state":"Gujarat","geo_confidence":"state","unverified":false}},{"type":"Feature","geometry":{"type":"Point","coordinates":[75.7139,19.7515]},"properties":{"id":"nhai_geoserver-883c3ff9de7c55bb","title":"Flyover in Sakoli town on NH-53 (Old NH - 6) (from 451.244 km to 454.184 km)","sector":"road","status":"commissioned","is_blocked":false,"block_reason":null,"cost_inr_crore":351.97,"progress_pct":100.0,"delay_months":null,"revised_completion_date":"2020-11-22","state":"Maharashtra","geo_confidence":"state","unverified":false}},{"type":"Feature","geometry":{"type":"Point","coordinates":[74.826521,12.92754]},"properties":{"id":"nhai_geoserver-3f652c9da682e9c5","title":"6L Bridge on Palguni River near Kulur at Km. 368.849 (From km 368.356 to km 369.132) of NH-66","sector":"road","status":"under_construction","is_blocked":false,"block_reason":null,"cost_inr_crore":69.02,"progress_pct":53.39,"delay_months":null,"revised_completion_date":"2022-10-11","state":"Karnataka","geo_confidence":"site","unverified":false}},{"type":"Feature","geometry":{"type":"Point","coordinates":[79.685,27.075]},"properties":{"id":"nhai_geoserver-a8226b7463c3caa1","title":"Aligarh-Kanpur section (Package-IV from Naviganj - Mitrasen)","sector":"road","status":"commissioned","is_blocked":false,"block_reason":null,"cost_inr_crore":2391.82,"progress_pct":99.06,"delay_months":null,"revised_completion_date":"2023-08-16","state":"Uttar Pradesh","geo_confidence":"site","unverified":false}},{"type":"Feature","geometry":{"type":"Point","coordinates":[87.855,22.9868]},"properties":{"id":"nhai_geoserver-7636509fce141b93","title":"4L PS Kharagpur-Bardhaman-Moregram section from Km. 133.00 to Km. 180.00 for Package-IV","sector":"road","status":"awarded","is_blocked":false,"block_reason":null,"cost_inr_crore":1722.35,"progress_pct":0.0,"delay_months":null,"revised_completion_date":null,"state":"West Bengal","geo_confidence":"state","unverified":false}},{"type":"Feature","geometry":{"type":"Point","coordinates":[79.74,15.9129]},"properties":{"id":"nhai_geoserver-11e39719e30dd58c","title":"4 Laning of NH-544D from Km 0.000 to km 37.000 of Anantapur- Muchukota section (Pkg-1)","sector":"road","status":"under_construction","is_blocked":false,"block_reason":null,"cost_inr_crore":907.76,"progress_pct":92.34,"delay_months":null,"revised_completion_date":"2025-07-21","state":"Andhra Pradesh","geo_confidence":"state","unverified":false}},{"type":"Feature","geometry":{"type":"Point","coordinates":[79.4304,28.367]},"properties":{"id":"nhai_geoserver-47b0705e0871e6cc","title":"Construction of 4/6 lane Highway of Southern Bareilly Bypass, starting at Ch. 237+000 of NH 530 near Jhumka chauraha,  Dhantiya village and ending at Ch. 267+000 of NH 30 near Invertis University including Trumpet Interchange","sector":"road","status":"under_construction","is_blocked":false,"block_reason":null,"cost_inr_crore":1122.02,"progress_pct":16.4,"delay_months":null,"revised_completion_date":"2028-06-23","state":"Uttar Pradesh","geo_confidence":"city","unverified":false}},{"type":"Feature","geometry":{"type":"Point","coordinates":[79.494243,11.27626]},"properties":{"id":"nhai_geoserver-9de6642720ac2bb3","title":"4L of Sethiyathope -Cholapuram section from Km. 65.960 to Km. 116.440 section of NH–45 C (Pkg-II)","sector":"road","status":"commissioned","is_blocked":false,"block_reason":null,"cost_inr_crore":2356.19,"progress_pct":100.0,"delay_months":null,"revised_completion_date":"2020-08-14","state":"Tamil Nadu","geo_confidence":"site","unverified":false}},{"type":"Feature","geometry":{"type":"Point","coordinates":[78.121249,30.190586]},"properties":{"id":"nhai_geoserver-040f301104c613ea","title":"Remaining works of Haridwar Dehradun (Pkg II) (Lalatappar - Mohakampur)","sector":"road","status":"commissioned","is_blocked":false,"block_reason":null,"cost_inr_crore":244.0,"progress_pct":98.78,"delay_months":null,"revised_completion_date":"2020-02-01","state":"Uttarakhand","geo_confidence":"site","unverified":false}},{"type":"Feature","geometry":{"type":"Point","coordinates":[76.382421,14.736221]},"properties":{"id":"nhai_geoserver-85599c411a52baa0","title":"Hospet - Chitradurga from km. 299.00 to km. 418.750","sector":"road","status":"commissioned","is_blocked":false,"block_reason":null,"cost_inr_crore":1519.72,"progress_pct":100.0,"delay_months":null,"revised_completion_date":"2018-08-15","state":"Karnataka","geo_confidence":"site","unverified":false}},{"type":"Feature","geometry":{"type":"Point","coordinates":[78.940281,10.887252]},"properties":{"id":"nhai_geoserver-20ff1bb2747550b4","title":"Meensurutti (Km.98.433) to Chidambaram (Km.129.965) of NH-227","sector":"road","status":"commissioned","is_blocked":false,"block_reason":null,"cost_inr_crore":883.21,"progress_pct":100.0,"delay_months":null,"revised_completion_date":"2023-08-08","state":"Tamil Nadu","geo_confidence":"site","unverified":false}},{"type":"Feature","geometry":{"type":"Point","coordinates":[75.36717,19.869677]},"properties":{"id":"nhai_geoserver-bd237b72035126db","title":"4L of Saoner - Dhapewada - Kalmeshwar Gondkhiari (Pkg II) from km 4.700 to km 33.575","sector":"road","status":"commissioned","is_blocked":false,"block_reason":null,"cost_inr_crore":723.62,"progress_pct":100.0,"delay_months":null,"revised_completion_date":"2021-08-23","state":"Maharashtra","geo_confidence":"site","unverified":false}},{"type":"Feature","geometry":{"type":"Point","coordinates":[85.0985,20.9517]},"properties":{"id":"nhai_geoserver-e8fd657498136d23","title":"4L Greenfield Coastal road with paved shoulder from Puri to kakatpur (Km.47.050 to km.91.600) (Package II).","sector":"road","status":"tendered","is_blocked":false,"block_reason":null,"cost_inr_crore":2215.63,"progress_pct":null,"delay_months":null,"revised_completion_date":null,"state":"Odisha","geo_confidence":"state","unverified":false}},{"type":"Feature","geometry":{"type":"Point","coordinates":[79.74,15.9129]},"properties":{"id":"nhai_geoserver-45f96abf7fc77dc8","title":"Srikakulam-Palasa from Km. 532.600 to Km. 606.204 (AP-2)","sector":"road","status":"commissioned","is_blocked":false,"block_reason":null,"cost_inr_crore":1058.97,"progress_pct":null,"delay_months":null,"revised_completion_date":"2004-08-12","state":"Andhra Pradesh","geo_confidence":"state","unverified":false}},{"type":"Feature","geometry":{"type":"Point","coordinates":[75.795115,30.940535]},"properties":{"id":"nhai_geoserver-979ee2a6f49b04d9","title":"Laddowal Bypass (Km. 0.000) to (Km. 17.041) Linking with NH-95 with NH-1 Via Laddowal Seed Farm of NH-95 in Punjab","sector":"road","status":"commissioned","is_blocked":false,"block_reason":null,"cost_inr_crore":577.76,"progress_pct":100.0,"delay_months":null,"revised_completion_date":"2019-12-25","state":"Punjab","geo_confidence":"site","unverified":false}},{"type":"Feature","geometry":{"type":"Point","coordinates":[92.9376,26.2006]},"properties":{"id":"nhai_geoserver-bca91057fca76599","title":"Maintenance of Lanka to Hathikali section of NH 54E from Km 22.000 to Km 83.400 (new NH-27)","sector":"road","status":"commissioned","is_blocked":false,"block_reason":null,"cost_inr_crore":null,"progress_pct":null,"delay_months":null,"revised_completion_date":"2029-06-30","state":"Assam","geo_confidence":"state","unverified":false}},{"type":"Feature","geometry":{"type":"Point","coordinates":[74.224041,29.457513]},"properties":{"id":"nhai_geoserver-07500161786bfee5","title":"Sangariya (near Chautala)-Rasisar (near Bikaner) (Phase-I) (AJ/SR-Package-2)","sector":"road","status":"commissioned","is_blocked":false,"block_reason":null,"cost_inr_crore":755.16,"progress_pct":95.38,"delay_months":null,"revised_completion_date":"2023-12-19","state":"Rajasthan","geo_confidence":"site","unverified":false}},{"type":"Feature","geometry":{"type":"Point","coordinates":[85.3131,25.0961]},"properties":{"id":"nhai_geoserver-10f52e22cc704d21","title":"Construction of balance work of Hajipur – Muzaffarupr section of NH-77 (New NH-22) from Ch. 9.400 to Ch. 10.600 in Sarai Market","sector":"road","status":"commissioned","is_blocked":false,"block_reason":null,"cost_inr_crore":73.0,"progress_pct":99.0,"delay_months":null,"revised_completion_date":"2021-02-10","state":"Bihar","geo_confidence":"state","unverified":false}},{"type":"Feature","geometry":{"type":"Point","coordinates":[83.210238,17.790745]},"properties":{"id":"nhai_geoserver-e0a7c8469c5f5ab9","title":"4L of Vijayawada to Machilipatnam from Km. 0.000 to Km. 63.800 of Old NH-09 (New NH-65)","sector":"road","status":"commissioned","is_blocked":false,"block_reason":null,"cost_inr_crore":1886.57,"progress_pct":100.0,"delay_months":null,"revised_completion_date":"2018-11-23","state":"Andhra Pradesh","geo_confidence":"site","unverified":false}},{"type":"Feature","geometry":{"type":"Point","coordinates":[76.7794,30.7333]},"properties":{"id":"nhai_geoserver-f90ede5215b378a2","title":"6L of Ambala-Chandigarh greenfield section from Km. 0.000 to Km. 25.000 with 4L spur to Lalru from Km. 0.000 to Km. 5.828  & spur to PR-7 road from Km. 0.000 to Km. 11.157","sector":"road","status":"under_construction","is_blocked":false,"block_reason":null,"cost_inr_crore":1641.66,"progress_pct":90.01,"delay_months":null,"revised_completion_date":"2025-10-12","state":"Punjab","geo_confidence":"city","unverified":false}},{"type":"Feature","geometry":{"type":"Point","coordinates":[80.648,16.5062]},"properties":{"id":"nhai_geoserver-d9171773298154c9","title":"4L Access Controlled Greenfield Highway section on NH-163G (Khammam– Vijayawada) from Remidicherla village at Design Ch. 280.200 Km to Jakkampudi village (on NH-16) at Design Ch. 309.909 Km (Package-III)","sector":"road","status":"under_construction","is_blocked":false,"block_reason":null,"cost_inr_crore":1183.23,"progress_pct":5.8,"delay_months":null,"revised_completion_date":"2027-05-07","state":"Andhra Pradesh","geo_confidence":"city","unverified":false}},{"type":"Feature","geometry":{"type":"Point","coordinates":[77.1734,31.1048]},"properties":{"id":"nhai_geoserver-04a7b52a606ac02d","title":"4L of Shakral Village to Dhalli Section from Km 146.300 to Km 156.560 (Shimla Bypass - Pkg II) and Shimla connectivity from Km 0.000 to Km 0.725 of NH-5","sector":"road","status":"under_construction","is_blocked":false,"block_reason":null,"cost_inr_crore":1956.26,"progress_pct":60.5,"delay_months":null,"revised_completion_date":"2027-03-03","state":"Himachal Pradesh","geo_confidence":"city","unverified":false}},{"type":"Feature","geometry":{"type":"Point","coordinates":[77.030431,28.91618]},"properties":{"id":"nhai_geoserver-34eb276fa899a910","title":"Four Laning of Rohna/ Hassangarh section from Km.44.800 to km.80.250 (Package-2)","sector":"road","status":"commissioned","is_blocked":false,"block_reason":null,"cost_inr_crore":1180.87,"progress_pct":100.0,"delay_months":null,"revised_completion_date":"2020-12-16","state":"Haryana","geo_confidence":"site","unverified":false}},{"type":"Feature","geometry":{"type":"Point","coordinates":[72.8311,21.1702]},"properties":{"id":"nhai_geoserver-291d99e5e8c0c146","title":"4 Laning of Surat – Manor Pkg-II (Atul - Kajali) from km. 343.00 to km. 381.60 of NH-8","sector":"road","status":"commissioned","is_blocked":false,"block_reason":null,"cost_inr_crore":533.2,"progress_pct":null,"delay_months":null,"revised_completion_date":"2003-05-01","state":"Gujarat","geo_confidence":"city","unverified":false}},{"type":"Feature","geometry":{"type":"Point","coordinates":[78.78745,19.2654]},"properties":{"id":"nhai_geoserver-2945f1e3fb26949c","title":"Hinganghat ROB including approaches, underpasses and service road at Km.76.380 of Nagpur - Hyderabad section.","sector":"road","status":"commissioned","is_blocked":false,"block_reason":null,"cost_inr_crore":30.1,"progress_pct":null,"delay_months":null,"revised_completion_date":"2012-11-14","state":"Maharashtra","geo_confidence":"city","unverified":false}},{"type":"Feature","geometry":{"type":"Point","coordinates":[71.1924,22.2587]},"properties":{"id":"nhai_geoserver-cab2fbbadc6fa39d","title":"4L Elevated Corridor in Deesa Town from km. 565.850 to km. 569.600 of NH-27","sector":"road","status":"commissioned","is_blocked":false,"block_reason":null,"cost_inr_crore":198.85,"progress_pct":99.52,"delay_months":null,"revised_completion_date":"2021-01-01","state":"Gujarat","geo_confidence":"state","unverified":false}},{"type":"Feature","geometry":{"type":"Point","coordinates":[71.1924,22.2587]},"properties":{"id":"nhai_geoserver-dc49f01218d1c325","title":"4L of Garamore-Gagodhar Road Section of NH-8A & NH-15 from Km 254.000 to Km 308.000 and from Km 281.300 to Km 245.000","sector":"road","status":"commissioned","is_blocked":false,"block_reason":null,"cost_inr_crore":1500.52,"progress_pct":null,"delay_months":null,"revised_completion_date":"2012-03-31","state":"Gujarat","geo_confidence":"state","unverified":false}},{"type":"Feature","geometry":{"type":"Point","coordinates":[91.550302,26.411786]},"properties":{"id":"nhai_geoserver-04f019a82d9ff77b","title":"2L to 4L of Nalbari - Puthimari (AS-5) section of Guwahati - Nalbari from km.1093.00 to km.1065.00","sector":"road","status":"commissioned","is_blocked":false,"block_reason":null,"cost_inr_crore":469.0,"progress_pct":null,"delay_months":null,"revised_completion_date":null,"state":"Assam","geo_confidence":"site","unverified":false}},{"type":"Feature","geometry":{"type":"Point","coordinates":[83.014302,11.414199]},"properties":{"id":"nhai_geoserver-dd21e46996de4db2","title":"Coimbatore - Satyamangalam - TN/KT Border","sector":"road","status":"tendered","is_blocked":false,"block_reason":null,"cost_inr_crore":3.0,"progress_pct":null,"delay_months":null,"revised_completion_date":null,"state":"Tamil Nadu","geo_confidence":"site","unverified":false}},{"type":"Feature","geometry":{"type":"Point","coordinates":[80.473191,23.911302]},"properties":{"id":"nhai_geoserver-a0aa091cc5879f64","title":"Maihar (Km 311.000) to Katni (Km 359.500) and Katni (Km 378.500) to Sleemnabad (Km 397.000)[Rewa - Katni - Jabalpur Pkg II]","sector":"road","status":"commissioned","is_blocked":false,"block_reason":null,"cost_inr_crore":763.82,"progress_pct":100.0,"delay_months":null,"revised_completion_date":"2017-06-15","state":"Madhya Pradesh","geo_confidence":"site","unverified":false}},{"type":"Feature","geometry":{"type":"Point","coordinates":[78.1198,9.9252]},"properties":{"id":"nhai_geoserver-e2e78d48bfa46582","title":"Four Laning of Trichy Bypass - Tovarankurichi - Madurai from km. 0.00 to km. 124.840 of Old NH-45B","sector":"road","status":"commissioned","is_blocked":false,"block_reason":null,"cost_inr_crore":726.8,"progress_pct":100.0,"delay_months":null,"revised_completion_date":"2008-08-08","state":"Tamil Nadu","geo_confidence":"city","unverified":false}},{"type":"Feature","geometry":{"type":"Point","coordinates":[75.939949,30.11333]},"properties":{"id":"nhai_geoserver-6ed84328fc99becb","title":"Operation and Maintenance of 4L PS of Sangrur to Dogal Kalan section  from km 181.805 to km 211.390 of NH-71 (new NH-52)","sector":"road","status":"commissioned","is_blocked":false,"block_reason":null,"cost_inr_crore":null,"progress_pct":null,"delay_months":null,"revised_completion_date":"2016-08-28","state":"Punjab","geo_confidence":"site","unverified":false}},{"type":"Feature","geometry":{"type":"Point","coordinates":[80.9462,26.8467]},"properties":{"id":"nhai_geoserver-87353e9ca79b95a3","title":"Special Repair and Maintenance of Phephna (Ballia) - Chiraiya More (Barria) Section from Km 473.400 to Km 518.500 on NH-31 (Pkg-2)","sector":"road","status":"commissioned","is_blocked":false,"block_reason":null,"cost_inr_crore":null,"progress_pct":null,"delay_months":null,"revised_completion_date":"2022-11-20","state":"Uttar Pradesh","geo_confidence":"state","unverified":false}},{"type":"Feature","geometry":{"type":"Point","coordinates":[92.9376,26.2006]},"properties":{"id":"nhai_geoserver-679649f7ba094385","title":"6L Standalone Flyovers at Raha, Demow, Borghat, Kathiatali junctions and ROB at Jagiroad on stretches of NH 36 and NH 27","sector":"road","status":"commissioned","is_blocked":false,"block_reason":null,"cost_inr_crore":280.75,"progress_pct":99.04,"delay_months":null,"revised_completion_date":"2024-06-04","state":"Assam","geo_confidence":"state","unverified":false}},{"type":"Feature","geometry":{"type":"Point","coordinates":[92.901982,26.518487]},"properties":{"id":"nhai_geoserver-4e92d3f68d627e51","title":"Icchapuram - Narsannapeta (km 484.000 to km 580.700) under TOT Bundle - 1","sector":"road","status":"commissioned","is_blocked":false,"block_reason":null,"cost_inr_crore":5.37,"progress_pct":null,"delay_months":null,"revised_completion_date":"2048-08-28","state":"Andhra Pradesh","geo_confidence":"site","unverified":false}},{"type":"Feature","geometry":{"type":"Point","coordinates":[85.088139,26.314]},"properties":{"id":"nhai_geoserver-6e692e48d51c1f3e","title":"Kotwa (Motihari) – Mehsi - Muzaffarpur from km. 440.000 to km. 520.000 of NH-27 (Old NH-28) under TOT Bundle-3","sector":"road","status":"commissioned","is_blocked":false,"block_reason":null,"cost_inr_crore":3.51,"progress_pct":null,"delay_months":null,"revised_completion_date":"2050-10-19","state":"Bihar","geo_confidence":"site","unverified":false}},{"type":"Feature","geometry":{"type":"Point","coordinates":[78.6569,11.1271]},"properties":{"id":"nhai_geoserver-2a50389da6b3f78f","title":"Balance works in AP Portion and punch list items in TN & AP portion of NH-205","sector":"road","status":"unknown","is_blocked":false,"block_reason":null,"cost_inr_crore":166.52,"progress_pct":100.0,"delay_months":null,"revised_completion_date":"2025-01-04","state":"Tamil Nadu","geo_confidence":"state","unverified":false}},{"type":"Feature","geometry":{"type":"Point","coordinates":[77.1025,28.7041]},"properties":{"id":"nhai_geoserver-0438873669b57840","title":"Improvement of T junction at Dhaula Kuan Metro Station & near Defence Area including widening of National Highway from km. 11.06 to km. 13.84","sector":"road","status":"commissioned","is_blocked":false,"block_reason":null,"cost_inr_crore":276.29,"progress_pct":100.0,"delay_months":null,"revised_completion_date":"2019-09-20","state":"Delhi","geo_confidence":"state","unverified":false}},{"type":"Feature","geometry":{"type":"Point","coordinates":[92.901982,26.518487]},"properties":{"id":"nhai_geoserver-5b25fe3cb6910896","title":"4L Expressway from km 53.500 to km 71.000 of Bangarpet to Bethamangala section of Bangalore-Chennai Expressway (Phase-I Package-III)","sector":"road","status":"commissioned","is_blocked":false,"block_reason":null,"cost_inr_crore":1069.0,"progress_pct":100.0,"delay_months":null,"revised_completion_date":"2024-01-17","state":"Karnataka","geo_confidence":"site","unverified":false}},{"type":"Feature","geometry":{"type":"Point","coordinates":[75.3412,31.1471]},"properties":{"id":"nhai_geoserver-584679f3fd8d61f0","title":"Elevated structure including appraoches from km.352+675 to km.354+430 and VUP at km.355+400 including approaches at Phagwara City","sector":"road","status":"commissioned","is_blocked":false,"block_reason":null,"cost_inr_crore":167.29,"progress_pct":99.8,"delay_months":null,"revised_completion_date":"2020-07-04","state":"Punjab","geo_confidence":"state","unverified":false}},{"type":"Feature","geometry":{"type":"Point","coordinates":[92.9376,26.2006]},"properties":{"id":"nhai_geoserver-8b7ed90ffe7235a0","title":"Operation and Maintenance of stretch of Kaljhar to Nalbari of Contract Package AS-06 and AS-07","sector":"road","status":"commissioned","is_blocked":false,"block_reason":null,"cost_inr_crore":null,"progress_pct":null,"delay_months":null,"revised_completion_date":"2025-03-07","state":"Assam","geo_confidence":"state","unverified":false}},{"type":"Feature","geometry":{"type":"Point","coordinates":[78.6569,22.9734]},"properties":{"id":"nhai_geoserver-ddeab2913cff597a","title":"2 lane with paved shoulder from Hiwarkhedi-Roshni NH-347B from km 0.000-km 90.010 and 2-4 Lane from km 114.000","sector":"road","status":"awarded","is_blocked":false,"block_reason":null,"cost_inr_crore":1791.42,"progress_pct":null,"delay_months":null,"revised_completion_date":null,"state":"Madhya Pradesh","geo_confidence":"state","unverified":false}},{"type":"Feature","geometry":{"type":"Point","coordinates":[81.767766,20.469067]},"properties":{"id":"nhai_geoserver-c8e3be5a41e047b2","title":"Development of 6L Sargi – Basanwahi Section from km 42.800 to km 99.500 of NH-130CD (Pkg-CG-2)","sector":"road","status":"under_construction","is_blocked":false,"block_reason":null,"cost_inr_crore":1470.73,"progress_pct":100.0,"delay_months":null,"revised_completion_date":"2025-01-08","state":"Chhattisgarh","geo_confidence":"site","unverified":false}},{"type":"Feature","geometry":{"type":"Point","coordinates":[74.811656,31.613828]},"properties":{"id":"nhai_geoserver-e66269ce78039e9e","title":"Amritsar Bypass (Pkg III) from km. 71.496 to km. 105.158","sector":"road","status":"under_construction","is_blocked":false,"block_reason":null,"cost_inr_crore":1474.77,"progress_pct":82.88,"delay_months":null,"revised_completion_date":"2024-08-30","state":"Punjab","geo_confidence":"site","unverified":false}},{"type":"Feature","geometry":{"type":"Point","coordinates":[79.74,15.9129]},"properties":{"id":"nhai_geoserver-b398e41aade5031e","title":"Siddhantham - Gundugolanu from km. 950.542 to km. 1022.494","sector":"road","status":"commissioned","is_blocked":false,"block_reason":null,"cost_inr_crore":1029.63,"progress_pct":null,"delay_months":null,"revised_completion_date":"2004-02-27","state":"Andhra Pradesh","geo_confidence":"state","unverified":false}},{"type":"Feature","geometry":{"type":"Point","coordinates":[91.806087,26.106946]},"properties":{"id":"nhai_geoserver-43445dd5b44487ae","title":"Bangalore Chennai Expressway (Phase-II Pkg-I) from km.71.000 to Km 96.000 (Bethamangala in the state of Karnataka to Byreddypalli)","sector":"road","status":"under_construction","is_blocked":false,"block_reason":null,"cost_inr_crore":1410.01,"progress_pct":99.2,"delay_months":null,"revised_completion_date":"2024-10-09","state":"Andhra Pradesh","geo_confidence":"site","unverified":false}},{"type":"Feature","geometry":{"type":"Point","coordinates":[77.609212,8.326976]},"properties":{"id":"nhai_geoserver-a3d6f17e05f77abc","title":"Madurai to Kanyakumari from Km 180.00 to Km 243.470 Section of NH 7 under TOT Bundle-3","sector":"road","status":"commissioned","is_blocked":false,"block_reason":null,"cost_inr_crore":null,"progress_pct":null,"delay_months":null,"revised_completion_date":"2050-10-19","state":"Tamil Nadu","geo_confidence":"site","unverified":false}},{"type":"Feature","geometry":{"type":"Point","coordinates":[71.1924,22.2587]},"properties":{"id":"nhai_geoserver-b110d1363d0218c6","title":"Tolling, Operation, Maintenance & Transfer of Palanpur-Radhanpur-Samakhiyali section of NH-27 from Km. 536+000 to Km. 430+100 in the state of Gujarat (TOT Bundle 5A2)","sector":"road","status":"commissioned","is_blocked":false,"block_reason":null,"cost_inr_crore":null,"progress_pct":null,"delay_months":null,"revised_completion_date":"2042-04-13","state":"Gujarat","geo_confidence":"state","unverified":false}},{"type":"Feature","geometry":{"type":"Point","coordinates":[80.967938,24.350307]},"properties":{"id":"nhai_geoserver-d0c340d66e439888","title":"4L of Guna Bypass section from Km. 210.740  to Km 223.130 ( Stage-II ) of NH - 46","sector":"road","status":"commissioned","is_blocked":false,"block_reason":null,"cost_inr_crore":1.0,"progress_pct":99.0,"delay_months":null,"revised_completion_date":"2022-02-21","state":"Madhya Pradesh","geo_confidence":"site","unverified":false}},{"type":"Feature","geometry":{"type":"Point","coordinates":[87.653496,26.192342]},"properties":{"id":"nhai_geoserver-6edcfd356ff03aa6","title":"4L of Bahadurganj Araria section from Km 49.000 to Km 94.000 (Package-II) of NH-327E","sector":"road","status":"commissioned","is_blocked":false,"block_reason":null,"cost_inr_crore":1358.77,"progress_pct":100.0,"delay_months":null,"revised_completion_date":"2024-01-09","state":"Bihar","geo_confidence":"site","unverified":false}},{"type":"Feature","geometry":{"type":"Point","coordinates":[73.430203,27.852623]},"properties":{"id":"nhai_geoserver-3aa74290e31cec47","title":"Sangariya (near Chautala)-Rasisar (near Bikaner) (AJ/SR-Package-9)","sector":"road","status":"commissioned","is_blocked":false,"block_reason":null,"cost_inr_crore":656.57,"progress_pct":99.6,"delay_months":null,"revised_completion_date":"2022-06-30","state":"Rajasthan","geo_confidence":"site","unverified":false}},{"type":"Feature","geometry":{"type":"Point","coordinates":[74.437154,17.98899]},"properties":{"id":"nhai_geoserver-7b4a049879481844","title":"Four Laning of Sangli - Solapur (Pkg III) [Watambare-Mangalwedha] from km 276.0 - km 321.60","sector":"road","status":"commissioned","is_blocked":false,"block_reason":null,"cost_inr_crore":1289.44,"progress_pct":100.0,"delay_months":null,"revised_completion_date":"2020-12-30","state":"Maharashtra","geo_confidence":"site","unverified":false}},{"type":"Feature","geometry":{"type":"Point","coordinates":[71.1924,22.2587]},"properties":{"id":"nhai_geoserver-11ef87466e7726dd","title":"4L of Dhrol bypass section of NH-151A (Approx. length 5.7 Km) & widening upto 4 laning of missing link of Amran section of NH-151A (Approx. length 6.55 Km) from existing Ch. 42+000 to 48+500 of ongoing Dhrol-Bhadra-Pipaliya section of NH-151A","sector":"road","status":"under_construction","is_blocked":false,"block_reason":null,"cost_inr_crore":625.58,"progress_pct":35.47,"delay_months":null,"revised_completion_date":"2027-02-02","state":"Gujarat","geo_confidence":"state","unverified":false}},{"type":"Feature","geometry":{"type":"Point","coordinates":[78.5685,25.4484]},"properties":{"id":"nhai_geoserver-407332293e5029e0","title":"4L of Jhansi Lakhnadon Section from Km. 262.739 to Km. 305.825 of NH-26 (ADB-II/C-7)","sector":"road","status":"commissioned","is_blocked":false,"block_reason":null,"cost_inr_crore":313.9,"progress_pct":null,"delay_months":null,"revised_completion_date":"2008-11-26","state":"Madhya Pradesh","geo_confidence":"city","unverified":false}},{"type":"Feature","geometry":{"type":"Point","coordinates":[80.9462,26.8467]},"properties":{"id":"nhai_geoserver-1de555080894ad01","title":"Construction of Four Lane Highway from Ghazipur- Ballia-UP/Bihar State Border (Greenfield) section of NH-31: Package III [from Pindari (km 78.150) to Rawalganj Bypass (Km 117.120)] on EPC Mode in the state of Uttar Pradesh.","sector":"road","status":"under_construction","is_blocked":false,"block_reason":null,"cost_inr_crore":1493.5,"progress_pct":86.11,"delay_months":null,"revised_completion_date":"2025-08-28","state":"Uttar Pradesh","geo_confidence":"state","unverified":false}},{"type":"Feature","geometry":{"type":"Point","coordinates":[70.8022,22.3039]},"properties":{"id":"nhai_geoserver-9e97a6d6ad9e4510","title":"Short term Improvement and Routine Maintenance of 4L Jetpur –Gondal –Rajkot Section From Km.117.600 to Km. 185.000 of NH-27","sector":"road","status":"commissioned","is_blocked":false,"block_reason":null,"cost_inr_crore":30.61,"progress_pct":8.0,"delay_months":null,"revised_completion_date":"2025-04-07","state":"Gujarat","geo_confidence":"city","unverified":false}},{"type":"Feature","geometry":{"type":"Point","coordinates":[83.2631,18.2694]},"properties":{"id":"nhai_geoserver-635e90c35b4b3e69","title":"4L of Kadapa – China Orampadu section of NH-716 (Package I of Kadapa-Renigunta section)","sector":"road","status":"under_construction","is_blocked":false,"block_reason":null,"cost_inr_crore":1732.66,"progress_pct":5.01,"delay_months":null,"revised_completion_date":"2028-03-15","state":"Andhra Pradesh","geo_confidence":"site","unverified":false}},{"type":"Feature","geometry":{"type":"Point","coordinates":[86.652012,25.179236]},"properties":{"id":"nhai_geoserver-6fcf30cc82e93714","title":"4L of Munger – Mirzachauki section from Km 95+580 to Km 125+000 (Pkg-2)","sector":"road","status":"under_construction","is_blocked":false,"block_reason":null,"cost_inr_crore":1020.84,"progress_pct":95.9,"delay_months":null,"revised_completion_date":"2024-03-10","state":"Bihar","geo_confidence":"site","unverified":false}},{"type":"Feature","geometry":{"type":"Point","coordinates":[76.676512,30.74915]},"properties":{"id":"nhai_geoserver-dcccc6d9dea82c69","title":"Chandigarh (km.0.000) to Kharar (km10.185) of NH-21 and NH-95 in Punjab","sector":"road","status":"commissioned","is_blocked":false,"block_reason":null,"cost_inr_crore":732.62,"progress_pct":100.0,"delay_months":null,"revised_completion_date":"2018-12-06","state":"Punjab","geo_confidence":"site","unverified":false}},{"type":"Feature","geometry":{"type":"Point","coordinates":[76.218527,28.093833]},"properties":{"id":"nhai_geoserver-e9b848e67922a1d3","title":"Narnaul Bypass & Ateli Mandi to Narnaul section of NH-11 km 43.445 to km 56.900","sector":"road","status":"commissioned","is_blocked":false,"block_reason":null,"cost_inr_crore":1174.1,"progress_pct":100.0,"delay_months":null,"revised_completion_date":"2022-08-25","state":"Haryana","geo_confidence":"site","unverified":false}},{"type":"Feature","geometry":{"type":"Point","coordinates":[83.180872,22.413503]},"properties":{"id":"nhai_geoserver-42e0b3937691300f","title":"4L of Urga - Pathalgaon from Km. 70.200 to km. 157.745 of NH-130A","sector":"road","status":"under_construction","is_blocked":false,"block_reason":null,"cost_inr_crore":2261.3,"progress_pct":81.5,"delay_months":null,"revised_completion_date":"2026-08-08","state":"Chhattisgarh","geo_confidence":"site","unverified":false}},{"type":"Feature","geometry":{"type":"Point","coordinates":[75.7139,19.7515]},"properties":{"id":"nhai_geoserver-ad72cdc69d0330b1","title":"Flyover at Butibori MIDC T Junction on NH-44 (Old NH - 7) (from 25.250 km to 26.940 km)","sector":"road","status":"commissioned","is_blocked":false,"block_reason":null,"cost_inr_crore":57.99,"progress_pct":100.0,"delay_months":null,"revised_completion_date":"2020-05-31","state":"Maharashtra","geo_confidence":"state","unverified":false}},{"type":"Feature","geometry":{"type":"Point","coordinates":[84.954755,21.709376]},"properties":{"id":"nhai_geoserver-752dd63541adce11","title":"4-L of Rajamunda to Barkote Section of NH-23 from km. 287.200 to km. 337.185","sector":"road","status":"commissioned","is_blocked":false,"block_reason":null,"cost_inr_crore":609.63,"progress_pct":100.0,"delay_months":null,"revised_completion_date":"2021-06-13","state":"Odisha","geo_confidence":"site","unverified":false}},{"type":"Feature","geometry":{"type":"Point","coordinates":[75.7139,19.7515]},"properties":{"id":"nhai_geoserver-01214afb65e0662c","title":"Balance work of Khed Ghat realignment & Narayangaon bypass on Khed Sinnar section of NH-60","sector":"road","status":"commissioned","is_blocked":false,"block_reason":null,"cost_inr_crore":60.0,"progress_pct":100.0,"delay_months":null,"revised_completion_date":"2020-04-18","state":"Maharashtra","geo_confidence":"state","unverified":false}},{"type":"Feature","geometry":{"type":"Point","coordinates":[75.7139,19.7515]},"properties":{"id":"nhai_geoserver-3560be49d55bce39","title":"4L of Indora Chowk to Pachpaoli and Agrasen Chowk - Ashoka Chowk","sector":"road","status":"under_construction","is_blocked":false,"block_reason":null,"cost_inr_crore":1038.84,"progress_pct":84.0,"delay_months":null,"revised_completion_date":"2026-06-30","state":"Maharashtra","geo_confidence":"state","unverified":false}},{"type":"Feature","geometry":{"type":"Point","coordinates":[70.669726,23.143442]},"properties":{"id":"nhai_geoserver-e505386f20e75bee","title":"Garamore - Samakhiyali section from km 254.54 - km 306.00","sector":"road","status":"commissioned","is_blocked":false,"block_reason":null,"cost_inr_crore":2545.0,"progress_pct":null,"delay_months":null,"revised_completion_date":"2019-08-28","state":"Gujarat","geo_confidence":"site","unverified":false}},{"type":"Feature","geometry":{"type":"Point","coordinates":[73.144845,27.407542]},"properties":{"id":"nhai_geoserver-c1731db499b9051e","title":"Rasisar (near Bikaner)-Deogarh (near Dhandhaniya) (Phase-I) (AJ/RD-Package-2)","sector":"road","status":"commissioned","is_blocked":false,"block_reason":null,"cost_inr_crore":676.19,"progress_pct":100.0,"delay_months":null,"revised_completion_date":"2022-01-08","state":"Rajasthan","geo_confidence":"site","unverified":false}},{"type":"Feature","geometry":{"type":"Point","coordinates":[73.7898,19.9975]},"properties":{"id":"nhai_geoserver-f2dfa0120587481a","title":"Balance / Additional Works in Pimpalgaon - Nashik - Gonde Section of NH-3 from Km.380.00 to Km.440.0 [EPC-II]","sector":"road","status":"commissioned","is_blocked":false,"block_reason":null,"cost_inr_crore":495.24,"progress_pct":100.0,"delay_months":null,"revised_completion_date":"2021-10-05","state":"Maharashtra","geo_confidence":"city","unverified":false}},{"type":"Feature","geometry":{"type":"Point","coordinates":[87.855,22.9868]},"properties":{"id":"nhai_geoserver-711ab5148099a315","title":"4L Mayurakshi Bridge Approach to Moregram section from Km 180.000 to Km 230.957 of NH 116A (Pkg-V)","sector":"road","status":"awarded","is_blocked":false,"block_reason":null,"cost_inr_crore":3120.66,"progress_pct":null,"delay_months":null,"revised_completion_date":null,"state":"West Bengal","geo_confidence":"state","unverified":false}},{"type":"Feature","geometry":{"type":"Point","coordinates":[85.0985,20.9517]},"properties":{"id":"nhai_geoserver-4b4c8e11ce85c5e5","title":"2L PS of Kanaktora - Jharsuguda from Km 0.0 to Km 68.0 including by-pass at Beipahar at Km. 52.00 of NH-200","sector":"road","status":"commissioned","is_blocked":false,"block_reason":null,"cost_inr_crore":8.53,"progress_pct":null,"delay_months":null,"revised_completion_date":"2024-03-25","state":"Odisha","geo_confidence":"state","unverified":false}},{"type":"Feature","geometry":{"type":"Point","coordinates":[75.8573,30.901]},"properties":{"id":"nhai_geoserver-02c38db55b4a1406","title":"Operation and Maintenance including Incident Management System for Ludhiana-Talwandi Section of NH-95 (New NH-05) from Km 85.980 to Km 170.000","sector":"road","status":"commissioned","is_blocked":false,"block_reason":null,"cost_inr_crore":null,"progress_pct":null,"delay_months":null,"revised_completion_date":"2024-11-30","state":"Punjab","geo_confidence":"city","unverified":false}},{"type":"Feature","geometry":{"type":"Point","coordinates":[76.907125,30.636394]},"properties":{"id":"nhai_geoserver-0b32604b6a1f5637","title":"Four Laning of Yamunanagar - Panchkula Section of Old NH 73 (Pkg - 3) from km. 160.357 to km. 179.248","sector":"road","status":"commissioned","is_blocked":false,"block_reason":null,"cost_inr_crore":224.54,"progress_pct":100.0,"delay_months":null,"revised_completion_date":"2018-11-05","state":"Haryana","geo_confidence":"site","unverified":false}},{"type":"Feature","geometry":{"type":"Point","coordinates":[76.98992,30.422211]},"properties":{"id":"nhai_geoserver-adf1b6421792174c","title":"Yamunanagar - Saha - Barwala - Panchkula Section from km 115.400 to km 157.192 (Package - 2)","sector":"road","status":"commissioned","is_blocked":false,"block_reason":null,"cost_inr_crore":822.1,"progress_pct":null,"delay_months":null,"revised_completion_date":"2018-04-17","state":"Haryana","geo_confidence":"site","unverified":false}},{"type":"Feature","geometry":{"type":"Point","coordinates":[85.0985,20.9517]},"properties":{"id":"nhai_geoserver-7971a0851795e491","title":"Strengthening of Pavement (Overlaying works) with DBM and BC of Panikoili to Rimuli section of NH-20 (Panikoili-Keonjhar-Rimuli) from Km 113.300 to Km 166.173","sector":"road","status":"under_construction","is_blocked":false,"block_reason":null,"cost_inr_crore":null,"progress_pct":null,"delay_months":null,"revised_completion_date":"2025-06-30","state":"Odisha","geo_confidence":"state","unverified":false}},{"type":"Feature","geometry":{"type":"Point","coordinates":[79.729955,12.076865]},"properties":{"id":"nhai_geoserver-2fa21ad3a4af3891","title":"Four Laning of Pondicherry - Tindivanam from km. 0.00 to km. 37.29","sector":"road","status":"commissioned","is_blocked":false,"block_reason":null,"cost_inr_crore":57.81,"progress_pct":100.0,"delay_months":null,"revised_completion_date":"2010-07-14","state":"Tamil Nadu,Puducherry","geo_confidence":"site","unverified":false}},{"type":"Feature","geometry":{"type":"Point","coordinates":[84.730245,26.36662]},"properties":{"id":"nhai_geoserver-31290baab6083a21","title":"4L PS under NH configuration of Manikpur-Sahebganj of NH-139W","sector":"road","status":"under_construction","is_blocked":false,"block_reason":null,"cost_inr_crore":1538.76,"progress_pct":27.5,"delay_months":null,"revised_completion_date":"2027-12-31","state":"Bihar","geo_confidence":"site","unverified":false}},{"type":"Feature","geometry":{"type":"Point","coordinates":[70.520965,21.33409]},"properties":{"id":"nhai_geoserver-212e6da38e39c4db","title":"O&M of 4L of Jetpur- Somnath Section from Km 0.00 to Km 127.600 of Old NH-8D","sector":"road","status":"commissioned","is_blocked":false,"block_reason":null,"cost_inr_crore":196.7,"progress_pct":null,"delay_months":null,"revised_completion_date":null,"state":"Gujarat","geo_confidence":"site","unverified":false}},{"type":"Feature","geometry":{"type":"Point","coordinates":[76.7794,30.7333]},"properties":{"id":"nhai_geoserver-75bd94e4eb9fedc2","title":"6L of IT City Chowk to Kurali Chandigarh Road","sector":"road","status":"commissioned","is_blocked":false,"block_reason":null,"cost_inr_crore":1525.31,"progress_pct":98.74,"delay_months":null,"revised_completion_date":"2024-10-09","state":"Punjab","geo_confidence":"city","unverified":false}},{"type":"Feature","geometry":{"type":"Point","coordinates":[76.562455,20.71646]},"properties":{"id":"nhai_geoserver-75e7c233917d9b7b","title":"6L of Wainganga Bridge - Bhandara (including Bhandara Bypass) section from km 485.000 to km 499.800 of NH-53 (old NH-6)","sector":"road","status":"commissioned","is_blocked":false,"block_reason":null,"cost_inr_crore":815.77,"progress_pct":100.0,"delay_months":null,"revised_completion_date":"2024-01-05","state":"Maharashtra","geo_confidence":"site","unverified":false}},{"type":"Feature","geometry":{"type":"Point","coordinates":[77.1734,31.1048]},"properties":{"id":"nhai_geoserver-c644b767eb963443","title":"4L of Kathlighat to Shakral Village from Km 128.835 to Km 146.300 of NH- 5 (Shimla Bypass - Pkg I)","sector":"road","status":"under_construction","is_blocked":false,"block_reason":null,"cost_inr_crore":1703.48,"progress_pct":64.2,"delay_months":null,"revised_completion_date":"2026-04-21","state":"Himachal Pradesh","geo_confidence":"city","unverified":false}},{"type":"Feature","geometry":{"type":"Point","coordinates":[76.982271,28.431817]},"properties":{"id":"nhai_geoserver-772ad4db43b7c446","title":"Dwarka Expressway Pkg-IV (from Rail Over Bridge (ROB) to NH-8","sector":"road","status":"commissioned","is_blocked":false,"block_reason":null,"cost_inr_crore":1859.3,"progress_pct":100.0,"delay_months":null,"revised_completion_date":"2020-12-04","state":"Haryana","geo_confidence":"site","unverified":false}},{"type":"Feature","geometry":{"type":"Point","coordinates":[75.1951,25.46055]},"properties":{"id":"nhai_geoserver-c689ac1305388ce8","title":"Delhi-Vadodara Greenfield Alignment (NH-148N) (Pkg-18) (Ch. 484+420 to Ch. 517+420) [Jodmi village to Bani village of Mandsaur district]","sector":"road","status":"commissioned","is_blocked":false,"block_reason":null,"cost_inr_crore":1435.64,"progress_pct":99.07,"delay_months":null,"revised_completion_date":"2022-02-06","state":"Madhya Pradesh","geo_confidence":"city","unverified":false}},{"type":"Feature","geometry":{"type":"Point","coordinates":[72.94434,20.240989]},"properties":{"id":"nhai_geoserver-3e34ad7c91139a94","title":"Vadodara Mumbai Expressway (Talsari to Karvad) (Phase IB - Pkg X) [Km 103.400 to Km 128.000]","sector":"road","status":"under_construction","is_blocked":false,"block_reason":null,"cost_inr_crore":1909.74,"progress_pct":36.23,"delay_months":null,"revised_completion_date":"2024-03-21","state":"Gujarat","geo_confidence":"site","unverified":false}},{"type":"Feature","geometry":{"type":"Point","coordinates":[78.273537,18.258255]},"properties":{"id":"nhai_geoserver-a2ed1b94581969d5","title":"4L from Km 0.00 to Km 26.400 (along with 0.7 km approach towards NH-207 with interchange on NH-4 at start point) of Bangalore to Malur section of Bangalore-Chennai Expressway(NE-7)(Phase-I, Package-I)","sector":"road","status":"under_construction","is_blocked":false,"block_reason":null,"cost_inr_crore":2480.99,"progress_pct":98.99,"delay_months":null,"revised_completion_date":"2023-09-14","state":"Karnataka","geo_confidence":"site","unverified":false}},{"type":"Feature","geometry":{"type":"Point","coordinates":[80.6577,16.502627]},"properties":{"id":"nhai_geoserver-dac6f95b53986193","title":"3L western side flyover Before Jyothi Mahal Junction to Beyond Ramesh Hospital Junction from Design Km 0.300 to Design Km 2.770 on NH-16","sector":"road","status":"commissioned","is_blocked":false,"block_reason":null,"cost_inr_crore":99.9,"progress_pct":100.0,"delay_months":null,"revised_completion_date":"2022-04-28","state":"Andhra Pradesh","geo_confidence":"site","unverified":false}},{"type":"Feature","geometry":{"type":"Point","coordinates":[79.2553,13.2269]},"properties":{"id":"nhai_geoserver-f2b5795b7df6bc3c","title":"Six Laning Of Chilkaluripet Vijaywada Section from km 355.00 to km 434.15","sector":"road","status":"commissioned","is_blocked":false,"block_reason":null,"cost_inr_crore":2398.33,"progress_pct":null,"delay_months":null,"revised_completion_date":"2011-10-29","state":"Andhra Pradesh","geo_confidence":"site","unverified":false}},{"type":"Feature","geometry":{"type":"Point","coordinates":[81.8463,25.4358]},"properties":{"id":"nhai_geoserver-7c5fdda6a80a3ce3","title":"Allahabad Bypass (3B) (Packages ABP-I, II, III )","sector":"road","status":"commissioned","is_blocked":false,"block_reason":null,"cost_inr_crore":218.7,"progress_pct":null,"delay_months":null,"revised_completion_date":"2023-04-24","state":"Uttar Pradesh","geo_confidence":"city","unverified":false}},{"type":"Feature","geometry":{"type":"Point","coordinates":[75.827681,30.896314]},"properties":{"id":"nhai_geoserver-f639d37715f3f889","title":"4L Elevated section from Samrala Chowk (Km. 0.000) to Ludhiana Municipal Limit (Km. 12.951) of NH-95 in Punjab","sector":"road","status":"commissioned","is_blocked":false,"block_reason":null,"cost_inr_crore":873.37,"progress_pct":100.0,"delay_months":null,"revised_completion_date":"2020-04-07","state":"Punjab","geo_confidence":"site","unverified":false}},{"type":"Feature","geometry":{"type":"Point","coordinates":[70.8022,22.3039]},"properties":{"id":"nhai_geoserver-77cb6575cfa2c6cb","title":"Widening to 6L of Existing 4L Jetpur - Gondal - Rajkot Section from Km. 117.600 to Km. 185.00 on NH-27","sector":"road","status":"under_construction","is_blocked":false,"block_reason":null,"cost_inr_crore":2070.44,"progress_pct":76.83,"delay_months":null,"revised_completion_date":"2025-09-26","state":"Gujarat","geo_confidence":"city","unverified":false}},{"type":"Feature","geometry":{"type":"Point","coordinates":[83.3732,26.7606]},"properties":{"id":"nhai_geoserver-047341ca40556b70","title":"Strengthening and improvement of Gorakhpur Kasia UP/Bihar Border Sec of NH27 from Ch. Km330.002 to Km 366.117 (TL 36.115 Km)on EPC Mode in the state of Uttar Pradesh","sector":"road","status":"under_construction","is_blocked":false,"block_reason":null,"cost_inr_crore":null,"progress_pct":98.0,"delay_months":null,"revised_completion_date":"2025-10-25","state":"Uttar Pradesh","geo_confidence":"city","unverified":false}},{"type":"Feature","geometry":{"type":"Point","coordinates":[88.187058,26.25728]},"properties":{"id":"nhai_geoserver-60b635d793fb1604","title":"Islampur Bypass of NH-31 (New NH-27) of 10.31 km length in the state of West Bengal","sector":"road","status":"commissioned","is_blocked":false,"block_reason":null,"cost_inr_crore":361.15,"progress_pct":100.0,"delay_months":null,"revised_completion_date":"2020-01-13","state":"West Bengal","geo_confidence":"site","unverified":false}},{"type":"Feature","geometry":{"type":"Point","coordinates":[93.122262,25.672282]},"properties":{"id":"nhai_geoserver-90208f0f9c1e8d14","title":"Manderdisa (Km. 60.500) to Hatikhali (Km. 83.400) of NH-27 in Assam (AS-26 Bal.)","sector":"road","status":"commissioned","is_blocked":false,"block_reason":null,"cost_inr_crore":529.57,"progress_pct":null,"delay_months":null,"revised_completion_date":"2014-01-23","state":"Assam","geo_confidence":"site","unverified":false}},{"type":"Feature","geometry":{"type":"Point","coordinates":[75.4115,11.89945]},"properties":{"id":"nhai_geoserver-9be50f49da0ca592","title":"6L of Taliparamba to Muzhappilangad from Km 134.650 to Km 170.6 of NH-66","sector":"road","status":"under_construction","is_blocked":false,"block_reason":null,"cost_inr_crore":2714.6,"progress_pct":83.7,"delay_months":null,"revised_completion_date":"2024-05-26","state":"Kerala","geo_confidence":"site","unverified":false}},{"type":"Feature","geometry":{"type":"Point","coordinates":[72.34488,25.84035]},"properties":{"id":"nhai_geoserver-7e018b4b00c8f6b8","title":"Deogarh (near Dhandhaniya)-Rajasthan/Gujarat Border (Phase-I) (AJ/DRGB-Package-3)","sector":"road","status":"commissioned","is_blocked":false,"block_reason":null,"cost_inr_crore":820.19,"progress_pct":100.0,"delay_months":null,"revised_completion_date":"2022-12-07","state":"Rajasthan","geo_confidence":"site","unverified":false}},{"type":"Feature","geometry":{"type":"Point","coordinates":[78.487568,21.533383]},"properties":{"id":"nhai_geoserver-a06bfda033799a75","title":"4L of Akola - Medshi from km. 0.00 to km. 47.70 of NH-161 including bypasses at Patur and Medshi","sector":"road","status":"commissioned","is_blocked":false,"block_reason":null,"cost_inr_crore":1393.95,"progress_pct":97.96,"delay_months":null,"revised_completion_date":"2022-11-15","state":"Maharashtra","geo_confidence":"site","unverified":false}},{"type":"Feature","geometry":{"type":"Point","coordinates":[75.7139,15.3173]},"properties":{"id":"nhai_geoserver-a66ec0b4e91f353e","title":"Balance work of 2L PS  from Km 30.800 to Km 70.800 and 2L with Rigid Carriageway from Km 70.800 to  km 84.120 of Khanapur- KA/GOA Border section of NH-4A","sector":"road","status":"under_construction","is_blocked":false,"block_reason":null,"cost_inr_crore":226.76,"progress_pct":85.8,"delay_months":null,"revised_completion_date":"2024-05-21","state":"Karnataka","geo_confidence":"state","unverified":false}},{"type":"Feature","geometry":{"type":"Point","coordinates":[78.6569,22.9734]},"properties":{"id":"nhai_geoserver-5f0bd9a410bab087","title":"Manegaon -Barela section of NH-30 (old NH-12A) from Km. 0+000 to Km. 21.850 (Package-I)","sector":"road","status":"commissioned","is_blocked":false,"block_reason":null,"cost_inr_crore":null,"progress_pct":null,"delay_months":null,"revised_completion_date":"2024-06-12","state":"Madhya Pradesh","geo_confidence":"state","unverified":false}},{"type":"Feature","geometry":{"type":"Point","coordinates":[75.7139,15.3173]},"properties":{"id":"nhai_geoserver-a01ff4bfd1fd7ce4","title":"AP/KNT border-Mulbagal","sector":"road","status":"commissioned","is_blocked":false,"block_reason":null,"cost_inr_crore":51.78,"progress_pct":100.0,"delay_months":null,"revised_completion_date":"2014-05-21","state":"Karnataka","geo_confidence":"state","unverified":false}},{"type":"Feature","geometry":{"type":"Point","coordinates":[76.224583,25.674444]},"properties":{"id":"nhai_geoserver-916f2f43c3e2bf90","title":"Delhi-Vadodara Greenfield Alignment (NH-148N) (Pkg-11) (Ch. 319.400 to Ch. 331.030) [Hardeoganj village near Indergarh to Major Bridge on Mej River]","sector":"road","status":"commissioned","is_blocked":false,"block_reason":null,"cost_inr_crore":1248.59,"progress_pct":100.0,"delay_months":null,"revised_completion_date":"2023-05-21","state":"Rajasthan","geo_confidence":"site","unverified":false}},{"type":"Feature","geometry":{"type":"Point","coordinates":[82.428267,22.411035]},"properties":{"id":"nhai_geoserver-316fe34cbdc26ee6","title":"4 Laning with PS of Pathrapalli-Katghora km 53.3 to km 92.6 (Pkg-II of Bilaspur Kathghora)","sector":"road","status":"under_construction","is_blocked":false,"block_reason":null,"cost_inr_crore":865.1,"progress_pct":93.1,"delay_months":null,"revised_completion_date":"2022-12-03","state":"Chhattisgarh","geo_confidence":"site","unverified":false}},{"type":"Feature","geometry":{"type":"Point","coordinates":[75.954803,11.046829]},"properties":{"id":"nhai_geoserver-8be996f13965848b","title":"6L of Ramanatukkara Junction to start of Valanchery bypass section of NH-66","sector":"road","status":"under_construction","is_blocked":false,"block_reason":null,"cost_inr_crore":4919.46,"progress_pct":100.0,"delay_months":null,"revised_completion_date":"2024-07-19","state":"Kerala","geo_confidence":"site","unverified":false}},{"type":"Feature","geometry":{"type":"Point","coordinates":[93.116694,25.502695]},"properties":{"id":"nhai_geoserver-e1bef921d765689f","title":"Hatikhali (Km 83.400) to Lailling (Km 111.000) of NH-27 in Assam (AS-25 Bal.)","sector":"road","status":"commissioned","is_blocked":false,"block_reason":null,"cost_inr_crore":480.75,"progress_pct":99.9,"delay_months":null,"revised_completion_date":"2013-08-31","state":"Assam","geo_confidence":"site","unverified":false}},{"type":"Feature","geometry":{"type":"Point","coordinates":[74.8723,31.634]},"properties":{"id":"nhai_geoserver-74d8bc7347493744","title":"Delhi Amritsar Katra Expressway (Phase-II Pkg XVIII) Development and Upgradation of Four lane Access Control Expressway from Design Chainage KM 530.00 to KM 545.300 (Sidhra to Domel Section of NH-44)","sector":"road","status":"under_construction","is_blocked":false,"block_reason":null,"cost_inr_crore":1025.73,"progress_pct":67.5,"delay_months":null,"revised_completion_date":"2025-11-19","state":"Jammu and Kashmir","geo_confidence":"city","unverified":false}},{"type":"Feature","geometry":{"type":"Point","coordinates":[74.2179,27.0238]},"properties":{"id":"nhai_geoserver-cb289f50a7740ec3","title":"Bekaria - Gogunda from km. 29.00 to km. 73.00 of NH-76 (Contract Package EW-II RJ-II)","sector":"road","status":"commissioned","is_blocked":false,"block_reason":null,"cost_inr_crore":763.83,"progress_pct":null,"delay_months":null,"revised_completion_date":"2008-05-05","state":"Rajasthan","geo_confidence":"state","unverified":false}},{"type":"Feature","geometry":{"type":"Point","coordinates":[73.285877,27.638287]},"properties":{"id":"nhai_geoserver-3b9fe818589a9b78","title":"Rasisar (near Bikaner)-Deogarh (near Dhandhaniya) (Phase-I) (AJ/RD-Package-1)","sector":"road","status":"commissioned","is_blocked":false,"block_reason":null,"cost_inr_crore":621.82,"progress_pct":100.0,"delay_months":null,"revised_completion_date":"2022-10-18","state":"Rajasthan","geo_confidence":"site","unverified":false}},{"type":"Feature","geometry":{"type":"Point","coordinates":[80.050938,23.387566]},"properties":{"id":"nhai_geoserver-5266275641481140","title":"Sleemnabad (KM 397.000) to Jabalpur (Km 465.500) [Rewa - Katni - Jabalpur Pkg IV]","sector":"road","status":"commissioned","is_blocked":false,"block_reason":null,"cost_inr_crore":1035.15,"progress_pct":99.02,"delay_months":null,"revised_completion_date":"2017-06-14","state":"Madhya Pradesh","geo_confidence":"site","unverified":false}},{"type":"Feature","geometry":{"type":"Point","coordinates":[75.759295,23.685634]},"properties":{"id":"nhai_geoserver-8a957e7650ff8659","title":"4L of Indore-Khalghat section from km 12.600 to km 84.700 of Old NH-3","sector":"road","status":"commissioned","is_blocked":false,"block_reason":null,"cost_inr_crore":1251.64,"progress_pct":null,"delay_months":null,"revised_completion_date":"2009-09-01","state":"Madhya Pradesh","geo_confidence":"site","unverified":false}},{"type":"Feature","geometry":{"type":"Point","coordinates":[76.0856,29.0588]},"properties":{"id":"nhai_geoserver-44245c789df23e5f","title":"Under Ground U-turn near Ambience Mall and Elevated U-Turn near Shankar Chowk from km. 23.66 to km. 24.446 & km. 25.684 to km. 26.123","sector":"road","status":"commissioned","is_blocked":false,"block_reason":null,"cost_inr_crore":161.9,"progress_pct":99.99,"delay_months":null,"revised_completion_date":"2020-08-31","state":"Haryana","geo_confidence":"state","unverified":false}},{"type":"Feature","geometry":{"type":"Point","coordinates":[73.664523,25.421018]},"properties":{"id":"nhai_geoserver-dc8d9727eeaf0779","title":"4L of Beawar- Pali- Pindwara Section of NH 14 (km 0.000 to km 244.120)","sector":"road","status":"commissioned","is_blocked":false,"block_reason":null,"cost_inr_crore":455.56,"progress_pct":null,"delay_months":null,"revised_completion_date":"2014-06-15","state":"Rajasthan","geo_confidence":"site","unverified":false}},{"type":"Feature","geometry":{"type":"Point","coordinates":[74.4977,15.8497]},"properties":{"id":"nhai_geoserver-7849734be8c1416c","title":"4 Lane with PS from Des. Ch 136.100 to Des. Ch. 182.300 of Belgaum-Hungund-Raichur Section of NH-748A (Package-4)","sector":"road","status":"under_construction","is_blocked":false,"block_reason":null,"cost_inr_crore":1311.41,"progress_pct":15.0,"delay_months":null,"revised_completion_date":"2027-09-28","state":"Karnataka","geo_confidence":"city","unverified":false}},{"type":"Feature","geometry":{"type":"Point","coordinates":[73.099193,21.745458]},"properties":{"id":"nhai_geoserver-4c1f905d85476a54","title":"Six laning of Vadodara-Bharuch Section from km 108.700 to km 192.000","sector":"road","status":"commissioned","is_blocked":false,"block_reason":null,"cost_inr_crore":660.0,"progress_pct":null,"delay_months":null,"revised_completion_date":"2009-07-31","state":"Gujarat","geo_confidence":"site","unverified":false}},{"type":"Feature","geometry":{"type":"Point","coordinates":[72.8311,21.1702]},"properties":{"id":"nhai_geoserver-d052551a11163664","title":"Strengthening and major maintenance work from Km. 263.000 to Km. 381.000 of NH-48 (from Surat to Vapi section)","sector":"road","status":"commissioned","is_blocked":false,"block_reason":null,"cost_inr_crore":310.52,"progress_pct":null,"delay_months":null,"revised_completion_date":"2029-03-14","state":"Gujarat","geo_confidence":"city","unverified":false}},{"type":"Feature","geometry":{"type":"Point","coordinates":[73.8567,18.5204]},"properties":{"id":"nhai_geoserver-1e5e8a789c113573","title":"4L of Westerly Diversion to Pune City from km. 0.00 to km. 34.423 of NH-04","sector":"road","status":"commissioned","is_blocked":false,"block_reason":null,"cost_inr_crore":92.15,"progress_pct":null,"delay_months":null,"revised_completion_date":"2002-08-31","state":"Maharashtra","geo_confidence":"city","unverified":false}},{"type":"Feature","geometry":{"type":"Point","coordinates":[87.841444,22.521136]},"properties":{"id":"nhai_geoserver-9fede28d1205636d","title":"6L of Dhankuni to Kharagpur from km 17.600 to km 129.000 of Old NH-06","sector":"road","status":"commissioned","is_blocked":false,"block_reason":null,"cost_inr_crore":289.36,"progress_pct":99.05,"delay_months":null,"revised_completion_date":"2014-09-28","state":"West Bengal","geo_confidence":"site","unverified":false}},{"type":"Feature","geometry":{"type":"Point","coordinates":[92.901982,26.038965]},"properties":{"id":"nhai_geoserver-a3842784dba17f36","title":"Ranasthalam (Km.634.000) to Anandapuram (Km.681.000) of NH-16 in the State of Andhra Pradesh","sector":"road","status":"commissioned","is_blocked":false,"block_reason":null,"cost_inr_crore":1467.97,"progress_pct":100.0,"delay_months":null,"revised_completion_date":"2020-05-13","state":"Andhra Pradesh","geo_confidence":"site","unverified":false}},{"type":"Feature","geometry":{"type":"Point","coordinates":[78.103316,10.022962]},"properties":{"id":"nhai_geoserver-4759256e807aa878","title":"4L of Madurai Ring Road (Phase 1) [Vadipatti-Thamrapatti] from km 0.00 - km 29.960","sector":"road","status":"under_construction","is_blocked":false,"block_reason":null,"cost_inr_crore":900.05,"progress_pct":99.42,"delay_months":null,"revised_completion_date":"2022-03-15","state":"Tamil Nadu","geo_confidence":"site","unverified":false}},{"type":"Feature","geometry":{"type":"Point","coordinates":[74.2179,27.0238]},"properties":{"id":"nhai_geoserver-3b5a909003e6ce05","title":"Swaroopganj - Pindwara Section from km. 264.00 to km. 249.70 of NH-14 & Pindwara - Udaipur from km. 0.00 to km. 29.00 of NH-76 (Contract Package EW-II RJ-I)","sector":"road","status":"commissioned","is_blocked":false,"block_reason":null,"cost_inr_crore":751.68,"progress_pct":null,"delay_months":null,"revised_completion_date":"2008-06-07","state":"Rajasthan","geo_confidence":"state","unverified":false}},{"type":"Feature","geometry":{"type":"Point","coordinates":[88.56123,26.575624]},"properties":{"id":"nhai_geoserver-037e499325a0acf4","title":"Ghoshpukur (km 0.000) to Dhupguri (km 83.785) of NH-31D","sector":"road","status":"commissioned","is_blocked":false,"block_reason":null,"cost_inr_crore":1827.15,"progress_pct":100.0,"delay_months":null,"revised_completion_date":"2018-06-13","state":"West Bengal","geo_confidence":"site","unverified":false}},{"type":"Feature","geometry":{"type":"Point","coordinates":[78.6569,22.9734]},"properties":{"id":"nhai_geoserver-3076e64ba6f68a49","title":"4L Greenfield Rudhi to Deshgaon (Pkg V of Betul-Khandwa/Deshgaon)","sector":"road","status":"under_construction","is_blocked":false,"block_reason":null,"cost_inr_crore":521.21,"progress_pct":63.79,"delay_months":null,"revised_completion_date":"2025-10-05","state":"Madhya Pradesh","geo_confidence":"state","unverified":false}},{"type":"Feature","geometry":{"type":"Point","coordinates":[81.366699,25.233435]},"properties":{"id":"nhai_geoserver-776ce6a76de33be9","title":"4L of Munger – Mirzachauki section from Km 157+350 to Km 193+931 (Pkg-4)","sector":"road","status":"under_construction","is_blocked":false,"block_reason":null,"cost_inr_crore":1376.56,"progress_pct":92.0,"delay_months":null,"revised_completion_date":"2024-08-15","state":"Bihar","geo_confidence":"site","unverified":false}},{"type":"Feature","geometry":{"type":"Point","coordinates":[79.4192,13.6288]},"properties":{"id":"nhai_geoserver-023116cf549c0230","title":"Operation and Maintenance of Tirupati Tiruttani Chennai Section of NH 205","sector":"road","status":"commissioned","is_blocked":false,"block_reason":null,"cost_inr_crore":null,"progress_pct":null,"delay_months":null,"revised_completion_date":"2023-08-01","state":"Andhra Pradesh","geo_confidence":"city","unverified":false}},{"type":"Feature","geometry":{"type":"Point","coordinates":[79.74,15.9129]},"properties":{"id":"nhai_geoserver-11924010580b3c81","title":"Maintenance of 2L PS Mydukuru – Dornala T Junction from Km 589.000 to 641.000 of NH-67","sector":"road","status":"commissioned","is_blocked":false,"block_reason":null,"cost_inr_crore":null,"progress_pct":null,"delay_months":null,"revised_completion_date":"2025-04-21","state":"Andhra Pradesh","geo_confidence":"state","unverified":false}},{"type":"Feature","geometry":{"type":"Point","coordinates":[76.2711,10.8505]},"properties":{"id":"nhai_geoserver-b2aee3a3dab736f4","title":"6L Minor Bridge (Paloli Palam) at km. 203.160 & Major Bridge (Morad) at km. 204.895 and allied works","sector":"road","status":"under_construction","is_blocked":false,"block_reason":null,"cost_inr_crore":210.0,"progress_pct":100.0,"delay_months":null,"revised_completion_date":"2022-06-11","state":"Kerala","geo_confidence":"state","unverified":false}},{"type":"Feature","geometry":{"type":"Point","coordinates":[80.9462,26.8467]},"properties":{"id":"nhai_geoserver-0a3386f30f495cf5","title":"Strengthening and Improvement of Lucknow Ayodhya section of NH-28 (New NH-27) from Km. 68.900 to Km. 121.600 (Pkg-II).","sector":"road","status":"commissioned","is_blocked":false,"block_reason":null,"cost_inr_crore":135.77,"progress_pct":null,"delay_months":null,"revised_completion_date":"2024-07-08","state":"Uttar Pradesh","geo_confidence":"city","unverified":false}},{"type":"Feature","geometry":{"type":"Point","coordinates":[78.6569,22.9734]},"properties":{"id":"nhai_geoserver-6ca6ed561605ac9d","title":"4L Vidisha Gyaraspur section of NH-146 from Design Chainage km 59+475 (existing chainage km 81+240 ) to Design Chainage km 88+361 (existing chainage km 110.315)","sector":"road","status":"under_construction","is_blocked":false,"block_reason":null,"cost_inr_crore":980.2,"progress_pct":12.25,"delay_months":null,"revised_completion_date":"2028-03-13","state":"Madhya Pradesh","geo_confidence":"state","unverified":false}},{"type":"Feature","geometry":{"type":"Point","coordinates":[86.138792,20.651821]},"properties":{"id":"nhai_geoserver-1ebaf4705d2e4023","title":"Eastern Peripheral Expressway Package - VI from Km 114.000 to Km 136.000 in the state of Haryana.","sector":"road","status":"commissioned","is_blocked":false,"block_reason":null,"cost_inr_crore":1251.71,"progress_pct":null,"delay_months":null,"revised_completion_date":"2018-09-14","state":"Haryana","geo_confidence":"site","unverified":false}},{"type":"Feature","geometry":{"type":"Point","coordinates":[86.420481,20.428328]},"properties":{"id":"nhai_geoserver-01ac781013c8ff4e","title":"Eastern Peripheral Expressway Package - IV from Km 71.000 to Km 93.000 in the state of Uttar Pradesh","sector":"road","status":"commissioned","is_blocked":false,"block_reason":null,"cost_inr_crore":2557.91,"progress_pct":null,"delay_months":null,"revised_completion_date":"2018-09-11","state":"Uttar Pradesh","geo_confidence":"site","unverified":false}},{"type":"Feature","geometry":{"type":"Point","coordinates":[72.894153,22.667076]},"properties":{"id":"nhai_geoserver-3da15267a05eed8f","title":"6 Laning of Ahmedabad - Vadodara Section from km 6.400 to km 108.700","sector":"road","status":"commissioned","is_blocked":false,"block_reason":null,"cost_inr_crore":2437.76,"progress_pct":null,"delay_months":null,"revised_completion_date":"2015-12-31","state":"Gujarat","geo_confidence":"site","unverified":false}},{"type":"Feature","geometry":{"type":"Point","coordinates":[72.8311,21.1702]},"properties":{"id":"nhai_geoserver-574a1d0a9ff1940b","title":"4 Laning of Surat – Manor Pkg-III (Kajali – Manor) from km. 381.60 to km. 439.00 of NH-8","sector":"road","status":"commissioned","is_blocked":false,"block_reason":null,"cost_inr_crore":792.9,"progress_pct":null,"delay_months":null,"revised_completion_date":"2003-11-01","state":"Maharashtra","geo_confidence":"city","unverified":false}},{"type":"Feature","geometry":{"type":"Point","coordinates":[75.3433,19.8762]},"properties":{"id":"nhai_geoserver-bd3088d4c887b0cd","title":"Aurangabad - Barachatti (TNHP/7; Package - V A) 4L of existing 2L section from km. 180 to km. 240 on NH-2 (TNHP/7; Package - V A)","sector":"road","status":"commissioned","is_blocked":false,"block_reason":null,"cost_inr_crore":858.62,"progress_pct":null,"delay_months":null,"revised_completion_date":"2007-10-30","state":"Bihar","geo_confidence":"city","unverified":false}},{"type":"Feature","geometry":{"type":"Point","coordinates":[85.3131,25.0961]},"properties":{"id":"nhai_geoserver-bdf8682424ab3ead","title":"Four Laning of Purnea Forbesganj (BR-1) - Gulabbagh Junction to End of Araria Town from km. 310.00 to km. 267.500 (Contract Package - C-II/BR-1)","sector":"road","status":"commissioned","is_blocked":false,"block_reason":null,"cost_inr_crore":312.01,"progress_pct":100.0,"delay_months":null,"revised_completion_date":"2008-04-16","state":"Bihar","geo_confidence":"state","unverified":false}},{"type":"Feature","geometry":{"type":"Point","coordinates":[90.91264,26.454618]},"properties":{"id":"nhai_geoserver-3b64b7662841a12e","title":"Nalbari-Bijni(AS-08) from km.1013 to km.983 of Old NH-31","sector":"road","status":"commissioned","is_blocked":false,"block_reason":null,"cost_inr_crore":365.79,"progress_pct":null,"delay_months":null,"revised_completion_date":"2008-04-24","state":"Assam","geo_confidence":"site","unverified":false}},{"type":"Feature","geometry":{"type":"Point","coordinates":[73.033882,18.958484]},"properties":{"id":"nhai_geoserver-f75eaa2645c7c554","title":"JNPT Package 3 from Km-7.422-Km-13.160 and Amra Marg from Km-0.000-Km-5.360","sector":"road","status":"commissioned","is_blocked":false,"block_reason":null,"cost_inr_crore":758.46,"progress_pct":75.5,"delay_months":null,"revised_completion_date":"2018-05-15","state":"Maharashtra","geo_confidence":"site","unverified":false}},{"type":"Feature","geometry":{"type":"Point","coordinates":[74.637511,14.529811]},"properties":{"id":"nhai_geoserver-f3e587ca5f9c0a97","title":"Belakeri Port to Kumta - Sirsi road from km 0.00 - km 4.265 of Belekeri Port Road Link Rd. and km 4.965 - km 60.00 of SH-69","sector":"road","status":"under_construction","is_blocked":false,"block_reason":null,"cost_inr_crore":440.16,"progress_pct":95.23,"delay_months":null,"revised_completion_date":"2022-12-07","state":"Karnataka","geo_confidence":"site","unverified":false}},{"type":"Feature","geometry":{"type":"Point","coordinates":[75.7139,19.7515]},"properties":{"id":"nhai_geoserver-91b2efff4dff12cf","title":"Balance works of Tuljapur-Ausa Section of NH-361.","sector":"road","status":"under_construction","is_blocked":false,"block_reason":null,"cost_inr_crore":61.08,"progress_pct":35.17,"delay_months":null,"revised_completion_date":"2025-06-18","state":"Maharashtra","geo_confidence":"state","unverified":false}},{"type":"Feature","geometry":{"type":"Point","coordinates":[79.0193,30.0668]},"properties":{"id":"nhai_geoserver-f44ab84dbda23bc2","title":"Construction of 4 – lane Kotdwar Bypass of NH – 119 in the State of Uttar Pradesh and Uttarakhand on EPC Mode","sector":"road","status":"tendered","is_blocked":false,"block_reason":null,"cost_inr_crore":691.7,"progress_pct":0.0,"delay_months":null,"revised_completion_date":null,"state":"Uttarakhand","geo_confidence":"state","unverified":false}},{"type":"Feature","geometry":{"type":"Point","coordinates":[75.7139,15.3173]},"properties":{"id":"nhai_geoserver-5f7e02dae975e6ff","title":"4L PS from AP/KN Border Ch 0+000 to Mittimalkapur Ch 023+500 section of NH167 in Raichur Dist Karnataka state Pkg-1","sector":"road","status":"tendered","is_blocked":false,"block_reason":null,"cost_inr_crore":794.14,"progress_pct":null,"delay_months":null,"revised_completion_date":null,"state":"Karnataka","geo_confidence":"state","unverified":false}},{"type":"Feature","geometry":{"type":"Point","coordinates":[76.799442,30.932952]},"properties":{"id":"nhai_geoserver-e373d0281192a03a","title":"4L of End of Pinjore Bypass - Baddi - Nalagarh section (km. 4.200 to km. 35.370) of NH-21A","sector":"road","status":"unknown","is_blocked":false,"block_reason":null,"cost_inr_crore":1692.05,"progress_pct":46.5,"delay_months":null,"revised_completion_date":"2024-09-30","state":"Himachal Pradesh","geo_confidence":"site","unverified":false}},{"type":"Feature","geometry":{"type":"Point","coordinates":[79.74,15.9129]},"properties":{"id":"nhai_geoserver-cad4a176adafd1a8","title":"Construction of flyover at Gammon Junction at Km.903.265 on NH16 including vent at Diwancheruvu junction at Km.902.308 (Blackspot ID No.AP(03)299) in Andhra Pradesh on EPC mode under NH(O)","sector":"road","status":"under_construction","is_blocked":false,"block_reason":null,"cost_inr_crore":326.61,"progress_pct":18.9,"delay_months":null,"revised_completion_date":"2027-10-20","state":"Andhra Pradesh","geo_confidence":"state","unverified":false}},{"type":"Feature","geometry":{"type":"Point","coordinates":[77.668463,27.839709]},"properties":{"id":"nhai_geoserver-cc75f8439e584df8","title":"Six Laning of Delhi - Agra section from Km.20.500 to Km.200 in the State of Haryana and U.P.","sector":"road","status":"under_construction","is_blocked":false,"block_reason":null,"cost_inr_crore":2017.26,"progress_pct":99.95,"delay_months":null,"revised_completion_date":"2015-04-16","state":"Uttar Pradesh,Haryana","geo_confidence":"site","unverified":false}},{"type":"Feature","geometry":{"type":"Point","coordinates":[78.6569,22.9734]},"properties":{"id":"nhai_geoserver-862186015696e8d4","title":"Four Lane Flyover at km. 80.742 from km. 79.780 to km. 81.200 at Morena Town","sector":"road","status":"commissioned","is_blocked":false,"block_reason":null,"cost_inr_crore":98.14,"progress_pct":93.0,"delay_months":null,"revised_completion_date":"2019-09-13","state":"Madhya Pradesh","geo_confidence":"state","unverified":false}},{"type":"Feature","geometry":{"type":"Point","coordinates":[75.340457,19.666484]},"properties":{"id":"nhai_geoserver-bb74bc9881662075","title":"Ring road /Bypasses for Nagpur City, Package-2 from km 34.000 to km 62.035","sector":"road","status":"commissioned","is_blocked":false,"block_reason":null,"cost_inr_crore":763.27,"progress_pct":100.0,"delay_months":null,"revised_completion_date":"2019-07-19","state":"Maharashtra","geo_confidence":"site","unverified":false}},{"type":"Feature","geometry":{"type":"Point","coordinates":[71.1924,22.2587]},"properties":{"id":"nhai_geoserver-8168b85963325f7a","title":"4L of Aburoad-Palanpur Section of NH-14 from Km 340.000 to Km 350.000","sector":"road","status":"commissioned","is_blocked":false,"block_reason":null,"cost_inr_crore":1336.29,"progress_pct":null,"delay_months":null,"revised_completion_date":"2003-01-29","state":"Gujarat","geo_confidence":"state","unverified":false}},{"type":"Feature","geometry":{"type":"Point","coordinates":[85.3131,25.0961]},"properties":{"id":"nhai_geoserver-35dbbf9267bf9405","title":"Forbesganj - Simarahi (BR-3) from km. 230.00 to km. 190.00 on East-West Corridor (Contract Package - c- II / BR-3)","sector":"road","status":"commissioned","is_blocked":false,"block_reason":null,"cost_inr_crore":694.39,"progress_pct":100.0,"delay_months":null,"revised_completion_date":"2008-09-07","state":"Bihar","geo_confidence":"state","unverified":false}},{"type":"Feature","geometry":{"type":"Point","coordinates":[77.046276,28.538522]},"properties":{"id":"nhai_geoserver-4e98a02820257429","title":"8L of Dwarka Expressway Pkg-II (RuB near Dwarka Sector 21-DL/HR Border) from 5.300 Km.to 9.500 Km. of NH-248BB","sector":"road","status":"commissioned","is_blocked":false,"block_reason":null,"cost_inr_crore":2067.67,"progress_pct":100.0,"delay_months":null,"revised_completion_date":"2021-10-16","state":"Delhi","geo_confidence":"site","unverified":false}},{"type":"Feature","geometry":{"type":"Point","coordinates":[85.0689,25.1948]},"properties":{"id":"nhai_geoserver-d075dc41de1dbca3","title":"4L Greenfield starting from NH-30 near Saristabad (Patna) to Nathupur (Project end point of Patna-Gaya-Dobhi Section of NH-83)","sector":"road","status":"under_construction","is_blocked":false,"block_reason":null,"cost_inr_crore":488.24,"progress_pct":90.03,"delay_months":null,"revised_completion_date":"2025-08-27","state":"Bihar","geo_confidence":"city","unverified":false}},{"type":"Feature","geometry":{"type":"Point","coordinates":[81.81554,20.124903]},"properties":{"id":"nhai_geoserver-08812e085d54c455","title":"Development of 6L of Basanwahi – Marangpuri Section from km 99.500 to km 124.661 of NH-130-CD","sector":"road","status":"under_construction","is_blocked":false,"block_reason":null,"cost_inr_crore":1307.16,"progress_pct":70.73,"delay_months":null,"revised_completion_date":"2025-10-15","state":"Chhattisgarh","geo_confidence":"site","unverified":false}},{"type":"Feature","geometry":{"type":"Point","coordinates":[79.282089,18.808019]},"properties":{"id":"nhai_geoserver-f7623018fa43783e","title":"4L of Mancherial to Repallelwada km 251.900 to km 288.510","sector":"road","status":"commissioned","is_blocked":false,"block_reason":null,"cost_inr_crore":1233.1,"progress_pct":100.0,"delay_months":null,"revised_completion_date":"2022-08-17","state":"Telangana","geo_confidence":"site","unverified":false}},{"type":"Feature","geometry":{"type":"Point","coordinates":[76.812392,30.51995]},"properties":{"id":"nhai_geoserver-00021f30917b1683","title":"Ambala - Chandigarh from km. 5.735 to km. 39.960 of Old NH-22 and km. 0.000 to km. 0.870 of Old NH-21","sector":"road","status":"commissioned","is_blocked":false,"block_reason":null,"cost_inr_crore":609.33,"progress_pct":100.0,"delay_months":null,"revised_completion_date":"2008-11-15","state":"Punjab","geo_confidence":"site","unverified":false}},{"type":"Feature","geometry":{"type":"Point","coordinates":[82.296576,17.14229]},"properties":{"id":"nhai_geoserver-2d9d096b32b1cfdf","title":"4L of Kathipudi to start of Kakinada bypass from Km 0.000 to Km 27.500 of NH-214 (New NH-216)","sector":"road","status":"commissioned","is_blocked":false,"block_reason":null,"cost_inr_crore":779.82,"progress_pct":null,"delay_months":null,"revised_completion_date":"2023-03-28","state":"Andhra Pradesh","geo_confidence":"site","unverified":false}},{"type":"Feature","geometry":{"type":"Point","coordinates":[72.830244,27.568409]},"properties":{"id":"nhai_geoserver-d044873855d53890","title":"Bikaner (km 4.20) to Phalodi (km 163.5) of NH - 15 in Rajasthan","sector":"road","status":"commissioned","is_blocked":false,"block_reason":null,"cost_inr_crore":497.55,"progress_pct":99.75,"delay_months":null,"revised_completion_date":"2018-04-11","state":"Rajasthan","geo_confidence":"site","unverified":false}},{"type":"Feature","geometry":{"type":"Point","coordinates":[77.050917,20.161915]},"properties":{"id":"nhai_geoserver-de7e86239021534c","title":"Four Laning of MP/MH Border-Dhule from km. 168.50 to km. 265.00","sector":"road","status":"commissioned","is_blocked":false,"block_reason":null,"cost_inr_crore":751.68,"progress_pct":null,"delay_months":null,"revised_completion_date":"2012-06-17","state":"Maharashtra","geo_confidence":"site","unverified":false}},{"type":"Feature","geometry":{"type":"Point","coordinates":[78.946562,10.576073]},"properties":{"id":"nhai_geoserver-6852270cbf453bd4","title":"Thanjavur - Pudukkottai section of NH 226 from Km.0/000 to Km.55/228","sector":"road","status":"commissioned","is_blocked":false,"block_reason":null,"cost_inr_crore":285.91,"progress_pct":null,"delay_months":null,"revised_completion_date":"2016-11-13","state":"Tamil Nadu","geo_confidence":"site","unverified":false}},{"type":"Feature","geometry":{"type":"Point","coordinates":[85.244659,20.931569]},"properties":{"id":"nhai_geoserver-5087db5c609ee470","title":"4 Laning of Talcher to end of Kamakhyanagar Bypass km 8.844 - km 15.725 of NH-149 and km 301.875 - km 335.946 of NH-53 (Pkg-I)","sector":"road","status":"under_construction","is_blocked":false,"block_reason":null,"cost_inr_crore":795.18,"progress_pct":99.0,"delay_months":null,"revised_completion_date":"2021-08-19","state":"Odisha","geo_confidence":"site","unverified":false}},{"type":"Feature","geometry":{"type":"Point","coordinates":[76.9558,11.0168]},"properties":{"id":"nhai_geoserver-7ec727ceb9bef5fb","title":"Short Term Maintenance of Coimbatore to Pollachi Section (Km 0+000 to Km 27+030 of NH 209 (New NH 83)) in the State of Tamilnadu","sector":"road","status":"commissioned","is_blocked":false,"block_reason":null,"cost_inr_crore":null,"progress_pct":null,"delay_months":null,"revised_completion_date":"2025-12-31","state":"Tamil Nadu","geo_confidence":"city","unverified":false}},{"type":"Feature","geometry":{"type":"Point","coordinates":[75.074408,29.701454]},"properties":{"id":"nhai_geoserver-4ba10c3e076dfdb7","title":"Hisar - Dabwali (Pkg-II) (km 227.000 to km 314.660)","sector":"road","status":"commissioned","is_blocked":false,"block_reason":null,"cost_inr_crore":1508.68,"progress_pct":null,"delay_months":null,"revised_completion_date":"2018-05-17","state":"Haryana","geo_confidence":"site","unverified":false}},{"type":"Feature","geometry":{"type":"Point","coordinates":[76.2711,10.8505]},"properties":{"id":"nhai_geoserver-8d505aae864e7dee","title":"4L outer ring road section Navaikulam to Thekkada from Km (-)0.450 to Km 28.800 of NH-866 (Pkg-1)","sector":"road","status":"tendered","is_blocked":false,"block_reason":null,"cost_inr_crore":2237.85,"progress_pct":null,"delay_months":null,"revised_completion_date":null,"state":"Kerala","geo_confidence":"state","unverified":false}},{"type":"Feature","geometry":{"type":"Point","coordinates":[78.1828,26.2183]},"properties":{"id":"nhai_geoserver-af1152b09670b15e","title":"4L Gwalior-Shivpuri section  from km 0.000 to km 125.380 of NH -46 (Old NH-3)","sector":"road","status":"tendered","is_blocked":false,"block_reason":null,"cost_inr_crore":null,"progress_pct":0.0,"delay_months":null,"revised_completion_date":null,"state":"Madhya Pradesh","geo_confidence":"city","unverified":false}},{"type":"Feature","geometry":{"type":"Point","coordinates":[78.09545,26.6975]},"properties":{"id":"nhai_geoserver-252f63f9065b8b0f","title":"4L of Agra-Gwalior section from Km. 85.00 to Km. 103.00 of NH-44","sector":"road","status":"commissioned","is_blocked":false,"block_reason":null,"cost_inr_crore":60.0,"progress_pct":null,"delay_months":null,"revised_completion_date":"2003-05-29","state":null,"geo_confidence":"city","unverified":false}},{"type":"Feature","geometry":{"type":"Point","coordinates":[73.178645,21.13296]},"properties":{"id":"nhai_geoserver-c7a6baa65a77d68e","title":"Gujarat / Maharashtra Border - Surat - Hazira Port","sector":"road","status":"commissioned","is_blocked":false,"block_reason":null,"cost_inr_crore":830.02,"progress_pct":98.0,"delay_months":null,"revised_completion_date":"2012-09-30","state":"Gujarat","geo_confidence":"site","unverified":false}},{"type":"Feature","geometry":{"type":"Point","coordinates":[77.209,28.6139]},"properties":{"id":"nhai_geoserver-e80bea2114697b83","title":"Delhi Haryana Border to Rohtak Section of NH-09 from Km. 29.650 to Km. 93.140","sector":"road","status":"commissioned","is_blocked":false,"block_reason":null,"cost_inr_crore":null,"progress_pct":null,"delay_months":null,"revised_completion_date":"2023-05-24","state":"Haryana","geo_confidence":"city","unverified":false}},{"type":"Feature","geometry":{"type":"Point","coordinates":[77.852956,27.297999]},"properties":{"id":"nhai_geoserver-75b91fbbc74a11bd","title":"6L of Agra Bypass (Northern) connecting Km. 174.500 of NH-2 (new NH-19) to Km. 141.000 of Yamuna Expressways","sector":"road","status":"commissioned","is_blocked":false,"block_reason":null,"cost_inr_crore":957.62,"progress_pct":100.0,"delay_months":null,"revised_completion_date":"2025-02-22","state":"Uttar Pradesh","geo_confidence":"site","unverified":false}},{"type":"Feature","geometry":{"type":"Point","coordinates":[84.950752,24.707501]},"properties":{"id":"nhai_geoserver-ca2a9ef8150ad90f","title":"4L of Bal. works of Patna - Gaya -Dobhi (Pkg-III) from km. 83.00 to km. 127.217 of Old NH-83","sector":"road","status":"commissioned","is_blocked":false,"block_reason":null,"cost_inr_crore":1077.46,"progress_pct":99.56,"delay_months":null,"revised_completion_date":"2022-11-23","state":"Bihar","geo_confidence":"site","unverified":false}},{"type":"Feature","geometry":{"type":"Point","coordinates":[78.334018,18.930453]},"properties":{"id":"nhai_geoserver-460ebb365b853d46","title":"Four-laning of Kadtal to Armur from km.278.0 to km.308.0 of Old NH-7","sector":"road","status":"commissioned","is_blocked":false,"block_reason":null,"cost_inr_crore":878.57,"progress_pct":null,"delay_months":null,"revised_completion_date":"2009-10-29","state":"Telangana","geo_confidence":"site","unverified":false}},{"type":"Feature","geometry":{"type":"Point","coordinates":[78.711348,20.319522]},"properties":{"id":"nhai_geoserver-c371d231d4774b9d","title":"Wadner (Km 94.000) to Devdhari(Km 123.000)","sector":"road","status":"commissioned","is_blocked":false,"block_reason":null,"cost_inr_crore":433.53,"progress_pct":null,"delay_months":null,"revised_completion_date":"2018-07-27","state":"Maharashtra","geo_confidence":"site","unverified":false}},{"type":"Feature","geometry":{"type":"Point","coordinates":[79.082224,21.127357]},"properties":{"id":"nhai_geoserver-4bb41cc5c0440e39","title":"4L of Chikhli - Tarsod section of NH-6 from km 360.00 - km 422.700","sector":"road","status":"commissioned","is_blocked":false,"block_reason":null,"cost_inr_crore":1846.81,"progress_pct":100.0,"delay_months":null,"revised_completion_date":"2021-07-14","state":"Maharashtra","geo_confidence":"site","unverified":false}},{"type":"Feature","geometry":{"type":"Point","coordinates":[85.307778,23.381245]},"properties":{"id":"nhai_geoserver-6e4a46f078733314","title":"Elevated Corridor in Ranchi city from Km 0.00 to Km 3.260 of NH-75 including down ramp on NH-23 from Km 0.100 to Km 0.600","sector":"road","status":"commissioned","is_blocked":false,"block_reason":null,"cost_inr_crore":558.1,"progress_pct":100.0,"delay_months":null,"revised_completion_date":"2025-01-04","state":"Jharkhand","geo_confidence":"site","unverified":false}},{"type":"Feature","geometry":{"type":"Point","coordinates":[79.9864,23.1815]},"properties":{"id":"nhai_geoserver-14853a53aead7a1c","title":"Outer Ring Road of Jabalpur Town from NH45 to Kushner (Pkg-3)","sector":"road","status":"under_construction","is_blocked":false,"block_reason":null,"cost_inr_crore":911.24,"progress_pct":84.45,"delay_months":null,"revised_completion_date":"2026-03-04","state":"Madhya Pradesh","geo_confidence":"city","unverified":false}},{"type":"Feature","geometry":{"type":"Point","coordinates":[77.33093,10.318292]},"properties":{"id":"nhai_geoserver-329d4a892dd77bc1","title":"Oddanchatram - Madathukulam from km. 29.00 to km. 74.38","sector":"road","status":"commissioned","is_blocked":false,"block_reason":null,"cost_inr_crore":1607.54,"progress_pct":100.0,"delay_months":null,"revised_completion_date":"2022-10-04","state":"Tamil Nadu","geo_confidence":"site","unverified":false}},{"type":"Feature","geometry":{"type":"Point","coordinates":[75.7139,15.3173]},"properties":{"id":"nhai_geoserver-f4bf2a9140419277","title":"2L New Bridge near Old Bridge across Sharavathi River at Honnavara on NH-66","sector":"road","status":"tendered","is_blocked":false,"block_reason":null,"cost_inr_crore":null,"progress_pct":null,"delay_months":null,"revised_completion_date":null,"state":"Karnataka","geo_confidence":"state","unverified":false}},{"type":"Feature","geometry":{"type":"Point","coordinates":[71.188862,26.334958]},"properties":{"id":"nhai_geoserver-76024c53d0bdce09","title":"Jaisalmer-Barmer (4/2LPS)","sector":"road","status":"commissioned","is_blocked":false,"block_reason":null,"cost_inr_crore":482.27,"progress_pct":null,"delay_months":null,"revised_completion_date":"2018-02-28","state":"Rajasthan","geo_confidence":"site","unverified":false}},{"type":"Feature","geometry":{"type":"Point","coordinates":[86.549911,22.162679]},"properties":{"id":"nhai_geoserver-1661f70f1e5c20c5","title":"Bangalore Chennai Expressway Phase-III – Package I (Gudipala to Walajajhpet) from Km 156.000 to Km 180.000","sector":"road","status":"under_construction","is_blocked":false,"block_reason":null,"cost_inr_crore":1481.87,"progress_pct":99.02,"delay_months":null,"revised_completion_date":"2024-05-28","state":"Tamil Nadu","geo_confidence":"site","unverified":false}},{"type":"Feature","geometry":{"type":"Point","coordinates":[79.74,15.9129]},"properties":{"id":"nhai_geoserver-505521dc55e49947","title":"4L of Ichapuram to Narasannapeta from Km. 470.415 to Km. 581.700 (Capacity Augmentation) of NH-16 (Old NH-5)","sector":"road","status":"commissioned","is_blocked":false,"block_reason":null,"cost_inr_crore":562.31,"progress_pct":99.99,"delay_months":null,"revised_completion_date":"2019-11-09","state":"Andhra Pradesh","geo_confidence":"state","unverified":false}},{"type":"Feature","geometry":{"type":"Point","coordinates":[77.165309,31.862046]},"properties":{"id":"nhai_geoserver-a0652d27edca0df2","title":"Takoli ( 242.000) to Kullu (272.000)","sector":"road","status":"commissioned","is_blocked":false,"block_reason":null,"cost_inr_crore":1372.99,"progress_pct":100.0,"delay_months":null,"revised_completion_date":"2019-11-29","state":"Himachal Pradesh","geo_confidence":"site","unverified":false}},{"type":"Feature","geometry":{"type":"Point","coordinates":[79.769315,26.201216]},"properties":{"id":"nhai_geoserver-e068c6d7f5b2cf98","title":"4L of Orai - Bhognipur - Barah from km. 220.0 to km. 255.00 of Old NH-25 & from km. 421.20 to km. 449.00 on Old NH-02 (Pkg No. EW-II/BOT-UP)","sector":"road","status":"commissioned","is_blocked":false,"block_reason":null,"cost_inr_crore":1471.61,"progress_pct":100.0,"delay_months":null,"revised_completion_date":"2009-04-23","state":"Uttar Pradesh","geo_confidence":"site","unverified":false}},{"type":"Feature","geometry":{"type":"Point","coordinates":[71.433611,24.048333]},"properties":{"id":"nhai_geoserver-28f49bb241e8d7a5","title":"Sanchore - Santalpur from km 67.000 - km 99.000 of NH-754K (AJ-RGBS-Package-3)","sector":"road","status":"commissioned","is_blocked":false,"block_reason":null,"cost_inr_crore":752.3,"progress_pct":99.0,"delay_months":null,"revised_completion_date":"2023-08-09","state":"Gujarat","geo_confidence":"site","unverified":false}},{"type":"Feature","geometry":{"type":"Point","coordinates":[88.068526,24.463535]},"properties":{"id":"nhai_geoserver-eca2c1402117c2e3","title":"Berhampore (191.700) to Farakka (292.300) of NH-34 in the State of West Bengal","sector":"road","status":"commissioned","is_blocked":false,"block_reason":null,"cost_inr_crore":1160.97,"progress_pct":100.0,"delay_months":null,"revised_completion_date":"2013-08-01","state":"West Bengal","geo_confidence":"site","unverified":false}},{"type":"Feature","geometry":{"type":"Point","coordinates":[86.6167,20.3167]},"properties":{"id":"nhai_geoserver-dd0c406765bbef93","title":"Chandikhole-Paradip","sector":"road","status":"commissioned","is_blocked":false,"block_reason":null,"cost_inr_crore":1201.63,"progress_pct":null,"delay_months":null,"revised_completion_date":"2007-02-18","state":"Odisha","geo_confidence":"city","unverified":false}},{"type":"Feature","geometry":{"type":"Point","coordinates":[79.229261,19.223779]},"properties":{"id":"nhai_geoserver-7e6f1a7b7a758783","title":"4L of NH-363 from Repallewada from Km.288.510 to TL/MH Border Km.342.00","sector":"road","status":"commissioned","is_blocked":false,"block_reason":null,"cost_inr_crore":1071.88,"progress_pct":98.89,"delay_months":null,"revised_completion_date":"2023-03-01","state":"Telangana","geo_confidence":"site","unverified":false}},{"type":"Feature","geometry":{"type":"Point","coordinates":[74.701079,20.728606]},"properties":{"id":"nhai_geoserver-7f019af615e30676","title":"6L of Maduravoyal to Sriperumbudur Section from Km. 13.800 to Km. 37.000 of  NH-4 through State Highways Department","sector":"road","status":"commissioned","is_blocked":false,"block_reason":null,"cost_inr_crore":463.07,"progress_pct":99.0,"delay_months":null,"revised_completion_date":"2023-02-13","state":"Tamil Nadu","geo_confidence":"site","unverified":false}},{"type":"Feature","geometry":{"type":"Point","coordinates":[78.459544,25.260702]},"properties":{"id":"nhai_geoserver-7b15d86788eccd4f","title":"Jhansi - Lalitpur section 1/2 from km. 0.00 to km. 49.70 (Package - NS1/BOT/UP-2)","sector":"road","status":"commissioned","is_blocked":false,"block_reason":null,"cost_inr_crore":1120.78,"progress_pct":null,"delay_months":null,"revised_completion_date":"2009-09-29","state":"Uttar Pradesh","geo_confidence":"site","unverified":false}},{"type":"Feature","geometry":{"type":"Point","coordinates":[80.3319,26.4499]},"properties":{"id":"nhai_geoserver-bfb1f6f3ac08ab27","title":"Construction of Ring Road  around Kanpur from Ch.23.325 to Ch.32.090 (Chaudhariya to Transganga) (Package-IIA)","sector":"road","status":"under_construction","is_blocked":false,"block_reason":null,"cost_inr_crore":1089.41,"progress_pct":49.85,"delay_months":null,"revised_completion_date":"2027-10-31","state":"Uttar Pradesh","geo_confidence":"city","unverified":false}},{"type":"Feature","geometry":{"type":"Point","coordinates":[79.979845,23.088485]},"properties":{"id":"nhai_geoserver-4a4a1846c414041d","title":"Four Laning of Guna-Biaora section of NH-3 from Km 332.100 to Km 426.100 in the state of Madhya Pradesh under NHDP Phase-IV on BOT (Toll) mode on DBFOT basis","sector":"road","status":"commissioned","is_blocked":false,"block_reason":null,"cost_inr_crore":1012.9,"progress_pct":100.0,"delay_months":null,"revised_completion_date":"2019-03-05","state":"Madhya Pradesh","geo_confidence":"site","unverified":false}},{"type":"Feature","geometry":{"type":"Point","coordinates":[85.2799,23.6102]},"properties":{"id":"nhai_geoserver-1d3a2b4727c78d4c","title":"Construction of 4-Laning of NH-133 section from Ekchari to Mahagama in the state of Bihar & Jharkhand.","sector":"road","status":"tendered","is_blocked":false,"block_reason":null,"cost_inr_crore":1009.0,"progress_pct":null,"delay_months":null,"revised_completion_date":null,"state":"Jharkhand","geo_confidence":"state","unverified":false}},{"type":"Feature","geometry":{"type":"Point","coordinates":[75.638597,14.633441]},"properties":{"id":"nhai_geoserver-429ed3480c2aae36","title":"Davanagere - Haveri of NH-48 (Old NH-4) from km. 260.00 to km. 338.923","sector":"road","status":"under_construction","is_blocked":false,"block_reason":null,"cost_inr_crore":1454.67,"progress_pct":98.87,"delay_months":null,"revised_completion_date":"2020-07-24","state":"Karnataka","geo_confidence":"site","unverified":false}},{"type":"Feature","geometry":{"type":"Point","coordinates":[89.97383,26.508361]},"properties":{"id":"nhai_geoserver-84028def97ac026a","title":"Shrirampur (Km. 0.000) to Kochugaon (km. 30.000) of Bijni to Assam./West Bengal Border Section of NH-31C in Assam, AS-12 (including balance works)","sector":"road","status":"commissioned","is_blocked":false,"block_reason":null,"cost_inr_crore":442.43,"progress_pct":100.0,"delay_months":null,"revised_completion_date":"2020-04-04","state":"Assam","geo_confidence":"site","unverified":false}},{"type":"Feature","geometry":{"type":"Point","coordinates":[75.7139,19.7515]},"properties":{"id":"nhai_geoserver-0aac459edeae6419","title":"4 Laning of Satara-Kagal from km. 592.40 to km. 725.00 of NH-48 (Old NH-4)","sector":"road","status":"commissioned","is_blocked":false,"block_reason":null,"cost_inr_crore":249.69,"progress_pct":null,"delay_months":null,"revised_completion_date":"2004-08-02","state":"Maharashtra","geo_confidence":"state","unverified":false}},{"type":"Feature","geometry":{"type":"Point","coordinates":[80.9462,26.8467]},"properties":{"id":"nhai_geoserver-5e0475bdce2b0f41","title":"6L Handia - Rajatlab section from Km 712.900 to km 785.644 of NH-19","sector":"road","status":"tendered","is_blocked":false,"block_reason":null,"cost_inr_crore":null,"progress_pct":null,"delay_months":null,"revised_completion_date":null,"state":"Uttar Pradesh","geo_confidence":"state","unverified":false}},{"type":"Feature","geometry":{"type":"Point","coordinates":[77.917321,11.54352]},"properties":{"id":"nhai_geoserver-da1c3fc68dcb1295","title":"Salem - Kumarapalaym from km. 0.00 to km. 53.00 (Package No. NS-2/BOT/TN-06)","sector":"road","status":"commissioned","is_blocked":false,"block_reason":null,"cost_inr_crore":372.81,"progress_pct":100.0,"delay_months":null,"revised_completion_date":"2009-01-18","state":"Tamil Nadu","geo_confidence":"site","unverified":false}},{"type":"Feature","geometry":{"type":"Point","coordinates":[74.822642,17.879929]},"properties":{"id":"nhai_geoserver-ed4c5c9906b9fe2c","title":"Khudus - Dharampuri km 77.8 to km 117.0 Pkg III of Mohol Alangi","sector":"road","status":"commissioned","is_blocked":false,"block_reason":null,"cost_inr_crore":1153.55,"progress_pct":96.0,"delay_months":null,"revised_completion_date":"2022-01-30","state":"Maharashtra","geo_confidence":"site","unverified":false}},{"type":"Feature","geometry":{"type":"Point","coordinates":[79.4304,28.367]},"properties":{"id":"nhai_geoserver-67b78a20ffd5aee1","title":"Balance Work of ROB at Km. 290.445 of Bareilly - Sitapur Section of Old NH-24","sector":"road","status":"commissioned","is_blocked":false,"block_reason":null,"cost_inr_crore":45.28,"progress_pct":100.0,"delay_months":null,"revised_completion_date":"2021-03-16","state":"Uttar Pradesh","geo_confidence":"city","unverified":false}},{"type":"Feature","geometry":{"type":"Point","coordinates":[85.98253,25.382226]},"properties":{"id":"nhai_geoserver-8bc631d101257c9a","title":"Aunta - Simaria including Ganga Bridge","sector":"road","status":"commissioned","is_blocked":false,"block_reason":null,"cost_inr_crore":1309.47,"progress_pct":100.0,"delay_months":null,"revised_completion_date":"2022-02-07","state":"Bihar","geo_confidence":"site","unverified":false}},{"type":"Feature","geometry":{"type":"Point","coordinates":[75.9064,17.6599]},"properties":{"id":"nhai_geoserver-02bd01380a9ecd59","title":"Solapur to Maharashtra - Karnataka Border Section of NH-9 from Km. 251.325 To 348.800","sector":"road","status":"under_construction","is_blocked":false,"block_reason":null,"cost_inr_crore":376.36,"progress_pct":98.0,"delay_months":null,"revised_completion_date":"2016-11-28","state":"Maharashtra","geo_confidence":"city","unverified":false}},{"type":"Feature","geometry":{"type":"Point","coordinates":[78.6569,22.9734]},"properties":{"id":"nhai_geoserver-8de7d7ccd8bfcde0","title":"4L PS from Deshgaon to Julwaniya section of NH-347B from design Ch. 0.000 km to design Ch. 108.643Km","sector":"road","status":"tendered","is_blocked":false,"block_reason":null,"cost_inr_crore":2624.18,"progress_pct":null,"delay_months":null,"revised_completion_date":null,"state":"Madhya Pradesh","geo_confidence":"state","unverified":false}},{"type":"Feature","geometry":{"type":"Point","coordinates":[79.4304,28.367]},"properties":{"id":"nhai_geoserver-e43561d5006ce31a","title":"Balance Work of 2L PS of Sitarganj-Bareilly from Km. 254.820 to Km. 329.280 section of Old NH-74","sector":"road","status":"commissioned","is_blocked":false,"block_reason":null,"cost_inr_crore":186.74,"progress_pct":100.0,"delay_months":null,"revised_completion_date":"2022-03-09","state":"Uttar Pradesh","geo_confidence":"city","unverified":false}},{"type":"Feature","geometry":{"type":"Point","coordinates":[75.7139,19.7515]},"properties":{"id":"nhai_geoserver-637ad7590830a510","title":"4L of Ratnagiri - Kolhapur section from km 67.140 to km 112.340 of NH-166 (Pkg – II)","sector":"road","status":"under_construction","is_blocked":false,"block_reason":null,"cost_inr_crore":1985.38,"progress_pct":81.57,"delay_months":null,"revised_completion_date":"2025-05-24","state":"Maharashtra","geo_confidence":"state","unverified":false}},{"type":"Feature","geometry":{"type":"Point","coordinates":[77.164015,12.853035]},"properties":{"id":"nhai_geoserver-790dc446d61459d8","title":"4L Tumkur-Shimoga (Pkg-I) from Mallasandra to Karadi village of NH-206 (from Km. 12.300 to Km. 65.195)","sector":"road","status":"under_construction","is_blocked":false,"block_reason":null,"cost_inr_crore":1364.14,"progress_pct":100.0,"delay_months":null,"revised_completion_date":"2021-10-14","state":"Karnataka","geo_confidence":"site","unverified":false}},{"type":"Feature","geometry":{"type":"Point","coordinates":[80.061216,15.266999]},"properties":{"id":"nhai_geoserver-b6feb1c7cef14ce1","title":"2L PS of Kaipa (Design Km.126.40) to Giddalur (Design Km.204.70) of NH-544 D","sector":"road","status":"tendered","is_blocked":false,"block_reason":null,"cost_inr_crore":null,"progress_pct":null,"delay_months":null,"revised_completion_date":null,"state":"Andhra Pradesh","geo_confidence":"site","unverified":false}},{"type":"Feature","geometry":{"type":"Point","coordinates":[86.519663,22.169111]},"properties":{"id":"nhai_geoserver-a6395244404aeeb0","title":"Bangalore Chennai Expressway Phase-III – Package III (Arakkonam to Kancheepuram) from Km 204.500 to Km 230.000","sector":"road","status":"under_construction","is_blocked":false,"block_reason":null,"cost_inr_crore":1525.1,"progress_pct":53.56,"delay_months":null,"revised_completion_date":"2024-07-29","state":"Tamil Nadu","geo_confidence":"site","unverified":false}},{"type":"Feature","geometry":{"type":"Point","coordinates":[82.87625,18.652917]},"properties":{"id":"nhai_geoserver-222976a8363aecf6","title":"6L Greenfield Baunsaguar - Baraja Section of NH-130-CD Road from km 293+000 to km 338+500 (Package – OD-6)","sector":"road","status":"under_construction","is_blocked":false,"block_reason":null,"cost_inr_crore":1265.59,"progress_pct":99.6,"delay_months":null,"revised_completion_date":"2024-05-31","state":"Odisha","geo_confidence":"site","unverified":false}},{"type":"Feature","geometry":{"type":"Point","coordinates":[83.1724,17.8829]},"properties":{"id":"nhai_geoserver-3163fe50059725ac","title":"Chittor (Design Km 0.000-Existing Km 158.000 of NH-4) to Mallavaram (Design Km 61.128-Existing Km 41.800 of NH-140)","sector":"road","status":"commissioned","is_blocked":false,"block_reason":null,"cost_inr_crore":2330.81,"progress_pct":97.51,"delay_months":null,"revised_completion_date":"2021-09-29","state":"Andhra Pradesh","geo_confidence":"site","unverified":false}},{"type":"Feature","geometry":{"type":"Point","coordinates":[78.5685,25.4484]},"properties":{"id":"nhai_geoserver-958366f1ffd5895a","title":"4L of Jhansi-Lakhanadon section from km 99 to km 136.99 of NH-26 in the state of UP (Civil Contract Package No. ADB-II/C-3)","sector":"road","status":"commissioned","is_blocked":false,"block_reason":null,"cost_inr_crore":1626.44,"progress_pct":null,"delay_months":null,"revised_completion_date":"2008-12-23","state":"Uttar Pradesh","geo_confidence":"city","unverified":false}},{"type":"Feature","geometry":{"type":"Point","coordinates":[73.7898,19.9975]},"properties":{"id":"nhai_geoserver-349b18f2740ce7a1","title":"Road Safety / Balance Works of 6L of Pimpalgaon - Nashik - Gonde Section of NH-3 from Km.380.00 to Km.440.0 [EPC-I]","sector":"road","status":"commissioned","is_blocked":false,"block_reason":null,"cost_inr_crore":84.61,"progress_pct":78.83,"delay_months":null,"revised_completion_date":"2019-12-17","state":"Maharashtra","geo_confidence":"city","unverified":false}},{"type":"Feature","geometry":{"type":"Point","coordinates":[74.99365,33.75685]},"properties":{"id":"nhai_geoserver-e63f8e676cb7f67f","title":"Banihal Bypass (Delinked from Srinagar - Banihal) from km. 187.00 to km. 189.350","sector":"road","status":"commissioned","is_blocked":false,"block_reason":null,"cost_inr_crore":336.01,"progress_pct":97.0,"delay_months":null,"revised_completion_date":"2024-01-04","state":"Jammu and Kashmir","geo_confidence":"city","unverified":false}},{"type":"Feature","geometry":{"type":"Point","coordinates":[87.686465,25.849056]},"properties":{"id":"nhai_geoserver-a6c55272edbc02c0","title":"4L of Purnea - Dalkhola Section from  Km. 410.700 to Km. 447.000 of Old NH-31","sector":"road","status":"commissioned","is_blocked":false,"block_reason":null,"cost_inr_crore":467.94,"progress_pct":null,"delay_months":null,"revised_completion_date":"2002-03-28","state":"Bihar","geo_confidence":"site","unverified":false}},{"type":"Feature","geometry":{"type":"Point","coordinates":[76.0856,29.0588]},"properties":{"id":"nhai_geoserver-fbbeba42b66bec3d","title":"4L of Jind-Gohana road (Package-1) from km. 0.00 to km. 40.601 of NH-352 A under NH(O)","sector":"road","status":"under_construction","is_blocked":false,"block_reason":null,"cost_inr_crore":994.22,"progress_pct":99.97,"delay_months":null,"revised_completion_date":"2022-07-23","state":"Haryana","geo_confidence":"state","unverified":false}},{"type":"Feature","geometry":{"type":"Point","coordinates":[74.054078,22.785267]},"properties":{"id":"nhai_geoserver-67b5b6f18b678765","title":"4L of Godhra to Gujarat/M.P. Border Section from Km. 129.000 to Km. 215.900 of NH-47 (Old NH-59)","sector":"road","status":"commissioned","is_blocked":false,"block_reason":null,"cost_inr_crore":785.5,"progress_pct":100.0,"delay_months":null,"revised_completion_date":"2013-08-26","state":"Gujarat","geo_confidence":"site","unverified":false}},{"type":"Feature","geometry":{"type":"Point","coordinates":[71.233271,25.365599]},"properties":{"id":"nhai_geoserver-affb6bbe1f6e40f4","title":"Gangaria Baori Kalan-Serwa-Bakhasar section of NH-925 (km 0.000 to 136.520) and Sata Gandhav Section oh NH-925-A (km 0.000 to km 60.450)","sector":"road","status":"commissioned","is_blocked":false,"block_reason":null,"cost_inr_crore":1134.11,"progress_pct":94.87,"delay_months":null,"revised_completion_date":"2022-01-04","state":"Rajasthan","geo_confidence":"site","unverified":false}},{"type":"Feature","geometry":{"type":"Point","coordinates":[69.464371,22.198147]},"properties":{"id":"nhai_geoserver-76e543c43c9c988d","title":"4L of Dwarka-Khambaliya-Devariya section from km 203.500 to km 176.500 and from km 171.800 to km 125.000 of NH-151A","sector":"road","status":"commissioned","is_blocked":false,"block_reason":null,"cost_inr_crore":1024.69,"progress_pct":100.0,"delay_months":null,"revised_completion_date":"2022-08-07","state":"Gujarat","geo_confidence":"site","unverified":false}},{"type":"Feature","geometry":{"type":"Point","coordinates":[78.1348,8.7642]},"properties":{"id":"nhai_geoserver-2ecdfec870cffc00","title":"6L of Tuticorin Port Road section of NH-7A (New NH-138) from Km 0.000 to Km 6.140","sector":"road","status":"commissioned","is_blocked":false,"block_reason":null,"cost_inr_crore":200.3,"progress_pct":100.0,"delay_months":null,"revised_completion_date":"2024-07-04","state":"Tamil Nadu","geo_confidence":"city","unverified":false}},{"type":"Feature","geometry":{"type":"Point","coordinates":[86.406109,22.655568]},"properties":{"id":"nhai_geoserver-0993f0d4ebfc6f6f","title":"4L of Mahulia (km 277.500) to Baharagora (km 333.500) of NH-33 and Baharagora (km 199.200) to Chichira (km. 183.587) of NH-06","sector":"road","status":"commissioned","is_blocked":false,"block_reason":null,"cost_inr_crore":1257.48,"progress_pct":100.0,"delay_months":null,"revised_completion_date":"2019-03-10","state":"Jharkhand","geo_confidence":"site","unverified":false}},{"type":"Feature","geometry":{"type":"Point","coordinates":[79.5941,17.9689]},"properties":{"id":"nhai_geoserver-904cee76e758dd87","title":"4L Access Controlled Greenfield Section (Mancherial – Warangal) from Narva village at Design Ch. 3.834 Km to Puttapaka village at Design Ch. 35.300 Km (Package-I)","sector":"road","status":"under_construction","is_blocked":false,"block_reason":null,"cost_inr_crore":1127.9,"progress_pct":11.28,"delay_months":null,"revised_completion_date":"2026-12-22","state":"Telangana","geo_confidence":"city","unverified":false}},{"type":"Feature","geometry":{"type":"Point","coordinates":[71.1924,22.2587]},"properties":{"id":"nhai_geoserver-763b0d68c864aa5e","title":"4L of Porbandar - Bhiladi from km. 02.00 to km. 52.50 of Old NH-8B (Contract Pkg-EW - I)","sector":"road","status":"commissioned","is_blocked":false,"block_reason":null,"cost_inr_crore":839.16,"progress_pct":null,"delay_months":null,"revised_completion_date":"2007-05-09","state":"Gujarat","geo_confidence":"state","unverified":false}},{"type":"Feature","geometry":{"type":"Point","coordinates":[76.5762,33.7782]},"properties":{"id":"nhai_geoserver-edfe789929c247dc","title":"Balance Works of 4L Udhampur - Ramban section from km. 67.00 to km. 89.00 and km. 130.00 to km. 151.00  of NH-44","sector":"road","status":"tendered","is_blocked":false,"block_reason":null,"cost_inr_crore":704.55,"progress_pct":0.0,"delay_months":null,"revised_completion_date":null,"state":"Jammu and Kashmir","geo_confidence":"state","unverified":false}},{"type":"Feature","geometry":{"type":"Point","coordinates":[77.60855,27.8953]},"properties":{"id":"nhai_geoserver-afb4fd494788ea53","title":"O&M of 6L of Badarpur Elevated Highway on Delhi - Agra Section from km. 16.100 to km. 20.500","sector":"road","status":"commissioned","is_blocked":false,"block_reason":null,"cost_inr_crore":198.0,"progress_pct":null,"delay_months":null,"revised_completion_date":"2021-01-23","state":"Delhi","geo_confidence":"city","unverified":false}},{"type":"Feature","geometry":{"type":"Point","coordinates":[82.869174,25.32392]},"properties":{"id":"nhai_geoserver-244fd2c22e142a8f","title":"Ghaghra Bridge to Varanasi Section of NH-233 (Package-1)","sector":"road","status":"commissioned","is_blocked":false,"block_reason":null,"cost_inr_crore":2059.34,"progress_pct":null,"delay_months":null,"revised_completion_date":"2018-06-12","state":"Uttar Pradesh","geo_confidence":"site","unverified":false}},{"type":"Feature","geometry":{"type":"Point","coordinates":[76.129167,26.702917]},"properties":{"id":"nhai_geoserver-9565114e8c72664c","title":"Dausa - Lalsot - Kothun section of NH11 A Extn. (Ch. 0.000 to Ch. 83.453)","sector":"road","status":"commissioned","is_blocked":false,"block_reason":null,"cost_inr_crore":1039.04,"progress_pct":100.0,"delay_months":null,"revised_completion_date":"2019-11-26","state":"Rajasthan","geo_confidence":"site","unverified":false}},{"type":"Feature","geometry":{"type":"Point","coordinates":[85.71005,25.269832]},"properties":{"id":"nhai_geoserver-af228e7d4db4dfc8","title":"2L PS of Biharsharif - Barbigha - Mokama from km. 94.478 to km.149.053 of NH-82","sector":"road","status":"commissioned","is_blocked":false,"block_reason":null,"cost_inr_crore":662.91,"progress_pct":100.0,"delay_months":null,"revised_completion_date":"2019-10-06","state":"Bihar","geo_confidence":"site","unverified":false}},{"type":"Feature","geometry":{"type":"Point","coordinates":[81.660618,19.731387]},"properties":{"id":"nhai_geoserver-bbed0de39cf097fd","title":"2L PS of Bedma - Dahikhonga (Package - 3) Km 180.000 to Km 241.00 of Old NH-43","sector":"road","status":"commissioned","is_blocked":false,"block_reason":null,"cost_inr_crore":279.0,"progress_pct":null,"delay_months":null,"revised_completion_date":"2017-03-22","state":"Chhattisgarh","geo_confidence":"site","unverified":false}},{"type":"Feature","geometry":{"type":"Point","coordinates":[79.74,15.9129]},"properties":{"id":"nhai_geoserver-30b41718f2c5a5f7","title":"6L  Access Controlled Greenfield Highway from Somavarappadu (Ch.314.600) to Muppavaram (Ch.343+240) of [NH-544G] (Package-14)","sector":"road","status":"under_construction","is_blocked":false,"block_reason":null,"cost_inr_crore":1103.9,"progress_pct":44.1,"delay_months":null,"revised_completion_date":"2026-02-11","state":"Andhra Pradesh","geo_confidence":"state","unverified":false}},{"type":"Feature","geometry":{"type":"Point","coordinates":[91.7362,26.1445]},"properties":{"id":"nhai_geoserver-462cae73d59a2b50","title":"Guwahati Ring Road in the State of Assam","sector":"road","status":"under_construction","is_blocked":false,"block_reason":null,"cost_inr_crore":5729.47,"progress_pct":3.0,"delay_months":null,"revised_completion_date":"2030-01-23","state":"Assam","geo_confidence":"city","unverified":false}},{"type":"Feature","geometry":{"type":"Point","coordinates":[74.199178,22.939868]},"properties":{"id":"nhai_geoserver-1e2e204d566ebb1c","title":"Delhi-Vadodara Greenfield Alignment (NH-148N) (Pkg-26) (Ch.696+890 to Ch.726+390)","sector":"road","status":"under_construction","is_blocked":false,"block_reason":null,"cost_inr_crore":1555.2,"progress_pct":85.5,"delay_months":null,"revised_completion_date":"2024-08-31","state":"Gujarat","geo_confidence":"site","unverified":false}},{"type":"Feature","geometry":{"type":"Point","coordinates":[77.5946,12.9716]},"properties":{"id":"nhai_geoserver-b1bb15fd3633f7d9","title":"Silk Board Junction (Bangalore) to TN Border (Hosur)","sector":"road","status":"commissioned","is_blocked":false,"block_reason":null,"cost_inr_crore":450.0,"progress_pct":100.0,"delay_months":null,"revised_completion_date":"2010-04-06","state":"Karnataka","geo_confidence":"city","unverified":false}},{"type":"Feature","geometry":{"type":"Point","coordinates":[76.275406,28.543922]},"properties":{"id":"nhai_geoserver-586c6a00dcec6268","title":"Jhajjar - Loharu from Km.130.770 to Km. 228.630","sector":"road","status":"commissioned","is_blocked":false,"block_reason":null,"cost_inr_crore":142.62,"progress_pct":100.0,"delay_months":null,"revised_completion_date":"2020-06-18","state":"Haryana","geo_confidence":"site","unverified":false}},{"type":"Feature","geometry":{"type":"Point","coordinates":[85.0985,20.9517]},"properties":{"id":"nhai_geoserver-01c6d5f9340e31ba","title":"Khandagiri Chowk Grade Separator (km 412.00)","sector":"road","status":"commissioned","is_blocked":false,"block_reason":null,"cost_inr_crore":107.78,"progress_pct":100.0,"delay_months":null,"revised_completion_date":"2019-11-04","state":"Odisha","geo_confidence":"state","unverified":false}},{"type":"Feature","geometry":{"type":"Point","coordinates":[77.559319,29.852216]},"properties":{"id":"nhai_geoserver-875d9dba08b62270","title":"Delhi-Amritsar-Katra Expressway (Phase-I Pkg-X) from Jn. with Jalandhar - Moga road (NH-703) to Jn. with Jalandhar-Kapurthala road (NH-703A) and to Jn. with Kapurthala - Sultanpur Lodhi road (NH-703A) (km 0+00 to km 24+000 to Amritsar connectivity)","sector":"road","status":"unknown","is_blocked":false,"block_reason":null,"cost_inr_crore":2177.54,"progress_pct":62.99,"delay_months":null,"revised_completion_date":"2024-07-09","state":"Punjab","geo_confidence":"site","unverified":false}},{"type":"Feature","geometry":{"type":"Point","coordinates":[84.975552,24.509259]},"properties":{"id":"nhai_geoserver-4b237e4efc9089cc","title":"6L of Aurangabad to Bihar-Jharkhand border (Chordaha) section  from km. 209.827 to Km. 249.525 of NH-19 (PKG-02)","sector":"road","status":"commissioned","is_blocked":false,"block_reason":null,"cost_inr_crore":1822.46,"progress_pct":97.92,"delay_months":null,"revised_completion_date":"2024-03-27","state":"Bihar","geo_confidence":"site","unverified":false}},{"type":"Feature","geometry":{"type":"Point","coordinates":[74.857,32.7266]},"properties":{"id":"nhai_geoserver-19e51e19685aee79","title":"4L of Kunjwani - Vijaypur from km. 80.00 to km. 97.20 of Pathankot - Jammu (NS-15)","sector":"road","status":"commissioned","is_blocked":false,"block_reason":null,"cost_inr_crore":5.9,"progress_pct":null,"delay_months":null,"revised_completion_date":"2004-12-31","state":"Jammu and Kashmir","geo_confidence":"city","unverified":false}},{"type":"Feature","geometry":{"type":"Point","coordinates":[78.5685,25.4484]},"properties":{"id":"nhai_geoserver-78f1484a498d3977","title":"4L of Jhansi-Lakhanadon section from km 219.492 to km 262.739 of NH-26 in the state of MP (Civil Contract Package No. ADB-II/C-6)","sector":"road","status":"commissioned","is_blocked":false,"block_reason":null,"cost_inr_crore":291.13,"progress_pct":null,"delay_months":null,"revised_completion_date":"2008-11-27","state":"Madhya Pradesh","geo_confidence":"city","unverified":false}},{"type":"Feature","geometry":{"type":"Point","coordinates":[79.415194,28.985246]},"properties":{"id":"nhai_geoserver-4aafe4c88424f540","title":"Construction of Rudrapur Bypass Section from Km. 0.000 to 20.640 in the state of Uttar Pradesh & Uttarakhand","sector":"road","status":"commissioned","is_blocked":false,"block_reason":null,"cost_inr_crore":1051.73,"progress_pct":100.0,"delay_months":null,"revised_completion_date":"2026-01-11","state":"Uttarakhand","geo_confidence":"site","unverified":false}},{"type":"Feature","geometry":{"type":"Point","coordinates":[87.855,22.9868]},"properties":{"id":"nhai_geoserver-4310f04bf2dd7853","title":"4L  Kharagpur to near Chandrakona-Ghatal Road Crossing section from Km 0.000 to Km 41.000 of NH 116A (Pkg-I)","sector":"road","status":"awarded","is_blocked":false,"block_reason":null,"cost_inr_crore":1892.69,"progress_pct":null,"delay_months":null,"revised_completion_date":null,"state":"West Bengal","geo_confidence":"state","unverified":false}},{"type":"Feature","geometry":{"type":"Point","coordinates":[86.478298,25.403552]},"properties":{"id":"nhai_geoserver-ef962928619ef987","title":"Construction of Approach Road to Rail-cum- Road Bridge across river Ganga at Munger Ghat ( NH-333 B)","sector":"road","status":"under_construction","is_blocked":false,"block_reason":null,"cost_inr_crore":537.88,"progress_pct":99.99,"delay_months":null,"revised_completion_date":"2021-05-28","state":"Bihar","geo_confidence":"site","unverified":false}},{"type":"Feature","geometry":{"type":"Point","coordinates":[78.914161,21.924104]},"properties":{"id":"nhai_geoserver-dd32f999b9ae8f52","title":"2L PS of Multai-Chhindwara from Km. 0.000 to 75.592 and Chhindwara-Seoni from Km. 91.066 to 152.351 section of NH-347","sector":"road","status":"commissioned","is_blocked":false,"block_reason":null,"cost_inr_crore":19.6,"progress_pct":null,"delay_months":null,"revised_completion_date":"2014-10-20","state":"Madhya Pradesh","geo_confidence":"site","unverified":false}},{"type":"Feature","geometry":{"type":"Point","coordinates":[91.3662,25.467]},"properties":{"id":"nhai_geoserver-d6226552fe696ad1","title":"Strengthening/ improvement including regular maintenance work from the ch. Km 69.200 to 120.200 of the project \"Two Lane with paved shoulders configuration in Jowai Meghalaya Assam Border Section of NH44(New NH-6) from Km 69.200 to Km 173.200 (design Ch 171.455)","sector":"road","status":"commissioned","is_blocked":false,"block_reason":null,"cost_inr_crore":null,"progress_pct":null,"delay_months":null,"revised_completion_date":"2028-03-22","state":"Meghalaya","geo_confidence":"state","unverified":false}},{"type":"Feature","geometry":{"type":"Point","coordinates":[91.3662,25.467]},"properties":{"id":"nhai_geoserver-edc0666237b050c9","title":"Strengthening/ improvement including regular maintenance work from the ch. Km 120.200 to 171.455 of the project \"Two Lane with paved shoulders configuration in Jowai-Meghalaya Assam Border Section of NH-44 from Km 69.200 to Km 173.200 (design Ch 171.455)","sector":"road","status":"commissioned","is_blocked":false,"block_reason":null,"cost_inr_crore":null,"progress_pct":null,"delay_months":null,"revised_completion_date":"2028-03-21","state":"Meghalaya","geo_confidence":"state","unverified":false}},{"type":"Feature","geometry":{"type":"Point","coordinates":[78.4867,17.385]},"properties":{"id":"nhai_geoserver-1486af1ef80c9211","title":"Operation & Maintenance of 2-lane with paved shoulders of stretch from Km.23.000 to Km.108.800 for a length of 85.80Kms of Hyderabad (Near Tukkuguda) to Dindi Section of NH-765","sector":"road","status":"commissioned","is_blocked":false,"block_reason":null,"cost_inr_crore":null,"progress_pct":null,"delay_months":null,"revised_completion_date":"2029-08-30","state":"Telangana","geo_confidence":"city","unverified":false}},{"type":"Feature","geometry":{"type":"Point","coordinates":[74.436239,14.261118]},"properties":{"id":"nhai_geoserver-c4aed80b84ba7b90","title":"Eastern Peripheral Expressway Package - I from km 1.000 to km 22.00 in the State of Haryana and Uttar Pradesh","sector":"road","status":"commissioned","is_blocked":false,"block_reason":null,"cost_inr_crore":1583.05,"progress_pct":null,"delay_months":null,"revised_completion_date":"2018-09-06","state":"Haryana","geo_confidence":"site","unverified":false}},{"type":"Feature","geometry":{"type":"Point","coordinates":[75.7139,19.7515]},"properties":{"id":"nhai_geoserver-fbe3fdf6529e37ad","title":"Operation and Maintenance of NH-222 (New NH-61) from End of Ane Ghat to start of Ahmednagar Section from ( Km 161/212 to km 210/527) NH-222 (New NH-61) in the State of Maharashtra.","sector":"road","status":"commissioned","is_blocked":false,"block_reason":null,"cost_inr_crore":730.34,"progress_pct":100.0,"delay_months":null,"revised_completion_date":"2016-05-04","state":"Maharashtra","geo_confidence":"state","unverified":false}},{"type":"Feature","geometry":{"type":"Point","coordinates":[74.592481,25.343753]},"properties":{"id":"nhai_geoserver-666913cc701215e4","title":"Gulabpura (Km 90.000) to Chittorgarh (Km 214.870) of NH-79 in Rajasthan","sector":"road","status":"commissioned","is_blocked":false,"block_reason":null,"cost_inr_crore":424.69,"progress_pct":100.0,"delay_months":null,"revised_completion_date":"2020-05-02","state":"Rajasthan","geo_confidence":"site","unverified":false}},{"type":"Feature","geometry":{"type":"Point","coordinates":[80.9462,26.8467]},"properties":{"id":"nhai_geoserver-a9dc6ffe5cd95c44","title":"4L Cable-stayed Naini Bridge with Approaches from Km -1.117 to Km 0.4.293 on Old NH-27 (NH-30)","sector":"road","status":"commissioned","is_blocked":false,"block_reason":null,"cost_inr_crore":295.73,"progress_pct":null,"delay_months":null,"revised_completion_date":"2023-08-21","state":"Uttar Pradesh","geo_confidence":"state","unverified":false}},{"type":"Feature","geometry":{"type":"Point","coordinates":[85.3131,25.0961]},"properties":{"id":"nhai_geoserver-a8470bacc0f0d84b","title":"Umagaon - Saharsa Package - I (Combined) Umagaon-Kaluahi(0.000KM to 21.609Km) of NH227L;Saharghat-Rahika(0.000 Km to 26.130KM) of NH227J;Rahika-Rampatti (0.00 KM to 15.00KM) of NH527A;Bideshwarsthan-Bheja(0.000KM to 25.915KM) of NH527A.","sector":"road","status":"under_construction","is_blocked":false,"block_reason":null,"cost_inr_crore":1473.2,"progress_pct":23.78,"delay_months":null,"revised_completion_date":"2027-07-01","state":"Bihar","geo_confidence":"state","unverified":false}},{"type":"Feature","geometry":{"type":"Point","coordinates":[80.794139,25.863957]},"properties":{"id":"nhai_geoserver-32182d4c14399ef6","title":"Raebareli (Km. 152.533) to Banda ( Km. 285.818) of NH-232 in Uttar Pradesh","sector":"road","status":"commissioned","is_blocked":false,"block_reason":null,"cost_inr_crore":589.04,"progress_pct":100.0,"delay_months":null,"revised_completion_date":"2023-10-07","state":"Uttar Pradesh","geo_confidence":"site","unverified":false}},{"type":"Feature","geometry":{"type":"Point","coordinates":[73.872645,15.380938]},"properties":{"id":"nhai_geoserver-4991536f534b9e23","title":"Operation and Maintenance of 6L Pimpalgaon-Nashik-Gonde (Km 380.00 to Km 440.00) Section of NH-3","sector":"road","status":"commissioned","is_blocked":false,"block_reason":null,"cost_inr_crore":7.27,"progress_pct":null,"delay_months":null,"revised_completion_date":"2027-05-11","state":"Maharashtra","geo_confidence":"site","unverified":false}},{"type":"Feature","geometry":{"type":"Point","coordinates":[81.381816,21.26278]},"properties":{"id":"nhai_geoserver-2538210970938458","title":"4/6 Laning of Raipur-Simga (Pkg-I) from km. 0.00 to km. 48.58","sector":"road","status":"under_construction","is_blocked":false,"block_reason":null,"cost_inr_crore":1096.52,"progress_pct":100.0,"delay_months":null,"revised_completion_date":"2018-04-20","state":"Chhattisgarh","geo_confidence":"site","unverified":false}},{"type":"Feature","geometry":{"type":"Point","coordinates":[79.8106,17.19861]},"properties":{"id":"nhai_geoserver-ab8985f685fb84aa","title":"4L of Suryapet to Khamam from Km. 0.420 to Km.59.046 of NH 365BB","sector":"road","status":"commissioned","is_blocked":false,"block_reason":null,"cost_inr_crore":1682.79,"progress_pct":100.0,"delay_months":null,"revised_completion_date":"2022-06-24","state":"Telangana","geo_confidence":"site","unverified":false}},{"type":"Feature","geometry":{"type":"Point","coordinates":[77.7064,28.9845]},"properties":{"id":"nhai_geoserver-ae0d563c43147602","title":"4L Spur of Shamli-MuzzafarNagar connecting NH-709AD (Panipat-Shamli-Muzaffarnagar) and NH-58 (Meerut - Roorkee) bypassing Muffarnagar Town","sector":"road","status":"commissioned","is_blocked":false,"block_reason":null,"cost_inr_crore":375.51,"progress_pct":100.0,"delay_months":null,"revised_completion_date":"2024-08-13","state":"Uttar Pradesh","geo_confidence":"city","unverified":false}},{"type":"Feature","geometry":{"type":"Point","coordinates":[80.2707,13.0827]},"properties":{"id":"nhai_geoserver-f00d9c0bd0ae81c8","title":"One Time Maintenance and Enhancing Safety Provisions on Existing Carriage Way from Mamallapuram (Km.52+900) to Koonimedu (Km.130+000) on Chennai to Puducherry section of NH-332A (ECR)","sector":"road","status":"commissioned","is_blocked":false,"block_reason":null,"cost_inr_crore":null,"progress_pct":null,"delay_months":null,"revised_completion_date":"2023-02-27","state":"Tamil Nadu","geo_confidence":"city","unverified":false}},{"type":"Feature","geometry":{"type":"Point","coordinates":[79.74,15.9129]},"properties":{"id":"nhai_geoserver-4841c96daf1a6cb8","title":"6L  Access Controlled Greenfield Highway from Narayanmpet (Ch. 203+500) to Chandrasekharpuram (Ch. 228+000)(Package-10)","sector":"road","status":"under_construction","is_blocked":false,"block_reason":null,"cost_inr_crore":813.66,"progress_pct":66.1,"delay_months":null,"revised_completion_date":"2026-02-10","state":"Andhra Pradesh","geo_confidence":"state","unverified":false}},{"type":"Feature","geometry":{"type":"Point","coordinates":[74.2179,27.0238]},"properties":{"id":"nhai_geoserver-f22dff855ede6711","title":"2 L PS of Tonk- Sawaimadhopur  Section on from km. 1.300 to km. 69.750 of NH-116","sector":"road","status":"commissioned","is_blocked":false,"block_reason":null,"cost_inr_crore":null,"progress_pct":null,"delay_months":null,"revised_completion_date":"2029-10-13","state":"Rajasthan","geo_confidence":"state","unverified":false}},{"type":"Feature","geometry":{"type":"Point","coordinates":[75.7139,19.7515]},"properties":{"id":"nhai_geoserver-07a927f749399ca6","title":"Talegaon - Chakan - Shikrapur (Elevated) from Km. 25.00 to Km. 53.200 (Pkg-2)","sector":"road","status":"tendered","is_blocked":false,"block_reason":null,"cost_inr_crore":3021.82,"progress_pct":null,"delay_months":null,"revised_completion_date":null,"state":"Maharashtra","geo_confidence":"state","unverified":false}},{"type":"Feature","geometry":{"type":"Point","coordinates":[79.101412,22.526364]},"properties":{"id":"nhai_geoserver-d9fb0e5b7eee2eb2","title":"2L PS of Chhindwara-Narsinghpur from Km. 97.600 to 210.010 section of NH-547","sector":"road","status":"commissioned","is_blocked":false,"block_reason":null,"cost_inr_crore":14.32,"progress_pct":null,"delay_months":null,"revised_completion_date":null,"state":"Madhya Pradesh","geo_confidence":"site","unverified":false}},{"type":"Feature","geometry":{"type":"Point","coordinates":[75.8577,22.7196]},"properties":{"id":"nhai_geoserver-5e7fbe10efdd0570","title":"4L of Indore - Boregaon (Pkg-III) [Balwara to Dhangaon] from km. 42.260 to km. 82.660 of NH347BG & 753L","sector":"road","status":"under_construction","is_blocked":false,"block_reason":null,"cost_inr_crore":1001.69,"progress_pct":92.5,"delay_months":null,"revised_completion_date":"2024-04-21","state":"Madhya Pradesh","geo_confidence":"city","unverified":false}},{"type":"Feature","geometry":{"type":"Point","coordinates":[70.921539,20.822848]},"properties":{"id":"nhai_geoserver-4bc77d1b3d2f30df","title":"Four Laning of Una to Kodinar from km. 180.478 to km. 221.610 (Package-V)","sector":"road","status":"under_construction","is_blocked":false,"block_reason":null,"cost_inr_crore":877.71,"progress_pct":100.0,"delay_months":null,"revised_completion_date":"2019-08-08","state":"Gujarat","geo_confidence":"site","unverified":false}},{"type":"Feature","geometry":{"type":"Point","coordinates":[70.951923,22.702948]},"properties":{"id":"nhai_geoserver-1307a2be9c1ea4ab","title":"Bamanbore - Garamore from 182.6 km. to 254.54 km.","sector":"road","status":"commissioned","is_blocked":false,"block_reason":null,"cost_inr_crore":994.57,"progress_pct":null,"delay_months":null,"revised_completion_date":"2009-08-16","state":"Gujarat","geo_confidence":"site","unverified":false}},{"type":"Feature","geometry":{"type":"Point","coordinates":[85.71593,23.364953]},"properties":{"id":"nhai_geoserver-54b4f08694e801f5","title":"2L /4L of Chas-Bokaro-Gola-Ramgarh section of NH-23 from km 0.00 to 78.31","sector":"road","status":"commissioned","is_blocked":false,"block_reason":null,"cost_inr_crore":486.0,"progress_pct":null,"delay_months":null,"revised_completion_date":"2016-12-31","state":"Jharkhand","geo_confidence":"site","unverified":false}},{"type":"Feature","geometry":{"type":"Point","coordinates":[77.1025,28.7041]},"properties":{"id":"nhai_geoserver-34e7ba3fa401533e","title":"Slip roads for Airport (T3), Airport (T1), Atlas chowk and Shyam chowk","sector":"road","status":"commissioned","is_blocked":false,"block_reason":null,"cost_inr_crore":17.0,"progress_pct":98.0,"delay_months":null,"revised_completion_date":"2019-03-09","state":"Delhi","geo_confidence":"state","unverified":false}},{"type":"Feature","geometry":{"type":"Point","coordinates":[75.7873,26.9124]},"properties":{"id":"nhai_geoserver-a581f81df088884b","title":"Additional Structures on 6LGurgaon-Jaipur Section of NH-48 between KM 42.700 to KM 273.00","sector":"road","status":"under_construction","is_blocked":false,"block_reason":null,"cost_inr_crore":409.64,"progress_pct":88.9,"delay_months":null,"revised_completion_date":"2024-06-25","state":null,"geo_confidence":"city","unverified":false}},{"type":"Feature","geometry":{"type":"Point","coordinates":[83.2185,17.6868]},"properties":{"id":"nhai_geoserver-7f7579f447e01ebe","title":"Srikakulam - Visakhapatnam - Bridges Section (AP-5)","sector":"road","status":"commissioned","is_blocked":false,"block_reason":null,"cost_inr_crore":1345.17,"progress_pct":null,"delay_months":null,"revised_completion_date":"2004-02-12","state":"Andhra Pradesh","geo_confidence":"city","unverified":false}},{"type":"Feature","geometry":{"type":"Point","coordinates":[72.701758,23.16835]},"properties":{"id":"nhai_geoserver-2f9351aeb770b662","title":"6L of Chiloda-Naroda section from Km. 540.595 to  Km. 555.595 of NH-8(Package-VII)","sector":"road","status":"commissioned","is_blocked":false,"block_reason":null,"cost_inr_crore":356.6,"progress_pct":100.0,"delay_months":null,"revised_completion_date":"2019-05-10","state":"Gujarat","geo_confidence":"site","unverified":false}},{"type":"Feature","geometry":{"type":"Point","coordinates":[74.973477,34.048997]},"properties":{"id":"nhai_geoserver-f179d0e32ad0f67e","title":"4L Ring road/bypass around Srinagar city from km 0.000 to km 42.100 (Phase-I)","sector":"road","status":"under_construction","is_blocked":false,"block_reason":null,"cost_inr_crore":2919.96,"progress_pct":89.0,"delay_months":null,"revised_completion_date":"2024-02-02","state":"Jammu and Kashmir","geo_confidence":"site","unverified":false}},{"type":"Feature","geometry":{"type":"Point","coordinates":[71.1924,22.2587]},"properties":{"id":"nhai_geoserver-0cd101dd219ad810","title":"4L of Bhiladi - Jetpur from km. 52.50 to km. 117.00 of Old NH-8B (Contract Pkg-EW - II)","sector":"road","status":"commissioned","is_blocked":false,"block_reason":null,"cost_inr_crore":1071.8,"progress_pct":null,"delay_months":null,"revised_completion_date":"2007-11-10","state":"Gujarat","geo_confidence":"state","unverified":false}},{"type":"Feature","geometry":{"type":"Point","coordinates":[77.725486,18.381702]},"properties":{"id":"nhai_geoserver-52faed4b7356b8af","title":"Mangloor to Telangana Maharashtra Border","sector":"road","status":"commissioned","is_blocked":false,"block_reason":null,"cost_inr_crore":1082.65,"progress_pct":100.0,"delay_months":null,"revised_completion_date":"2021-04-10","state":"Telangana","geo_confidence":"site","unverified":false}},{"type":"Feature","geometry":{"type":"Point","coordinates":[77.51539,30.032515]},"properties":{"id":"nhai_geoserver-29b66abd465e89a7","title":"Gagalheri-Saharanpur- Yamunanagar (UP/ Haryana Border) Section of NH-73","sector":"road","status":"commissioned","is_blocked":false,"block_reason":null,"cost_inr_crore":2263.24,"progress_pct":100.0,"delay_months":null,"revised_completion_date":"2020-01-27","state":"Uttar Pradesh","geo_confidence":"site","unverified":false}},{"type":"Feature","geometry":{"type":"Point","coordinates":[76.048472,26.065417]},"properties":{"id":"nhai_geoserver-542e780de657069b","title":"Tonk (Km 1.300) to Sawaimadhopur (Km 69.750) of NH-116 in Rajasthan","sector":"road","status":"commissioned","is_blocked":false,"block_reason":null,"cost_inr_crore":398.81,"progress_pct":95.39,"delay_months":null,"revised_completion_date":"2019-01-17","state":"Rajasthan","geo_confidence":"site","unverified":false}},{"type":"Feature","geometry":{"type":"Point","coordinates":[75.7139,15.3173]},"properties":{"id":"nhai_geoserver-5c2e214a35038397","title":"Strengthening of 2/4L of Kerala Border - Kollegal Section of Km 136.600 to Km 268.475 of Old NH-212","sector":"road","status":"commissioned","is_blocked":false,"block_reason":null,"cost_inr_crore":599.75,"progress_pct":null,"delay_months":null,"revised_completion_date":"2021-03-06","state":"Karnataka","geo_confidence":"state","unverified":false}},{"type":"Feature","geometry":{"type":"Point","coordinates":[79.74,15.9129]},"properties":{"id":"nhai_geoserver-404b406593982a51","title":"6L Access Controlled Greenfield Highway from Vanavolu (Ch. 24+300) to Vankarakunta (Ch. 45+700) of [NH-544G]  (Package-2)","sector":"road","status":"under_construction","is_blocked":false,"block_reason":null,"cost_inr_crore":750.81,"progress_pct":87.24,"delay_months":null,"revised_completion_date":"2026-03-01","state":"Andhra Pradesh","geo_confidence":"state","unverified":false}},{"type":"Feature","geometry":{"type":"Point","coordinates":[75.8577,22.7196]},"properties":{"id":"nhai_geoserver-ca04395a727c1a2e","title":"Indore - Harda (Pkg-I) [Indore to Raghav Garh from km. 0.25 to km. 26.903]","sector":"road","status":"under_construction","is_blocked":false,"block_reason":null,"cost_inr_crore":1011.29,"progress_pct":96.09,"delay_months":null,"revised_completion_date":"2024-10-31","state":"Madhya Pradesh","geo_confidence":"city","unverified":false}},{"type":"Feature","geometry":{"type":"Point","coordinates":[75.7139,15.3173]},"properties":{"id":"nhai_geoserver-6a3ce7a21028e641","title":"Strengthening of 2/4L of Kerala Border - Kollegal Section of Km 136.600 to Km 268.475 of Old NH-212","sector":"road","status":"commissioned","is_blocked":false,"block_reason":null,"cost_inr_crore":null,"progress_pct":null,"delay_months":null,"revised_completion_date":"2028-08-02","state":"Karnataka","geo_confidence":"state","unverified":false}},{"type":"Feature","geometry":{"type":"Point","coordinates":[81.697405,21.049558]},"properties":{"id":"nhai_geoserver-1406e5cc0c3fe270","title":"Raipur (Km 10.200) to Kodebod (Km 43.400) of NH - 30 in Chhattisgarh","sector":"road","status":"commissioned","is_blocked":false,"block_reason":null,"cost_inr_crore":987.88,"progress_pct":100.0,"delay_months":null,"revised_completion_date":"2019-03-10","state":"Chhattisgarh","geo_confidence":"site","unverified":false}},{"type":"Feature","geometry":{"type":"Point","coordinates":[80.9462,26.8467]},"properties":{"id":"nhai_geoserver-9019a570b16b42d7","title":"Improvement and Up-Gradation of Existing Road to 4L PS from Km 175.080 to 229.070, from End of Hardoi Bypass to End of Hardoi District of NH 731 (Pkg-3)","sector":"road","status":"commissioned","is_blocked":false,"block_reason":null,"cost_inr_crore":1138.81,"progress_pct":100.0,"delay_months":null,"revised_completion_date":"2025-07-07","state":"Uttar Pradesh","geo_confidence":"state","unverified":false}},{"type":"Feature","geometry":{"type":"Point","coordinates":[78.1642,29.9457]},"properties":{"id":"nhai_geoserver-f4249545ec348542","title":"Elevated Structure including Major Bridge on Mayapuri Escape Channel on Muzzaffarnagar - Haridwar Section","sector":"road","status":"commissioned","is_blocked":false,"block_reason":null,"cost_inr_crore":56.91,"progress_pct":100.0,"delay_months":null,"revised_completion_date":"2020-05-03","state":"Uttarakhand","geo_confidence":"city","unverified":false}},{"type":"Feature","geometry":{"type":"Point","coordinates":[76.97363,20.5051]},"properties":{"id":"nhai_geoserver-fb91c6f0044f740a","title":"4L of Nagpur - Umred section (From 7.300 km to 48.400 km of NH-353D","sector":"road","status":"commissioned","is_blocked":false,"block_reason":null,"cost_inr_crore":671.4,"progress_pct":99.9,"delay_months":null,"revised_completion_date":"2021-08-08","state":"Maharashtra","geo_confidence":"site","unverified":false}},{"type":"Feature","geometry":{"type":"Point","coordinates":[76.83362,29.09244]},"properties":{"id":"nhai_geoserver-38a8ad846255c538","title":"Rohtak-Panipat Section of NH-71A from Km. 0.00 to Km. 80.858","sector":"road","status":"cancelled","is_blocked":true,"block_reason":"other","cost_inr_crore":496.8,"progress_pct":100.0,"delay_months":null,"revised_completion_date":"2013-10-14","state":"Haryana","geo_confidence":"site","unverified":false}},{"type":"Feature","geometry":{"type":"Point","coordinates":[76.230257,29.528742]},"properties":{"id":"nhai_geoserver-193adce6b32d420a","title":"Punjab/ Haryana border Jind section from km 238.695 to km 307.000 of NH 71","sector":"road","status":"commissioned","is_blocked":false,"block_reason":null,"cost_inr_crore":1218.35,"progress_pct":99.27,"delay_months":null,"revised_completion_date":"2019-06-04","state":"Haryana","geo_confidence":"site","unverified":false}},{"type":"Feature","geometry":{"type":"Point","coordinates":[73.752639,24.969445]},"properties":{"id":"nhai_geoserver-b821f02e308dfcf9","title":"Gomati Chauraha - Udaipur km 177.00 - km 260.100 of NH-8","sector":"road","status":"under_construction","is_blocked":false,"block_reason":null,"cost_inr_crore":1114.27,"progress_pct":99.7,"delay_months":null,"revised_completion_date":"2015-10-14","state":"Rajasthan","geo_confidence":"site","unverified":false}},{"type":"Feature","geometry":{"type":"Point","coordinates":[73.048218,19.277429]},"properties":{"id":"nhai_geoserver-19a31913edf9abd6","title":"Vadape to Thane from km 539.202 to km 563.000 section of NH-3 new NH-848","sector":"road","status":"under_construction","is_blocked":false,"block_reason":null,"cost_inr_crore":1252.92,"progress_pct":86.66,"delay_months":null,"revised_completion_date":"2021-07-18","state":"Maharashtra","geo_confidence":"site","unverified":false}},{"type":"Feature","geometry":{"type":"Point","coordinates":[79.485996,21.153862]},"properties":{"id":"nhai_geoserver-11a30f4f862690ef","title":"Bal. Works of Fagne (Km. 510.000) to Maharashtra/Gujarat Border (Km. 650.794)","sector":"road","status":"under_construction","is_blocked":false,"block_reason":null,"cost_inr_crore":1654.07,"progress_pct":99.7,"delay_months":null,"revised_completion_date":"2022-09-18","state":"Maharashtra","geo_confidence":"site","unverified":false}},{"type":"Feature","geometry":{"type":"Point","coordinates":[78.6569,22.9734]},"properties":{"id":"nhai_geoserver-11d72cb65912f232","title":"4-lanning of Rahatgarh to Berkhedi section of NH-146 from Design Ch 124+470 to Ch. 134.549","sector":"road","status":"under_construction","is_blocked":false,"block_reason":null,"cost_inr_crore":618.33,"progress_pct":14.6,"delay_months":null,"revised_completion_date":"2027-12-20","state":"Madhya Pradesh","geo_confidence":"state","unverified":false}},{"type":"Feature","geometry":{"type":"Point","coordinates":[85.3647,26.1209]},"properties":{"id":"nhai_geoserver-e453c7dbda2a8bc3","title":"4L Muzaffarpur-Sitamarhi-Sonbarsa Section from Km. 2.80 to Km.86.80 of NH-22 (Old NH-77)","sector":"road","status":"tendered","is_blocked":false,"block_reason":null,"cost_inr_crore":null,"progress_pct":null,"delay_months":null,"revised_completion_date":null,"state":"Bihar","geo_confidence":"city","unverified":false}},{"type":"Feature","geometry":{"type":"Point","coordinates":[77.236151,13.249542]},"properties":{"id":"nhai_geoserver-9e2c54a34a8bac0e","title":"4L of Channarayapatna Bypass and Hassan Bypass with structures in Devihalli - Hassan section","sector":"road","status":"under_construction","is_blocked":false,"block_reason":null,"cost_inr_crore":688.0,"progress_pct":82.34,"delay_months":null,"revised_completion_date":"2023-01-18","state":"Karnataka","geo_confidence":"site","unverified":false}},{"type":"Feature","geometry":{"type":"Point","coordinates":[78.6569,22.9734]},"properties":{"id":"nhai_geoserver-391cb973d88a665d","title":"4L of  Chandesara  to Khedakhajuriya  from Km. 0.000 to (-) 750 & Km 0.000 to km 41.400 of  NH-148NG (Pkg-I)","sector":"road","status":"under_construction","is_blocked":false,"block_reason":null,"cost_inr_crore":909.84,"progress_pct":99.0,"delay_months":null,"revised_completion_date":"2024-05-31","state":"Madhya Pradesh","geo_confidence":"state","unverified":false}},{"type":"Feature","geometry":{"type":"Point","coordinates":[78.108571,11.511866]},"properties":{"id":"nhai_geoserver-2ab3ad8abaf6b303","title":"Thumbipadi-Namakkal from km. 180.00 to km. 248.625 (Package No. NS-2/BOT/TN-02)","sector":"road","status":"commissioned","is_blocked":false,"block_reason":null,"cost_inr_crore":395.43,"progress_pct":100.0,"delay_months":null,"revised_completion_date":"2009-02-14","state":"Tamil Nadu","geo_confidence":"site","unverified":false}},{"type":"Feature","geometry":{"type":"Point","coordinates":[85.745518,25.413179]},"properties":{"id":"nhai_geoserver-dd422d28f3a19d5c","title":"Bakhtiyarpur (Km 153.300) to Mokama (Km 197.900)","sector":"road","status":"under_construction","is_blocked":false,"block_reason":null,"cost_inr_crore":1898.84,"progress_pct":99.95,"delay_months":null,"revised_completion_date":"2019-12-10","state":"Bihar","geo_confidence":"site","unverified":false}},{"type":"Feature","geometry":{"type":"Point","coordinates":[78.6569,11.1271]},"properties":{"id":"nhai_geoserver-acdc4175a9adf750","title":"Four laning and strengthening of Tirunelveli to Panagudi section from Km 169.300 to 211.240 section of NH-7 (NS-43/TN)","sector":"road","status":"tendered","is_blocked":false,"block_reason":null,"cost_inr_crore":null,"progress_pct":null,"delay_months":null,"revised_completion_date":null,"state":"Tamil Nadu","geo_confidence":"state","unverified":false}},{"type":"Feature","geometry":{"type":"Point","coordinates":[85.0985,20.9517]},"properties":{"id":"nhai_geoserver-7298d1feefcd4dae","title":"Construction of 6-lane flyover at Ainthapali junction and a 2-lane ROB (LHS) on NH-53 (Earlier NH-6) in Sambalpur, on EPC mode in Odisha under NH(O)","sector":"road","status":"under_construction","is_blocked":false,"block_reason":null,"cost_inr_crore":374.17,"progress_pct":54.2,"delay_months":null,"revised_completion_date":"2026-12-18","state":"Odisha","geo_confidence":"state","unverified":false}},{"type":"Feature","geometry":{"type":"Point","coordinates":[79.29264,17.789549]},"properties":{"id":"nhai_geoserver-d3d9e8f5b52f9da3","title":"Yadagiri (km 54.000) to Warangal (km 150.000) of NH-163 in Telengana","sector":"road","status":"commissioned","is_blocked":false,"block_reason":null,"cost_inr_crore":1889.72,"progress_pct":100.0,"delay_months":null,"revised_completion_date":"2018-11-28","state":"Telangana","geo_confidence":"site","unverified":false}},{"type":"Feature","geometry":{"type":"Point","coordinates":[78.6569,22.9734]},"properties":{"id":"nhai_geoserver-dd5d37057618b652","title":"Balance works of 4 lane divided carriageway of Missing Link section of NH-39 (Rewa Bypass) from junction with NH 30 near Bela to Junction with MPRDC ring road near Silpara on SH 9 (design length 13.100 km) on EPC Mode under Bharatmala Pariyojana in the State of Madhya Pradesh","sector":"road","status":"under_construction","is_blocked":false,"block_reason":null,"cost_inr_crore":355.36,"progress_pct":84.44,"delay_months":null,"revised_completion_date":"2026-04-23","state":"Madhya Pradesh","geo_confidence":"state","unverified":false}},{"type":"Feature","geometry":{"type":"Point","coordinates":[75.152021,31.997307]},"properties":{"id":"nhai_geoserver-323c097b2ff5b562","title":"2L PS/4L of Khemkaran to Gurdaspur (Package-V) [Ramdas to Gurdaspur] km 140.00 - km 187.492 and 4.19 km CoS (Kartarpur Corridor)","sector":"road","status":"commissioned","is_blocked":false,"block_reason":null,"cost_inr_crore":262.5,"progress_pct":92.0,"delay_months":null,"revised_completion_date":"2020-06-15","state":"Punjab","geo_confidence":"site","unverified":false}},{"type":"Feature","geometry":{"type":"Point","coordinates":[70.324338,26.776022]},"properties":{"id":"nhai_geoserver-c8cb8d5ff38eb1e2","title":"Munabao(NH-25E)- Sundra- Myajlar-Dhanana-Asutar -Ghotaru-Tanot [Design Chinange Km 0.0 to Km 46.00 and km 82.60 to Km 310.467]","sector":"road","status":"commissioned","is_blocked":false,"block_reason":null,"cost_inr_crore":1188.34,"progress_pct":97.0,"delay_months":null,"revised_completion_date":"2021-06-28","state":"Rajasthan","geo_confidence":"site","unverified":false}},{"type":"Feature","geometry":{"type":"Point","coordinates":[77.745253,29.070155]},"properties":{"id":"nhai_geoserver-701e52da889a379b","title":"4L Spur of Meerut-Garh-Mukteshwar section connecting NH-119 and NH-58 bypassing Meerut Town of NH 709 A","sector":"road","status":"under_construction","is_blocked":false,"block_reason":null,"cost_inr_crore":991.89,"progress_pct":96.98,"delay_months":null,"revised_completion_date":"2025-02-16","state":"Uttar Pradesh","geo_confidence":"site","unverified":false}},{"type":"Feature","geometry":{"type":"Point","coordinates":[77.776378,27.503397]},"properties":{"id":"nhai_geoserver-43614fead1cb95eb","title":"4L from Mathura Bypass (Start) at Existing Km. 154.20 of NH-44 to Gaju Village at Km 32.982 of NH-530B (Pkg-IB)","sector":"road","status":"commissioned","is_blocked":false,"block_reason":null,"cost_inr_crore":1722.11,"progress_pct":100.0,"delay_months":null,"revised_completion_date":"2025-03-19","state":"Uttar Pradesh","geo_confidence":"site","unverified":false}},{"type":"Feature","geometry":{"type":"Point","coordinates":[75.7139,15.3173]},"properties":{"id":"nhai_geoserver-6588f8db0e355677","title":"4L PS from near Hunsur - KR Nagar Junction to near Yalachahalli village KR Nagara - Yelawala Road Junction fcrom Km 169.000 to Km 195.550 of NH-275 (Pkg-IV)","sector":"road","status":"under_construction","is_blocked":false,"block_reason":null,"cost_inr_crore":1062.76,"progress_pct":19.58,"delay_months":null,"revised_completion_date":"2027-04-29","state":"Karnataka","geo_confidence":"state","unverified":false}},{"type":"Feature","geometry":{"type":"Point","coordinates":[77.1734,31.1048]},"properties":{"id":"nhai_geoserver-8d4f092bf94ba2f7","title":"Maintenance of existing stretch of NH-103 (Old NH-88) from Km. 96.500 to 131.000 of Shimla Mataur section in the state of Himachal Pradesh","sector":"road","status":"commissioned","is_blocked":false,"block_reason":null,"cost_inr_crore":null,"progress_pct":null,"delay_months":null,"revised_completion_date":"2025-10-25","state":"Himachal Pradesh","geo_confidence":"city","unverified":false}},{"type":"Feature","geometry":{"type":"Point","coordinates":[79.74,15.9129]},"properties":{"id":"nhai_geoserver-f3e84dda4aa4a774","title":"6L Access Controlled Greenfield Highway from Vankarakunta (Ch. 45+700) to Odulapalle (Ch. 72+000) of [NH-544G](Package-3)","sector":"road","status":"under_construction","is_blocked":false,"block_reason":null,"cost_inr_crore":992.91,"progress_pct":77.21,"delay_months":null,"revised_completion_date":"2026-03-01","state":"Andhra Pradesh","geo_confidence":"state","unverified":false}},{"type":"Feature","geometry":{"type":"Point","coordinates":[85.707276,23.120437]},"properties":{"id":"nhai_geoserver-e1ba964c91cbebed","title":"Balance work of Ranchi-Mahulia Section of NH-33 from Km 140.000 (Rampur) to Km 217.300 (Chowka) (Pkg-II)","sector":"road","status":"commissioned","is_blocked":false,"block_reason":null,"cost_inr_crore":404.06,"progress_pct":99.48,"delay_months":null,"revised_completion_date":"2020-12-02","state":"Jharkhand","geo_confidence":"site","unverified":false}},{"type":"Feature","geometry":{"type":"Point","coordinates":[81.885,26.605]},"properties":{"id":"nhai_geoserver-67620b46399c8d15","title":"Four Lanning of Jagdishpur-Faizabad Section from km 47.930 to km 107.680 of NH-330A","sector":"road","status":"commissioned","is_blocked":false,"block_reason":null,"cost_inr_crore":1445.49,"progress_pct":100.0,"delay_months":null,"revised_completion_date":"2023-03-11","state":"Uttar Pradesh","geo_confidence":"site","unverified":false}},{"type":"Feature","geometry":{"type":"Point","coordinates":[81.8463,25.4358]},"properties":{"id":"nhai_geoserver-893f66800bd37b32","title":"4L of left out existing road section from Lalgopalganj (Km 161.450) to Nawabganj (Km 180.200) in Prayagraj","sector":"road","status":"commissioned","is_blocked":false,"block_reason":null,"cost_inr_crore":159.53,"progress_pct":100.0,"delay_months":null,"revised_completion_date":"2026-03-31","state":"Uttar Pradesh","geo_confidence":"city","unverified":false}},{"type":"Feature","geometry":{"type":"Point","coordinates":[77.455833,26.605278]},"properties":{"id":"nhai_geoserver-ba4e7cc4a2fe3405","title":"2L PS of Karauli - Dholpur from km 83.960 to 184.460 of Old NH-11B","sector":"road","status":"commissioned","is_blocked":false,"block_reason":null,"cost_inr_crore":425.19,"progress_pct":null,"delay_months":null,"revised_completion_date":"2016-09-15","state":"Rajasthan","geo_confidence":"site","unverified":false}},{"type":"Feature","geometry":{"type":"Point","coordinates":[79.0193,30.0668]},"properties":{"id":"nhai_geoserver-c31187849c03b8aa","title":"Rudrapur Kathgodam Section from km. 43.446 to km. 93.226 of Rampur Kathgodam (Package-2)","sector":"road","status":"commissioned","is_blocked":false,"block_reason":null,"cost_inr_crore":870.59,"progress_pct":100.0,"delay_months":null,"revised_completion_date":"2019-10-27","state":"Uttarakhand","geo_confidence":"state","unverified":false}},{"type":"Feature","geometry":{"type":"Point","coordinates":[76.0856,29.0588]},"properties":{"id":"nhai_geoserver-694b43969d4d9ae4","title":"Rohtak - Bawal section NH-71 from km.363.300 (Design km.363.300) to km.450.800 (design km.445.883)","sector":"road","status":"commissioned","is_blocked":false,"block_reason":null,"cost_inr_crore":650.0,"progress_pct":null,"delay_months":null,"revised_completion_date":"2013-11-04","state":"Haryana","geo_confidence":"state","unverified":false}},{"type":"Feature","geometry":{"type":"Point","coordinates":[77.355579,16.309564]},"properties":{"id":"nhai_geoserver-e8b0bb10393a5e83","title":"MH/KNT Border to Sangareddy Section from km. 433.00 to km. 515.00 of NH-65","sector":"road","status":"commissioned","is_blocked":false,"block_reason":null,"cost_inr_crore":1818.1,"progress_pct":98.5,"delay_months":null,"revised_completion_date":"2016-09-27","state":"Karnataka","geo_confidence":"site","unverified":false}},{"type":"Feature","geometry":{"type":"Point","coordinates":[75.19,33.43]},"properties":{"id":"nhai_geoserver-6419116d5a8c1f72","title":"4L of Km.165.092 to Km.171.855 (North Bound) and from Km.166.895 to Km.173.638 (South Bound), excl.  certain reaches of North Bound and South Bound of Ramban to Banihal (Pkg-III) of Old NH-1A (New NH-44)","sector":"road","status":"under_construction","is_blocked":false,"block_reason":null,"cost_inr_crore":614.48,"progress_pct":42.8,"delay_months":null,"revised_completion_date":"2024-08-03","state":"Jammu and Kashmir","geo_confidence":"city","unverified":false}},{"type":"Feature","geometry":{"type":"Point","coordinates":[77.7064,28.9845]},"properties":{"id":"nhai_geoserver-f16b44c16e7ed383","title":"4L Spur of Panipat - Shamli connecting NH-709AD (Panipat – Shamli – Muzaffarnagar) and NH-709A (Karnal – Meerut) bypassing Shamli district (UP)","sector":"road","status":"commissioned","is_blocked":false,"block_reason":null,"cost_inr_crore":516.16,"progress_pct":98.9,"delay_months":null,"revised_completion_date":"2024-10-13","state":"Uttar Pradesh","geo_confidence":"city","unverified":false}},{"type":"Feature","geometry":{"type":"Point","coordinates":[75.7139,19.7515]},"properties":{"id":"nhai_geoserver-d41b121bbd3cab00","title":"6L of Kagal-Satara section from Km 592.500 to Km 658.000 of NH-48 (Pkg-I)","sector":"road","status":"under_construction","is_blocked":false,"block_reason":null,"cost_inr_crore":2111.95,"progress_pct":51.14,"delay_months":null,"revised_completion_date":"2025-01-11","state":"Maharashtra","geo_confidence":"state","unverified":false}},{"type":"Feature","geometry":{"type":"Point","coordinates":[80.3167,13.2333]},"properties":{"id":"nhai_geoserver-e4222ddd5aea008a","title":"Operation & Maintenance of Ennore Expressway from Km 0.000 to Km 7.538, Manali Oil Refinery Road from Km 0.000 to Km 5.600, Thiruvottiyur – Ponneri - Panchetti Road from Km 4.500 to 13.500 and Inner Ring Road from Km 18.000 to 25.000","sector":"road","status":"commissioned","is_blocked":false,"block_reason":null,"cost_inr_crore":null,"progress_pct":null,"delay_months":null,"revised_completion_date":"2024-10-31","state":"Tamil Nadu","geo_confidence":"city","unverified":false}},{"type":"Feature","geometry":{"type":"Point","coordinates":[83.3732,26.7606]},"properties":{"id":"nhai_geoserver-f61697982753b271","title":"2L PS of Sonauli - Gorakhpur from km. 0.00 to km. 80.00 of Old NH-29E","sector":"road","status":"commissioned","is_blocked":false,"block_reason":null,"cost_inr_crore":16.0,"progress_pct":null,"delay_months":null,"revised_completion_date":"2024-08-05","state":"Uttar Pradesh","geo_confidence":"city","unverified":false}},{"type":"Feature","geometry":{"type":"Point","coordinates":[77.95009,20.970685]},"properties":{"id":"nhai_geoserver-0729d28a7ce342e0","title":"4L of Pangare to Waranga Phata Section (Package- IV) from km 134.500 to km 174.645 (Design Chainage) of NH-161 including Bypasses at Kalamanuri and Akhada Balapur","sector":"road","status":"commissioned","is_blocked":false,"block_reason":null,"cost_inr_crore":1188.0,"progress_pct":100.0,"delay_months":null,"revised_completion_date":"2023-06-30","state":"Maharashtra","geo_confidence":"site","unverified":false}},{"type":"Feature","geometry":{"type":"Point","coordinates":[82.252432,16.981248]},"properties":{"id":"nhai_geoserver-752ff3fc915ce8e8","title":"Up gradation of Port Connectivity NH Configuration of existing 2L to 4L road from Achhampeta Junction (NH-216) to Kakinada Anchorage Port Connecting Vakalpudi light house from Km. 0.000 to Km. 13.198 of NH-516F","sector":"road","status":"under_construction","is_blocked":false,"block_reason":null,"cost_inr_crore":148.94,"progress_pct":64.61,"delay_months":null,"revised_completion_date":"2023-07-12","state":"Andhra Pradesh","geo_confidence":"site","unverified":false}},{"type":"Feature","geometry":{"type":"Point","coordinates":[91.7362,26.1445]},"properties":{"id":"nhai_geoserver-03889e0661f0abaf","title":"Strengthening work of stretch of Khanapara to Jagiroad from Km. 163.400 to Km. 205.000 (Balance Portion of Guwahati Bypass, Package no. AS-03 & AS-20) of NH 37","sector":"road","status":"commissioned","is_blocked":false,"block_reason":null,"cost_inr_crore":null,"progress_pct":null,"delay_months":null,"revised_completion_date":"2025-04-14","state":"Assam","geo_confidence":"city","unverified":false}},{"type":"Feature","geometry":{"type":"Point","coordinates":[75.128884,30.426758]},"properties":{"id":"nhai_geoserver-eef61ab04f26b4ce","title":"6L Amritsar-Bathinda Greenfield section  from Jn. with Moga Jalandhar road (NH-703) near Dharamkot to Jn. with Bhagta Bhai Ka-Bhadaur Road near Dyalpura Bhai Ka from km 39.000 to km 93.000 of NH-754A (Pkg-2)","sector":"road","status":"under_construction","is_blocked":false,"block_reason":null,"cost_inr_crore":1801.37,"progress_pct":66.53,"delay_months":null,"revised_completion_date":"2026-06-26","state":"Punjab","geo_confidence":"site","unverified":false}},{"type":"Feature","geometry":{"type":"Point","coordinates":[77.1734,31.1048]},"properties":{"id":"nhai_geoserver-dd3c31a383ae2d5d","title":"4L PS  bijni to mandi section from Km 202.815 to Km 208.000 of NH-20 (New NH-154)  of Pathankot-Mandi (Package-VB)","sector":"road","status":"under_construction","is_blocked":false,"block_reason":null,"cost_inr_crore":1113.02,"progress_pct":35.3,"delay_months":null,"revised_completion_date":"2027-09-13","state":"Himachal Pradesh","geo_confidence":"state","unverified":false}},{"type":"Feature","geometry":{"type":"Point","coordinates":[85.3131,25.0961]},"properties":{"id":"nhai_geoserver-d599eca80f02e196","title":"Construction of Major Bridge over Baghmati and Lakhandei River along with Approaches from Design km.16.500 to km.21.500","sector":"road","status":"under_construction","is_blocked":false,"block_reason":null,"cost_inr_crore":498.97,"progress_pct":26.84,"delay_months":null,"revised_completion_date":"2027-04-30","state":"Bihar","geo_confidence":"state","unverified":false}},{"type":"Feature","geometry":{"type":"Point","coordinates":[85.03452,19.12822]},"properties":{"id":"nhai_geoserver-693d3a65b658fb8e","title":"Development of 6L UER II [Package - I] (NH-1 Near Bakoli till Karala Kanjhawala Road) from km. 0.70 to km.15.00","sector":"road","status":"under_construction","is_blocked":false,"block_reason":null,"cost_inr_crore":2089.94,"progress_pct":99.99,"delay_months":null,"revised_completion_date":"2023-10-27","state":"Delhi","geo_confidence":"site","unverified":false}},{"type":"Feature","geometry":{"type":"Point","coordinates":[74.2179,27.0238]},"properties":{"id":"nhai_geoserver-d1c5599599e1d7e2","title":"Operation & Maintenance of 2L PS of Jhalawar-Rajasthan /M.P. Border section of NH-12 (NEW NH-52) from km. 346.540 to km. 408.700","sector":"road","status":"commissioned","is_blocked":false,"block_reason":null,"cost_inr_crore":null,"progress_pct":null,"delay_months":null,"revised_completion_date":"2025-12-05","state":"Rajasthan","geo_confidence":"state","unverified":false}},{"type":"Feature","geometry":{"type":"Point","coordinates":[71.1924,22.2587]},"properties":{"id":"nhai_geoserver-78ab51390245a7c4","title":"Maintenance works and activities on section from Km 0.000 to Km.123.454 of Jetpur-Somnath Section of NH-151 in the State of Gujarat","sector":"road","status":"commissioned","is_blocked":false,"block_reason":null,"cost_inr_crore":202.07,"progress_pct":null,"delay_months":null,"revised_completion_date":"2029-09-04","state":"Gujarat","geo_confidence":"state","unverified":false}},{"type":"Feature","geometry":{"type":"Point","coordinates":[74.8723,31.634]},"properties":{"id":"nhai_geoserver-02191ffd26b59ad9","title":"6L Amritsar-Bathinda Greenfield section from Jn. with Bhagta Bhai Ka-Bhadaur Road near Dyalpura Bhai Ka to Jn. with Mandi Dabwali Bathinda Road on NH-54 near Sangat Kalan from km 93.000 to km 154.866 of NH-754A (Pkg-3)","sector":"road","status":"under_construction","is_blocked":false,"block_reason":null,"cost_inr_crore":2029.17,"progress_pct":74.0,"delay_months":null,"revised_completion_date":"2026-06-16","state":"Punjab","geo_confidence":"city","unverified":false}},{"type":"Feature","geometry":{"type":"Point","coordinates":[75.972751,23.749006]},"properties":{"id":"nhai_geoserver-d9211e3469bd1174","title":"2L PS of Ujjain - Jhalawar (upto RJ Border) from Km. -0.620 to Km. 132.955 of NH-552G","sector":"road","status":"commissioned","is_blocked":false,"block_reason":null,"cost_inr_crore":498.47,"progress_pct":100.0,"delay_months":null,"revised_completion_date":"2023-06-21","state":"Madhya Pradesh","geo_confidence":"site","unverified":false}},{"type":"Feature","geometry":{"type":"Point","coordinates":[76.698248,30.218467]},"properties":{"id":"nhai_geoserver-606d951685186a1b","title":"Ambala (ch. 0.00 km ) to Pehowa (ch. 50.860 km) of Nh- 65 in Haryana ( Package-1)","sector":"road","status":"commissioned","is_blocked":false,"block_reason":null,"cost_inr_crore":1202.91,"progress_pct":100.0,"delay_months":null,"revised_completion_date":"2018-06-17","state":"Haryana","geo_confidence":"site","unverified":false}},{"type":"Feature","geometry":{"type":"Point","coordinates":[78.737178,29.293838]},"properties":{"id":"nhai_geoserver-c4580e5afcbe49ad","title":"4L of Nagina-Kashipur section from km. 73.00 to km. 175.00 of NH-74","sector":"road","status":"commissioned","is_blocked":false,"block_reason":null,"cost_inr_crore":2125.03,"progress_pct":100.0,"delay_months":null,"revised_completion_date":"2020-04-25","state":"Uttarakhand,Uttar Pradesh","geo_confidence":"site","unverified":false}},{"type":"Feature","geometry":{"type":"Point","coordinates":[79.0193,18.1124]},"properties":{"id":"nhai_geoserver-476891e76a6e465e","title":"Augmentation of existing 4L to 6L section Kodandapur to Kurnool from Km 175.05 to Km 210.519 of NH-44","sector":"road","status":"tendered","is_blocked":false,"block_reason":null,"cost_inr_crore":null,"progress_pct":null,"delay_months":null,"revised_completion_date":null,"state":"Telangana","geo_confidence":"state","unverified":false}},{"type":"Feature","geometry":{"type":"Point","coordinates":[70.739354,22.050092]},"properties":{"id":"nhai_geoserver-a22cc1bc748a4a51","title":"Four Laning of Jetpur - Gondal - Rajkot from km. 117.00 to km. 175.00 and Widening of Rajkot Bypass from km. 175.00 to km. 185.00","sector":"road","status":"cancelled","is_blocked":true,"block_reason":"other","cost_inr_crore":1129.96,"progress_pct":0.0,"delay_months":null,"revised_completion_date":"2008-03-31","state":"Gujarat","geo_confidence":"site","unverified":false}},{"type":"Feature","geometry":{"type":"Point","coordinates":[76.627419,14.127238]},"properties":{"id":"nhai_geoserver-f3abd5ad2b844ccc","title":"Challakere to Hariyur section from km 358.500 to km 414.205 of NH-150 A","sector":"road","status":"commissioned","is_blocked":false,"block_reason":null,"cost_inr_crore":1167.52,"progress_pct":100.0,"delay_months":null,"revised_completion_date":"2023-01-24","state":"Karnataka","geo_confidence":"site","unverified":false}},{"type":"Feature","geometry":{"type":"Point","coordinates":[76.1203,24.637615]},"properties":{"id":"nhai_geoserver-c853a017c89d59cb","title":"4 Lane from Km 299.000 to 346.540 (Darah-Jhalawar-Teendhar section) of NH-12.","sector":"road","status":"commissioned","is_blocked":false,"block_reason":null,"cost_inr_crore":1487.06,"progress_pct":100.0,"delay_months":null,"revised_completion_date":"2020-11-19","state":"Rajasthan","geo_confidence":"site","unverified":false}},{"type":"Feature","geometry":{"type":"Point","coordinates":[76.629713,30.500146]},"properties":{"id":"nhai_geoserver-e4d248cd2454af18","title":"Rehabilitation and Up-Gradation of 4L Zirakpur to Patiala Section from  Km 0.000 to Km 50.000 of NH-64 (New NH-7)","sector":"road","status":"commissioned","is_blocked":false,"block_reason":null,"cost_inr_crore":16.2,"progress_pct":null,"delay_months":null,"revised_completion_date":null,"state":"Punjab","geo_confidence":"site","unverified":false}},{"type":"Feature","geometry":{"type":"Point","coordinates":[77.958474,8.736903]},"properties":{"id":"nhai_geoserver-eb851300454fd488","title":"Tuticorin - Tirunelveli from km. 0.00 to km. 47.250","sector":"road","status":"commissioned","is_blocked":false,"block_reason":null,"cost_inr_crore":449.85,"progress_pct":100.0,"delay_months":null,"revised_completion_date":"2012-04-25","state":"Tamil Nadu","geo_confidence":"site","unverified":false}},{"type":"Feature","geometry":{"type":"Point","coordinates":[85.0985,20.9517]},"properties":{"id":"nhai_geoserver-40c69f7dacaf3a62","title":"Development of road connectivity from Chhatrapur on NH-16 to Gopalpur Port  (Greenfield alignment)","sector":"road","status":"cancelled","is_blocked":true,"block_reason":"other","cost_inr_crore":249.55,"progress_pct":0.0,"delay_months":null,"revised_completion_date":null,"state":"Odisha","geo_confidence":"state","unverified":false}},{"type":"Feature","geometry":{"type":"Point","coordinates":[76.402458,17.450799]},"properties":{"id":"nhai_geoserver-414d0b4f9f02710d","title":"6L of Gundugolanu (Design km 1023.280) to Kalaparru (Design km 1050.680) of NH-5 (New NH-16)","sector":"road","status":"commissioned","is_blocked":false,"block_reason":null,"cost_inr_crore":665.59,"progress_pct":95.73,"delay_months":null,"revised_completion_date":"2021-07-30","state":"Andhra Pradesh","geo_confidence":"site","unverified":false}},{"type":"Feature","geometry":{"type":"Point","coordinates":[76.226944,26.925833]},"properties":{"id":"nhai_geoserver-20236043ca75b900","title":"4L Greenfield spur from Delhi-Vadodara Greenfield expressway near Bandikui to Jaipur","sector":"road","status":"commissioned","is_blocked":false,"block_reason":null,"cost_inr_crore":1636.15,"progress_pct":100.0,"delay_months":null,"revised_completion_date":"2024-11-10","state":"Rajasthan","geo_confidence":"site","unverified":false}},{"type":"Feature","geometry":{"type":"Point","coordinates":[79.9464,12.9675]},"properties":{"id":"nhai_geoserver-3edb489db60d6d9b","title":"Operation and Maintenance of Maduravoyal to Sriperumbudur from Km 13.800 to km 37.000 section of NH-4","sector":"road","status":"commissioned","is_blocked":false,"block_reason":null,"cost_inr_crore":null,"progress_pct":null,"delay_months":null,"revised_completion_date":"2024-03-31","state":"Tamil Nadu","geo_confidence":"city","unverified":false}},{"type":"Feature","geometry":{"type":"Point","coordinates":[75.930045,17.768989]},"properties":{"id":"nhai_geoserver-dc06ef82a641ec9e","title":"Siddhantham - Gundugolanu from km. 950.542 to km. 1022.494 under TOT Bundle - 1","sector":"road","status":"commissioned","is_blocked":false,"block_reason":null,"cost_inr_crore":4.86,"progress_pct":null,"delay_months":null,"revised_completion_date":"2048-08-28","state":"Andhra Pradesh","geo_confidence":"site","unverified":false}},{"type":"Feature","geometry":{"type":"Point","coordinates":[83.25855,25.2449]},"properties":{"id":"nhai_geoserver-b627bca82305f722","title":"6L of Handia to Varanasi Section from Km 712.900 to Km 785.544","sector":"road","status":"commissioned","is_blocked":false,"block_reason":null,"cost_inr_crore":2787.54,"progress_pct":99.54,"delay_months":null,"revised_completion_date":"2020-06-02","state":"Uttar Pradesh","geo_confidence":"site","unverified":false}},{"type":"Feature","geometry":{"type":"Point","coordinates":[82.78875,26.7798]},"properties":{"id":"nhai_geoserver-da0f83a246904c8b","title":"4L from Km. 208.000 to Km. 251.700 of Ayodhya - Gorakhpur Section of NH-28[Contract Package- LMNHP-EW-II (WB)-6]","sector":"road","status":"commissioned","is_blocked":false,"block_reason":null,"cost_inr_crore":778.76,"progress_pct":null,"delay_months":null,"revised_completion_date":"2008-10-23","state":"Uttar Pradesh","geo_confidence":"city","unverified":false}},{"type":"Feature","geometry":{"type":"Point","coordinates":[91.7362,26.1445]},"properties":{"id":"nhai_geoserver-690d34fdcb31291d","title":"Guwahati Bypass (Jalukbari - Khanapara (Koinadhara)) from km. 146.172 to km.163.985 (EW - 07)","sector":"road","status":"commissioned","is_blocked":false,"block_reason":null,"cost_inr_crore":81.94,"progress_pct":null,"delay_months":null,"revised_completion_date":"2002-06-15","state":"Assam","geo_confidence":"city","unverified":false}},{"type":"Feature","geometry":{"type":"Point","coordinates":[75.7139,15.3173]},"properties":{"id":"nhai_geoserver-20171533d313a2e3","title":"4L of Byrapura to Challakere Section from km 308.550 to km 358.500 of NH-150 A","sector":"road","status":"commissioned","is_blocked":false,"block_reason":null,"cost_inr_crore":796.77,"progress_pct":100.0,"delay_months":null,"revised_completion_date":"2020-12-30","state":"Karnataka","geo_confidence":"state","unverified":false}},{"type":"Feature","geometry":{"type":"Point","coordinates":[75.806304,11.275738]},"properties":{"id":"nhai_geoserver-671680c827115984","title":"Kozhikode Bypass (Calicut Bypass) Vengalam Jn. to Ramanattukara Jn.","sector":"road","status":"under_construction","is_blocked":false,"block_reason":null,"cost_inr_crore":1424.77,"progress_pct":98.75,"delay_months":null,"revised_completion_date":"2023-02-21","state":"Kerala","geo_confidence":"site","unverified":false}},{"type":"Feature","geometry":{"type":"Point","coordinates":[75.3412,31.1471]},"properties":{"id":"nhai_geoserver-fed7ce9f06450408","title":"O&M of 4L PS of Harike-Bypass from existing Km. 158.350 to Km. 166.925 of NH- 54","sector":"road","status":"commissioned","is_blocked":false,"block_reason":null,"cost_inr_crore":5.87,"progress_pct":null,"delay_months":null,"revised_completion_date":"2018-03-23","state":"Punjab","geo_confidence":"state","unverified":false}},{"type":"Feature","geometry":{"type":"Point","coordinates":[76.99747,20.690475]},"properties":{"id":"nhai_geoserver-ae3b25933416dfbb","title":"Improvement of NH-53 passing through Jalgaon City to four lane along with construction of VUPs & PUP","sector":"road","status":"commissioned","is_blocked":false,"block_reason":null,"cost_inr_crore":76.76,"progress_pct":100.0,"delay_months":null,"revised_completion_date":"2021-03-07","state":"Maharashtra","geo_confidence":"site","unverified":false}},{"type":"Feature","geometry":{"type":"Point","coordinates":[78.207554,28.77008]},"properties":{"id":"nhai_geoserver-783395f6fa522ec3","title":"Ghaziabad - Aligarh","sector":"road","status":"commissioned","is_blocked":false,"block_reason":null,"cost_inr_crore":1025.6,"progress_pct":100.0,"delay_months":null,"revised_completion_date":"2022-03-04","state":"Uttar Pradesh","geo_confidence":"site","unverified":false}},{"type":"Feature","geometry":{"type":"Point","coordinates":[92.901982,26.038965]},"properties":{"id":"nhai_geoserver-dec739d74c29f6aa","title":"Bangalore Chennai Expressway (Phase-II Pkg-II) from km.96.000 to Km 127.000 (Baireddypalle to Bangarupalem section)","sector":"road","status":"under_construction","is_blocked":false,"block_reason":null,"cost_inr_crore":2548.04,"progress_pct":94.24,"delay_months":null,"revised_completion_date":"2025-06-07","state":"Andhra Pradesh","geo_confidence":"site","unverified":false}},{"type":"Feature","geometry":{"type":"Point","coordinates":[79.70203,28.998409]},"properties":{"id":"nhai_geoserver-58a0f1c4ae72dabf","title":"Ahmedabad - Dholera (Pkg III) from km. 48.52 to km. 71.06) [Vejallka Village - Start of DSIR zone]","sector":"road","status":"commissioned","is_blocked":false,"block_reason":null,"cost_inr_crore":1034.04,"progress_pct":100.0,"delay_months":null,"revised_completion_date":"2023-07-19","state":"Gujarat","geo_confidence":"site","unverified":false}},{"type":"Feature","geometry":{"type":"Point","coordinates":[85.964807,20.491244]},"properties":{"id":"nhai_geoserver-d32c6d57b374e8af","title":"6L of Bhubaneswar - Jagatpur - Chandikhole Section of NH-16","sector":"road","status":"commissioned","is_blocked":false,"block_reason":null,"cost_inr_crore":639.3,"progress_pct":100.0,"delay_months":null,"revised_completion_date":"2014-06-10","state":"Odisha","geo_confidence":"site","unverified":false}},{"type":"Feature","geometry":{"type":"Point","coordinates":[83.627386,21.400136]},"properties":{"id":"nhai_geoserver-3a5591c77f029566","title":"Strengthening under one time improvement of CG/OD Border - Baragarh - Sambalpur from km. 0.00 to km. 88.00","sector":"road","status":"commissioned","is_blocked":false,"block_reason":null,"cost_inr_crore":341.92,"progress_pct":100.0,"delay_months":null,"revised_completion_date":"2014-05-11","state":"Odisha","geo_confidence":"site","unverified":false}},{"type":"Feature","geometry":{"type":"Point","coordinates":[92.347306,25.249768]},"properties":{"id":"nhai_geoserver-cefe2a0c4d61011b","title":"Jowai-Meghalayal Assam Border Section of NH-44 from km 69.200 to km 173.200 in Meghalaya","sector":"road","status":"commissioned","is_blocked":false,"block_reason":null,"cost_inr_crore":850.47,"progress_pct":null,"delay_months":null,"revised_completion_date":"2018-05-16","state":"Meghalaya","geo_confidence":"site","unverified":false}},{"type":"Feature","geometry":{"type":"Point","coordinates":[77.681222,25.286319]},"properties":{"id":"nhai_geoserver-5f80c854334d5008","title":"Baran-Shivpuri-Jhansi","sector":"road","status":"commissioned","is_blocked":false,"block_reason":null,"cost_inr_crore":20.46,"progress_pct":null,"delay_months":null,"revised_completion_date":"2017-08-25","state":"Madhya Pradesh,Rajasthan,Uttar Pradesh","geo_confidence":"site","unverified":false}},{"type":"Feature","geometry":{"type":"Point","coordinates":[85.583014,21.650208]},"properties":{"id":"nhai_geoserver-c92b7d3b675701c5","title":"Singhara - Binjhabahal from km. 310.806 to km. 414.982","sector":"road","status":"commissioned","is_blocked":false,"block_reason":null,"cost_inr_crore":1684.68,"progress_pct":100.0,"delay_months":null,"revised_completion_date":"2021-03-26","state":"Odisha","geo_confidence":"site","unverified":false}},{"type":"Feature","geometry":{"type":"Point","coordinates":[79.74,15.9129]},"properties":{"id":"nhai_geoserver-c39eee4ba5d70627","title":"4L of Madanapalle to Pileru Section from Km 0.000 to Km 55.900 of NH-71(Package-I)","sector":"road","status":"under_construction","is_blocked":false,"block_reason":null,"cost_inr_crore":1877.47,"progress_pct":99.0,"delay_months":null,"revised_completion_date":"2025-01-12","state":"Andhra Pradesh","geo_confidence":"state","unverified":false}},{"type":"Feature","geometry":{"type":"Point","coordinates":[79.602472,28.68188]},"properties":{"id":"nhai_geoserver-76431c9c95a1c9d1","title":"4L of Bareilly-Pilibhit-Sitarganj from Km. 0.000 to Km. 32.500 of NH-30 (Pkg-1)","sector":"road","status":"under_construction","is_blocked":false,"block_reason":null,"cost_inr_crore":1394.14,"progress_pct":64.12,"delay_months":null,"revised_completion_date":"2026-03-13","state":"Uttar Pradesh","geo_confidence":"site","unverified":false}},{"type":"Feature","geometry":{"type":"Point","coordinates":[75.511827,23.068671]},"properties":{"id":"nhai_geoserver-137ee0c47476d788","title":"Four Laning of Khalghat-MP/MH Border from km 84.700 to km 167.500","sector":"road","status":"commissioned","is_blocked":false,"block_reason":null,"cost_inr_crore":1604.7,"progress_pct":null,"delay_months":null,"revised_completion_date":"2011-05-17","state":"Madhya Pradesh","geo_confidence":"site","unverified":false}},{"type":"Feature","geometry":{"type":"Point","coordinates":[72.655842,26.442984]},"properties":{"id":"nhai_geoserver-a3ffa2ba1101fa32","title":"Rasisar (near Bikaner)-Deogarh (near Dhandhaniya) (Phase-I) (AJ/RD-Package-6)","sector":"road","status":"commissioned","is_blocked":false,"block_reason":null,"cost_inr_crore":717.32,"progress_pct":96.36,"delay_months":null,"revised_completion_date":"2022-07-31","state":"Rajasthan","geo_confidence":"site","unverified":false}},{"type":"Feature","geometry":{"type":"Point","coordinates":[80.713664,26.332921]},"properties":{"id":"nhai_geoserver-a051789204d7b08e","title":"Unnao - Lalganj Section from km 0.000 to 70.000","sector":"road","status":"commissioned","is_blocked":false,"block_reason":null,"cost_inr_crore":1779.83,"progress_pct":99.7,"delay_months":null,"revised_completion_date":"2023-11-14","state":"Uttar Pradesh","geo_confidence":"site","unverified":false}},{"type":"Feature","geometry":{"type":"Point","coordinates":[77.7064,28.9845]},"properties":{"id":"nhai_geoserver-5541a41c113bd0e4","title":"Meerut - Muzaffarnagar - Addl. Works (Structures)","sector":"road","status":"commissioned","is_blocked":false,"block_reason":null,"cost_inr_crore":250.0,"progress_pct":100.0,"delay_months":null,"revised_completion_date":"2020-03-19","state":"Uttar Pradesh","geo_confidence":"city","unverified":false}},{"type":"Feature","geometry":{"type":"Point","coordinates":[75.3412,31.1471]},"properties":{"id":"nhai_geoserver-ba296155b8b7bd29","title":"Operation and Maintenance of 4L PS of Dogal Kalan to Punjab/Haryana border section from km 211.390 to km 238.695 of NH-71 (new NH-52)","sector":"road","status":"commissioned","is_blocked":false,"block_reason":null,"cost_inr_crore":null,"progress_pct":null,"delay_months":null,"revised_completion_date":"2016-12-25","state":"Punjab","geo_confidence":"state","unverified":false}},{"type":"Feature","geometry":{"type":"Point","coordinates":[85.28335,24.8681]},"properties":{"id":"nhai_geoserver-33f8e1b50d9f5e62","title":"Rehabilitation and Upgradation of  Chorma - Bairgania Section of National Highway No 227F to 2 lane with paved shoulders from Design Ch.0.000 to Ch. 34.566","sector":"road","status":"under_construction","is_blocked":false,"block_reason":null,"cost_inr_crore":610.78,"progress_pct":100.0,"delay_months":null,"revised_completion_date":"2026-01-31","state":"Bihar","geo_confidence":"site","unverified":false}},{"type":"Feature","geometry":{"type":"Point","coordinates":[80.9462,26.8467]},"properties":{"id":"nhai_geoserver-c68759843afa6d57","title":"Operation and Maintenance including Partial Strengthening of Ambedkar Nagar to Raebareli section of NH-128 Under PBMC mode","sector":"road","status":"commissioned","is_blocked":false,"block_reason":null,"cost_inr_crore":null,"progress_pct":null,"delay_months":null,"revised_completion_date":"2029-03-30","state":"Uttar Pradesh","geo_confidence":"state","unverified":false}},{"type":"Feature","geometry":{"type":"Point","coordinates":[78.908456,29.193237]},"properties":{"id":"nhai_geoserver-6082b40b4a1a6e5f","title":"Construction of 4L Connector from Delhi Meerut Expressway (Km 50.000 of Pkg IV) to Km 8.520 of NH-235 (Pkg-5)","sector":"road","status":"under_construction","is_blocked":false,"block_reason":null,"cost_inr_crore":1081.39,"progress_pct":85.14,"delay_months":null,"revised_completion_date":"2024-03-29","state":"Uttar Pradesh","geo_confidence":"site","unverified":false}},{"type":"Feature","geometry":{"type":"Point","coordinates":[84.659804,24.624959]},"properties":{"id":"nhai_geoserver-2667f68ea89fe27c","title":"6L of Aurangabad to Bihar-Jharkhand border (Chordaha) section from km. 180.000 to km. 209.827 of NH-2 (PKG-01)","sector":"road","status":"under_construction","is_blocked":false,"block_reason":null,"cost_inr_crore":1054.46,"progress_pct":37.93,"delay_months":null,"revised_completion_date":"2026-12-17","state":"Bihar","geo_confidence":"site","unverified":false}},{"type":"Feature","geometry":{"type":"Point","coordinates":[78.1828,26.2183]},"properties":{"id":"nhai_geoserver-4b57592dd12dc697","title":"Balance work of 4L of Gwalior - Shivpuri Section from Km. 100.757 to Km 107.350  through Madhav National Park of NH-03","sector":"road","status":"commissioned","is_blocked":false,"block_reason":null,"cost_inr_crore":178.51,"progress_pct":100.0,"delay_months":null,"revised_completion_date":"2023-05-31","state":"Madhya Pradesh","geo_confidence":"city","unverified":false}},{"type":"Feature","geometry":{"type":"Point","coordinates":[78.6569,22.9734]},"properties":{"id":"nhai_geoserver-68d349755bbd24e6","title":"4L Boregaon Buzurg to Shahpur (Pkg I of Boregaon Buzurg to Muktainagar) of NH 753L","sector":"road","status":"under_construction","is_blocked":false,"block_reason":null,"cost_inr_crore":1504.37,"progress_pct":92.5,"delay_months":null,"revised_completion_date":"2026-01-31","state":"Madhya Pradesh","geo_confidence":"state","unverified":false}},{"type":"Feature","geometry":{"type":"Point","coordinates":[82.504469,19.212563]},"properties":{"id":"nhai_geoserver-137355d8249f31ce","title":"6L of Karki – Kaliagura Section from Km 226.500 to km 249.000 of NH-130-CD (Package – OD-4)","sector":"road","status":"commissioned","is_blocked":false,"block_reason":null,"cost_inr_crore":498.51,"progress_pct":100.0,"delay_months":null,"revised_completion_date":"2024-03-23","state":"Odisha","geo_confidence":"site","unverified":false}},{"type":"Feature","geometry":{"type":"Point","coordinates":[80.2707,13.0827]},"properties":{"id":"nhai_geoserver-ea9748845ce84046","title":"Construction of New Double Tier 4L Elevated Corridor from Chennai Port to Maduravoyal in Chennai District from km -0.342 to Km 20.593 and Package III from (Km 9.700 to Km 14.185)","sector":"road","status":"under_construction","is_blocked":false,"block_reason":null,"cost_inr_crore":1299.36,"progress_pct":17.24,"delay_months":null,"revised_completion_date":"2026-05-20","state":"Tamil Nadu","geo_confidence":"city","unverified":false}},{"type":"Feature","geometry":{"type":"Point","coordinates":[81.485217,20.508965]},"properties":{"id":"nhai_geoserver-96b52120e159ef27","title":"2L PS of Dhamtari - Kanker (Package - 1) from Km 81.500 to Km 130.00 of Old NH-43","sector":"road","status":"commissioned","is_blocked":false,"block_reason":null,"cost_inr_crore":213.0,"progress_pct":null,"delay_months":null,"revised_completion_date":"2016-09-23","state":"Chhattisgarh","geo_confidence":"site","unverified":false}},{"type":"Feature","geometry":{"type":"Point","coordinates":[74.760482,26.218504]},"properties":{"id":"nhai_geoserver-96cd51b4820f164e","title":"Kishangarh (km 0.000) to Gulabpura (km 90.000) of NH-79A and NH-79 in Rajasthan","sector":"road","status":"commissioned","is_blocked":false,"block_reason":null,"cost_inr_crore":244.88,"progress_pct":99.24,"delay_months":null,"revised_completion_date":"2020-08-18","state":"Rajasthan","geo_confidence":"site","unverified":false}},{"type":"Feature","geometry":{"type":"Point","coordinates":[81.57525,26.82285]},"properties":{"id":"nhai_geoserver-9d47bb6d7bc5aff4","title":"Operation & Maintenance of Lucknow-Ayodhya Section from Km. 8+000 to Km. 137+970 Stretch of NH-27 (Old NH-28)","sector":"road","status":"commissioned","is_blocked":false,"block_reason":null,"cost_inr_crore":null,"progress_pct":null,"delay_months":null,"revised_completion_date":"2024-02-14","state":"Uttar Pradesh","geo_confidence":"city","unverified":false}},{"type":"Feature","geometry":{"type":"Point","coordinates":[77.079111,8.354347]},"properties":{"id":"nhai_geoserver-b827fdd99d068c15","title":"Mukkola Junction to Kerala/ Tamil Nadu Border from Km 26.5 to Km 43.00 of NH 66 ( old NH 47)","sector":"road","status":"commissioned","is_blocked":false,"block_reason":null,"cost_inr_crore":1147.79,"progress_pct":100.0,"delay_months":null,"revised_completion_date":"2018-06-14","state":"Kerala","geo_confidence":"site","unverified":false}},{"type":"Feature","geometry":{"type":"Point","coordinates":[74.2179,27.0238]},"properties":{"id":"nhai_geoserver-5cb5cc410cb5ebf0","title":"Deogarh (near Dhandhaniya)-Rajasthan/Gujarat Border (Phase-I) (AJ/DRGB-Package-2)","sector":"road","status":"commissioned","is_blocked":false,"block_reason":null,"cost_inr_crore":814.04,"progress_pct":100.0,"delay_months":null,"revised_completion_date":"2022-02-11","state":"Rajasthan","geo_confidence":"state","unverified":false}},{"type":"Feature","geometry":{"type":"Point","coordinates":[75.3433,19.8762]},"properties":{"id":"nhai_geoserver-666a091bdf34be84","title":"Yedshi (Km.100.000) to Aurangabad (Km.290.200)","sector":"road","status":"commissioned","is_blocked":false,"block_reason":null,"cost_inr_crore":2788.42,"progress_pct":100.0,"delay_months":null,"revised_completion_date":"2017-12-26","state":"Maharashtra","geo_confidence":"city","unverified":false}},{"type":"Feature","geometry":{"type":"Point","coordinates":[85.3131,25.0961]},"properties":{"id":"nhai_geoserver-c02e15dbf073ec1a","title":"Balance Work of Piprakothi-Motihari-Raxaul on NH-28A","sector":"road","status":"commissioned","is_blocked":false,"block_reason":null,"cost_inr_crore":null,"progress_pct":null,"delay_months":null,"revised_completion_date":null,"state":"Bihar","geo_confidence":"state","unverified":false}},{"type":"Feature","geometry":{"type":"Point","coordinates":[87.855,22.9868]},"properties":{"id":"nhai_geoserver-071217c1fbdd77db","title":"6L Elevated Kona Expressway from Km. 0.145 to Km. 7.337 of NH-117","sector":"road","status":"under_construction","is_blocked":false,"block_reason":null,"cost_inr_crore":1212.56,"progress_pct":39.99,"delay_months":null,"revised_completion_date":"2026-12-03","state":"West Bengal","geo_confidence":"state","unverified":false}},{"type":"Feature","geometry":{"type":"Point","coordinates":[75.7139,15.3173]},"properties":{"id":"nhai_geoserver-c4aa4134fb7bf9f5","title":"Tumkur-Shimoga (Pkg-III) from Km 121.900 (Banawara) to Km 170.415 (Bettadahalli) of Old NH-206","sector":"road","status":"under_construction","is_blocked":false,"block_reason":null,"cost_inr_crore":1444.5,"progress_pct":98.0,"delay_months":null,"revised_completion_date":"2023-03-14","state":"Karnataka","geo_confidence":"state","unverified":false}},{"type":"Feature","geometry":{"type":"Point","coordinates":[79.007794,13.192701]},"properties":{"id":"nhai_geoserver-7468947ab7df6ff9","title":"6-laning of Krishnagiri (Km.0.000) to Walajahpet (Km.148.300) section on NH-46 under NHDP-V","sector":"road","status":"under_construction","is_blocked":false,"block_reason":null,"cost_inr_crore":1673.17,"progress_pct":99.99,"delay_months":null,"revised_completion_date":"2013-12-04","state":"Tamil Nadu","geo_confidence":"site","unverified":false}},{"type":"Feature","geometry":{"type":"Point","coordinates":[79.498905,10.770941]},"properties":{"id":"nhai_geoserver-1c9489c381aad7b4","title":"2L PS of Nagapattinam - Thanjavur from Km 1.600 to Km 16.690 & Km. 29.850 to Km. 80.133 of Old NH-67 (New NH-83)","sector":"road","status":"commissioned","is_blocked":false,"block_reason":null,"cost_inr_crore":554.98,"progress_pct":100.0,"delay_months":null,"revised_completion_date":"2023-05-04","state":"Tamil Nadu","geo_confidence":"site","unverified":false}},{"type":"Feature","geometry":{"type":"Point","coordinates":[81.879947,19.264245]},"properties":{"id":"nhai_geoserver-eef3e5ea7a8f03f5","title":"2L PS of Dahikhonga - Jagdalpur (Package - 4) Km 241.000 to Km 298.00 of Old NH-43","sector":"road","status":"commissioned","is_blocked":false,"block_reason":null,"cost_inr_crore":262.54,"progress_pct":null,"delay_months":null,"revised_completion_date":"2017-03-22","state":"Chhattisgarh","geo_confidence":"site","unverified":false}},{"type":"Feature","geometry":{"type":"Point","coordinates":[80.9462,26.8467]},"properties":{"id":"nhai_geoserver-c13e1d483b42d1f1","title":"6L access control Greenfield highway of Vill-Khyawari to Vill-Latifpur at Saharanpur Bypass  from Km. 82.000 to Km. 119.790 (Pkg-4)","sector":"road","status":"under_construction","is_blocked":false,"block_reason":null,"cost_inr_crore":1428.19,"progress_pct":99.24,"delay_months":null,"revised_completion_date":"2024-09-02","state":"Uttar Pradesh","geo_confidence":"state","unverified":false}},{"type":"Feature","geometry":{"type":"Point","coordinates":[75.930045,17.768989]},"properties":{"id":"nhai_geoserver-ff999d67a62189d2","title":"4L Bangalore-Chennai Expressway from Km. 230.000 to Km. 261.705 of Kanchepuram to Sriperumbudur Section (Phase-III/Package-IV)","sector":"road","status":"under_construction","is_blocked":false,"block_reason":null,"cost_inr_crore":3605.73,"progress_pct":89.97,"delay_months":null,"revised_completion_date":"2024-07-09","state":"Tamil Nadu","geo_confidence":"site","unverified":false}},{"type":"Feature","geometry":{"type":"Point","coordinates":[80.557005,16.473084]},"properties":{"id":"nhai_geoserver-d2d1e75b5e42d00f","title":"Six Laning of Vijayawada Bypass from Gollapudi to Chinnakakani in Vijayawada - Gundugolanu Section from km. 30.00 to km. 47.881 (Pkg-IV)","sector":"road","status":"commissioned","is_blocked":false,"block_reason":null,"cost_inr_crore":1194.57,"progress_pct":100.0,"delay_months":null,"revised_completion_date":"2024-01-04","state":"Andhra Pradesh","geo_confidence":"site","unverified":false}},{"type":"Feature","geometry":{"type":"Point","coordinates":[87.855,22.9868]},"properties":{"id":"nhai_geoserver-61d9c270f87c00f4","title":"4L of Raniganj to Panagarh (km. 474.000 to km. 515.236) and strengthening of existing two lane pavement from km. 474.000 to km. 515.236 section of NH 19","sector":"road","status":"commissioned","is_blocked":false,"block_reason":null,"cost_inr_crore":286.59,"progress_pct":null,"delay_months":null,"revised_completion_date":null,"state":"West Bengal","geo_confidence":"state","unverified":false}},{"type":"Feature","geometry":{"type":"Point","coordinates":[74.857,32.7266]},"properties":{"id":"nhai_geoserver-4510066f0354fea5","title":"4L of km. 110.450 to km. 117.750 and km. 4.00 to km. 16.350 of Pathankot - Jammu Section of Old NH- 1A (Contract Package No. NS-36 (PB)","sector":"road","status":"commissioned","is_blocked":false,"block_reason":null,"cost_inr_crore":341.12,"progress_pct":null,"delay_months":null,"revised_completion_date":"2008-05-21","state":"Punjab","geo_confidence":"city","unverified":false}},{"type":"Feature","geometry":{"type":"Point","coordinates":[82.2043,26.799]},"properties":{"id":"nhai_geoserver-9aaf5f6ce867d510","title":"Strengthening of existing 4L Ayodhya Bypass Section from design Km. 121+ 600 to Km. 144+020 of NH 28 (New NH 27)(Pkg-3)","sector":"road","status":"commissioned","is_blocked":false,"block_reason":null,"cost_inr_crore":526.45,"progress_pct":100.0,"delay_months":null,"revised_completion_date":"2025-03-08","state":"Uttar Pradesh","geo_confidence":"city","unverified":false}},{"type":"Feature","geometry":{"type":"Point","coordinates":[91.67246,26.17396]},"properties":{"id":"nhai_geoserver-47b6bb025230787d","title":"4L of New Brahmaputra Bridge near Guwahati Contract Package No. EW-II (AS-28) from km. 1121.00 to km. 1126.00","sector":"road","status":"commissioned","is_blocked":false,"block_reason":null,"cost_inr_crore":600.2,"progress_pct":99.96,"delay_months":null,"revised_completion_date":"2017-04-30","state":"Assam","geo_confidence":"site","unverified":false}},{"type":"Feature","geometry":{"type":"Point","coordinates":[81.467902,16.901871]},"properties":{"id":"nhai_geoserver-2f9b0b7531be125f","title":"4L of Gundugolanu Devarapalli Kovvuru from km 15.320 to Km 85.204 of NH-16","sector":"road","status":"commissioned","is_blocked":false,"block_reason":null,"cost_inr_crore":2092.37,"progress_pct":100.0,"delay_months":null,"revised_completion_date":"2022-08-01","state":"Andhra Pradesh","geo_confidence":"site","unverified":false}},{"type":"Feature","geometry":{"type":"Point","coordinates":[77.5385,8.0883]},"properties":{"id":"nhai_geoserver-66838da3d5800179","title":"4L of left-over works including additional structures from Kerala/Tamil Nadu border to Kanyakumari Section from Km 43.0 to Km 96.174 of NH66","sector":"road","status":"under_construction","is_blocked":false,"block_reason":null,"cost_inr_crore":1564.23,"progress_pct":81.85,"delay_months":null,"revised_completion_date":"2025-08-01","state":"Tamil Nadu","geo_confidence":"city","unverified":false}},{"type":"Feature","geometry":{"type":"Point","coordinates":[75.3412,31.1471]},"properties":{"id":"nhai_geoserver-528a483603cf3c1e","title":"4L PS of Tapa to Bathinda section from  Km. 168.00 to 209.500 of NH No. 07","sector":"road","status":"commissioned","is_blocked":false,"block_reason":null,"cost_inr_crore":616.36,"progress_pct":null,"delay_months":null,"revised_completion_date":"2017-07-27","state":"Punjab","geo_confidence":"state","unverified":false}},{"type":"Feature","geometry":{"type":"Point","coordinates":[80.9462,26.8467]},"properties":{"id":"nhai_geoserver-3de7d82f2b4ae4f0","title":"6L access control Greenfield highway of Vill-Karaunda Mahajan to Vill-Khyawari from Km. 56.500  to Km. 82.000 (Pkg-3)","sector":"road","status":"commissioned","is_blocked":false,"block_reason":null,"cost_inr_crore":1159.96,"progress_pct":98.95,"delay_months":null,"revised_completion_date":"2024-09-02","state":"Uttar Pradesh","geo_confidence":"state","unverified":false}},{"type":"Feature","geometry":{"type":"Point","coordinates":[85.03452,19.12822]},"properties":{"id":"nhai_geoserver-da3a20c2a672c7a4","title":"Development of 6L UER II [Package - II] (Karala Kanjhawala Road till Nangloi - Najafgarh Road) from km. 15.00 to km.28.45","sector":"road","status":"commissioned","is_blocked":false,"block_reason":null,"cost_inr_crore":1833.34,"progress_pct":98.95,"delay_months":null,"revised_completion_date":"2023-10-27","state":"Delhi","geo_confidence":"site","unverified":false}},{"type":"Feature","geometry":{"type":"Point","coordinates":[80.3319,26.4499]},"properties":{"id":"nhai_geoserver-ae416790636cf08d","title":"Construction of Ring Road around Kanpur from Ch.68.650 to Ch.93.209 (Jarkala to Pakari) (Package-IV) in State of Uttar Pradesh.","sector":"road","status":"under_construction","is_blocked":false,"block_reason":null,"cost_inr_crore":1603.53,"progress_pct":39.2,"delay_months":null,"revised_completion_date":"2027-06-29","state":"Uttar Pradesh","geo_confidence":"city","unverified":false}},{"type":"Feature","geometry":{"type":"Point","coordinates":[92.9376,26.2006]},"properties":{"id":"nhai_geoserver-abc23222405a3734","title":"Strengthening and Major Maintenance of “4L PS Divided Carriageway Road from Km. 205.00 to Km. 278.685 of NH-37 in the state of Assam” on PBMC Mode","sector":"road","status":"awarded","is_blocked":false,"block_reason":null,"cost_inr_crore":null,"progress_pct":null,"delay_months":null,"revised_completion_date":null,"state":"Assam","geo_confidence":"state","unverified":false}},{"type":"Feature","geometry":{"type":"Point","coordinates":[80.9462,26.8467]},"properties":{"id":"nhai_geoserver-c42185c041956c86","title":"Shamli Byapss- Saharanpur from km 92.2 to km 155.025","sector":"road","status":"commissioned","is_blocked":false,"block_reason":null,"cost_inr_crore":779.17,"progress_pct":98.28,"delay_months":null,"revised_completion_date":"2021-09-28","state":"Uttar Pradesh","geo_confidence":"state","unverified":false}},{"type":"Feature","geometry":{"type":"Point","coordinates":[79.255343,13.226965]},"properties":{"id":"nhai_geoserver-2ed5ccfb1e8ad3c4","title":"6L of Varadharajula to Kumarajapet from km 0.000 to km 43.800 of NH-716B (Pkg-I)","sector":"road","status":"commissioned","is_blocked":false,"block_reason":null,"cost_inr_crore":1924.75,"progress_pct":99.19,"delay_months":null,"revised_completion_date":"2024-12-05","state":"Andhra Pradesh","geo_confidence":"site","unverified":false}},{"type":"Feature","geometry":{"type":"Point","coordinates":[77.107355,28.23397]},"properties":{"id":"nhai_geoserver-7a239b80449ae267","title":"Delhi-Vadodara Greenfield Alignment (NH-148N) (Pkg-01) (Ch. 0+000 to Ch. 18+461) [Sohna-Gurugram Road (NH-248A) near Alipur Village and ending before KMP Expressway]","sector":"road","status":"commissioned","is_blocked":false,"block_reason":null,"cost_inr_crore":1879.12,"progress_pct":99.85,"delay_months":null,"revised_completion_date":"2021-09-11","state":"Haryana","geo_confidence":"site","unverified":false}},{"type":"Feature","geometry":{"type":"Point","coordinates":[77.21579,28.895149]},"properties":{"id":"nhai_geoserver-cd948c9415b58553","title":"Delhi-Vadodara Greenfield Alignment (NH-148N) (Pkg-02) (Ch. 18+500 to Ch. 47+000) [Expressway starting before KMP Expressway and ending at Ch. 47+000 near Khanpur Ghati]","sector":"road","status":"commissioned","is_blocked":false,"block_reason":null,"cost_inr_crore":1902.43,"progress_pct":99.95,"delay_months":null,"revised_completion_date":"2021-09-11","state":"Haryana","geo_confidence":"site","unverified":false}},{"type":"Feature","geometry":{"type":"Point","coordinates":[77.020606,27.792007]},"properties":{"id":"nhai_geoserver-877fa9d321bd6fa8","title":"Delhi-Vadodara Greenfield Alignment (NH-148N) (Pkg-03) (Ch. 47+000 to Ch. 78+800) [starting near Khanpur Ghati and ending at HR/RJ Border]","sector":"road","status":"commissioned","is_blocked":false,"block_reason":null,"cost_inr_crore":1880.59,"progress_pct":99.9,"delay_months":null,"revised_completion_date":"2021-09-03","state":"Haryana","geo_confidence":"site","unverified":false}},{"type":"Feature","geometry":{"type":"Point","coordinates":[76.72315,27.227079]},"properties":{"id":"nhai_geoserver-e6c2f0b2af59b19a","title":"Delhi-Vadodara Greenfield Alignment (NH-148N) (Pkg-05) (Ch.115+700 to Ch. 151+840) [Jn. at SH-44 to Jn. Keshopura road]","sector":"road","status":"commissioned","is_blocked":false,"block_reason":null,"cost_inr_crore":1606.04,"progress_pct":100.0,"delay_months":null,"revised_completion_date":"2021-12-08","state":"Rajasthan","geo_confidence":"site","unverified":false}},{"type":"Feature","geometry":{"type":"Point","coordinates":[76.536389,26.992083]},"properties":{"id":"nhai_geoserver-ff5815e5b33ea213","title":"Delhi-Vadodara Greenfield Alignment (NH-148N) (Pkg-06) (Ch.151+840 to Ch. 183+000) (Keshopura Road - Junction with NH-11)","sector":"road","status":"commissioned","is_blocked":false,"block_reason":null,"cost_inr_crore":1480.67,"progress_pct":100.0,"delay_months":null,"revised_completion_date":"2022-07-04","state":"Rajasthan","geo_confidence":"site","unverified":false}},{"type":"Feature","geometry":{"type":"Point","coordinates":[76.275278,26.501667]},"properties":{"id":"nhai_geoserver-c81c0e00cb9b50eb","title":"Delhi-Vadodara Greenfield Alignment (NH-148N) (Pkg-08) (Ch. 214.260 - Ch. 247.31) [Start of RoB near junction with NH-11A to Junction with MDR-1 (Baonli-Jhalai road)]","sector":"road","status":"commissioned","is_blocked":false,"block_reason":null,"cost_inr_crore":1297.25,"progress_pct":100.0,"delay_months":null,"revised_completion_date":"2022-11-06","state":"Rajasthan","geo_confidence":"site","unverified":false}},{"type":"Feature","geometry":{"type":"Point","coordinates":[76.247222,26.1575]},"properties":{"id":"nhai_geoserver-d66e6cd85637cb63","title":"Delhi-Vadodara Greenfield Alignment (NH-148N) (Pkg-09) (Ch. 247.310 to Ch. 292.950) [Junction with MDR-1 (Baonli-Jhalai road) to End of Interchange on NH-166 near village Mui]","sector":"road","status":"commissioned","is_blocked":false,"block_reason":null,"cost_inr_crore":1658.06,"progress_pct":99.9,"delay_months":null,"revised_completion_date":"2022-12-17","state":"Rajasthan","geo_confidence":"site","unverified":false}},{"type":"Feature","geometry":{"type":"Point","coordinates":[76.30684,21.862202]},"properties":{"id":"nhai_geoserver-ae85703b4eb3e0c7","title":"Delhi-Vadodara Greenfield Alignment (NH-148N) (Pkg-19) (Ch. 517+420 to Ch.546+920) [Bani village to Bardawadi village of Mandsaur district]","sector":"road","status":"commissioned","is_blocked":false,"block_reason":null,"cost_inr_crore":1309.09,"progress_pct":99.76,"delay_months":null,"revised_completion_date":"2022-11-06","state":"Madhya Pradesh","geo_confidence":"site","unverified":false}},{"type":"Feature","geometry":{"type":"Point","coordinates":[75.463925,24.293711]},"properties":{"id":"nhai_geoserver-c7f0cf4cebb11f3c","title":"Delhi-Vadodara Greenfield Alignment (NH-148N) (Pkg-22) (Ch. 602+420 to Ch. 627+420) [Kandarwasa village to Bawadi village (Near Shivgarh) of Ratlam district]","sector":"road","status":"commissioned","is_blocked":false,"block_reason":null,"cost_inr_crore":1467.94,"progress_pct":99.4,"delay_months":null,"revised_completion_date":"2022-11-19","state":"Madhya Pradesh","geo_confidence":"site","unverified":false}},{"type":"Feature","geometry":{"type":"Point","coordinates":[75.1951,25.46055]},"properties":{"id":"nhai_geoserver-32a68a2fcb88942f","title":"Repair/Strengthening of existing road from Thandla Interchange (MP-07) to NH-47 at Phoolmaal Chauraha (Jhabua) on Nh- 47 for connectivity of Delhi-Vadodara Expressway Madhya Pradesh section with NH- 47 ( Indore- Ahemdabad road )  under Change of Scope order pkg- 25","sector":"road","status":"tendered","is_blocked":false,"block_reason":null,"cost_inr_crore":null,"progress_pct":null,"delay_months":null,"revised_completion_date":null,"state":"Madhya Pradesh","geo_confidence":"city","unverified":false}},{"type":"Feature","geometry":{"type":"Point","coordinates":[78.93265,13.02715]},"properties":{"id":"nhai_geoserver-fd5a931ee7a3708d","title":"Construction of Trumpet Interchange Connecting Bangalore – Chennai Expressway (km.261+705 to km. 262+800) with Maduravoyal to Walajapet Section of NH 48 near Sriperumbudur Toll Plaza at km. 35+700","sector":"road","status":"under_construction","is_blocked":false,"block_reason":null,"cost_inr_crore":162.55,"progress_pct":38.52,"delay_months":null,"revised_completion_date":"2025-08-23","state":"Tamil Nadu","geo_confidence":"city","unverified":false}},{"type":"Feature","geometry":{"type":"Point","coordinates":[76.442235,17.841485]},"properties":{"id":"nhai_geoserver-e801fdd28f152d6c","title":"Delhi-Amritsar-Katra Expressway (Phase-I Pkg-I) from Jussur Kheri on NH-KMP Expressway to Junction with Rohtak-Panipat road (NH-709) near Rukhi Paani village (Km 0+000 to Km 34+000)","sector":"road","status":"commissioned","is_blocked":false,"block_reason":null,"cost_inr_crore":1866.49,"progress_pct":99.91,"delay_months":null,"revised_completion_date":"2023-12-26","state":"Haryana","geo_confidence":"site","unverified":false}},{"type":"Feature","geometry":{"type":"Point","coordinates":[76.402458,17.450799]},"properties":{"id":"nhai_geoserver-33aaf1adcaed9f65","title":"Delhi-Amritsar-Katra Expressway (Phase-I Pkg-II) from Junction with Rohtak-Panipat road (NH-709) near Rukhi Paani village to Junction with Jind-Panipat road (NH-352A) near Gangana village (Km 34+000 to Km 60+800)","sector":"road","status":"under_construction","is_blocked":false,"block_reason":null,"cost_inr_crore":1533.87,"progress_pct":99.89,"delay_months":null,"revised_completion_date":"2024-01-13","state":"Haryana","geo_confidence":"site","unverified":false}},{"type":"Feature","geometry":{"type":"Point","coordinates":[85.202953,23.330197]},"properties":{"id":"nhai_geoserver-bfacd6404a6d6f21","title":"Delhi-Amritsar-Katra Expressway (Phase-I Pkg-III) from Junction with Jind-Panipat road (NH-352A) near Gangana village to Junction with Jind-Karnal road (NH-709A) near Alewa village (Km 60+800 to Km 91+400)","sector":"road","status":"commissioned","is_blocked":false,"block_reason":null,"cost_inr_crore":1606.27,"progress_pct":99.9,"delay_months":null,"revised_completion_date":"2023-12-23","state":"Haryana","geo_confidence":"site","unverified":false}},{"type":"Feature","geometry":{"type":"Point","coordinates":[73.933959,19.882729]},"properties":{"id":"nhai_geoserver-d380448dac5cca29","title":"Delhi-Amritsar-Katra Expressway (Phase-I Pkg-IV) from Junction with Jind-Karnal road (NH-709A) near Alewa village to Junction with Ambala-Kaithal-Hissar road (NH-152) near Kharak Pandwa village (Km 91+400 to Km 120+250)","sector":"road","status":"commissioned","is_blocked":false,"block_reason":null,"cost_inr_crore":1306.95,"progress_pct":99.97,"delay_months":null,"revised_completion_date":"2023-12-13","state":"Haryana","geo_confidence":"site","unverified":false}},{"type":"Feature","geometry":{"type":"Point","coordinates":[73.651116,20.119844]},"properties":{"id":"nhai_geoserver-476779eace02edc9","title":"Delhi-Amritsar-Katra Expressway (Phase-I Pkg-V) from Junction with Ambala-Kaithal-Hissar road (NH-152) near Kharak Pandwa village to Junction with Patiala-Samana-Patran road (SH-10) near Ghagga village (Km 120+250 to Km 157+920)","sector":"road","status":"under_construction","is_blocked":false,"block_reason":null,"cost_inr_crore":1741.86,"progress_pct":98.7,"delay_months":null,"revised_completion_date":"2024-05-22","state":"Haryana","geo_confidence":"site","unverified":false}},{"type":"Feature","geometry":{"type":"Point","coordinates":[78.403676,23.471233]},"properties":{"id":"nhai_geoserver-1728e92ef80f1bb1","title":"Delhi-Amritsar-Katra Expressway (Phase-I Pkg-VII) from Junction with Patiala-Bathinda road (NH-7) near Bhawanigarh to Junction with Ludhiana-Malerhkotla (SH-11) near Bhogiwal village (Km 188+830 to km 225+770)","sector":"road","status":"commissioned","is_blocked":false,"block_reason":null,"cost_inr_crore":1759.82,"progress_pct":95.8,"delay_months":null,"revised_completion_date":"2024-07-09","state":"Punjab","geo_confidence":"site","unverified":false}},{"type":"Feature","geometry":{"type":"Point","coordinates":[78.823568,10.934683]},"properties":{"id":"nhai_geoserver-ea26955f37c222d4","title":"Delhi-Amritsar-Katra Expressway (Phase-I Pkg-VIII) from Junction with Ludhiana-Malerkotla (SH-11) near Bhogiwal village to Junction with Ludhiana-Moga road (NH-5) near Mullanpur Dakha (Km 225+770 to km 260+860)","sector":"road","status":"unknown","is_blocked":false,"block_reason":null,"cost_inr_crore":1895.74,"progress_pct":31.08,"delay_months":null,"revised_completion_date":"2025-03-13","state":"Punjab","geo_confidence":"site","unverified":false}},{"type":"Feature","geometry":{"type":"Point","coordinates":[76.191043,22.545295]},"properties":{"id":"nhai_geoserver-7f0933740484ffb0","title":"Delhi-Amritsar-Katra Expressway (Phase-I Pkg-IX) from Junction with Ludhiana-Moga road (NH-5) near Mullanpur Dakha to Junction with Jalandhar - Moga road (NH-703) near Kang Sahibu village (Km 260+860 to km 303+900)","sector":"road","status":"under_construction","is_blocked":false,"block_reason":null,"cost_inr_crore":1851.47,"progress_pct":73.35,"delay_months":null,"revised_completion_date":"2024-07-16","state":"Punjab","geo_confidence":"site","unverified":false}},{"type":"Feature","geometry":{"type":"Point","coordinates":[76.04065,30.12395]},"properties":{"id":"nhai_geoserver-7f22c7b5b1503dba","title":"Delhi-Amritsar-Katra Expressway (Phase-I Pkg-XI) from Junction with Jalandhar - Kapurthala road (NH-703A) near khojewal village to Junction with Amritsar-Mehta-SriHargobindpur-Tanda road (NH-503A) near SriHargobindpur (Km 319+400 to km 362+420)","sector":"road","status":"unknown","is_blocked":false,"block_reason":null,"cost_inr_crore":2175.35,"progress_pct":43.45,"delay_months":null,"revised_completion_date":"2024-11-14","state":"Punjab","geo_confidence":"city","unverified":false}},{"type":"Feature","geometry":{"type":"Point","coordinates":[85.055725,23.954121]},"properties":{"id":"nhai_geoserver-40049f4622d78152","title":"Delhi-Amritsar-Katra Expressway (Phase-I Pkg-XII) from Junction with Amritsar-Mehta-SriHargobindpur-Tanda road (NH-503A) near SriHargobindpur to Junction with Pathankot-Gurdaspur road (NH-54) near Gurdaspur (Km 362+420 to km 397+700)","sector":"road","status":"under_construction","is_blocked":false,"block_reason":null,"cost_inr_crore":1734.18,"progress_pct":27.6,"delay_months":null,"revised_completion_date":"2027-02-20","state":"Punjab","geo_confidence":"site","unverified":false}},{"type":"Feature","geometry":{"type":"Point","coordinates":[84.876964,24.130972]},"properties":{"id":"nhai_geoserver-38a621000e5e70b4","title":"Delhi-Amritsar-Katra Expressway (Phase-I Spur-I) from Jn. with Kapurthala - Sultanpur Lodhi Road (NH-703A) near Isharwal village to Jn. with Kapurthala - Tarn Taran road (NH-703AA) near Goinwal Sahib [Km 24+000 to Km 41+000 of Amritsar connectivity]","sector":"road","status":"under_construction","is_blocked":false,"block_reason":null,"cost_inr_crore":2165.23,"progress_pct":34.79,"delay_months":null,"revised_completion_date":"2026-04-16","state":"Punjab","geo_confidence":"site","unverified":false}},{"type":"Feature","geometry":{"type":"Point","coordinates":[84.668008,24.315504]},"properties":{"id":"nhai_geoserver-adc3cc5494b11ac7","title":"Delhi-Amritsar-Katra Expressway (Phase-I Spur-II) from Junction with Kapurthala- TarnTaran road(NH703AA) near Goinwal Sahib to Junction with AmritsarJalandhar road (NH-3) near Bhishambarpura [Km 41+000 to Km 71+000 of Amritsar connectivity]","sector":"road","status":"cancelled","is_blocked":true,"block_reason":"other","cost_inr_crore":1858.67,"progress_pct":0.0,"delay_months":null,"revised_completion_date":null,"state":"Punjab","geo_confidence":"site","unverified":false}},{"type":"Feature","geometry":{"type":"Point","coordinates":[85.530867,23.658585]},"properties":{"id":"nhai_geoserver-821ab83e5f95eb3f","title":"Delhi-Amritsar-Katra Expressway (Phase-I Spur-III) from Junction with Amritsar-Jalandhar road (NH-3) near Bhishambarpura to Junction with Amritsar-Anjala road (NH-354) near Amritsar Airport [Km 71+000 to Km 99+000 of Amritsar connectivity]","sector":"road","status":"under_construction","is_blocked":false,"block_reason":null,"cost_inr_crore":1641.75,"progress_pct":33.85,"delay_months":null,"revised_completion_date":"2024-10-26","state":"Punjab","geo_confidence":"site","unverified":false}},{"type":"Feature","geometry":{"type":"Point","coordinates":[76.04065,30.12395]},"properties":{"id":"nhai_geoserver-f54455fbeb4fa6b2","title":"Delhi-Amritsar-Katra Expressway (Phase-II Pkg-XIV) from Junction with Pathankot-Gurdaspur road (NH-54) near Balsua to Junction with Hiranagar Road near village Gurha Baildaran (km 423+500 to km 468+100)","sector":"road","status":"under_construction","is_blocked":false,"block_reason":null,"cost_inr_crore":3044.02,"progress_pct":87.3,"delay_months":null,"revised_completion_date":"2024-09-25","state":"Jammu and Kashmir","geo_confidence":"city","unverified":false}},{"type":"Feature","geometry":{"type":"Point","coordinates":[76.04065,30.12395]},"properties":{"id":"nhai_geoserver-c9604af7f06e015f","title":"Delhi-Amritsar-Katra Expressway (Phase-II Pkg-XV) [Junction with Hiranagar Road near village Gurha Baildaran to Junction with Jammu Ring Road (NH-244A) near Jakh village from Km 468+100 to Km 503+250]","sector":"road","status":"under_construction","is_blocked":false,"block_reason":null,"cost_inr_crore":2714.95,"progress_pct":90.01,"delay_months":null,"revised_completion_date":"2024-09-25","state":"Jammu and Kashmir","geo_confidence":"city","unverified":false}},{"type":"Feature","geometry":{"type":"Point","coordinates":[74.9319,32.9917]},"properties":{"id":"nhai_geoserver-74b91c9ed5a5bdab","title":"4/6L Access Control Expressway from Design Chainage Km 515.000 to 528.300 (Kunjwani to Sidhra Section of NH-44) and from Design Chainage Km 550.900 to Km 566.520 (Domel to Katra Section) (Phase II-Package XVII)","sector":"road","status":"under_construction","is_blocked":false,"block_reason":null,"cost_inr_crore":2894.74,"progress_pct":66.74,"delay_months":null,"revised_completion_date":"2025-06-13","state":"Jammu and Kashmir","geo_confidence":"city","unverified":false}},{"type":"Feature","geometry":{"type":"Point","coordinates":[78.616877,10.575617]},"properties":{"id":"nhai_geoserver-ec37f3cf904eafc1","title":"Package-I- 6 laning of Delhi-Meerut Expressway and 8 laning of NH-24 from NH-24-Ring Road T-Junction to U.P. Gate (Km. 0.000 to Km. 8.360)","sector":"road","status":"commissioned","is_blocked":false,"block_reason":null,"cost_inr_crore":1296.49,"progress_pct":100.0,"delay_months":null,"revised_completion_date":"2019-05-27","state":"Delhi","geo_confidence":"site","unverified":false}},{"type":"Feature","geometry":{"type":"Point","coordinates":[71.1924,22.2587]},"properties":{"id":"nhai_geoserver-786190e55175a5a6","title":"Execution of Pre-Monsoon Maintenance Activities at the risk and cost of existing Concessionaire on the Shamlaji to Motachiloda from km. 401.200 to 494.410(Length 93.210 Km) section of NH-8 in the state of Gujarat.","sector":"road","status":"commissioned","is_blocked":false,"block_reason":null,"cost_inr_crore":null,"progress_pct":null,"delay_months":null,"revised_completion_date":"2024-08-31","state":"Gujarat","geo_confidence":"state","unverified":false}},{"type":"Feature","geometry":{"type":"Point","coordinates":[81.8463,25.4358]},"properties":{"id":"nhai_geoserver-ce2bc619ddcf5aef","title":"4L of Allahabad Bypass - Construction of Road from km. 158.00 to km. 198.00 (Except Ganga Bridge) (Construction Package ABP-II)","sector":"road","status":"commissioned","is_blocked":false,"block_reason":null,"cost_inr_crore":664.68,"progress_pct":null,"delay_months":null,"revised_completion_date":"2006-12-08","state":"Uttar Pradesh","geo_confidence":"city","unverified":false}},{"type":"Feature","geometry":{"type":"Point","coordinates":[72.8311,21.1702]},"properties":{"id":"nhai_geoserver-d797ba8107b5ac7c","title":"Short term improvement and routine maintenance of Surat – Dahisar section from km 381.000 to 502.000 section on NH-48 in the state of Maharashtra","sector":"road","status":"commissioned","is_blocked":false,"block_reason":null,"cost_inr_crore":null,"progress_pct":null,"delay_months":null,"revised_completion_date":"2023-06-19","state":"Gujarat","geo_confidence":"city","unverified":false}},{"type":"Feature","geometry":{"type":"Point","coordinates":[75.7139,19.7515]},"properties":{"id":"nhai_geoserver-7410d016dd26378a","title":"Incident Management, routine O&M and other work on Achhad Dahisar (from km 381.00 to km 502.00) section of NH-48 in state of Maharashtra","sector":"road","status":"commissioned","is_blocked":false,"block_reason":null,"cost_inr_crore":null,"progress_pct":55.9,"delay_months":null,"revised_completion_date":"2025-09-25","state":"Maharashtra","geo_confidence":"state","unverified":false}},{"type":"Feature","geometry":{"type":"Point","coordinates":[73.783524,18.50639]},"properties":{"id":"nhai_geoserver-508fb52e84999e94","title":"Integrated structure with development of other allied structures on both sides of Chandni Chowk  Junction from 841.400 km to 843.600 km of Old NH-4","sector":"road","status":"commissioned","is_blocked":false,"block_reason":null,"cost_inr_crore":536.68,"progress_pct":100.0,"delay_months":null,"revised_completion_date":"2024-04-02","state":"Maharashtra","geo_confidence":"site","unverified":false}},{"type":"Feature","geometry":{"type":"Point","coordinates":[74.4977,15.8497]},"properties":{"id":"nhai_geoserver-991654080bafd88d","title":"4/6L  Belgaum Bypass from Km 492.000 of NH-4 to Km 11.00 of NH-4A (Western Bypass ) and Km 492.000 of NH-4 to km 7.5 of SH-54 (Part of Eastern Bypass )-Pkg-2","sector":"road","status":"tendered","is_blocked":false,"block_reason":null,"cost_inr_crore":1272.0,"progress_pct":null,"delay_months":null,"revised_completion_date":null,"state":"Karnataka","geo_confidence":"city","unverified":false}},{"type":"Feature","geometry":{"type":"Point","coordinates":[77.355579,16.309564]},"properties":{"id":"nhai_geoserver-d606b6e2107840d7","title":"Bangalore Ring Road (STRR)-NH-948A- Package-I of Phase-III from Belagondapalli (TN) to TN/KNT border from km 144.480 to 179.969","sector":"road","status":"under_construction","is_blocked":false,"block_reason":null,"cost_inr_crore":1260.74,"progress_pct":92.95,"delay_months":null,"revised_completion_date":"2025-05-16","state":"Karnataka","geo_confidence":"site","unverified":false}},{"type":"Feature","geometry":{"type":"Point","coordinates":[77.702212,12.844853]},"properties":{"id":"nhai_geoserver-de70d5bff549f7c6","title":"4L of km 0.00 to km 42.00 of Dobbaspet to Doddaballapura Bypass section of NH-648 (old NH-207)] [Bangalore Ring Road Pkg 1]","sector":"road","status":"under_construction","is_blocked":false,"block_reason":null,"cost_inr_crore":1438.74,"progress_pct":99.2,"delay_months":null,"revised_completion_date":"2023-04-18","state":"Karnataka","geo_confidence":"site","unverified":false}},{"type":"Feature","geometry":{"type":"Point","coordinates":[77.534689,13.031904]},"properties":{"id":"nhai_geoserver-9b34e8266390bea3","title":"4L of 42.000 to km 80.00 of Dodaballapur Bypass to Hoskote section of NH-648 ( Old NH-207) [Bangalore Ring Road Pkg 2]","sector":"road","status":"under_construction","is_blocked":false,"block_reason":null,"cost_inr_crore":1317.74,"progress_pct":99.2,"delay_months":null,"revised_completion_date":"2023-02-21","state":"Karnataka","geo_confidence":"site","unverified":false}},{"type":"Feature","geometry":{"type":"Point","coordinates":[77.8253,12.7409]},"properties":{"id":"nhai_geoserver-fcf675c557185a3e","title":"Overlay/ Strenthening (DBM+BC) in  6-laned section of Hosur to Krishnagiri section of NH-44 from Km. 33+130 to Km.93+00 in Tamilnadu on item rate contract","sector":"road","status":"under_construction","is_blocked":false,"block_reason":null,"cost_inr_crore":null,"progress_pct":null,"delay_months":null,"revised_completion_date":"2024-10-14","state":"Tamil Nadu","geo_confidence":"city","unverified":false}},{"type":"Feature","geometry":{"type":"Point","coordinates":[78.273537,18.258255]},"properties":{"id":"nhai_geoserver-8bb6516e96b0b02d","title":"Development of 6L UER II [Package - III] (Nangloi - Najafgarh Road till Sector 24 Dwarka) from km. 28.45 to km. 38.111","sector":"road","status":"commissioned","is_blocked":false,"block_reason":null,"cost_inr_crore":1026.46,"progress_pct":99.8,"delay_months":null,"revised_completion_date":"2023-10-27","state":"Delhi","geo_confidence":"site","unverified":false}},{"type":"Feature","geometry":{"type":"Point","coordinates":[78.144244,12.156092]},"properties":{"id":"nhai_geoserver-9c11d8db1315e287","title":"Krishnagiri - Thumbipadi - Thoppur Ghat - Omalur from km. 94.00 to km. 180.00 (Package No. NS-2/BOT/TN-1)","sector":"road","status":"commissioned","is_blocked":false,"block_reason":null,"cost_inr_crore":100.85,"progress_pct":100.0,"delay_months":null,"revised_completion_date":"2009-01-14","state":"Tamil Nadu","geo_confidence":"site","unverified":false}},{"type":"Feature","geometry":{"type":"Point","coordinates":[79.707917,13.759167]},"properties":{"id":"nhai_geoserver-4bb0350f714b3f71","title":"Operation and Maintenance including Incident Management of Nellore Bypass section from Km. 1366.547 to Km. 1383.713 of NH-16","sector":"road","status":"commissioned","is_blocked":false,"block_reason":null,"cost_inr_crore":8.54,"progress_pct":null,"delay_months":null,"revised_completion_date":"2023-06-17","state":"Andhra Pradesh","geo_confidence":"site","unverified":false}},{"type":"Feature","geometry":{"type":"Point","coordinates":[79.9865,14.4426]},"properties":{"id":"nhai_geoserver-18a9f2874eb5d3ef","title":"Routine Maintenance including Incident Management (Excluding Ambulance Services) for Nellore Bypass from Km. 1366.547 to Km. 1383.713 (Excluding from Km. 1379.340 to Km. 1380.957 & from Km. 1382.690 to Km. 1383.713) (4L length 14.526 Km) section of NH-16 & Badvel to chunculuru section from Km. 628.555 to Km. 652.200 (2L length 23.645 Km) of NH-67.","sector":"road","status":"commissioned","is_blocked":false,"block_reason":null,"cost_inr_crore":null,"progress_pct":null,"delay_months":null,"revised_completion_date":"2025-03-16","state":"Andhra Pradesh","geo_confidence":"city","unverified":false}},{"type":"Feature","geometry":{"type":"Point","coordinates":[82.964553,25.30621]},"properties":{"id":"nhai_geoserver-5e916e43c8bb63b9","title":"4L Bypass connecting NH-2 (Rakhauna Village km. 782.546 of NH-2) with NH-56 (Vajidpur Village km. 271.300 of NH-56) of Varanasi Ring Road (Pkg-I, Phase -II) from km. 0.00 to km. 16.400 i/c Interchange Loop at NH-2","sector":"road","status":"commissioned","is_blocked":false,"block_reason":null,"cost_inr_crore":1508.13,"progress_pct":100.0,"delay_months":null,"revised_completion_date":"2022-03-13","state":"Uttar Pradesh","geo_confidence":"site","unverified":false}},{"type":"Feature","geometry":{"type":"Point","coordinates":[85.2799,23.6102]},"properties":{"id":"nhai_geoserver-d996e218a3c03d14","title":"4L of Bihar - Jharkhand Border (Barachatti to Gorhar) (Contract Pkg V-B) (GTRIP-7) from Km. 240.00 to Km. 320.000 on NH-2","sector":"road","status":"commissioned","is_blocked":false,"block_reason":null,"cost_inr_crore":1020.04,"progress_pct":null,"delay_months":null,"revised_completion_date":"2008-03-28","state":"Jharkhand","geo_confidence":"state","unverified":false}},{"type":"Feature","geometry":{"type":"Point","coordinates":[85.2799,23.6102]},"properties":{"id":"nhai_geoserver-8f3d8a788b52f0d5","title":"Construction of Six lane elevated flyover including reconstruction/rehabilitation of existing pavement from Km 426+230 to Km 430+500 ( Length = 4.27 Km) at Nirsa in the Barwa Adda Panagarh section of NH-19 from Km.398.240 to Km.521.120 including Panagarh Bypass in the State of Jharkhand on EPC Mode.","sector":"road","status":"under_construction","is_blocked":false,"block_reason":null,"cost_inr_crore":470.75,"progress_pct":null,"delay_months":null,"revised_completion_date":"2028-08-16","state":"Jharkhand","geo_confidence":"state","unverified":false}},{"type":"Feature","geometry":{"type":"Point","coordinates":[75.19,33.43]},"properties":{"id":"nhai_geoserver-343c310c803ecaee","title":"4L twin tube tunnel including approaches from Digdol to Khuni Nallah (North Bound connecting with existing major bridge on NB) and South Bound connecting with Tunnel T4 ,Single tube tunnel of Ramban to Banihal (Pkg-II) of Old NH-1A (New NH-44)","sector":"road","status":"under_construction","is_blocked":false,"block_reason":null,"cost_inr_crore":1401.87,"progress_pct":86.0,"delay_months":null,"revised_completion_date":"2024-06-07","state":"Jammu and Kashmir","geo_confidence":"city","unverified":false}},{"type":"Feature","geometry":{"type":"Point","coordinates":[77.60855,27.8953]},"properties":{"id":"nhai_geoserver-6b500a22ee0250a4","title":"Additional Structures under Six Laning of Delhi-Agra section of NH-44 in the State of Uttar Pradesh between km. 143.0 and km. 195.10","sector":"road","status":"commissioned","is_blocked":false,"block_reason":null,"cost_inr_crore":152.4,"progress_pct":100.0,"delay_months":null,"revised_completion_date":"2021-07-04","state":"Uttar Pradesh","geo_confidence":"city","unverified":false}},{"type":"Feature","geometry":{"type":"Point","coordinates":[76.5762,33.7782]},"properties":{"id":"nhai_geoserver-5c4607764cdeb747","title":"Construction of Tunnels/Viaducts at identified sliding/slip zones at Km 130.550 to Km.130.750; Km.  131.170 to Km. 131.763; Km. 132.560 to Km. 133.168; Km. 133.590 to Km. 133.743 and Km. 147.877 to Km. 148.715 of Udhampur-Ramban section of NH-44","sector":"road","status":"commissioned","is_blocked":false,"block_reason":null,"cost_inr_crore":442.14,"progress_pct":99.0,"delay_months":null,"revised_completion_date":"2023-10-04","state":"Jammu and Kashmir","geo_confidence":"state","unverified":false}},{"type":"Feature","geometry":{"type":"Point","coordinates":[74.857,32.7266]},"properties":{"id":"nhai_geoserver-09cd7791d2ea4436","title":"Dr. Syama Prasad Mookerjee Tunnel ( Chenani Nashri Tunnel) two lane new tube and operation, maintenance of existing chenani nashri tunnel and existing Udhampur - Ramban section (km 67.000 to km 89.000 & km 130.000 to 151.000) and Ramban Marog section (from km 151.00 to Km 156.900) on DBFOT (toll) basis in the Union Territory of Jammu & Kashmir under NH(O) scheme.","sector":"road","status":"tendered","is_blocked":false,"block_reason":null,"cost_inr_crore":2868.86,"progress_pct":null,"delay_months":null,"revised_completion_date":null,"state":"Jammu and Kashmir","geo_confidence":"city","unverified":false}},{"type":"Feature","geometry":{"type":"Point","coordinates":[76.0856,29.0588]},"properties":{"id":"nhai_geoserver-d1d9ccae84e66979","title":"Operation and Maintenance including Routine Maintenance and Incident Management of Six Laning of Panipat-Mandi Gobindgarh Section of NH-1 From Km 96.000 to Km 272.000 in the State of Haryana and Punjab.","sector":"road","status":"commissioned","is_blocked":false,"block_reason":null,"cost_inr_crore":null,"progress_pct":null,"delay_months":null,"revised_completion_date":"2025-07-18","state":"Haryana","geo_confidence":"state","unverified":false}},{"type":"Feature","geometry":{"type":"Point","coordinates":[75.3412,31.1471]},"properties":{"id":"nhai_geoserver-954689648138eabf","title":"Operation & Maintenance including Routine Maintenance and Incident Management of Six Lane Panipat-Jalandhar Section of NH-1 (New NH-44) from Km 272.000 to Km 387.100 in the State of Punjab","sector":"road","status":"commissioned","is_blocked":false,"block_reason":null,"cost_inr_crore":null,"progress_pct":null,"delay_months":null,"revised_completion_date":"2025-02-21","state":"Punjab","geo_confidence":"state","unverified":false}},{"type":"Feature","geometry":{"type":"Point","coordinates":[78.825879,20.537354]},"properties":{"id":"nhai_geoserver-ba98670c8173f876","title":"Development of Multilane Carriageway from Kanhan to Automotive Square from km 704.200 to km 723.000 section of urban link of Nagpur Kamptee section of Nagpur Jabalpur road of NH-44","sector":"road","status":"commissioned","is_blocked":false,"block_reason":null,"cost_inr_crore":356.76,"progress_pct":100.0,"delay_months":null,"revised_completion_date":"2020-05-30","state":"Maharashtra","geo_confidence":"site","unverified":false}},{"type":"Feature","geometry":{"type":"Point","coordinates":[78.0081,27.1767]},"properties":{"id":"nhai_geoserver-02cc78bad0721600","title":"Construction of left out portion of Agra Inner Ring Road connecting village Deori to NH-44 village Bad from Km. 0.000 to Km. 7.772","sector":"road","status":"under_construction","is_blocked":false,"block_reason":null,"cost_inr_crore":879.26,"progress_pct":94.0,"delay_months":null,"revised_completion_date":"2024-09-19","state":"Uttar Pradesh","geo_confidence":"city","unverified":false}},{"type":"Feature","geometry":{"type":"Point","coordinates":[78.6569,22.9734]},"properties":{"id":"nhai_geoserver-05d5943d346366d6","title":"Major Maintenance of the MP-2 delink Stretch of 9.24 km at stretches (i) km.551.600 to km.553.100 (ii) km. 557.400 to km. 557.800 (iii) km. 558.930 to km. 562.450 and (iv) Km.563.760 to km. 567.550 at NH 44 under PIU Chhindwara","sector":"road","status":"commissioned","is_blocked":false,"block_reason":null,"cost_inr_crore":null,"progress_pct":null,"delay_months":null,"revised_completion_date":"2024-09-12","state":"Madhya Pradesh","geo_confidence":"state","unverified":false}},{"type":"Feature","geometry":{"type":"Point","coordinates":[77.00188,20.69972]},"properties":{"id":"nhai_geoserver-be31f5ca13f1232b","title":"Flyover at Km.544.650 including ROB, Service Roads ,Footpath for RCC drains on urban link to Nagpur -Raipur road (Pardi octroi Naka to Itwari)","sector":"road","status":"commissioned","is_blocked":false,"block_reason":null,"cost_inr_crore":1097.81,"progress_pct":97.77,"delay_months":null,"revised_completion_date":"2019-03-30","state":"Maharashtra","geo_confidence":"site","unverified":false}},{"type":"Feature","geometry":{"type":"Point","coordinates":[82.514457,25.318687]},"properties":{"id":"nhai_geoserver-973e58f054b16f52","title":"Varanasi Ring Road (Pkg-II) connecting Sandaha Village (km 11.70 / NH-29) with Revasa Village (km 818.80 / NH-2)","sector":"road","status":"under_construction","is_blocked":false,"block_reason":null,"cost_inr_crore":1991.71,"progress_pct":96.86,"delay_months":null,"revised_completion_date":"2022-02-13","state":"Uttar Pradesh","geo_confidence":"site","unverified":false}},{"type":"Feature","geometry":{"type":"Point","coordinates":[78.397001,17.966822]},"properties":{"id":"nhai_geoserver-b0b4c93361124ad4","title":"Km 367.000 (Adloor Yellareddy) to Km 447.000 and Improvement, Operation & Maintenance of Km 447.000 to Km 464.000 (Gundla Pochanpalli) on Nagpur - Hyderabad section of NH-44 AP-2","sector":"road","status":"commissioned","is_blocked":false,"block_reason":null,"cost_inr_crore":1952.39,"progress_pct":null,"delay_months":null,"revised_completion_date":"2009-03-26","state":"Telangana","geo_confidence":"site","unverified":false}},{"type":"Feature","geometry":{"type":"Point","coordinates":[78.78745,19.2654]},"properties":{"id":"nhai_geoserver-a070bdd5c5b0587c","title":"4L of Gundlapochanpally to Bowenpally from km. 464.000 to km. 474.000 of Nagpur-Hyderabad Section of NH-7 (New No. NH-44) Contract Package No: NS-23 (TS)","sector":"road","status":"commissioned","is_blocked":false,"block_reason":null,"cost_inr_crore":43.52,"progress_pct":null,"delay_months":null,"revised_completion_date":"2022-06-15","state":"Telangana","geo_confidence":"city","unverified":false}},{"type":"Feature","geometry":{"type":"Point","coordinates":[93.15495,25.49776]},"properties":{"id":"nhai_geoserver-8e7683434d998d0d","title":"Improvement of Geometrics of Thondupally to Kothur from Km 22.300 to Km 34.14 of NH-44","sector":"road","status":"cancelled","is_blocked":true,"block_reason":"other","cost_inr_crore":541.58,"progress_pct":17.05,"delay_months":null,"revised_completion_date":"2024-09-16","state":"Telangana","geo_confidence":"site","unverified":false}},{"type":"Feature","geometry":{"type":"Point","coordinates":[77.892183,14.809982]},"properties":{"id":"nhai_geoserver-d8126867e5270b1a","title":"Hyderabad - Bangalore (Km 211.000 to Km 462.164 on Hyderabad - Bangalore section of NH-44)","sector":"road","status":"commissioned","is_blocked":false,"block_reason":null,"cost_inr_crore":6965.75,"progress_pct":null,"delay_months":null,"revised_completion_date":"2024-10-31","state":"Andhra Pradesh","geo_confidence":"site","unverified":false}},{"type":"Feature","geometry":{"type":"Point","coordinates":[77.923415,15.618949]},"properties":{"id":"nhai_geoserver-2810593095bc2237","title":"6L Grade Separated structures along with slip roads at Km 210+780 (ITC Junction in Kurnool Town), Km 260+400 (Kambalapadu Junction, Dhone)  Km 263+558 (Dhone Exit, Dhone) on NH-44 (old NH-07 )","sector":"road","status":"commissioned","is_blocked":false,"block_reason":null,"cost_inr_crore":91.55,"progress_pct":100.0,"delay_months":null,"revised_completion_date":"2022-06-06","state":"Andhra Pradesh","geo_confidence":"site","unverified":false}},{"type":"Feature","geometry":{"type":"Point","coordinates":[80.3319,26.4499]},"properties":{"id":"nhai_geoserver-badf9f56cd8c92c3","title":"Construction of Ring Road around kanpur from Ch.51.200 to Ch. 68.650  (Badarka to Harbanch-Uchti Pkg-III)","sector":"road","status":"under_construction","is_blocked":false,"block_reason":null,"cost_inr_crore":1792.68,"progress_pct":34.8,"delay_months":null,"revised_completion_date":"2027-07-27","state":"Uttar Pradesh","geo_confidence":"city","unverified":false}},{"type":"Feature","geometry":{"type":"Point","coordinates":[79.0193,18.1124]},"properties":{"id":"nhai_geoserver-922b6ccc97b16d8d","title":"6L of End of kothakota bypass to Kodandapur from Km 136.070 to Km 175.050 of NH-44","sector":"road","status":"tendered","is_blocked":false,"block_reason":null,"cost_inr_crore":null,"progress_pct":null,"delay_months":null,"revised_completion_date":null,"state":"Telangana","geo_confidence":"state","unverified":false}},{"type":"Feature","geometry":{"type":"Point","coordinates":[78.4867,17.385]},"properties":{"id":"nhai_geoserver-b56bc16b6bbc2499","title":"6L of existing 4L from Km 80.350 (Jadcherla) to Km 136.070 (End of Kothakota bypass) (Design Length 55.720km) on Hyderabad Bangalore Section of NH­44","sector":"road","status":"tendered","is_blocked":false,"block_reason":null,"cost_inr_crore":null,"progress_pct":null,"delay_months":null,"revised_completion_date":null,"state":"Telangana","geo_confidence":"city","unverified":false}},{"type":"Feature","geometry":{"type":"Point","coordinates":[78.4867,17.385]},"properties":{"id":"nhai_geoserver-4e9b579372e70c48","title":"6L of existing 4L from Km 34.140 (Kothur) to Km 80.350 (Jadcherla) (Design Length  46.210km) on Hyderabad Bangalore Section of NH­44 (Package­-I)","sector":"road","status":"tendered","is_blocked":false,"block_reason":null,"cost_inr_crore":null,"progress_pct":null,"delay_months":null,"revised_completion_date":null,"state":"Telangana","geo_confidence":"city","unverified":false}},{"type":"Feature","geometry":{"type":"Point","coordinates":[77.8703,12.31795]},"properties":{"id":"nhai_geoserver-8cd9b44ff336135b","title":"Four laning of Km 180.000 to 199.200 of Bangalore - Salem - Madurai section of NH-7 (Thumbipadi to Namakkal) in the state of Tamilnadu Contract package No. NS-26/TN","sector":"road","status":"commissioned","is_blocked":false,"block_reason":null,"cost_inr_crore":265.22,"progress_pct":null,"delay_months":null,"revised_completion_date":"2003-08-29","state":"Tamil Nadu","geo_confidence":"city","unverified":false}},{"type":"Feature","geometry":{"type":"Point","coordinates":[76.2711,10.8505]},"properties":{"id":"nhai_geoserver-30b1d3fc5e32bdfd","title":"4/6 L Thrissur (km 270) to Angamali (km 316.700) i/c Maintenance of Angamali (km 316.700) to Edapally (km 342) Section NS-2/BOT/KL/01","sector":"road","status":"commissioned","is_blocked":false,"block_reason":null,"cost_inr_crore":379.54,"progress_pct":null,"delay_months":null,"revised_completion_date":"2009-03-21","state":"Kerala","geo_confidence":"state","unverified":false}},{"type":"Feature","geometry":{"type":"Point","coordinates":[71.1924,22.2587]},"properties":{"id":"nhai_geoserver-c3b56f6f3a7da702","title":"Strengthening work under TOT/InvIT of Palanpur-Radhanpur-Samakhiyali section of NH-27 from Km. 589+600 to Km. 536+000 (TOT Bundle 5A1)","sector":"road","status":"commissioned","is_blocked":false,"block_reason":null,"cost_inr_crore":null,"progress_pct":null,"delay_months":null,"revised_completion_date":"2041-11-24","state":"Gujarat","geo_confidence":"state","unverified":false}},{"type":"Feature","geometry":{"type":"Point","coordinates":[74.2179,27.0238]},"properties":{"id":"nhai_geoserver-7eb8dd28e1083867","title":"Strengthening for (i) Pindwada – Sawroopganj section of 4-Lane NH-14 (New NH-27) from km 248+700 to km 264+000. (ii) Pindwada-Udaipur section of 4-Lane NH-76 (New NH-27) from km 10+000 to km 12+000 & from km 73+000 to km 104+724","sector":"road","status":"under_construction","is_blocked":false,"block_reason":null,"cost_inr_crore":null,"progress_pct":null,"delay_months":null,"revised_completion_date":"2025-07-04","state":"Rajasthan","geo_confidence":"state","unverified":false}},{"type":"Feature","geometry":{"type":"Point","coordinates":[80.63905,26.6483]},"properties":{"id":"nhai_geoserver-cf2db211fcf76000","title":"Strengthening, Improvement and routine maintenance of Lucknow-Kanpur section from km. 28.00 to km. 76.300 of NH-27 (Old NH-25) including construction of Drain & Service Road, rehabilitation of Unnao RoB and Shaheed Path from Km. 0.000 to 22.875 of NH-27 (Old NH-56A&B)","sector":"road","status":"commissioned","is_blocked":false,"block_reason":null,"cost_inr_crore":null,"progress_pct":null,"delay_months":null,"revised_completion_date":"2023-07-04","state":"Uttar Pradesh","geo_confidence":"city","unverified":false}},{"type":"Feature","geometry":{"type":"Point","coordinates":[80.63905,26.6483]},"properties":{"id":"nhai_geoserver-d296d593daa7a186","title":"Strengthening, Improvement and routine maintenance of Lucknow-Kanpur section from km. 27.700 to km. 75.500 of NH-27 (Old NH-25) including construction of Drain & Service Road, rehabilitation of Unnao RoB","sector":"road","status":"commissioned","is_blocked":false,"block_reason":null,"cost_inr_crore":null,"progress_pct":null,"delay_months":null,"revised_completion_date":"2029-03-29","state":"Uttar Pradesh","geo_confidence":"city","unverified":false}},{"type":"Feature","geometry":{"type":"Point","coordinates":[81.57525,26.82285]},"properties":{"id":"nhai_geoserver-b41c20f709dfe4a2","title":"Strenthening and major maintenance work from Km 8.000 to Km 68.900 of NH-28 (new NH-27)  of Lucknow-Ayodhya Section Pkg-1","sector":"road","status":"commissioned","is_blocked":false,"block_reason":null,"cost_inr_crore":161.26,"progress_pct":null,"delay_months":null,"revised_completion_date":"2024-07-08","state":"Uttar Pradesh","geo_confidence":"city","unverified":false}},{"type":"Feature","geometry":{"type":"Point","coordinates":[86.442243,25.973682]},"properties":{"id":"nhai_geoserver-d313e27d5950eab5","title":"Muzaffarpur-Darbhanga-Purnea Section from km. 0.00 to km. 148.55 & km.159.357 to km. 287.86 of NH-57 (Old) (OMT Pkg No. 20)","sector":"road","status":"commissioned","is_blocked":false,"block_reason":null,"cost_inr_crore":9.16,"progress_pct":null,"delay_months":null,"revised_completion_date":"2024-07-18","state":"Bihar","geo_confidence":"site","unverified":false}},{"type":"Feature","geometry":{"type":"Point","coordinates":[85.3131,25.0961]},"properties":{"id":"nhai_geoserver-7667538f28ea641a","title":"Simrahi to Ring bund (missing link) (BR-4) from km. 159.357 to km. 174.382 (Contract Package - C-II/BR-4)","sector":"road","status":"commissioned","is_blocked":false,"block_reason":null,"cost_inr_crore":140.65,"progress_pct":null,"delay_months":null,"revised_completion_date":"2012-04-30","state":"Bihar","geo_confidence":"state","unverified":false}},{"type":"Feature","geometry":{"type":"Point","coordinates":[85.62825,26.13755]},"properties":{"id":"nhai_geoserver-6c299ea036854290","title":"Routine Maintenance and Incident Management of Muzaffarpur - Darbhanga - Supaul Section of NH-27(East west Corridor) from Km.0.00 to Km.145.456 in the state of Bihar.","sector":"road","status":"commissioned","is_blocked":false,"block_reason":null,"cost_inr_crore":null,"progress_pct":null,"delay_months":null,"revised_completion_date":"2025-03-03","state":"Bihar","geo_confidence":"city","unverified":false}},{"type":"Feature","geometry":{"type":"Point","coordinates":[85.3131,25.0961]},"properties":{"id":"nhai_geoserver-29f0f8978dc5b368","title":"Routine Maintenance and Incident Management of Supaul -  Araria - Purnea Section of NH-27(East west Corridor) from Km.156.456 to Km.285.007 in the state of Bihar.","sector":"road","status":"commissioned","is_blocked":false,"block_reason":null,"cost_inr_crore":null,"progress_pct":null,"delay_months":null,"revised_completion_date":"2025-03-15","state":"Bihar","geo_confidence":"state","unverified":false}},{"type":"Feature","geometry":{"type":"Point","coordinates":[87.855,22.9868]},"properties":{"id":"nhai_geoserver-6d45047d10cb02a5","title":"Balance Works of 4L of NH-31D from Km. 113.200 to Km. 154.854 (Package-II A) Ghoshpukur-Salsalabari Section","sector":"road","status":"under_construction","is_blocked":false,"block_reason":null,"cost_inr_crore":1818.46,"progress_pct":61.1,"delay_months":null,"revised_completion_date":"2027-06-01","state":"West Bengal","geo_confidence":"state","unverified":false}},{"type":"Feature","geometry":{"type":"Point","coordinates":[87.991509,26.069704]},"properties":{"id":"nhai_geoserver-f92b39ab59f9a121","title":"Short term Improvement & Routine Maintenance of Dalkhola-Islampur from Km. 447.000 to Km. 498.000 of NH-31","sector":"road","status":"awarded","is_blocked":false,"block_reason":null,"cost_inr_crore":7.97,"progress_pct":null,"delay_months":null,"revised_completion_date":null,"state":"West Bengal","geo_confidence":"site","unverified":false}},{"type":"Feature","geometry":{"type":"Point","coordinates":[88.246222,26.423775]},"properties":{"id":"nhai_geoserver-b6891af796373c3c","title":"Short term Improvement & Routine Maintenance of Islampur-Ghoshpukur from Km. 507.000 to Km. 551.000 of NH-31","sector":"road","status":"awarded","is_blocked":false,"block_reason":null,"cost_inr_crore":14.21,"progress_pct":null,"delay_months":null,"revised_completion_date":null,"state":"West Bengal","geo_confidence":"site","unverified":false}},{"type":"Feature","geometry":{"type":"Point","coordinates":[87.855,22.9868]},"properties":{"id":"nhai_geoserver-4decebe8c9e07861","title":"Strengthening & Improvement of NH-31 (new NH 27) from Km 447.000 To 551.000 Daikhola-Islampur-Ghoshpukur Section (Excluding Islampur Bypass) in the State of West Bengal on O&M basis","sector":"road","status":"commissioned","is_blocked":false,"block_reason":null,"cost_inr_crore":161.06,"progress_pct":null,"delay_months":null,"revised_completion_date":"2024-09-22","state":"West Bengal","geo_confidence":"state","unverified":false}},{"type":"Feature","geometry":{"type":"Point","coordinates":[87.855,22.9868]},"properties":{"id":"nhai_geoserver-c03252889589d3f5","title":"Short term Improvement and Routine Maintenance from Km.228.000 to Km.254.500 of Salsalabari to Assam Bengal Border section of NH-31C (New NH-27)","sector":"road","status":"commissioned","is_blocked":false,"block_reason":null,"cost_inr_crore":null,"progress_pct":null,"delay_months":null,"revised_completion_date":"2024-07-08","state":"West Bengal","geo_confidence":"state","unverified":false}},{"type":"Feature","geometry":{"type":"Point","coordinates":[90.491998,26.519993]},"properties":{"id":"nhai_geoserver-480a3359fee195cf","title":"4L of Bijni - Assam/WB Border section of NH-31C from km. 93.00 to km. 60.00 (Contract Pkg- EW-II (AS-10))","sector":"road","status":"commissioned","is_blocked":false,"block_reason":null,"cost_inr_crore":648.23,"progress_pct":null,"delay_months":null,"revised_completion_date":"2008-04-05","state":"Assam","geo_confidence":"site","unverified":false}},{"type":"Feature","geometry":{"type":"Point","coordinates":[91.7362,26.1445]},"properties":{"id":"nhai_geoserver-46b4634b5725c7f2","title":"6L flyover at Boragaon, Gorchuk, Lokhra & Basistha Junction on Guwahati Bypass section from Km 146.172 to Km 162.620  of NH-27","sector":"road","status":"commissioned","is_blocked":false,"block_reason":null,"cost_inr_crore":459.33,"progress_pct":99.95,"delay_months":null,"revised_completion_date":"2024-08-28","state":"Assam","geo_confidence":"city","unverified":false}},{"type":"Feature","geometry":{"type":"Point","coordinates":[74.744482,13.321071]},"properties":{"id":"nhai_geoserver-56e7f2a67a0ca047","title":"Kundapur (Km.283.300) to Surathkal (Km358.686) and Nantoor (Km.1.900) to Talapady (Km.17.200)","sector":"road","status":"commissioned","is_blocked":false,"block_reason":null,"cost_inr_crore":873.0,"progress_pct":100.0,"delay_months":null,"revised_completion_date":"2013-03-03","state":"Karnataka","geo_confidence":"site","unverified":false}},{"type":"Feature","geometry":{"type":"Point","coordinates":[92.9376,26.2006]},"properties":{"id":"nhai_geoserver-d0a21e30767f2f2a","title":"Strengthening and Major maintenance work of stretch of Patacharkuchi to Baihata from Km. 1040.300 to Km. 1097.150 (Package no. AS-06,AS-05 & AS-04 balance) of NH 31","sector":"road","status":"commissioned","is_blocked":false,"block_reason":null,"cost_inr_crore":null,"progress_pct":null,"delay_months":null,"revised_completion_date":"2030-01-16","state":"Assam","geo_confidence":"state","unverified":false}},{"type":"Feature","geometry":{"type":"Point","coordinates":[92.9376,26.2006]},"properties":{"id":"nhai_geoserver-9ae4429e430ca539","title":"6L Standalone Flyovers at Bongaigaon, Chapaguri, Pathsala, Simlaguri chowk and Baihata Bypass Junctions on stretches of NH-31 and NH-27","sector":"road","status":"commissioned","is_blocked":false,"block_reason":null,"cost_inr_crore":457.72,"progress_pct":100.0,"delay_months":null,"revised_completion_date":"2024-07-01","state":"Assam","geo_confidence":"state","unverified":false}},{"type":"Feature","geometry":{"type":"Point","coordinates":[92.7789,24.8333]},"properties":{"id":"nhai_geoserver-b5e3537059e6d97c","title":"Strengthening and Maintenance of 4L of Balachera - Silchar (AS-01) from km. 300.760 to km. 275.00 of NH-54(New NH-27EW) (EW-II) of Civil Contract Package - N/02027/14001/AS","sector":"road","status":"commissioned","is_blocked":false,"block_reason":null,"cost_inr_crore":null,"progress_pct":null,"delay_months":null,"revised_completion_date":"2024-03-31","state":"Assam","geo_confidence":"city","unverified":false}},{"type":"Feature","geometry":{"type":"Point","coordinates":[92.9376,26.2006]},"properties":{"id":"nhai_geoserver-fa5ef187597a7096","title":"Maintenance work for Udali to Maibong Section from Km. 40.200 to Km. 60.500 (AS-27); from Km. 60.500 to Km. 83.400 (AS-26); from Km. 83.400 to Km. 111.000 (AS-25) & from Km. 111.000 to Km. 126.450 (AS-24) of NH-27","sector":"road","status":"commissioned","is_blocked":false,"block_reason":null,"cost_inr_crore":18.11,"progress_pct":null,"delay_months":null,"revised_completion_date":"2023-04-20","state":"Assam","geo_confidence":"state","unverified":false}},{"type":"Feature","geometry":{"type":"Point","coordinates":[92.9376,26.2006]},"properties":{"id":"nhai_geoserver-f483c13d14e39bf6","title":"Maintenance of Hathikali to Narimbanglo section of NH-54E from Km. 83+400 to Km 140+700 (New NH-27) in the State of Assam on Performance Based Maintenance Contract (PMBC)","sector":"road","status":"commissioned","is_blocked":false,"block_reason":null,"cost_inr_crore":null,"progress_pct":null,"delay_months":null,"revised_completion_date":"2029-06-30","state":"Assam","geo_confidence":"state","unverified":false}},{"type":"Feature","geometry":{"type":"Point","coordinates":[92.9376,26.2006]},"properties":{"id":"nhai_geoserver-c4440023b27a7b6e","title":"Routine Maintenance work from Km. 1065.000 to Km. 1124.514 of Package no. AS-05,AS-04 and AS-28 of NH 31 in the state of Assam (Length 59.514)","sector":"road","status":"commissioned","is_blocked":false,"block_reason":null,"cost_inr_crore":null,"progress_pct":null,"delay_months":null,"revised_completion_date":"2025-03-19","state":"Assam","geo_confidence":"state","unverified":false}},{"type":"Feature","geometry":{"type":"Point","coordinates":[77.290834,28.548633]},"properties":{"id":"nhai_geoserver-6aba98d1d77158f7","title":"6L Access Controlled Highway from DND Maharani Bagh - Jn. with Jaitpur - Pushta Road of NH-148NA from km. 0.00 to km. 9.00 in NCR","sector":"road","status":"commissioned","is_blocked":false,"block_reason":null,"cost_inr_crore":1467.44,"progress_pct":100.0,"delay_months":null,"revised_completion_date":"2024-07-08","state":"Delhi","geo_confidence":"site","unverified":false}},{"type":"Feature","geometry":{"type":"Point","coordinates":[77.326768,28.412186]},"properties":{"id":"nhai_geoserver-c84ef7f9201582cf","title":"6L Access Controlled Highway from Jn. with Jaitpur - Pushta Road to Jn. with Sector 62/65 dividing road on Faridabad - Ballabhgarh Bypass of NH-148NA from km. 9.00 to km. 33.00 including Spur upto Badarpur Border","sector":"road","status":"commissioned","is_blocked":false,"block_reason":null,"cost_inr_crore":1328.07,"progress_pct":100.0,"delay_months":null,"revised_completion_date":"2023-08-10","state":"Haryana","geo_confidence":"site","unverified":false}},{"type":"Feature","geometry":{"type":"Point","coordinates":[77.249351,28.234928]},"properties":{"id":"nhai_geoserver-960e84140fa29efb","title":"6L Access Controlled Highway from Jn. with Sector 62/65 dividing road on Faridabad - Ballabhgarh Bypass to Jn. with KMP Expressway with NH-148NA from km. 33.00 to km. 59.063","sector":"road","status":"commissioned","is_blocked":false,"block_reason":null,"cost_inr_crore":1387.21,"progress_pct":100.0,"delay_months":null,"revised_completion_date":"2023-05-13","state":"Haryana","geo_confidence":"site","unverified":false}},{"type":"Feature","geometry":{"type":"Point","coordinates":[76.404339,29.012486]},"properties":{"id":"nhai_geoserver-491b53c5be4e4653","title":"Ismailabad - Narnaul (Pkg- 05) (Ch. 108+000 to 131+000) [Junction with NH-352 (Jind-Gohana) near Julana to Junction with NH-9 (Rohtak-Jind section) near Kharkara]","sector":"road","status":"commissioned","is_blocked":false,"block_reason":null,"cost_inr_crore":1051.91,"progress_pct":100.0,"delay_months":null,"revised_completion_date":"2022-02-10","state":"Haryana","geo_confidence":"site","unverified":false}},{"type":"Feature","geometry":{"type":"Point","coordinates":[76.6565,28.6063]},"properties":{"id":"nhai_geoserver-3813e28540fc7e0e","title":"Ismailabad - Narnaul (Pkg- 06) (Ch. 131+000 to 165+000) [Junction with NH-9 (Rohtak-Jind section) near Kharkara to Junction with NH-334B (Charkhi Dadri-Jhajjar section) near Charkhi Dadri]","sector":"road","status":"commissioned","is_blocked":false,"block_reason":null,"cost_inr_crore":1120.06,"progress_pct":100.0,"delay_months":null,"revised_completion_date":"2022-07-31","state":"Haryana","geo_confidence":"city","unverified":false}},{"type":"Feature","geometry":{"type":"Point","coordinates":[76.765286,28.464702]},"properties":{"id":"nhai_geoserver-037495c9df542651","title":"Ismailabad - Narnaul (Pkg- 07) (Ch. 165+0 to 200+0) [Junction with NH-334B (Charkhi Dadri-Jhajjar section) near Charkhi Dadri to Junction with Rewari-Kanina road (SH-24) near Kanina]","sector":"road","status":"commissioned","is_blocked":false,"block_reason":null,"cost_inr_crore":1137.42,"progress_pct":100.0,"delay_months":null,"revised_completion_date":"2022-06-24","state":"Haryana","geo_confidence":"site","unverified":false}},{"type":"Feature","geometry":{"type":"Point","coordinates":[76.617,28.197]},"properties":{"id":"nhai_geoserver-598d59bfd8e49970","title":"Ismailabad - Narnaul (Pkg- 08) (Ch. 200+000 to 227+020) [Junction with Rewari-Kanina road (SH-24) near Kanina to Narnaul]","sector":"road","status":"commissioned","is_blocked":false,"block_reason":null,"cost_inr_crore":1033.19,"progress_pct":100.0,"delay_months":null,"revised_completion_date":"2021-12-24","state":"Haryana","geo_confidence":"city","unverified":false}},{"type":"Feature","geometry":{"type":"Point","coordinates":[78.6569,22.9734]},"properties":{"id":"nhai_geoserver-9e027a89d00ca455","title":"Multai- Chhindwara-Seoni & Narsinghpur- Chhindwara Saoner including Chhindwara Ring Road","sector":"road","status":"commissioned","is_blocked":false,"block_reason":null,"cost_inr_crore":4971.85,"progress_pct":null,"delay_months":null,"revised_completion_date":"2014-10-31","state":"Madhya Pradesh","geo_confidence":"state","unverified":false}},{"type":"Feature","geometry":{"type":"Point","coordinates":[78.6569,22.9734]},"properties":{"id":"nhai_geoserver-889f6d4bc97b70a7","title":"Strengthening & Maintenance work of Chhindwara Soaner Section & Chhindwara ring road (133.222 km), Chhindwara - Amarwara - Narsingpur Section (113.000 km), Chhindwara - Multai & Sonakhar - Seoni section (136.877 km) of NH – 347","sector":"road","status":"commissioned","is_blocked":false,"block_reason":null,"cost_inr_crore":285.0,"progress_pct":33.0,"delay_months":null,"revised_completion_date":"2024-03-20","state":"Madhya Pradesh","geo_confidence":"state","unverified":false}},{"type":"Feature","geometry":{"type":"Point","coordinates":[78.6569,22.9734]},"properties":{"id":"nhai_geoserver-f41ee89641f54ec5","title":"2L PS of Saoner-Chhindwara from Km.0.000 to 75.460 and Chhindwara Ring Road from Km. 0.000 to 57.070 section of NH-547","sector":"road","status":"commissioned","is_blocked":false,"block_reason":null,"cost_inr_crore":19.25,"progress_pct":null,"delay_months":null,"revised_completion_date":null,"state":"Madhya Pradesh","geo_confidence":"state","unverified":false}},{"type":"Feature","geometry":{"type":"Point","coordinates":[78.274633,12.908789]},"properties":{"id":"nhai_geoserver-6c4b4563e455b5f9","title":"Thorapalli - Agraharam - Jittandahalli Section from km 23.350 to km 60.100 [Hosur to Dhamrapuri Pkg-2]","sector":"road","status":"under_construction","is_blocked":false,"block_reason":null,"cost_inr_crore":1243.57,"progress_pct":82.56,"delay_months":null,"revised_completion_date":"2023-12-06","state":"Tamil Nadu","geo_confidence":"site","unverified":false}},{"type":"Feature","geometry":{"type":"Point","coordinates":[85.0985,20.9517]},"properties":{"id":"nhai_geoserver-3ea531b4321875c2","title":"Strengthening with DBM+BC and repair and rehabilitation of 10 nos bridges in Teleibani Sambalpur Section of NH-53 from Km.518.900 to Km.545.176 (Badarma Wildlife Sanctuary Area)","sector":"road","status":"under_construction","is_blocked":false,"block_reason":null,"cost_inr_crore":29.8,"progress_pct":null,"delay_months":null,"revised_completion_date":"2024-10-15","state":"Odisha","geo_confidence":"state","unverified":false}},{"type":"Feature","geometry":{"type":"Point","coordinates":[87.121303,22.342778]},"properties":{"id":"nhai_geoserver-ac2fe469299a77da","title":"4L of Chichra - Kharagpur section from Km. 129.600 to Km. 185.150 including rehabilitation of existing 4 lane from km. 134.40 to Km.129.60 of Old NH-6","sector":"road","status":"commissioned","is_blocked":false,"block_reason":null,"cost_inr_crore":1122.05,"progress_pct":100.0,"delay_months":null,"revised_completion_date":"2019-09-11","state":"West Bengal","geo_confidence":"site","unverified":false}},{"type":"Feature","geometry":{"type":"Point","coordinates":[74.395015,14.268746]},"properties":{"id":"nhai_geoserver-a311a85362939f24","title":"Goa / Karnataka (Km.93.700) to Kundapur (Km.283.30)","sector":"road","status":"under_construction","is_blocked":false,"block_reason":null,"cost_inr_crore":1644.92,"progress_pct":97.94,"delay_months":null,"revised_completion_date":"2016-08-28","state":"Karnataka","geo_confidence":"site","unverified":false}},{"type":"Feature","geometry":{"type":"Point","coordinates":[75.7139,15.3173]},"properties":{"id":"nhai_geoserver-9d18d5cee41b490a","title":"Provision of 06 Underpasses (3 nos of 12x5.5 & 3 nos of 12x3.5), 01 Flyvoer (2x30), Service Road at Nirgadde, Shiror, Nagoor & Hosadu and Streelight facility in Goa/KNT border to Kundapur","sector":"road","status":"tendered","is_blocked":false,"block_reason":null,"cost_inr_crore":null,"progress_pct":null,"delay_months":null,"revised_completion_date":null,"state":"Karnataka","geo_confidence":"state","unverified":false}},{"type":"Feature","geometry":{"type":"Point","coordinates":[76.2711,10.8505]},"properties":{"id":"nhai_geoserver-9eebdfff00aabcf4","title":"Operation and Maintenance of Four laning of Thiruvanthapuram Bypass from Kazhakkoottam to Mukkola section of NH-66 in the State of Kerala on PBMC.","sector":"road","status":"commissioned","is_blocked":false,"block_reason":null,"cost_inr_crore":null,"progress_pct":null,"delay_months":null,"revised_completion_date":"2029-02-28","state":"Kerala","geo_confidence":"state","unverified":false}},{"type":"Feature","geometry":{"type":"Point","coordinates":[74.124,15.2993]},"properties":{"id":"nhai_geoserver-e59bb52b8d519848","title":"Construction of 4L Flyover from MES College Junction to Bogmalo Junction on NH-566 from Km. 7.106 to Km. 10.460 and 4L VUP at Queeny Nagar Junction from Km. 3.330 to Km. 4.550","sector":"road","status":"under_construction","is_blocked":false,"block_reason":null,"cost_inr_crore":463.08,"progress_pct":59.18,"delay_months":null,"revised_completion_date":"2026-07-31","state":"Goa","geo_confidence":"state","unverified":false}},{"type":"Feature","geometry":{"type":"Point","coordinates":[74.627041,29.8718]},"properties":{"id":"nhai_geoserver-46171a6bda1bfdb8","title":"6L Mandi Dabwali (Punjab/Haryana border) Sangaria road section from proposed Mandi Dabwali Bypass to Chautala from km. 27.400 to km. 62.200 of NH - 54","sector":"road","status":"commissioned","is_blocked":false,"block_reason":null,"cost_inr_crore":746.05,"progress_pct":99.96,"delay_months":null,"revised_completion_date":"2024-01-23","state":"Haryana","geo_confidence":"site","unverified":false}},{"type":"Feature","geometry":{"type":"Point","coordinates":[74.423783,29.664699]},"properties":{"id":"nhai_geoserver-ecd5d77783ab07d6","title":"Sangariya (near Chautala)-Rasisar (near Bikaner) (Phase-I) (AJ/SR-Package-1) From Ch. (-) 00.300 to Ch.28.700","sector":"road","status":"commissioned","is_blocked":false,"block_reason":null,"cost_inr_crore":738.9,"progress_pct":99.0,"delay_months":null,"revised_completion_date":"2023-11-09","state":"Rajasthan","geo_confidence":"site","unverified":false}},{"type":"Feature","geometry":{"type":"Point","coordinates":[76.652639,29.516945]},"properties":{"id":"nhai_geoserver-688930c946280e99","title":"Jind - Karnal from junction with Narwana road (NH-352) at Subhash Chowk to ITI Chowk (intersection with NH-1 of NH-709A from km. 68.660 to km. 153.700","sector":"road","status":"commissioned","is_blocked":false,"block_reason":null,"cost_inr_crore":255.58,"progress_pct":99.26,"delay_months":null,"revised_completion_date":"2020-03-13","state":"Haryana","geo_confidence":"site","unverified":false}},{"type":"Feature","geometry":{"type":"Point","coordinates":[75.8577,22.7196]},"properties":{"id":"nhai_geoserver-0bec18f0d395a7cf","title":"Strengthening & Maintenance, Improvement in riding quality and Periodic Repair of 6-lane highway (45km) and service road (58km linear length) including maintenance of structures and lightening of Indore Dewas section of NH-52 from km. 577+550 to km. 610+000 and km. 0+000 to km. 12+600","sector":"road","status":"commissioned","is_blocked":false,"block_reason":null,"cost_inr_crore":null,"progress_pct":null,"delay_months":null,"revised_completion_date":"2024-04-24","state":"Madhya Pradesh","geo_confidence":"city","unverified":false}},{"type":"Feature","geometry":{"type":"Point","coordinates":[75.8577,22.7196]},"properties":{"id":"nhai_geoserver-db5b7a0260cea6ee","title":"Construction of additional 3 lane with paved shoulder (design length 8.87 km) as realignment of Bakaner ghat (between Indore to Khalaghat Section from existing Km 59+190 to Km 66+120) of NH 52 (Old NH 3) on EPC mode in the State of Madhya Pradesh","sector":"road","status":"commissioned","is_blocked":false,"block_reason":null,"cost_inr_crore":209.29,"progress_pct":100.0,"delay_months":null,"revised_completion_date":"2024-12-08","state":"Madhya Pradesh","geo_confidence":"city","unverified":false}},{"type":"Feature","geometry":{"type":"Point","coordinates":[73.152571,22.921382]},"properties":{"id":"nhai_geoserver-f9aa663a8dfce207","title":"Repair and Maintenance of Ahmedabad-Godhra section from Km. 04.200 to Km. 122.420 with overlay work at several locations of NH-47","sector":"road","status":"commissioned","is_blocked":false,"block_reason":null,"cost_inr_crore":41.15,"progress_pct":null,"delay_months":null,"revised_completion_date":"2022-02-07","state":"Gujarat","geo_confidence":"site","unverified":false}},{"type":"Feature","geometry":{"type":"Point","coordinates":[72.5714,23.0225]},"properties":{"id":"nhai_geoserver-ce417834cb55bb95","title":"Annual Maintenance and Incident Management of Ahmedabad - Godhra Section from Km. 4.200 to Km.122.420 on NH-47 in the State of Gujarat","sector":"road","status":"commissioned","is_blocked":false,"block_reason":null,"cost_inr_crore":null,"progress_pct":null,"delay_months":null,"revised_completion_date":"2025-12-16","state":"Gujarat","geo_confidence":"city","unverified":false}},{"type":"Feature","geometry":{"type":"Point","coordinates":[72.5714,23.0225]},"properties":{"id":"nhai_geoserver-eccede2ce97eeb34","title":"Repair work at risk and cost on Ahmedabad – Godhra section of NH-47 from Km.04.200 to 122.420 in the state of Gujarat on item-rate contract","sector":"road","status":"commissioned","is_blocked":false,"block_reason":null,"cost_inr_crore":null,"progress_pct":null,"delay_months":null,"revised_completion_date":"2025-01-18","state":"Gujarat","geo_confidence":"city","unverified":false}},{"type":"Feature","geometry":{"type":"Point","coordinates":[75.8577,22.7196]},"properties":{"id":"nhai_geoserver-2d1a5fd56b639454","title":"Balance work of 4L of Indore-Gujarat/MP Border from km 106.210 to km 115.250 (Start and end point of Bird Sanctuary), km 121.740 to km 127.140 (Machilya Ghat Section) and Forest portion km 149.800 to km 150.850, km 158.250 to km 158.850 of NH-47","sector":"road","status":"commissioned","is_blocked":false,"block_reason":null,"cost_inr_crore":323.51,"progress_pct":100.0,"delay_months":null,"revised_completion_date":"2023-04-11","state":"Madhya Pradesh","geo_confidence":"city","unverified":false}},{"type":"Feature","geometry":{"type":"Point","coordinates":[75.7139,19.7515]},"properties":{"id":"nhai_geoserver-a8d0034630493af1","title":"Four laning from Dive Ghat (Km. 220.900) to Hadapsar (Km. 234.150) of Mohol – Alandi section (Pkg – VI) of NH-965","sector":"road","status":"under_construction","is_blocked":false,"block_reason":null,"cost_inr_crore":819.52,"progress_pct":70.01,"delay_months":null,"revised_completion_date":"2026-10-14","state":"Maharashtra","geo_confidence":"state","unverified":false}},{"type":"Feature","geometry":{"type":"Point","coordinates":[75.7139,19.7515]},"properties":{"id":"nhai_geoserver-7b69bb6f958505c4","title":"4L of existing 2/4L stretch from Lonand  to Dive Ghat (Km 166.400 to Km 220.900 ) of Mohol – Alandi section of NH-965 (Pkg - V)","sector":"road","status":"commissioned","is_blocked":false,"block_reason":null,"cost_inr_crore":1709.56,"progress_pct":98.52,"delay_months":null,"revised_completion_date":"2024-05-02","state":"Maharashtra","geo_confidence":"state","unverified":false}},{"type":"Feature","geometry":{"type":"Point","coordinates":[79.56735,16.9456]},"properties":{"id":"nhai_geoserver-5dbbe82c53576eed","title":"Short term Improvement and Routine Maintenance of 4/6 laning of Hyderabad - Vijayawada section of NH-65 from Km.160.000 to 221.500 in the State of Telangana & Andhra Pradesh.","sector":"road","status":"commissioned","is_blocked":false,"block_reason":null,"cost_inr_crore":null,"progress_pct":null,"delay_months":null,"revised_completion_date":"2027-08-31","state":"Andhra Pradesh","geo_confidence":"city","unverified":false}},{"type":"Feature","geometry":{"type":"Point","coordinates":[73.8567,18.5204]},"properties":{"id":"nhai_geoserver-046a24b6bd64e273","title":"Flyovers from Old Pune Naka to Satrasta chowk till ROB at Vijayapura Road, -Flyovers from Old Pune Naka to Satrasta chowk till ROB at Vijayapura Road,","sector":"road","status":"tendered","is_blocked":false,"block_reason":null,"cost_inr_crore":1348.29,"progress_pct":null,"delay_months":null,"revised_completion_date":null,"state":"Maharashtra","geo_confidence":"city","unverified":false}},{"type":"Feature","geometry":{"type":"Point","coordinates":[76.076479,17.590128]},"properties":{"id":"nhai_geoserver-638338beb29b2654","title":"Four Laning of Akkalkot to Solapur (including Akkalkot Bypass of Length 7.35 km.) from km. 99.400 to km. 138.352 of NH-150 E","sector":"road","status":"commissioned","is_blocked":false,"block_reason":null,"cost_inr_crore":958.13,"progress_pct":100.0,"delay_months":null,"revised_completion_date":"2021-06-12","state":"Maharashtra","geo_confidence":"site","unverified":false}},{"type":"Feature","geometry":{"type":"Point","coordinates":[75.905033,16.415876]},"properties":{"id":"nhai_geoserver-aea3de916588cd6d","title":"6L of MH/KN Border (Nimbal Village) to KN/TS Border (Singnodi Village) from Km. 26.000 to Km. 97.000 in Gulbarga of NH-150C (Pkg-II)","sector":"road","status":"under_construction","is_blocked":false,"block_reason":null,"cost_inr_crore":2355.56,"progress_pct":81.35,"delay_months":null,"revised_completion_date":"2025-06-27","state":"Karnataka","geo_confidence":"site","unverified":false}},{"type":"Feature","geometry":{"type":"Point","coordinates":[76.878175,12.486031]},"properties":{"id":"nhai_geoserver-03e41ecdf27cb93a","title":"6L of MH/KN Border (Nimbal Village) to KN/TS Border (Singnodi Village) from Km. 97.000 to Km. 162.500 in Yadgir of NH-150C (Pkg-III)","sector":"road","status":"under_construction","is_blocked":false,"block_reason":null,"cost_inr_crore":2104.7,"progress_pct":73.9,"delay_months":null,"revised_completion_date":"2025-10-22","state":"Karnataka","geo_confidence":"site","unverified":false}},{"type":"Feature","geometry":{"type":"Point","coordinates":[75.710979,13.221314]},"properties":{"id":"nhai_geoserver-7c71069c181f898f","title":"6L of MH/KN Border (Nimbal Village) to KN/TS Border (Singnodi Village) from Km. 162.5 to Km. 203.100 in Raichur of NH-150C (Pkg-IV)","sector":"road","status":"under_construction","is_blocked":false,"block_reason":null,"cost_inr_crore":1499.73,"progress_pct":99.51,"delay_months":null,"revised_completion_date":"2025-05-13","state":"Karnataka","geo_confidence":"site","unverified":false}},{"type":"Feature","geometry":{"type":"Point","coordinates":[77.6341,16.0881]},"properties":{"id":"nhai_geoserver-5d3568eaae2af0b1","title":"6L Access Controlled Greenfield Highway of Nandinne village to Julekal village from Km 202.900 to Km 242.200 (Pkg-1)","sector":"road","status":"under_construction","is_blocked":false,"block_reason":null,"cost_inr_crore":972.06,"progress_pct":93.79,"delay_months":null,"revised_completion_date":"2025-01-03","state":"Telangana","geo_confidence":"site","unverified":false}},{"type":"Feature","geometry":{"type":"Point","coordinates":[86.259502,22.77391]},"properties":{"id":"nhai_geoserver-952de47078fa50f0","title":"Balance work of Ranchi-Mahulia Section of NH-33 from Km 233.350 (Saharbeda) to Km 277.568 (Mahulia) (Package -IV)","sector":"road","status":"commissioned","is_blocked":false,"block_reason":null,"cost_inr_crore":404.06,"progress_pct":100.0,"delay_months":null,"revised_completion_date":"2020-12-10","state":"Jharkhand","geo_confidence":"site","unverified":false}},{"type":"Feature","geometry":{"type":"Point","coordinates":[75.9064,17.6599]},"properties":{"id":"nhai_geoserver-c3693d1d33c04e1e","title":"Ahmednagar – Solapur - Akkalkot - New Greenfield Highway from Chinchpur (B) village at Km 370.000 to Nagobachiwadi village at Km 415.500 - Package – X","sector":"road","status":"tendered","is_blocked":false,"block_reason":null,"cost_inr_crore":2080.8,"progress_pct":null,"delay_months":null,"revised_completion_date":null,"state":"Maharashtra","geo_confidence":"city","unverified":false}},{"type":"Feature","geometry":{"type":"Point","coordinates":[75.9064,17.6599]},"properties":{"id":"nhai_geoserver-03ebf4e8c93360d4","title":"Ahmednagar – Solapur - Akkalkot -  New Greenfield Highway from  Katgaon at Km. 0.000 to Bale village at Km. 29.000 (Spur connectivity to Solapur city)- Package – XVI","sector":"road","status":"tendered","is_blocked":false,"block_reason":null,"cost_inr_crore":1206.55,"progress_pct":null,"delay_months":null,"revised_completion_date":null,"state":"Maharashtra","geo_confidence":"city","unverified":false}},{"type":"Feature","geometry":{"type":"Point","coordinates":[76.64456,20.746644]},"properties":{"id":"nhai_geoserver-7c2b2be50c51fa3d","title":"Balance Works of 4L Amravati - Chikhli (Pkg - III) [Shelad - Nandura from km. 270.00 to km. 315.00]","sector":"road","status":"commissioned","is_blocked":false,"block_reason":null,"cost_inr_crore":580.01,"progress_pct":100.0,"delay_months":null,"revised_completion_date":"2023-02-07","state":"Maharashtra","geo_confidence":"site","unverified":false}},{"type":"Feature","geometry":{"type":"Point","coordinates":[81.6296,21.2514]},"properties":{"id":"nhai_geoserver-391724d57e97b817","title":"Short term O&M work of 4 Laning of Simga-Sargaon of NH-200 (New NH 130) (Package-II) from Km 48+580 to Km 91+026 section of Raipur-Bilaspur in the State of Chhattisgarh under NHDP-IV on BoQ Basis","sector":"road","status":"commissioned","is_blocked":false,"block_reason":null,"cost_inr_crore":null,"progress_pct":null,"delay_months":null,"revised_completion_date":"2029-09-20","state":"Chhattisgarh","geo_confidence":"city","unverified":false}},{"type":"Feature","geometry":{"type":"Point","coordinates":[81.6296,21.2514]},"properties":{"id":"nhai_geoserver-c10d4db30c08fc31","title":"Short Term O&M Work of 4 laning of Sargaon Bilaspur of NH-200 (New NH-130) (PKG-III) from Km 91+026 to 126+525 section of Raipur Bilaspur in the State of Chhattisgarh under NHDP IV in BoQ basis.","sector":"road","status":"commissioned","is_blocked":false,"block_reason":null,"cost_inr_crore":null,"progress_pct":null,"delay_months":null,"revised_completion_date":"2025-02-28","state":"Chhattisgarh","geo_confidence":"city","unverified":false}},{"type":"Feature","geometry":{"type":"Point","coordinates":[75.9064,17.6599]},"properties":{"id":"nhai_geoserver-03be90a71402ddcf","title":"Ahmednagar – Solapur - Akkalkot -  New Greenfield Highway from from Nagobachiwadi village at Km 415.500 to Hingani village at Km 450.000 - Package – XI","sector":"road","status":"tendered","is_blocked":false,"block_reason":null,"cost_inr_crore":1821.7,"progress_pct":null,"delay_months":null,"revised_completion_date":null,"state":"Maharashtra","geo_confidence":"city","unverified":false}},{"type":"Feature","geometry":{"type":"Point","coordinates":[75.289341,30.429665]},"properties":{"id":"nhai_geoserver-08285e7efc611005","title":"6L Access Controlled Ludhiana-Bathinda Greenfield highway from Jn. with Amritsar-Bathanda Greenfield Road (NH-754A) near Rampura Phul to Jn. with Moga-Barnala Road (NH-703) near village Tallewal from Km 0.0 to Km 30.3 of NH-754AD (Pkg-1)","sector":"road","status":"under_construction","is_blocked":false,"block_reason":null,"cost_inr_crore":906.51,"progress_pct":81.5,"delay_months":null,"revised_completion_date":"2025-09-13","state":"Punjab","geo_confidence":"site","unverified":false}},{"type":"Feature","geometry":{"type":"Point","coordinates":[75.579869,30.639187]},"properties":{"id":"nhai_geoserver-779b03445af43d98","title":"6L Access Controlled Ludhiana-Bathinda Greenfield highway from Jn. with Moga-Barnala Road (NH-703) near village Tallewal to Jn. with Delhi-Katra Expressway (NE-5) near Ludhiana (village Ballowal) from Km 30.300 to Km 75.543 of NH-754AD (Pkg-2)","sector":"road","status":"under_construction","is_blocked":false,"block_reason":null,"cost_inr_crore":1555.13,"progress_pct":25.17,"delay_months":null,"revised_completion_date":"2027-09-29","state":"Punjab","geo_confidence":"site","unverified":false}},{"type":"Feature","geometry":{"type":"Point","coordinates":[75.8573,30.901]},"properties":{"id":"nhai_geoserver-2bb44dc0c82faf45","title":"Development of 6-lane Greenfield Southern Ludhiana Bypass from intersection with NH-44 near Village Rajgarh to intersection with Delhi Katra Expressway (NE-5) near Village Ballowal, km 0+000 to km 25+240","sector":"road","status":"under_construction","is_blocked":false,"block_reason":null,"cost_inr_crore":1424.55,"progress_pct":5.79,"delay_months":null,"revised_completion_date":"2028-03-06","state":"Punjab","geo_confidence":"city","unverified":false}},{"type":"Feature","geometry":{"type":"Point","coordinates":[76.5509,17.12645]},"properties":{"id":"nhai_geoserver-9196b8c338623c19","title":"4L PS access-controlled highway for BHR section of NH-748A (Pkg-7) including extension of alignment from AP/KN road to Surat-Chennai corridor along SH-15 from Ch. 273+400 to Ch. 329+850 along with part of proposed AP/KN road from Ch. 30+720 to Ch. 35","sector":"road","status":"tendered","is_blocked":false,"block_reason":null,"cost_inr_crore":1284.0,"progress_pct":null,"delay_months":null,"revised_completion_date":null,"state":"Karnataka","geo_confidence":"city","unverified":false}},{"type":"Feature","geometry":{"type":"Point","coordinates":[75.7139,19.7515]},"properties":{"id":"nhai_geoserver-5a6204ca86339b64","title":"4L of Ahmednagar - Mirajgaon - Karmala - Tembhurni (Pkg-I) [Ahmednagar to Ghogargaon] from km. 0.00 to km. 38.775 of NH-516A","sector":"road","status":"commissioned","is_blocked":false,"block_reason":null,"cost_inr_crore":980.44,"progress_pct":98.7,"delay_months":null,"revised_completion_date":"2023-12-27","state":"Maharashtra","geo_confidence":"state","unverified":false}},{"type":"Feature","geometry":{"type":"Point","coordinates":[75.7139,19.7515]},"properties":{"id":"nhai_geoserver-5790cd3ce428ec88","title":"4L of Ahmednagar - Mirajgaon - Karmala - Tembhurni (Pkg-II) [Ghogargaon to Ahmednagar- Solpaur District Border] from km. 38.775 to km. 80.390 of NH-516A","sector":"road","status":"commissioned","is_blocked":false,"block_reason":null,"cost_inr_crore":1031.9,"progress_pct":99.85,"delay_months":null,"revised_completion_date":"2024-01-12","state":"Maharashtra","geo_confidence":"state","unverified":false}},{"type":"Feature","geometry":{"type":"Point","coordinates":[76.200555,25.505278]},"properties":{"id":"nhai_geoserver-eb386ba69eefbbc6","title":"Delhi-Vadodara Greenfield Alignment (NH-148N) (Pkg-12) (Ch. 331.030 to Ch. 359.170) [Major Bridge on Mej River to Junction with SH-37A]","sector":"road","status":"commissioned","is_blocked":false,"block_reason":null,"cost_inr_crore":1420.03,"progress_pct":100.0,"delay_months":null,"revised_completion_date":"2023-03-31","state":"Rajasthan","geo_confidence":"site","unverified":false}},{"type":"Feature","geometry":{"type":"Point","coordinates":[75.7139,19.7515]},"properties":{"id":"nhai_geoserver-53700f8419c5b66b","title":"Strengthening under one time improvement of existing carriageway in Deoli Town with white topping [Length - 3.200 Km.] on Yavatmal - Wardha Section of NH-361 in the State of Maharashtra on EPC Mode.","sector":"road","status":"commissioned","is_blocked":false,"block_reason":null,"cost_inr_crore":21.02,"progress_pct":null,"delay_months":null,"revised_completion_date":"2025-03-01","state":"Maharashtra","geo_confidence":"state","unverified":false}},{"type":"Feature","geometry":{"type":"Point","coordinates":[75.7139,19.7515]},"properties":{"id":"nhai_geoserver-f380ae026e019392","title":"Balance Works (i) Pedestrian Underpass at Km .514+960 including approaches & both side service road , (ii) Bus lay bay & bus shelter, (iii) Drain from Km.514.660 to Km.515.087 on both sides and (iv) Junction at Km .514.960 on 4-laned Wardha - Butibori section of NH-361 (Km.465-:-500 to Km .524.690","sector":"road","status":"commissioned","is_blocked":false,"block_reason":null,"cost_inr_crore":null,"progress_pct":null,"delay_months":null,"revised_completion_date":"2025-01-09","state":"Maharashtra","geo_confidence":"state","unverified":false}},{"type":"Feature","geometry":{"type":"Point","coordinates":[87.855,22.9868]},"properties":{"id":"nhai_geoserver-67a4d2399bae5d96","title":"4L Chandrakona-Ghatal Road crossing to Bowaichandi section from Km 41.000 to Km 89.814 of NH-116A (Pkg-2) in the state of West Bengal under HAM mode","sector":"road","status":"awarded","is_blocked":false,"block_reason":null,"cost_inr_crore":2163.75,"progress_pct":null,"delay_months":null,"revised_completion_date":null,"state":"West Bengal","geo_confidence":"state","unverified":false}},{"type":"Feature","geometry":{"type":"Point","coordinates":[78.6569,22.9734]},"properties":{"id":"nhai_geoserver-9414f5e16bcfe71a","title":"(i) 4L  Vidisha to Hinotiya from km 0.000 to Km 27.000 (Vidisha – Mehulwa-Talbehat Pkg-I) Section of NH- 346 and (ii) 4L Vidisha to Morikori from Km 39.000 to 59.476  section of NH-146","sector":"road","status":"under_construction","is_blocked":false,"block_reason":null,"cost_inr_crore":1003.87,"progress_pct":87.14,"delay_months":null,"revised_completion_date":"2025-12-20","state":"Madhya Pradesh","geo_confidence":"state","unverified":false}},{"type":"Feature","geometry":{"type":"Point","coordinates":[77.43284,20.62808]},"properties":{"id":"nhai_geoserver-d82a0219fa5b786b","title":"Four Laning of Tuljapur to Ausa section (including Tuljapur Bypass of 11.593 km.) of NH-361 from Km 0.000 to Km 55.835","sector":"road","status":"commissioned","is_blocked":false,"block_reason":null,"cost_inr_crore":1564.34,"progress_pct":100.0,"delay_months":null,"revised_completion_date":"2020-05-20","state":"Maharashtra","geo_confidence":"site","unverified":false}},{"type":"Feature","geometry":{"type":"Point","coordinates":[78.6569,22.9734]},"properties":{"id":"nhai_geoserver-4b3059fa73e1e854","title":"4L of Chowka to Kaimaha near MP/UP Border section NH-34 from D. Ch. 145.000 to D. Ch. 197.266 excluding existing Chhatarpur bypass from D. Ch. 160.307 to D. Ch. 168.630 (Package-4)","sector":"road","status":"under_construction","is_blocked":false,"block_reason":null,"cost_inr_crore":996.5,"progress_pct":30.66,"delay_months":null,"revised_completion_date":"2027-09-21","state":"Madhya Pradesh","geo_confidence":"state","unverified":false}},{"type":"Feature","geometry":{"type":"Point","coordinates":[78.6569,22.9734]},"properties":{"id":"nhai_geoserver-a8a139af55aaa1dd","title":"4 -Laning of MP/UP Border to Kabarai section of NH-34&35 from km 197.000 to km 242.991 (Length= 45.991 Km) (Sagar-Kabrai Package-5) under Bharat Mala Pariyojana (EC) in MP & UP on HAM","sector":"road","status":"under_construction","is_blocked":false,"block_reason":null,"cost_inr_crore":1632.93,"progress_pct":61.77,"delay_months":null,"revised_completion_date":"2027-02-14","state":"Madhya Pradesh","geo_confidence":"state","unverified":false}},{"type":"Feature","geometry":{"type":"Point","coordinates":[79.9864,23.1815]},"properties":{"id":"nhai_geoserver-628de5842ea448d4","title":"Routine Maintenance and Incident Management of four Lane Jabalpur-Lakhnadon Section of NH-7 from Km 465.600 to Km 546.425 in the state of Madhya Pradesh.","sector":"road","status":"commissioned","is_blocked":false,"block_reason":null,"cost_inr_crore":null,"progress_pct":null,"delay_months":null,"revised_completion_date":"2025-03-01","state":"Madhya Pradesh","geo_confidence":"city","unverified":false}},{"type":"Feature","geometry":{"type":"Point","coordinates":[79.9864,23.1815]},"properties":{"id":"nhai_geoserver-ab709e491ebbce75","title":"Routine Maintenance and Incident Management of Four Lanning of Rewa-Katni Jabalpur Section of NH-7 (new NH-30 from Km 397.000 to Km 465.500 (Package- lV)","sector":"road","status":"commissioned","is_blocked":false,"block_reason":null,"cost_inr_crore":null,"progress_pct":null,"delay_months":null,"revised_completion_date":"2024-10-20","state":"Madhya Pradesh","geo_confidence":"city","unverified":false}},{"type":"Feature","geometry":{"type":"Point","coordinates":[79.4304,28.367]},"properties":{"id":"nhai_geoserver-447542908a4a0add","title":"Strengthening & overlay on intermittent locations of Bareilly‐Sitapur balance works section from Km. 262.000 to Km. 419.590 of NH‐30","sector":"road","status":"under_construction","is_blocked":false,"block_reason":null,"cost_inr_crore":158.39,"progress_pct":96.8,"delay_months":null,"revised_completion_date":"2025-03-11","state":"Uttar Pradesh","geo_confidence":"city","unverified":false}},{"type":"Feature","geometry":{"type":"Point","coordinates":[75.7139,19.7515]},"properties":{"id":"nhai_geoserver-2d42a2beb6454ea5","title":"Balance work of Four Laning of Sinnar to Shirdi section of NH-160 from Design Km. 0+000 to Km. 50+943 (including Sinnar Bypass) in the state of Maharashtra on EPC Mode.","sector":"road","status":"under_construction","is_blocked":false,"block_reason":null,"cost_inr_crore":114.89,"progress_pct":40.0,"delay_months":null,"revised_completion_date":"2026-01-20","state":"Maharashtra","geo_confidence":"state","unverified":false}},{"type":"Feature","geometry":{"type":"Point","coordinates":[80.9462,26.8467]},"properties":{"id":"nhai_geoserver-5d9b72ab21296e7d","title":"4L Elevated Corridor from near Madiaon to IIM Crossing (KM. 486.285 to km. 488.231) on Lucknow – Sitapur section of NH-24","sector":"road","status":"commissioned","is_blocked":false,"block_reason":null,"cost_inr_crore":126.58,"progress_pct":100.0,"delay_months":null,"revised_completion_date":"2023-12-15","state":"Uttar Pradesh","geo_confidence":"city","unverified":false}},{"type":"Feature","geometry":{"type":"Point","coordinates":[78.6569,11.1271]},"properties":{"id":"nhai_geoserver-0d281287ef3ee9bb","title":"Strengthening and Major Maintenance of the Existing Highway (i) from Km. 29+300 to Km. 31+700 (ii) from Km. 52.300 to Km 96.000 & iii) from Km. 101.000 to Km. 105.000 on Tambaram to Tindivanam section of NH-32 (Old NH- 45) in the State of Tamil Nadu","sector":"road","status":"commissioned","is_blocked":false,"block_reason":null,"cost_inr_crore":null,"progress_pct":null,"delay_months":null,"revised_completion_date":"2025-01-06","state":"Tamil Nadu","geo_confidence":"state","unverified":false}},{"type":"Feature","geometry":{"type":"Point","coordinates":[75.3433,19.8762]},"properties":{"id":"nhai_geoserver-d5f867a3f67a2b09","title":"One time improvement of the bypassed stretch of Beed city from km. 172.950 to km. 183.040 on Yedshi – Aurangabad section of NH-211 (New NH 52)","sector":"road","status":"commissioned","is_blocked":false,"block_reason":null,"cost_inr_crore":null,"progress_pct":100.0,"delay_months":null,"revised_completion_date":"2022-06-03","state":"Maharashtra","geo_confidence":"city","unverified":false}},{"type":"Feature","geometry":{"type":"Point","coordinates":[75.235807,12.853357]},"properties":{"id":"nhai_geoserver-96cb2c2b57af7450","title":"4L of Addahole (Near Gundya) to Bantwal Cross section (Pkg-02) from Design Km 270.270 to Design km 318.55 including flyover at Kalladka Town including approaches from Km. 311.57 to Km. 313.67 of NH-75 (Old NH-48)","sector":"road","status":"under_construction","is_blocked":false,"block_reason":null,"cost_inr_crore":1660.19,"progress_pct":94.21,"delay_months":null,"revised_completion_date":"2023-11-22","state":"Karnataka","geo_confidence":"site","unverified":false}},{"type":"Feature","geometry":{"type":"Point","coordinates":[85.0985,20.9517]},"properties":{"id":"nhai_geoserver-82b9aa2a3b46f636","title":"4L Godibandha to Ballhar Chhak, Ballhar Chhak to Banarpal & Banarpal to Start of Angul by­pass at Km.314.130 to Km.321.035 of NH­53, at Km.75.200 to Km.84.000 of NH­149 & at Km.84.000 to Km.86.100 of NH­55","sector":"road","status":"under_construction","is_blocked":false,"block_reason":null,"cost_inr_crore":973.12,"progress_pct":5.4,"delay_months":null,"revised_completion_date":"2028-02-23","state":"Odisha","geo_confidence":"state","unverified":false}},{"type":"Feature","geometry":{"type":"Point","coordinates":[77.117,12.6337]},"properties":{"id":"nhai_geoserver-37f2ca47856d3dc2","title":"Additional works under BM1 to ensure road safety under 6L of Bengaluru – Mysuru Access control with close toll from Km.17.300 to  Km.136.300 of NH-275","sector":"road","status":"under_construction","is_blocked":false,"block_reason":null,"cost_inr_crore":738.37,"progress_pct":12.67,"delay_months":null,"revised_completion_date":"2028-01-19","state":"Karnataka","geo_confidence":"city","unverified":false}},{"type":"Feature","geometry":{"type":"Point","coordinates":[77.209,28.6139]},"properties":{"id":"nhai_geoserver-3fae84c675472c4d","title":"Incident Management and O&M on 4/6-laning of Delhi/Haryana Border to Rohtak section of NH-10 from Km. 29.650 to Km. 93.140 including Bahadurgarh and Rohtak bypasses","sector":"road","status":"commissioned","is_blocked":false,"block_reason":null,"cost_inr_crore":null,"progress_pct":null,"delay_months":null,"revised_completion_date":"2024-08-31","state":"Haryana","geo_confidence":"city","unverified":false}},{"type":"Feature","geometry":{"type":"Point","coordinates":[76.084549,29.050059]},"properties":{"id":"nhai_geoserver-ec01eb7bf1e7bd6c","title":"4L of Rohtak - Hisar section  from km. 87.00 to km. 170.00 on NH-10 including connecting link from km. 87.000 (NH-10) to km. 348.000 (NH-71)","sector":"road","status":"cancelled","is_blocked":true,"block_reason":"other","cost_inr_crore":1310.55,"progress_pct":0.0,"delay_months":null,"revised_completion_date":"2016-06-22","state":"Haryana","geo_confidence":"site","unverified":false}},{"type":"Feature","geometry":{"type":"Point","coordinates":[76.0856,29.0588]},"properties":{"id":"nhai_geoserver-858c86e9bc059eba","title":"Four laning of Rohtak to Hisar section of NH-10 (from km 87+000 to km 170+000) including connecting link from Km 87+000 (NH-10) to Km 348+000 (NH-71) on EPC mode under NHDP Phase III in the state of Haryana","sector":"road","status":"commissioned","is_blocked":false,"block_reason":null,"cost_inr_crore":null,"progress_pct":null,"delay_months":null,"revised_completion_date":"2023-05-31","state":"Haryana","geo_confidence":"state","unverified":false}},{"type":"Feature","geometry":{"type":"Point","coordinates":[76.2711,10.8505]},"properties":{"id":"nhai_geoserver-fdd8ea4ffd97e142","title":"Widening/Development of Existing NH-85 from Km 0.000 to Km 124.636 section to 2L/@L+PS section in the state of Kerala on EPC Mode under Bharatmala Pariyojana","sector":"road","status":"under_construction","is_blocked":false,"block_reason":null,"cost_inr_crore":1187.47,"progress_pct":81.98,"delay_months":null,"revised_completion_date":"2025-06-25","state":"Kerala","geo_confidence":"state","unverified":false}},{"type":"Feature","geometry":{"type":"Point","coordinates":[75.7139,15.3173]},"properties":{"id":"nhai_geoserver-9234e89f838bc2d6","title":"4L of Left-Over Works of Hospet-Bellary -Karnataka/AP border from Km.280.080 (Dec.Ch.) to Km.375+450(Des.Ch.) of NH-63 (New-67)","sector":"road","status":"under_construction","is_blocked":false,"block_reason":null,"cost_inr_crore":1340.15,"progress_pct":92.51,"delay_months":null,"revised_completion_date":"2025-05-14","state":"Karnataka","geo_confidence":"state","unverified":false}},{"type":"Feature","geometry":{"type":"Point","coordinates":[77.6206,29.4652]},"properties":{"id":"nhai_geoserver-63db939c65873179","title":"6L with access control provision Saharanpur bypass to Ganeshpur section from 13.89 Km to 41.820 Km of Delhi- Dehradun Economic Corridor (package-2)","sector":"road","status":"under_construction","is_blocked":false,"block_reason":null,"cost_inr_crore":796.65,"progress_pct":99.29,"delay_months":null,"revised_completion_date":"2024-11-03","state":"Uttarakhand","geo_confidence":"city","unverified":false}},{"type":"Feature","geometry":{"type":"Point","coordinates":[80.9462,26.8467]},"properties":{"id":"nhai_geoserver-da4a3324a041bbb8","title":"6L access Controlled Greenfield Highway from Gogwan Jalalpur (Shamli) to Ranipur Barsi (Saharanpur) of Shamli -Ambala section (Package-I) (Design Ch. Form km 00.600 to km 45.500)","sector":"road","status":"under_construction","is_blocked":false,"block_reason":null,"cost_inr_crore":1843.59,"progress_pct":68.2,"delay_months":null,"revised_completion_date":"2025-05-15","state":"Uttar Pradesh","geo_confidence":"state","unverified":false}},{"type":"Feature","geometry":{"type":"Point","coordinates":[76.0856,29.0588]},"properties":{"id":"nhai_geoserver-c2923cb184678030","title":"6L access Controlled Greenfield Highway from Adhoya Musalmana to Sadopur section of Shamli -Ambala (Package-III) (Design Ch. Form km 84.400 to km 121.786)","sector":"road","status":"under_construction","is_blocked":false,"block_reason":null,"cost_inr_crore":1491.72,"progress_pct":81.33,"delay_months":null,"revised_completion_date":"2025-05-01","state":"Haryana","geo_confidence":"state","unverified":false}},{"type":"Feature","geometry":{"type":"Point","coordinates":[76.0856,29.0588]},"properties":{"id":"nhai_geoserver-7f4cdd0bd6bb1bf3","title":"6L access Controlled Greenfield Highway from Ranipur Barsi to Adhoya Musalmana  section of Shamli -Ambala (Package-II) (Design Ch. Form km 45.500 to km 84.400)","sector":"road","status":"under_construction","is_blocked":false,"block_reason":null,"cost_inr_crore":1554.21,"progress_pct":82.75,"delay_months":null,"revised_completion_date":"2025-05-16","state":"Haryana","geo_confidence":"state","unverified":false}},{"type":"Feature","geometry":{"type":"Point","coordinates":[84.14175,24.33085]},"properties":{"id":"nhai_geoserver-39a686820c65a698","title":"6L Greenfield Varanasi-Ranchi-Kolkata Highway from  Anarbansalea village to Sagrampur village (From KM. 151+200 to KM. 184+700)(Package-7)","sector":"road","status":"under_construction","is_blocked":false,"block_reason":null,"cost_inr_crore":1719.2,"progress_pct":28.16,"delay_months":null,"revised_completion_date":"2027-06-30","state":"Bihar","geo_confidence":"city","unverified":false}},{"type":"Feature","geometry":{"type":"Point","coordinates":[84.14175,24.33085]},"properties":{"id":"nhai_geoserver-e0dcce15ef3b3ad8","title":"6L Greenfield Varanasi-Ranchi-Kolkata Highway from Pachmon village to Anarbansalea village (From KM. 116+000 to KM. 151+200) (Package-6)","sector":"road","status":"under_construction","is_blocked":false,"block_reason":null,"cost_inr_crore":1915.99,"progress_pct":24.87,"delay_months":null,"revised_completion_date":"2027-09-03","state":"Bihar","geo_confidence":"city","unverified":false}},{"type":"Feature","geometry":{"type":"Point","coordinates":[84.14175,24.33085]},"properties":{"id":"nhai_geoserver-86549d8e255e187f","title":"6L Greenfield Varanasi-Ranchi-Kolkata Highway from junction with Chandauli-Chainpur Road near Khainti village to junction with Bhabhua-Adhaura road near Palka village (from Km. 27.000 to Km. 54.000) (Pkg-2)","sector":"road","status":"under_construction","is_blocked":false,"block_reason":null,"cost_inr_crore":1240.93,"progress_pct":26.77,"delay_months":null,"revised_completion_date":"2027-10-05","state":"Bihar","geo_confidence":"city","unverified":false}},{"type":"Feature","geometry":{"type":"Point","coordinates":[84.14175,24.33085]},"properties":{"id":"nhai_geoserver-50ae1b474f5734b0","title":"6L Greenfield Varanasi-Ranchi-Kolkata Highway from junction with Bhabhua-Adhaura road in Bhairopur village to Konki village (From KM. 54.000 to KM. 90.000)(Pkg-3)","sector":"road","status":"under_construction","is_blocked":false,"block_reason":null,"cost_inr_crore":1576.94,"progress_pct":27.91,"delay_months":null,"revised_completion_date":"2027-10-05","state":"Bihar","geo_confidence":"city","unverified":false}},{"type":"Feature","geometry":{"type":"Point","coordinates":[84.14175,24.33085]},"properties":{"id":"nhai_geoserver-f439e2e7e0c6537b","title":"6L Greenfield Varanasi-Ranchi-Kolkata Highway from junction with NH-19 & Varanasi Ring Road near Rewasa village to junction with Chandauli-Chainpur road near Khainti village (from Km. 0.000 to Km. 27.000) - Pkg-1","sector":"road","status":"under_construction","is_blocked":false,"block_reason":null,"cost_inr_crore":1433.39,"progress_pct":46.16,"delay_months":null,"revised_completion_date":"2026-11-24","state":null,"geo_confidence":"city","unverified":false}},{"type":"Feature","geometry":{"type":"Point","coordinates":[84.14175,24.33085]},"properties":{"id":"nhai_geoserver-e5ac0507d490faf5","title":"6 Lane Greenfield Varanasi- Ranchi- Kolkata Highway from Donoreshan village to junction with  NH-20 in Bongabar village from km 288.600 to km 325.500 (Pkg -11)","sector":"road","status":"under_construction","is_blocked":false,"block_reason":null,"cost_inr_crore":1856.12,"progress_pct":null,"delay_months":null,"revised_completion_date":"2028-07-05","state":"Jharkhand","geo_confidence":"city","unverified":false}},{"type":"Feature","geometry":{"type":"Point","coordinates":[84.14175,24.33085]},"properties":{"id":"nhai_geoserver-e68a0dd655589166","title":"6 Lane Greenfield Varanasi- Ranchi- Kolkata Highway from Deoria village to Donoreshan village from km 253.000 to km 288.600  (Pkg -10)","sector":"road","status":"under_construction","is_blocked":false,"block_reason":null,"cost_inr_crore":1546.27,"progress_pct":5.65,"delay_months":null,"revised_completion_date":"2028-05-29","state":"Jharkhand","geo_confidence":"city","unverified":false}},{"type":"Feature","geometry":{"type":"Point","coordinates":[84.14175,24.33085]},"properties":{"id":"nhai_geoserver-85b044fb031d6ef2","title":"6L Greenfield Varanasi- Ranchi- Kolkata Highway from Sonepurbigha village to junction with NH- 22( Chatra Bypass) near Chatra from km 184.700 to km 222.000(Pkg -8)","sector":"road","status":"under_construction","is_blocked":false,"block_reason":null,"cost_inr_crore":1728.17,"progress_pct":4.5,"delay_months":null,"revised_completion_date":"2028-05-22","state":"Jharkhand","geo_confidence":"city","unverified":false}},{"type":"Feature","geometry":{"type":"Point","coordinates":[84.14175,24.33085]},"properties":{"id":"nhai_geoserver-702237f9441175ce","title":"6L Greenfield Varanasi- Ranchi- Kolkata Highway from junction with  NH-20 in Bongabar village to junction with NH-30 in Lepo village from km 325.500 to km 358.500  (Pkg -12)","sector":"road","status":"under_construction","is_blocked":false,"block_reason":null,"cost_inr_crore":1525.52,"progress_pct":0.1,"delay_months":null,"revised_completion_date":"2028-07-05","state":"Jharkhand","geo_confidence":"city","unverified":false}},{"type":"Feature","geometry":{"type":"Point","coordinates":[84.14175,24.33085]},"properties":{"id":"nhai_geoserver-c6ad83f6d30868ba","title":"6L Greenfield Varanasi- Ranchi- Kolkata Highway from junction  with  NH-320 in Lepo  village to Kamlapur village(JH/WB border)  from km 358.500 to km 387.200 (Pkg -13)","sector":"road","status":"under_construction","is_blocked":false,"block_reason":null,"cost_inr_crore":1154.49,"progress_pct":20.43,"delay_months":null,"revised_completion_date":"2027-09-29","state":"Jharkhand","geo_confidence":"city","unverified":false}},{"type":"Feature","geometry":{"type":"Point","coordinates":[86.2029,22.8046]},"properties":{"id":"nhai_geoserver-2945f2215cf297be","title":"4L Elevated corridor of Kalimandir-Dimna Chowk-Baliguma (Jamshedpur) Section of NH-33 (New NH-18) (from km 241+940 to km 251+961) (Length 10.021 km)","sector":"road","status":"under_construction","is_blocked":false,"block_reason":null,"cost_inr_crore":936.26,"progress_pct":49.5,"delay_months":null,"revised_completion_date":"2027-03-15","state":"Jharkhand","geo_confidence":"city","unverified":false}},{"type":"Feature","geometry":{"type":"Point","coordinates":[85.843641,26.03716]},"properties":{"id":"nhai_geoserver-c4e1f1be3ff820b2","title":"4L of Greenfield Alignment from Km. 47.000 to Km. 89.210 of  Balbhadarpur to Bela Nawda Section  of NH-119D","sector":"road","status":"under_construction","is_blocked":false,"block_reason":null,"cost_inr_crore":2185.75,"progress_pct":30.41,"delay_months":null,"revised_completion_date":"2026-03-10","state":"Bihar","geo_confidence":"site","unverified":false}},{"type":"Feature","geometry":{"type":"Point","coordinates":[85.8918,26.1542]},"properties":{"id":"nhai_geoserver-0c5341c1f0fb60cb","title":"Construction of 6-lane Greenfield corridor from Ramnagar to Kacchi Dargah NH-119D (from Km 109+700 to Km 122+300), including widening of the existing NH-31 (from Km 196+700 to Km 198+600), as part of the Amas-Darbhanga.","sector":"road","status":"under_construction","is_blocked":false,"block_reason":null,"cost_inr_crore":1113.46,"progress_pct":0.8,"delay_months":null,"revised_completion_date":"2028-04-23","state":"Bihar","geo_confidence":"city","unverified":false}},{"type":"Feature","geometry":{"type":"Point","coordinates":[76.42461,28.155214]},"properties":{"id":"nhai_geoserver-392936ea34710b06","title":"Upgradation of 4 lane of Rewari-Ateli Mandi Section of NH-11 from Km11.780 to Rewari to Ex. Km 43.445 near Ateli Mandi","sector":"road","status":"commissioned","is_blocked":false,"block_reason":null,"cost_inr_crore":652.07,"progress_pct":100.0,"delay_months":null,"revised_completion_date":"2023-07-04","state":"Haryana","geo_confidence":"site","unverified":false}},{"type":"Feature","geometry":{"type":"Point","coordinates":[78.7047,10.7905]},"properties":{"id":"nhai_geoserver-d8a975f2b1968b0f","title":"Operation and Maintenance including Incident Management for One year from Km 80.000 to Km 136.490 of Thanjavur to Trichy  Section of NH-67 (New NH-83)","sector":"road","status":"commissioned","is_blocked":false,"block_reason":null,"cost_inr_crore":null,"progress_pct":null,"delay_months":null,"revised_completion_date":"2026-03-09","state":"Tamil Nadu","geo_confidence":"city","unverified":false}},{"type":"Feature","geometry":{"type":"Point","coordinates":[75.7139,19.7515]},"properties":{"id":"nhai_geoserver-cf103a95c50c4b38","title":"Development of existing road in Khed and Narayangaon town excluding rehabilitation of bridges on Khed Sinnar section of NH-60","sector":"road","status":"commissioned","is_blocked":false,"block_reason":null,"cost_inr_crore":38.93,"progress_pct":100.0,"delay_months":null,"revised_completion_date":"2019-08-30","state":"Maharashtra","geo_confidence":"state","unverified":false}},{"type":"Feature","geometry":{"type":"Point","coordinates":[78.7047,10.7905]},"properties":{"id":"nhai_geoserver-3ad920bebb486c6f","title":"Strengthening of Thanjavur to Trichy section from Km 80.000 to Km 128.480 of NH67 New NH83 in the State of Tamil Nadu on Item Rate Basis","sector":"road","status":"commissioned","is_blocked":false,"block_reason":null,"cost_inr_crore":null,"progress_pct":null,"delay_months":null,"revised_completion_date":"2025-08-19","state":"Tamil Nadu","geo_confidence":"city","unverified":false}},{"type":"Feature","geometry":{"type":"Point","coordinates":[74.8723,31.634]},"properties":{"id":"nhai_geoserver-06fcf1c1aae7840c","title":"One Time Improvement of Bypassed Section of new NH-354 of section Amritsar (Airport junction) to Ramdas from Ch. 100.835 to Ch. 139.813","sector":"road","status":"under_construction","is_blocked":false,"block_reason":null,"cost_inr_crore":null,"progress_pct":null,"delay_months":null,"revised_completion_date":"2024-02-25","state":"Punjab","geo_confidence":"city","unverified":false}},{"type":"Feature","geometry":{"type":"Point","coordinates":[78.6569,11.1271]},"properties":{"id":"nhai_geoserver-d8cd095d7c14cbf6","title":"4L of Vadugapatti to Therkuvenganallur (Rajapalyam) section from km 36.000 to km 71.600 of NH-744","sector":"road","status":"commissioned","is_blocked":false,"block_reason":null,"cost_inr_crore":1317.6,"progress_pct":100.0,"delay_months":null,"revised_completion_date":"2025-04-10","state":"Tamil Nadu","geo_confidence":"state","unverified":false}},{"type":"Feature","geometry":{"type":"Point","coordinates":[72.5714,23.0225]},"properties":{"id":"nhai_geoserver-fc013d24640d0fb7","title":"Construction of 6 lane access controlled Greenfield Tharad-Deesa-Mehsana-Ahmedabad Corridor from km. 0.000 to 105.800 (Tharad to Bhandu Package-1) on BOT Mode in the State of Gujarat.","sector":"road","status":"tendered","is_blocked":false,"block_reason":null,"cost_inr_crore":4367.24,"progress_pct":null,"delay_months":null,"revised_completion_date":null,"state":"Gujarat","geo_confidence":"city","unverified":false}},{"type":"Feature","geometry":{"type":"Point","coordinates":[80.476924,17.204273]},"properties":{"id":"nhai_geoserver-9cd59e248d1081d4","title":"Khammam-Devarapalle Pkg I [4L  Access Controlled (Greenfield) from Thallampadu village to Somavaram village (Design Chainage 0+000 to 33+604)]","sector":"road","status":"under_construction","is_blocked":false,"block_reason":null,"cost_inr_crore":797.36,"progress_pct":97.26,"delay_months":null,"revised_completion_date":"2024-10-30","state":"Telangana","geo_confidence":"site","unverified":false}},{"type":"Feature","geometry":{"type":"Point","coordinates":[80.495732,17.16143]},"properties":{"id":"nhai_geoserver-7e404e92c02a5f55","title":"Khammam-Devarapalle Pkg II [4L Access Controlled (Greenfield) from Somavaram village to Chintagudem village (Design Chainage 33+604 to 63+117)]","sector":"road","status":"under_construction","is_blocked":false,"block_reason":null,"cost_inr_crore":615.78,"progress_pct":98.04,"delay_months":null,"revised_completion_date":"2024-09-12","state":"Telangana","geo_confidence":"site","unverified":false}},{"type":"Feature","geometry":{"type":"Point","coordinates":[81.141575,17.09664]},"properties":{"id":"nhai_geoserver-16e568a07cc0d4e1","title":"Khammam-Devarapalle Pkg IV [4L Access Controlled (Greenfield) from Recherla village to Gurvaygudem village (Design Chainage 105+236 to 132+664)]","sector":"road","status":"commissioned","is_blocked":false,"block_reason":null,"cost_inr_crore":569.37,"progress_pct":100.0,"delay_months":null,"revised_completion_date":"2024-09-25","state":"Andhra Pradesh","geo_confidence":"site","unverified":false}},{"type":"Feature","geometry":{"type":"Point","coordinates":[81.401191,17.06181]},"properties":{"id":"nhai_geoserver-af5f811d3f0c6246","title":"Khammam-Devarapalle Pkg V [4L Access Controlled (Greenfield) from Gurvaygudem village to Devarapalle village (Design Chainage 132+664 to 162+126)","sector":"road","status":"commissioned","is_blocked":false,"block_reason":null,"cost_inr_crore":711.94,"progress_pct":100.0,"delay_months":null,"revised_completion_date":"2024-09-25","state":"Andhra Pradesh","geo_confidence":"site","unverified":false}},{"type":"Feature","geometry":{"type":"Point","coordinates":[76.586424,21.875105]},"properties":{"id":"nhai_geoserver-10d438c52c5cc7af","title":"Dhangaon - Borgaon section (km 81.000 to km 139.000) [Indore - Edlabad Pkg IV]","sector":"road","status":"under_construction","is_blocked":false,"block_reason":null,"cost_inr_crore":866.0,"progress_pct":99.8,"delay_months":null,"revised_completion_date":"2023-08-03","state":"Madhya Pradesh","geo_confidence":"site","unverified":false}},{"type":"Feature","geometry":{"type":"Point","coordinates":[85.298789,25.894049]},"properties":{"id":"nhai_geoserver-5269fd33f130b03f","title":"4L of Hajipur-Muzaffarpur Section of the existing NH-77  from Km. 0+000 (Ramashish Chowk) to Km. 46+300 and new bypass starting at Km. 46+300 and connecting NH-28 of E-W Corridor at Km. 515+045","sector":"road","status":"under_construction","is_blocked":false,"block_reason":null,"cost_inr_crore":2723.39,"progress_pct":99.45,"delay_months":null,"revised_completion_date":"2013-02-06","state":"Bihar","geo_confidence":"site","unverified":false}},{"type":"Feature","geometry":{"type":"Point","coordinates":[85.1376,25.5941]},"properties":{"id":"nhai_geoserver-5d2af7e0eacdc1cd","title":"4L of Patna-Arrah-sasaram corridor Package 2 Section 1 :- Gharani at Ch. Km 73+700 Patar at  Ch. Km 84+300 & Section 2 :- Greenfield from Sadisopur at Patna Ring Road ( NH-131G) Ch. Km 0+000 to Asani (at NH-319) at Ch Km 35+800, of NH-119A","sector":"road","status":"awarded","is_blocked":false,"block_reason":null,"cost_inr_crore":1996.46,"progress_pct":null,"delay_months":null,"revised_completion_date":null,"state":"Bihar","geo_confidence":"city","unverified":false}},{"type":"Feature","geometry":{"type":"Point","coordinates":[75.7139,19.7515]},"properties":{"id":"nhai_geoserver-6e8cc2a1f56a2b77","title":"Balance work under Phase-I for 4L of Khed Sinner Section comprising of the stretches (i) Khed Bypass (km 42.000 to km 46.981), (ii) Peth (km 56.100 to km 56.780), (iii) Manchar bypass and (iv) linear length of Eklahre from km 60.100 to km 68.576","sector":"road","status":"commissioned","is_blocked":false,"block_reason":null,"cost_inr_crore":216.58,"progress_pct":100.0,"delay_months":null,"revised_completion_date":"2022-10-13","state":"Maharashtra","geo_confidence":"state","unverified":false}},{"type":"Feature","geometry":{"type":"Point","coordinates":[78.6569,22.9734]},"properties":{"id":"nhai_geoserver-76171be5e56e3778","title":"Balance Work for Construction of Two lane with paved shoulder from Km 80+800 to Km 85+250 (Satna-Maihar section) of NH 135BG (design length 4.450 km) under  Bharatmala  Pariyojana in the State of Madhya Pradesh on EPC Mode","sector":"road","status":"under_construction","is_blocked":false,"block_reason":null,"cost_inr_crore":92.47,"progress_pct":28.58,"delay_months":null,"revised_completion_date":"2026-09-28","state":"Madhya Pradesh","geo_confidence":"state","unverified":false}},{"type":"Feature","geometry":{"type":"Point","coordinates":[74.600448,30.071599]},"properties":{"id":"nhai_geoserver-a0fd50fc39083f24","title":"4L of Malout-Mandi Dabwali section (Pkg-01) [Danewala at km 7.000 to Mandi Dabwali at km 29.500] of NH-09","sector":"road","status":"commissioned","is_blocked":false,"block_reason":null,"cost_inr_crore":366.85,"progress_pct":99.69,"delay_months":null,"revised_completion_date":"2023-06-18","state":"Punjab","geo_confidence":"site","unverified":false}},{"type":"Feature","geometry":{"type":"Point","coordinates":[75.830167,30.957254]},"properties":{"id":"nhai_geoserver-479c19279cfda052","title":"4/6L Greenfield Ludhiana– Rupnagar highway from Jn. with NE-5 village near to Manewal(Ludhiana) to Jn. with NH-205 near Bheora Village (Rupnagar) from Km. 0.00 to Km. 37.7 including spur to Kharar with Ludhiana bypass of NH-205K (Pkg-1)","sector":"road","status":"under_construction","is_blocked":false,"block_reason":null,"cost_inr_crore":1368.91,"progress_pct":15.31,"delay_months":null,"revised_completion_date":"2024-12-10","state":"Punjab","geo_confidence":"site","unverified":false}},{"type":"Feature","geometry":{"type":"Point","coordinates":[75.8573,30.901]},"properties":{"id":"nhai_geoserver-0ce836fa93d7ea84","title":"4/6L Greenfield Ludhiana–Rupnagar highway from Jn. with NE-5 village near to Manewal(Ludhiana) to Jn. with NH-205 near Bheora Village (Rupnagar) from Km 66.0 to Km 91.0 i/c spur to Kharar from Km 0.0 to Km 19.5 with Ludhiana bypass of NH-205K (Pkg-3)","sector":"road","status":"under_construction","is_blocked":false,"block_reason":null,"cost_inr_crore":1501.02,"progress_pct":80.25,"delay_months":null,"revised_completion_date":"2025-02-15","state":"Punjab","geo_confidence":"city","unverified":false}},{"type":"Feature","geometry":{"type":"Point","coordinates":[75.3412,31.1471]},"properties":{"id":"nhai_geoserver-372bc23dc5cbbeaa","title":"Strengthening of NH-354 (Old SH-25) of Section Ramdas to Gurdaspur (Pkg-V) from Design chainage Km.140.000 to Design Chainage Km.187.492 for length of 47.492 Km in the State of Punjab","sector":"road","status":"commissioned","is_blocked":false,"block_reason":null,"cost_inr_crore":null,"progress_pct":null,"delay_months":null,"revised_completion_date":"2026-02-17","state":"Punjab","geo_confidence":"state","unverified":false}},{"type":"Feature","geometry":{"type":"Point","coordinates":[74.2179,27.0238]},"properties":{"id":"nhai_geoserver-b2f36314ef53ff81","title":"Widening Strengthening of 2-Lane with Paved Shoulder from Myajlar–Jaisalmer from Design Chainage 0+000 to 98+350 Section of NH-11 & Sundra–Myajlar–Ambasingh ki Dhani Road from Design Chainage 46+000 to 81+601, part of Munabao–Tanot Road Section of NH-70 along with Strengthening/Widening of Existing Connection of NH-70 & NH-11 of length 0.914 km in the State of Rajasthan under NH(O) on Hybrid Annuity Mode","sector":"road","status":"under_construction","is_blocked":false,"block_reason":null,"cost_inr_crore":1237.71,"progress_pct":21.22,"delay_months":null,"revised_completion_date":"2027-12-18","state":"Rajasthan","geo_confidence":"state","unverified":false}},{"type":"Feature","geometry":{"type":"Point","coordinates":[85.3647,26.1209]},"properties":{"id":"nhai_geoserver-e0d3d0739c90b321","title":"Construction of 2 flyovers of 4- lanes at Chhatauni Chowk and Awadesh Chowk on the Piprakothi- Motihari- Raxaul section of NH-28, Re-construction of 3 no. of gantry girder gates with the statue of Mahatma Gandhi on NH-28 and NH-28A & Construction of Service Road and Drain near Piprakothi on NH27(Old-NH28) Kotwa – Mehsi- Muzaffarpur Section from km 440.00 to km 520.00(Under TOT)","sector":"road","status":"under_construction","is_blocked":false,"block_reason":null,"cost_inr_crore":79.2,"progress_pct":38.86,"delay_months":null,"revised_completion_date":"2025-10-11","state":"Bihar","geo_confidence":"city","unverified":false}},{"type":"Feature","geometry":{"type":"Point","coordinates":[81.8463,25.4358]},"properties":{"id":"nhai_geoserver-38216ae0117a6a6e","title":"Widening of Raebareli to Prayagraj Section from Km. 82.650 to Km. 161.450 of NH-30 and Link road from Km. 161.450 to Km. 641.350 (NH-2)","sector":"road","status":"commissioned","is_blocked":false,"block_reason":null,"cost_inr_crore":1505.27,"progress_pct":100.0,"delay_months":null,"revised_completion_date":"2025-03-21","state":"Uttar Pradesh","geo_confidence":"city","unverified":false}},{"type":"Feature","geometry":{"type":"Point","coordinates":[80.2707,13.0827]},"properties":{"id":"nhai_geoserver-4176420df3d79871","title":"Construction of New Double Tier 4-lane Elevated Corridor from Chennai Port to Maduravoyal in Chennai District from Km -0+342 to Km 20+223 Package 1 from (Km -0+342 to Km 4+604)","sector":"road","status":"under_construction","is_blocked":false,"block_reason":null,"cost_inr_crore":1388.59,"progress_pct":22.8,"delay_months":null,"revised_completion_date":"2026-05-20","state":"Tamil Nadu","geo_confidence":"city","unverified":false}},{"type":"Feature","geometry":{"type":"Point","coordinates":[78.736393,13.151294]},"properties":{"id":"nhai_geoserver-b9dff205ab75602a","title":"Construction of four lane access controlled highway from Chillakuru cross road to Turpu Kanupur(Part 1 of Package - II) km 0.000 (131.500 of NH - 16) to km 23.770 on New NH-516W including six lane flyover and approaches on NH-16 (length km 1.050) and six lane access controlled from Turpu Kanupur to Port South Gate (Part 2 of Package - II) km 23.770 to km 35.015 on New NH-516W in the state of Andhra Pradesh on HAM Mode under Bharatmala Pariyojana Phase I","sector":"road","status":"under_construction","is_blocked":false,"block_reason":null,"cost_inr_crore":864.2,"progress_pct":55.53,"delay_months":null,"revised_completion_date":"2025-12-06","state":"Andhra Pradesh","geo_confidence":"site","unverified":false}},{"type":"Feature","geometry":{"type":"Point","coordinates":[77.744169,14.797648]},"properties":{"id":"nhai_geoserver-c9be65cb4057ae69","title":"4L Greenfield Road connecting North and South industrial cluster of Khandaleru Creek near Krishnapatnam port at Thamminapatnam to Mollur  from Km 0.0 to Km 16.046, Part I & 6L  extension of dedicated port road of NH-67 (Km 18.0 to Km 19.3, Part II)","sector":"road","status":"under_construction","is_blocked":false,"block_reason":null,"cost_inr_crore":609.43,"progress_pct":84.03,"delay_months":null,"revised_completion_date":"2025-09-24","state":"Andhra Pradesh","geo_confidence":"site","unverified":false}},{"type":"Feature","geometry":{"type":"Point","coordinates":[79.74,15.9129]},"properties":{"id":"nhai_geoserver-4ae7b15380a0c577","title":"4L Road from existing East break water upto Convent Junction from Phase 1 of the project start from Km. 0.312 [End of Vishakhapatnam Port Trust (VPT)] to Km. 3.800 [VCTPL Exit Gate]","sector":"road","status":"commissioned","is_blocked":false,"block_reason":null,"cost_inr_crore":51.31,"progress_pct":100.0,"delay_months":null,"revised_completion_date":"2023-01-31","state":"Andhra Pradesh","geo_confidence":"state","unverified":false}},{"type":"Feature","geometry":{"type":"Point","coordinates":[75.241473,31.654229]},"properties":{"id":"nhai_geoserver-ecf683326777207d","title":"4L of Beas-Mehta-Batala-Dera Baba Nanak from intersection with Jalandhar-Amritsar Highway (NH-3) near Beas till start of Batala Bypass near Village Acchhal (from Km. 0.000 to Km. 31.300) (Pkg-1)","sector":"road","status":"under_construction","is_blocked":false,"block_reason":null,"cost_inr_crore":809.51,"progress_pct":68.2,"delay_months":null,"revised_completion_date":"2025-06-21","state":"Punjab","geo_confidence":"site","unverified":false}},{"type":"Feature","geometry":{"type":"Point","coordinates":[75.135193,31.899025]},"properties":{"id":"nhai_geoserver-9ebb2687a201ac10","title":"4L of existing Beas – Baba Bakala - Dera Baba Nanak Section from start of Batala Bypass  till intersection with Ajnala Gurdaspur Highway (NH 354) near Dera Baba Nanak ( from Km. 31.300 to Km. 69.100 ) with Additional batala Bypass (Pkg-II)","sector":"road","status":"under_construction","is_blocked":false,"block_reason":null,"cost_inr_crore":1003.38,"progress_pct":80.9,"delay_months":null,"revised_completion_date":"2025-06-21","state":"Punjab","geo_confidence":"site","unverified":false}},{"type":"Feature","geometry":{"type":"Point","coordinates":[80.070391,28.966423]},"properties":{"id":"nhai_geoserver-6321e5ca6b23f178","title":"Construction of 4-lane connectivity to Banbasa ICP at India Nepal border from NH-09 (old NH-125) (Sitarganj-Tanakpur) at Km 40.00 near Jagbuda bridge under Bharatmala Priyojana of NH-109D on EPC mode in the State of Uttarakhand","sector":"road","status":"under_construction","is_blocked":false,"block_reason":null,"cost_inr_crore":216.97,"progress_pct":75.24,"delay_months":null,"revised_completion_date":"2024-09-01","state":"Uttarakhand","geo_confidence":"site","unverified":false}},{"type":"Feature","geometry":{"type":"Point","coordinates":[79.5941,17.9689]},"properties":{"id":"nhai_geoserver-732975a19ab0876c","title":"4L Access Controlled  Greenfield Highway Section (Mancherial – Warangal) from Pangidipalle village at Design Ch. 72.350 Km to Oorugonda village at Design Ch. 112.240 Km(Package-III)","sector":"road","status":"under_construction","is_blocked":false,"block_reason":null,"cost_inr_crore":1183.71,"progress_pct":5.63,"delay_months":null,"revised_completion_date":"2027-10-21","state":"Telangana","geo_confidence":"city","unverified":false}},{"type":"Feature","geometry":{"type":"Point","coordinates":[79.5941,17.9689]},"properties":{"id":"nhai_geoserver-05ccdfd8924786d3","title":"4L Access Controlled Greenfield Section (Mancherial – Warangal) from Puttapaka village at Design Ch. 35.300 Km to Pangidipalle village at Design Ch. 72.350 KmPackage-II)","sector":"road","status":"under_construction","is_blocked":false,"block_reason":null,"cost_inr_crore":1129.33,"progress_pct":9.04,"delay_months":null,"revised_completion_date":"2027-06-13","state":"Telangana","geo_confidence":"city","unverified":false}},{"type":"Feature","geometry":{"type":"Point","coordinates":[79.5941,17.9689]},"properties":{"id":"nhai_geoserver-08d6afa1ad07d54d","title":"4L Access Controlled Greenfield Highway section on NH163G (Warangal-Khammam) from Oorugonda village in Hanamkonda District at Design Ch. 112.240 Km to Venkatpur village in Warangal District at Design Ch. 150.240 Km(Package-I)","sector":"road","status":"under_construction","is_blocked":false,"block_reason":null,"cost_inr_crore":1142.6,"progress_pct":0.5,"delay_months":null,"revised_completion_date":"2027-06-12","state":"Telangana","geo_confidence":"city","unverified":false}},{"type":"Feature","geometry":{"type":"Point","coordinates":[73.377958,26.811578]},"properties":{"id":"nhai_geoserver-951214617be414f6","title":"Rajasthan Border (Km 0.000) to Salasar (km 154.141) of NH-52 and 58 (old-65) in Rajasthan","sector":"road","status":"commissioned","is_blocked":false,"block_reason":null,"cost_inr_crore":262.18,"progress_pct":100.0,"delay_months":null,"revised_completion_date":"2016-08-04","state":"Rajasthan","geo_confidence":"site","unverified":false}},{"type":"Feature","geometry":{"type":"Point","coordinates":[85.0985,20.9517]},"properties":{"id":"nhai_geoserver-bf6a1993f47d45d1","title":"Repair and maintenance from Km. 60.000 to Km. 113.300 (Pkg-II) of Panikoili – Rimuli Section of NH-215 (New NH-20)","sector":"road","status":"commissioned","is_blocked":false,"block_reason":null,"cost_inr_crore":null,"progress_pct":null,"delay_months":null,"revised_completion_date":"2023-07-14","state":"Odisha","geo_confidence":"state","unverified":false}},{"type":"Feature","geometry":{"type":"Point","coordinates":[79.5941,17.9689]},"properties":{"id":"nhai_geoserver-1e08d0907e09b824","title":"4L Access Controlled Greenfield Highway section on NH-163G (Warangal-Khammam) from Venkatpur village in Warangal District at Design Ch. 150.240 Km to Thallasenkesa village in Mahabubabed District at Design Ch. 189.650 km(Package-II)","sector":"road","status":"under_construction","is_blocked":false,"block_reason":null,"cost_inr_crore":1092.88,"progress_pct":77.49,"delay_months":null,"revised_completion_date":"2026-04-18","state":"Telangana","geo_confidence":"city","unverified":false}},{"type":"Feature","geometry":{"type":"Point","coordinates":[79.5941,17.9689]},"properties":{"id":"nhai_geoserver-56dbf79994d7483d","title":"4L Access Controlled Greenfield Highway section on NH-163G (Warangal-Khammam) from Thallasenkesa village at Design Ch. 189.650 km to V.Vekatayapalem village in Khammam District at Design Ch. 220.480 Km(Package-III)","sector":"road","status":"under_construction","is_blocked":false,"block_reason":null,"cost_inr_crore":1105.25,"progress_pct":10.11,"delay_months":null,"revised_completion_date":"2027-07-03","state":"Telangana","geo_confidence":"city","unverified":false}},{"type":"Feature","geometry":{"type":"Point","coordinates":[79.0193,18.1124]},"properties":{"id":"nhai_geoserver-02d49cf8c592b5c2","title":"Operation and Maintenance of 2/4 Lane with paved shoulders of stretch from (i) Km 154/000 to 187/000 of Mangalwarpet to Mallampalli section; (ii) Km. 72/600 to 121/000 of Tanamcherla to Jamandlapally section of NH-365","sector":"road","status":"commissioned","is_blocked":false,"block_reason":null,"cost_inr_crore":null,"progress_pct":null,"delay_months":null,"revised_completion_date":"2029-09-04","state":"Telangana","geo_confidence":"state","unverified":false}},{"type":"Feature","geometry":{"type":"Point","coordinates":[80.648,16.5062]},"properties":{"id":"nhai_geoserver-9f381e1e42620fab","title":"4L Access Controlled Greenfield Highway section on NH-163G (Khammam – Vijayawada) from Brahmanapalli(K) village at Design Ch. 250.400 Km to Remidicherla village at Design Ch. 280.200 Km(Package-II)","sector":"road","status":"under_construction","is_blocked":false,"block_reason":null,"cost_inr_crore":826.01,"progress_pct":25.78,"delay_months":null,"revised_completion_date":"2027-03-26","state":"Telangana","geo_confidence":"city","unverified":false}},{"type":"Feature","geometry":{"type":"Point","coordinates":[85.0985,20.9517]},"properties":{"id":"nhai_geoserver-3907fe5d08fdaa53","title":"Repair and maintenance from Km. 0.000 to Km. 60.000 (Pkg-I) of Panikoili – Rimuli Section of NH-215 (New NH-20)","sector":"road","status":"commissioned","is_blocked":false,"block_reason":null,"cost_inr_crore":null,"progress_pct":null,"delay_months":null,"revised_completion_date":null,"state":"Odisha","geo_confidence":"state","unverified":false}},{"type":"Feature","geometry":{"type":"Point","coordinates":[85.0985,20.9517]},"properties":{"id":"nhai_geoserver-426ffe93f31d6cbf","title":"Urgent Repair, Maintenance & Incident Management of Panikoili-Rimuli Section of NH 215 (New NH-20) from Km 0.00 to Km 163.000 in the state of Odisha.","sector":"road","status":"commissioned","is_blocked":false,"block_reason":null,"cost_inr_crore":null,"progress_pct":null,"delay_months":null,"revised_completion_date":"2026-08-20","state":"Odisha","geo_confidence":"state","unverified":false}},{"type":"Feature","geometry":{"type":"Point","coordinates":[86.6167,20.3167]},"properties":{"id":"nhai_geoserver-7c23175348dde537","title":"Rehabilitation and Up gradation from 4 to 8 laning of Chandikhole – Paradip Section of NH-53 (Old NH – 5A) from Km.60.000 to Km.76.646 (Package-4)","sector":"road","status":"under_construction","is_blocked":false,"block_reason":null,"cost_inr_crore":882.45,"progress_pct":36.02,"delay_months":null,"revised_completion_date":"2026-10-31","state":"Odisha","geo_confidence":"city","unverified":false}},{"type":"Feature","geometry":{"type":"Point","coordinates":[86.6167,20.3167]},"properties":{"id":"nhai_geoserver-34169e1544380e9f","title":"Rehabilitation and Up gradation from 4 to 8 laning of Chandikhole – Paradip Section of NH-53 (Old NH – 5A) from Km.39.000 to Km.60.00 (Package-3)","sector":"road","status":"under_construction","is_blocked":false,"block_reason":null,"cost_inr_crore":861.84,"progress_pct":92.02,"delay_months":null,"revised_completion_date":"2025-12-14","state":"Odisha","geo_confidence":"city","unverified":false}},{"type":"Feature","geometry":{"type":"Point","coordinates":[74.2179,27.0238]},"properties":{"id":"nhai_geoserver-e30d1e5fec880e18","title":"4L of Rajasthan Border (Km. 0.000) to Salasar (Km. 154.141) of NH-52 and NH-58 in Rajasthan","sector":"road","status":"commissioned","is_blocked":false,"block_reason":null,"cost_inr_crore":null,"progress_pct":99.22,"delay_months":null,"revised_completion_date":"2024-02-05","state":"Rajasthan","geo_confidence":"state","unverified":false}},{"type":"Feature","geometry":{"type":"Point","coordinates":[87.855,22.9868]},"properties":{"id":"nhai_geoserver-115b16066681f5e8","title":"Strengthening of existing stretch of Barasat-Barajaguli Section from  KM. 31.000 to KM. 48.553 of NH-34","sector":"road","status":"commissioned","is_blocked":false,"block_reason":null,"cost_inr_crore":null,"progress_pct":null,"delay_months":null,"revised_completion_date":"2023-12-31","state":"West Bengal","geo_confidence":"state","unverified":false}},{"type":"Feature","geometry":{"type":"Point","coordinates":[87.855,22.9868]},"properties":{"id":"nhai_geoserver-af6d5a027fd8de2d","title":"4 laning of Barasat - Barajaguli Section of NH-12 from Km. 31.000 to Km. 48.679 in the district of North 24 - Parganas","sector":"road","status":"under_construction","is_blocked":false,"block_reason":null,"cost_inr_crore":352.01,"progress_pct":43.52,"delay_months":null,"revised_completion_date":"2026-02-11","state":"West Bengal","geo_confidence":"state","unverified":false}},{"type":"Feature","geometry":{"type":"Point","coordinates":[87.855,22.9868]},"properties":{"id":"nhai_geoserver-face1173edb5d4c5","title":"Development to 4-laning of the de-scoped stretches from Km 115.342 to Km 191.700 of NH-34 in Nadia District (3.962) & Murshidabad District (5.538) pertaining to Krishnagar to Berhampore section of NH-34 (New NH-12) , in the state of West Bengal under NH(O).","sector":"road","status":"under_construction","is_blocked":false,"block_reason":null,"cost_inr_crore":201.1,"progress_pct":54.79,"delay_months":null,"revised_completion_date":"2026-01-16","state":"West Bengal","geo_confidence":"state","unverified":false}},{"type":"Feature","geometry":{"type":"Point","coordinates":[87.979525,25.726684]},"properties":{"id":"nhai_geoserver-ae23ec42880b90ca","title":"Balance Work for Raiganj Dalkola section from km 398.00 to km 452.700 (excl. Dalkola Bypass)","sector":"road","status":"commissioned","is_blocked":false,"block_reason":null,"cost_inr_crore":1548.07,"progress_pct":100.0,"delay_months":null,"revised_completion_date":"2021-09-02","state":"West Bengal","geo_confidence":"site","unverified":false}},{"type":"Feature","geometry":{"type":"Point","coordinates":[77.030635,16.646861]},"properties":{"id":"nhai_geoserver-293f80a5b1a3583f","title":"4 laning of Bijapur-Hungund Section of NH-13 from km 102.00 to km 202.00","sector":"road","status":"commissioned","is_blocked":false,"block_reason":null,"cost_inr_crore":316.39,"progress_pct":null,"delay_months":null,"revised_completion_date":"2013-03-04","state":"Karnataka","geo_confidence":"site","unverified":false}},{"type":"Feature","geometry":{"type":"Point","coordinates":[74.744482,13.321071]},"properties":{"id":"nhai_geoserver-c7e43adc99f4b55b","title":"4/6 Laning of Hungund - Hospet from km. 323.00 to km. 420.00 of Old NH-13 (NH-50)","sector":"road","status":"commissioned","is_blocked":false,"block_reason":null,"cost_inr_crore":946.0,"progress_pct":100.0,"delay_months":null,"revised_completion_date":"2015-03-15","state":"Karnataka","geo_confidence":"site","unverified":false}},{"type":"Feature","geometry":{"type":"Point","coordinates":[71.1924,22.2587]},"properties":{"id":"nhai_geoserver-92daeae78214971d","title":"4L of Madhavpur to Porbandar section of ) from km 338.400 to km 379.100 of Old NH-8E (Ext.) (new NH-51)","sector":"road","status":"commissioned","is_blocked":false,"block_reason":null,"cost_inr_crore":135.59,"progress_pct":100.0,"delay_months":null,"revised_completion_date":"2022-07-18","state":"Gujarat","geo_confidence":"state","unverified":false}},{"type":"Feature","geometry":{"type":"Point","coordinates":[70.583948,20.847186]},"properties":{"id":"nhai_geoserver-5df46b12d7eaeb2c","title":"Kodinar - Veraval (Package VI) from km. 221.610 to km. 263.00 of NH-8E & km. 120.900 to km. 121.150 of NH-8D","sector":"road","status":"commissioned","is_blocked":false,"block_reason":null,"cost_inr_crore":894.01,"progress_pct":98.79,"delay_months":null,"revised_completion_date":"2020-07-30","state":"Gujarat","geo_confidence":"site","unverified":false}},{"type":"Feature","geometry":{"type":"Point","coordinates":[71.1924,22.2587]},"properties":{"id":"nhai_geoserver-9b72b8f7d6a2346c","title":"4L Kodinar - Veraval (Package VI) from km. 222.400 to km. 230.00 (Kodinar Bypass) of NH-8E (NH 51 new)","sector":"road","status":"commissioned","is_blocked":false,"block_reason":null,"cost_inr_crore":162.73,"progress_pct":100.0,"delay_months":null,"revised_completion_date":"2023-09-20","state":"Gujarat","geo_confidence":"state","unverified":false}},{"type":"Feature","geometry":{"type":"Point","coordinates":[71.887748,21.2299]},"properties":{"id":"nhai_geoserver-19bbf13cbcced624","title":"4L of Bal Works of Talaja - Mahuva from 54.990 km. to 100.450 km. of Old NH-8E (Package-II)","sector":"road","status":"commissioned","is_blocked":false,"block_reason":null,"cost_inr_crore":698.4,"progress_pct":100.0,"delay_months":null,"revised_completion_date":"2022-09-24","state":"Gujarat","geo_confidence":"site","unverified":false}},{"type":"Feature","geometry":{"type":"Point","coordinates":[84.14175,24.33085]},"properties":{"id":"nhai_geoserver-6448629a61169159","title":"6L Greenfield Varanasi-Ranchi-Kolkata Highway from Konki village to Malpura village (From KM. 90+000 to KM. 105+300)(Package-4)","sector":"road","status":"tendered","is_blocked":false,"block_reason":null,"cost_inr_crore":null,"progress_pct":null,"delay_months":null,"revised_completion_date":null,"state":"Bihar","geo_confidence":"city","unverified":false}},{"type":"Feature","geometry":{"type":"Point","coordinates":[78.6569,22.9734]},"properties":{"id":"nhai_geoserver-c61dbf2dbdb3eb57","title":"Strengthening and Maintenance of existing 2L NH-753BE starting from junction with NH-753B at Taloda and connecting Shahada – Shirpur – Chopda – Yawal - Raver upto Maharashtra / Madhya Pradesh Border","sector":"road","status":"under_construction","is_blocked":false,"block_reason":null,"cost_inr_crore":82.13,"progress_pct":null,"delay_months":null,"revised_completion_date":"2024-07-05","state":"Madhya Pradesh","geo_confidence":"state","unverified":false}},{"type":"Feature","geometry":{"type":"Point","coordinates":[73.520025,17.01814]},"properties":{"id":"nhai_geoserver-d5550f05461bb18b","title":"4L of Ratnagiri - Kolhapur section of NH-166  from km 0.000 to km 19.769 and km 31.000 to km 67.140 (Pkg – I)","sector":"road","status":"under_construction","is_blocked":false,"block_reason":null,"cost_inr_crore":1774.03,"progress_pct":97.75,"delay_months":null,"revised_completion_date":"2024-11-21","state":"Maharashtra","geo_confidence":"site","unverified":false}},{"type":"Feature","geometry":{"type":"Point","coordinates":[75.7139,19.7515]},"properties":{"id":"nhai_geoserver-86a04638f770ec40","title":"4L of Ratnagiri - Kolhapur section from km 112.340 to km 145.300 of NH-166 (Pkg–III)","sector":"road","status":"under_construction","is_blocked":false,"block_reason":null,"cost_inr_crore":1939.23,"progress_pct":68.95,"delay_months":null,"revised_completion_date":"2025-05-24","state":"Maharashtra","geo_confidence":"state","unverified":false}},{"type":"Feature","geometry":{"type":"Point","coordinates":[74.2179,27.0238]},"properties":{"id":"nhai_geoserver-df703ecf7c78a350","title":"De-scoped section of NH-68 (Km 123.550 to 125.573) & Jaisalmer-Phalodi section of NH-11 (km 105.143 to 265.600)","sector":"road","status":"commissioned","is_blocked":false,"block_reason":null,"cost_inr_crore":null,"progress_pct":null,"delay_months":null,"revised_completion_date":"2028-10-14","state":"Rajasthan","geo_confidence":"state","unverified":false}},{"type":"Feature","geometry":{"type":"Point","coordinates":[73.625632,26.205583]},"properties":{"id":"nhai_geoserver-b4615c423eef1df3","title":"Bar-Bilara-Jodhpur (Km 0.000 to Km 111.000) of NH-112 in the State of Rajasthan","sector":"road","status":"commissioned","is_blocked":false,"block_reason":null,"cost_inr_crore":916.99,"progress_pct":100.0,"delay_months":null,"revised_completion_date":"2020-06-26","state":"Rajasthan","geo_confidence":"site","unverified":false}},{"type":"Feature","geometry":{"type":"Point","coordinates":[73.0243,26.2389]},"properties":{"id":"nhai_geoserver-941b3bcaf0886747","title":"2L PS  Jodhpur‐Pokaran Section of NH‐125 from km 11+000 to 16+700,km 18+560 to51+740, km 53+070 to 101+400,km 126+500 to 175+433 (Total length 136+143 km)","sector":"road","status":"commissioned","is_blocked":false,"block_reason":null,"cost_inr_crore":null,"progress_pct":null,"delay_months":null,"revised_completion_date":"2025-06-24","state":"Rajasthan","geo_confidence":"city","unverified":false}},{"type":"Feature","geometry":{"type":"Point","coordinates":[85.3131,25.0961]},"properties":{"id":"nhai_geoserver-c789111b1fd9467b","title":"4L Elevated Section and at-grade improvements at Begusarai town (Simaria - Khagaria section)  from Km. 221.047 to Km. 225.302 of NH-31","sector":"road","status":"under_construction","is_blocked":false,"block_reason":null,"cost_inr_crore":491.04,"progress_pct":95.72,"delay_months":null,"revised_completion_date":"2024-12-23","state":"Bihar","geo_confidence":"state","unverified":false}},{"type":"Feature","geometry":{"type":"Point","coordinates":[87.014993,25.649219]},"properties":{"id":"nhai_geoserver-461d3505f528d027","title":"2L PS of Khagaria - Purnea from km. 270.00 to km. 410.00 of NH-31","sector":"road","status":"commissioned","is_blocked":false,"block_reason":null,"cost_inr_crore":1762.73,"progress_pct":100.0,"delay_months":null,"revised_completion_date":"2014-02-04","state":"Bihar","geo_confidence":"site","unverified":false}},{"type":"Feature","geometry":{"type":"Point","coordinates":[80.9462,26.8467]},"properties":{"id":"nhai_geoserver-0f465ec7287138ef","title":"4L connectivity road between NH-128A (existing Chainage Km 36/300 near Thekma village) and NH-28 (existing Chainage Km 242/500 on Gosai Ki Bazar Bypass), along with one-time improvement of NH-128A - Pkg-3","sector":"road","status":"awarded","is_blocked":false,"block_reason":null,"cost_inr_crore":826.95,"progress_pct":null,"delay_months":null,"revised_completion_date":null,"state":"Uttar Pradesh","geo_confidence":"state","unverified":false}},{"type":"Feature","geometry":{"type":"Point","coordinates":[80.9462,26.8467]},"properties":{"id":"nhai_geoserver-a6862793eb9e78c2","title":"Construction of a 4­lane South­East Bypass for Azamgarh City connecting NH­28 at\nexisting Ch. Km 218/800 to Purvanchal Expressway at existing Ch. Km247/850","sector":"road","status":"awarded","is_blocked":false,"block_reason":null,"cost_inr_crore":1272.17,"progress_pct":null,"delay_months":null,"revised_completion_date":null,"state":"Uttar Pradesh","geo_confidence":"state","unverified":false}},{"type":"Feature","geometry":{"type":"Point","coordinates":[82.695728,25.628537]},"properties":{"id":"nhai_geoserver-1c722cb5923f9a97","title":"Four Laning of Sultanpur to Varanasi (PKG-II) [from Jaunpur (Km 209.230) to Varanasi (Km 272.590)]","sector":"road","status":"commissioned","is_blocked":false,"block_reason":null,"cost_inr_crore":2603.99,"progress_pct":98.01,"delay_months":null,"revised_completion_date":"2018-06-28","state":"Uttar Pradesh","geo_confidence":"site","unverified":false}},{"type":"Feature","geometry":{"type":"Point","coordinates":[73.0243,26.2389]},"properties":{"id":"nhai_geoserver-9f0dc4288d87445b","title":"Operation & Maintenance of 2L PS of Jodhpur-Pachpadra section of NH-25 from km. 95.140 to 114.610 and from km. 116.060 to 180.755","sector":"road","status":"commissioned","is_blocked":false,"block_reason":null,"cost_inr_crore":null,"progress_pct":null,"delay_months":null,"revised_completion_date":"2026-01-22","state":"Rajasthan","geo_confidence":"city","unverified":false}},{"type":"Feature","geometry":{"type":"Point","coordinates":[77.1734,31.1048]},"properties":{"id":"nhai_geoserver-cb0efac1d91e5327","title":"Balance Work of 4L of Kiratpur to Nerchowk section of NH-21 (from KM 12.750 to km 26.500, km 126.500 to km 158.500 including ACC link road from km 0.000 to km 2.003) Greenfield Alignment (Pkg-2)","sector":"road","status":"commissioned","is_blocked":false,"block_reason":null,"cost_inr_crore":2717.4,"progress_pct":100.0,"delay_months":null,"revised_completion_date":"2024-02-07","state":"Himachal Pradesh","geo_confidence":"state","unverified":false}},{"type":"Feature","geometry":{"type":"Point","coordinates":[77.1734,31.1048]},"properties":{"id":"nhai_geoserver-009ee1d2ff684098","title":"Conversion of Partially Excavated Escape Tunnel to Uni-Directional 2L Tunnel(including construction of cross passages and approach roads on either side of the tunnel) from Km 12.732 to Km 14.568 of Kiratpur to Nerchowk Section of NH-21","sector":"road","status":"commissioned","is_blocked":false,"block_reason":null,"cost_inr_crore":444.21,"progress_pct":100.0,"delay_months":null,"revised_completion_date":"2024-03-15","state":"Himachal Pradesh","geo_confidence":"state","unverified":false}},{"type":"Feature","geometry":{"type":"Point","coordinates":[80.9462,26.8467]},"properties":{"id":"nhai_geoserver-f36c7e73777a8d62","title":"Improvement and Up-Gradation of Existing Road to 2/4L PS from Km 40.000 to 88.750, start of Khutar bypass to start of Shahjahanpur bypass of NH 731(Pkg-I)","sector":"road","status":"commissioned","is_blocked":false,"block_reason":null,"cost_inr_crore":838.68,"progress_pct":100.0,"delay_months":null,"revised_completion_date":"2025-02-02","state":"Uttar Pradesh","geo_confidence":"state","unverified":false}},{"type":"Feature","geometry":{"type":"Point","coordinates":[80.9462,26.8467]},"properties":{"id":"nhai_geoserver-53547f1dd8c0de78","title":"Improvement and Up-Gradation of Existing Road to 4L PS from Km 123.650 to 175.080, from Start of Shahabad Bypass to End of Hardoi bypass of NH 731 (Pkg-2B)","sector":"road","status":"under_construction","is_blocked":false,"block_reason":null,"cost_inr_crore":1101.79,"progress_pct":71.33,"delay_months":null,"revised_completion_date":"2025-11-19","state":"Uttar Pradesh","geo_confidence":"state","unverified":false}},{"type":"Feature","geometry":{"type":"Point","coordinates":[79.323744,28.176992]},"properties":{"id":"nhai_geoserver-412dc6ae177472d6","title":"Four Lane Highway from Chandan Nagar (Existing Km. 59.025 of NH 530B/Design Km. 179.5000) to Bareilly Bypass(Start)(Existing Km. 59.025 of NH 530B/Design Km. 218.000) Section of NH 530B, in the State of Uttar Pradesh on HAM Mode under NH(0)","sector":"road","status":"under_construction","is_blocked":false,"block_reason":null,"cost_inr_crore":2077.0,"progress_pct":34.5,"delay_months":null,"revised_completion_date":"2027-11-18","state":"Uttar Pradesh","geo_confidence":"site","unverified":false}},{"type":"Feature","geometry":{"type":"Point","coordinates":[80.9462,26.8467]},"properties":{"id":"nhai_geoserver-2661c9a9efc93f71","title":"4L from Devinagar Bypass (End) (Existing Km. 208.000 of NH 530B/Design Km. 66.000) to Kasganj Bypass (End) (Existing Km.150.100 of NH 530B/ Design Km. 123.100) of NH 530B","sector":"road","status":"under_construction","is_blocked":false,"block_reason":null,"cost_inr_crore":2289.52,"progress_pct":77.0,"delay_months":null,"revised_completion_date":"2026-06-05","state":"Uttar Pradesh","geo_confidence":"state","unverified":false}},{"type":"Feature","geometry":{"type":"Point","coordinates":[74.315309,15.428629]},"properties":{"id":"nhai_geoserver-bd0b768713c2d790","title":"4L PS from Near Guddehosur to Start of Kushalnagara Bypass to near Hemmige Village Periyapatna - Hassan Road Jn from Km. 122.200 to Km. 144.900 of NH-275 ( Pkg. II )","sector":"road","status":"under_construction","is_blocked":false,"block_reason":null,"cost_inr_crore":909.86,"progress_pct":14.53,"delay_months":null,"revised_completion_date":"2027-12-07","state":"Karnataka","geo_confidence":"site","unverified":false}},{"type":"Feature","geometry":{"type":"Point","coordinates":[78.6569,11.1271]},"properties":{"id":"nhai_geoserver-805649bdd6d2e277","title":"Operation and Maintenance including Incident Management from Km 2+750 to Km 136+543 in Dindigul to Kumili Section of NH-183 (Old NH-45E & 220)","sector":"road","status":"commissioned","is_blocked":false,"block_reason":null,"cost_inr_crore":null,"progress_pct":null,"delay_months":null,"revised_completion_date":"2024-01-29","state":"Tamil Nadu","geo_confidence":"state","unverified":false}},{"type":"Feature","geometry":{"type":"Point","coordinates":[77.1734,31.1048]},"properties":{"id":"nhai_geoserver-82a2a7a122a68b04","title":"Rehabilitation and Up-gradation to 4L configuration & Strengthening of Thanpuri to Paror section from Km 85.135 to Km 100.840 of NH-154 (Pkg-IIC)","sector":"road","status":"under_construction","is_blocked":false,"block_reason":null,"cost_inr_crore":815.68,"progress_pct":56.61,"delay_months":null,"revised_completion_date":"2025-12-04","state":"Himachal Pradesh","geo_confidence":"state","unverified":false}},{"type":"Feature","geometry":{"type":"Point","coordinates":[85.3647,26.1209]},"properties":{"id":"nhai_geoserver-666188e638e05844","title":"Maintenance & Repair Work of \"Two Laning with Paved Shoulder of Chhapra Rewaghat-Muzaffarpur section of NH-102 from Km 1+300 to Km 74+200 (Existing Chainage) and Km 1+300 to km 74+379 (Design Chainage), (Total Design length 73.079 Kms.) in the state of Bihar\" on Performance-based Maintenance Contracts (PBMC)","sector":"road","status":"commissioned","is_blocked":false,"block_reason":null,"cost_inr_crore":null,"progress_pct":null,"delay_months":null,"revised_completion_date":"2029-10-16","state":"Bihar","geo_confidence":"city","unverified":false}},{"type":"Feature","geometry":{"type":"Point","coordinates":[83.53286,25.358159]},"properties":{"id":"nhai_geoserver-dbd686c7bbe81e1d","title":"Construction of additional 3-Lane Bridge over River Ganga for connection between Buxar and Bharauli on NH-922 in the State of Uttar Pradesh and Bihar on Hybrid Annuity Mode","sector":"road","status":"under_construction","is_blocked":false,"block_reason":null,"cost_inr_crore":531.61,"progress_pct":22.26,"delay_months":null,"revised_completion_date":"2028-02-19","state":"Bihar","geo_confidence":"site","unverified":false}},{"type":"Feature","geometry":{"type":"Point","coordinates":[80.9462,26.8467]},"properties":{"id":"nhai_geoserver-75a3a832a40d9cb1","title":"Construction of Four Lane Highway form Ghazipur- Ballia-UP/Bihar State Border (Greenfield) section of NH-31: Package I [from Hridaipur (km 0.000) to Shahapur (km 42.500)] on EPC Mode in the state of Uttar Pradesh.","sector":"road","status":"under_construction","is_blocked":false,"block_reason":null,"cost_inr_crore":1706.47,"progress_pct":100.0,"delay_months":null,"revised_completion_date":"2025-07-02","state":"Uttar Pradesh","geo_confidence":"state","unverified":false}},{"type":"Feature","geometry":{"type":"Point","coordinates":[78.123146,29.975634]},"properties":{"id":"nhai_geoserver-ebef63bb3dc4fc3a","title":"Balance work of 4L of Muzaffarnagar - Haridwar [Package -III] (Design Chainage km 180.300 to km 208.620) [End of Roorkee Bypass to Haridwar]","sector":"road","status":"commissioned","is_blocked":false,"block_reason":null,"cost_inr_crore":276.41,"progress_pct":100.0,"delay_months":null,"revised_completion_date":"2020-11-25","state":"Uttarakhand","geo_confidence":"site","unverified":false}},{"type":"Feature","geometry":{"type":"Point","coordinates":[77.1734,31.1048]},"properties":{"id":"nhai_geoserver-f1765531e7351021","title":"4 Lane with Paved Shoulder from Dareota Village to Kalar Bala (NH 205), (Design Chainage -Km 33+185 to Km 41+000, Design Length-7.815 Km) Package-IIB","sector":"road","status":"under_construction","is_blocked":false,"block_reason":null,"cost_inr_crore":992.85,"progress_pct":null,"delay_months":null,"revised_completion_date":"2028-06-23","state":"Himachal Pradesh","geo_confidence":"state","unverified":false}},{"type":"Feature","geometry":{"type":"Point","coordinates":[80.9462,26.8467]},"properties":{"id":"nhai_geoserver-09daeb20caeb9e19","title":"2L PS of of Rudhauli to Basti side approach of Ghaghara Bridge Section   from Km. 65.870 to Km. 122.270) of NH 233","sector":"road","status":"commissioned","is_blocked":false,"block_reason":null,"cost_inr_crore":881.05,"progress_pct":null,"delay_months":null,"revised_completion_date":"2017-03-14","state":"Uttar Pradesh","geo_confidence":"state","unverified":false}},{"type":"Feature","geometry":{"type":"Point","coordinates":[80.9462,26.8467]},"properties":{"id":"nhai_geoserver-0c96df03681eda6f","title":"Rehabilitation and Up-Gradation of 2L - PS Indo/ Nepal Border to Rudhauli Section from Km. 0.000 to Km. 65.870 of NH-28","sector":"road","status":"commissioned","is_blocked":false,"block_reason":null,"cost_inr_crore":18.69,"progress_pct":null,"delay_months":null,"revised_completion_date":"2020-05-27","state":"Uttar Pradesh","geo_confidence":"state","unverified":false}},{"type":"Feature","geometry":{"type":"Point","coordinates":[79.0193,30.0668]},"properties":{"id":"nhai_geoserver-01d8488f8db05b2d","title":"Routine Maintenance & Incident Management work of from Km. 0.000 to (Km. 254.600 of NH-74) to Km. 52.200 under NHDP IV on EPC Mode of 2L PS of section of NH-125 ( New NH-09) excluding Khatima Bypass  of length 8.255Km","sector":"road","status":"commissioned","is_blocked":false,"block_reason":null,"cost_inr_crore":null,"progress_pct":null,"delay_months":null,"revised_completion_date":"2027-11-30","state":"Uttarakhand","geo_confidence":"state","unverified":false}},{"type":"Feature","geometry":{"type":"Point","coordinates":[78.6569,11.1271]},"properties":{"id":"nhai_geoserver-a34de8afc8fc9159","title":"Strengthening of  Maintenance work in Vikravandi - Sethiyathope section from Km 0.00 to km 65.960 of NH-36 (Old NH-45C) in the State of Tamil Nadu on Item Rate Basis","sector":"road","status":"commissioned","is_blocked":false,"block_reason":null,"cost_inr_crore":null,"progress_pct":null,"delay_months":null,"revised_completion_date":"2025-01-04","state":"Tamil Nadu","geo_confidence":"state","unverified":false}},{"type":"Feature","geometry":{"type":"Point","coordinates":[78.1198,9.9252]},"properties":{"id":"nhai_geoserver-71c5299268b8221b","title":"Operation and Maintenance including Incident Management for 6 Months of Four laning of Madurai - Paramakudi section from Km 5/000 to Km 81/064 and Two laning with Paved Shoulders of Paramakudi – Ramanathapuram section from Km 81/064 to Km 120/484 of NH-49 (New NH-85 & 87)","sector":"road","status":"commissioned","is_blocked":false,"block_reason":null,"cost_inr_crore":null,"progress_pct":null,"delay_months":null,"revised_completion_date":"2024-05-10","state":"Tamil Nadu","geo_confidence":"city","unverified":false}},{"type":"Feature","geometry":{"type":"Point","coordinates":[75.3412,31.1471]},"properties":{"id":"nhai_geoserver-ca30ad4bacbf7c31","title":"Strengthening of Bypassed Sections of Sri-Hargobindpur, Rarra and Tanda in length of 11 Km on the Ghoman-Tanda section of NH-503 A from Km. 54.000 to Km. 85.500","sector":"road","status":"under_construction","is_blocked":false,"block_reason":null,"cost_inr_crore":null,"progress_pct":null,"delay_months":null,"revised_completion_date":null,"state":"Punjab","geo_confidence":"state","unverified":false}},{"type":"Feature","geometry":{"type":"Point","coordinates":[78.6569,22.9734]},"properties":{"id":"nhai_geoserver-95cdb09dd275667d","title":"4- Laning of Mohari to Satai Ghat section NH-934 from Km 50+300 to Km 89+875 (Total length 39.575 km) (Package-2) in the State of Madhya Pradesh on EPC Mode","sector":"road","status":"under_construction","is_blocked":false,"block_reason":null,"cost_inr_crore":710.92,"progress_pct":99.91,"delay_months":null,"revised_completion_date":"2026-08-23","state":"Madhya Pradesh","geo_confidence":"state","unverified":false}},{"type":"Feature","geometry":{"type":"Point","coordinates":[86.110735,23.203078]},"properties":{"id":"nhai_geoserver-a516cad681de5429","title":"2L PS of JH / WB Border (km. 70.524) - Purulia (km.84.400) & Purulia (km. 94.30) - Chandil (Junction with NH-33) (km. 153.705) of Old NH-32","sector":"road","status":"under_construction","is_blocked":false,"block_reason":null,"cost_inr_crore":1652.4,"progress_pct":97.75,"delay_months":null,"revised_completion_date":"2022-08-06","state":"West Bengal","geo_confidence":"site","unverified":false}},{"type":"Feature","geometry":{"type":"Point","coordinates":[71.1924,22.2587]},"properties":{"id":"nhai_geoserver-2ff9ba80b6f70573","title":"4L PS from Ch. 94.030 in Jabugam Village  to Ch. 132.320 in Dhamasiya Village of NH-56 (Pkg-III)","sector":"road","status":"under_construction","is_blocked":false,"block_reason":null,"cost_inr_crore":1188.46,"progress_pct":25.82,"delay_months":null,"revised_completion_date":"2027-11-25","state":"Gujarat","geo_confidence":"state","unverified":false}},{"type":"Feature","geometry":{"type":"Point","coordinates":[79.950202,13.134163]},"properties":{"id":"nhai_geoserver-39803674fa1eb741","title":"Balance works of four lane from km 43.950 (Thiruvallur Bypass) to km 61.470 (Veppampattu Bypass) passing through Thannerkulam, Thozur and Sevapet Bypass (17.520 kms) of Tirupathi- Tiruttani- Chennai section of NH 205","sector":"road","status":"under_construction","is_blocked":false,"block_reason":null,"cost_inr_crore":467.99,"progress_pct":97.92,"delay_months":null,"revised_completion_date":"2024-09-20","state":"Tamil Nadu","geo_confidence":"site","unverified":false}},{"type":"Feature","geometry":{"type":"Point","coordinates":[79.74,15.9129]},"properties":{"id":"nhai_geoserver-9d42d67eabe9d9a4","title":"Access Controlled Highway of 4 Lane with Paved Shoulders from TN/AP Border (Design Chainage Km 61+51) to Puttur (Design Chainage Km 81+540) of NH-716 & 6 Lane with Paved Shoulders from Mallavaram to Renigunta","sector":"road","status":"under_construction","is_blocked":false,"block_reason":null,"cost_inr_crore":1346.82,"progress_pct":42.48,"delay_months":null,"revised_completion_date":"2026-12-13","state":"Andhra Pradesh","geo_confidence":"state","unverified":false}},{"type":"Feature","geometry":{"type":"Point","coordinates":[78.0322,30.3165]},"properties":{"id":"nhai_geoserver-10a241cb975d3dc9","title":"Routine Maintenance & Incident Management Services work of Haridwar to Dehradun Section from Km.208.620 to Km.216.824 of NH-58 (New NH-34) & from Km.188.324 to Km.158.900 of NH-72 (New NH-07) in the State of Uttarakhand","sector":"road","status":"commissioned","is_blocked":false,"block_reason":null,"cost_inr_crore":null,"progress_pct":null,"delay_months":null,"revised_completion_date":"2025-07-31","state":"Uttarakhand","geo_confidence":"city","unverified":false}},{"type":"Feature","geometry":{"type":"Point","coordinates":[76.0856,29.0588]},"properties":{"id":"nhai_geoserver-79295b0ec3f6d96c","title":"Overlay work on Jagadhri-Poanta Sahib old NH-73A (New NH-907) form Km 2.500 to Km 5.000 and from Km. 5.000 to Km. 7.520 LHS and from Km.9.400 to Km 15.635","sector":"road","status":"commissioned","is_blocked":false,"block_reason":null,"cost_inr_crore":null,"progress_pct":null,"delay_months":null,"revised_completion_date":"2023-11-22","state":"Haryana","geo_confidence":"state","unverified":false}},{"type":"Feature","geometry":{"type":"Point","coordinates":[74.2179,27.0238]},"properties":{"id":"nhai_geoserver-3d9a07e50850f03d","title":"Two Laning with paved shoulders of Bheem-Gulabpura including Parasoli Bypass from Km 0+000 to Km 69+267 of NH-148D (Package-I & II)","sector":"road","status":"commissioned","is_blocked":false,"block_reason":null,"cost_inr_crore":null,"progress_pct":null,"delay_months":null,"revised_completion_date":"2029-02-27","state":"Rajasthan","geo_confidence":"state","unverified":false}},{"type":"Feature","geometry":{"type":"Point","coordinates":[80.648,16.5062]},"properties":{"id":"nhai_geoserver-0dea1b7718a7d27d","title":"4L Access Controlled Greenfield Highway section on NH-163G (Khammam– Vijayawada) from V. Venkatayapalem village at Design Ch. 220.480 Km to Brahmanapalli(K) village at Design Ch. 250.400 Km (Package-I).","sector":"road","status":"under_construction","is_blocked":false,"block_reason":null,"cost_inr_crore":973.45,"progress_pct":45.89,"delay_months":null,"revised_completion_date":"2027-03-18","state":"Telangana","geo_confidence":"city","unverified":false}},{"type":"Feature","geometry":{"type":"Point","coordinates":[75.7139,15.3173]},"properties":{"id":"nhai_geoserver-3cfb20943f743b49","title":"Construction of De-scoped works like Construction of Service Road, new culverts, Drains, widening and repair of existing culverts, and Construction of Toll Plaza along with Toll Management System cum Toilet Blocks of 2 lane with paved shoulder from Km.195+100 to 418+000 of Bijapur-Gulbarga-Humnabad section of NH-218 (New NH-50) in state of Karnataka on EPC Mode.","sector":"road","status":"under_construction","is_blocked":false,"block_reason":null,"cost_inr_crore":39.63,"progress_pct":18.45,"delay_months":null,"revised_completion_date":"2025-09-20","state":"Karnataka","geo_confidence":"state","unverified":false}},{"type":"Feature","geometry":{"type":"Point","coordinates":[80.648,16.5062]},"properties":{"id":"nhai_geoserver-c2c93d2928c08eee","title":"Routine Maintenance including Incident Management (Excluding Ambulance Services) for Four Laning of Vijayawada – Machilipatnam section of NH-65 from Km. 0.000 to Km. 64.611 & Eastern side Benz Circle Flyover on NH-16 in the state of Andhra Pradesh.","sector":"road","status":"commissioned","is_blocked":false,"block_reason":null,"cost_inr_crore":null,"progress_pct":null,"delay_months":null,"revised_completion_date":"2025-09-06","state":"Andhra Pradesh","geo_confidence":"city","unverified":false}},{"type":"Feature","geometry":{"type":"Point","coordinates":[79.74,15.9129]},"properties":{"id":"nhai_geoserver-e0f762e0f292d8db","title":"Routine Maintenance for Ibrahimpatnam – Chandragudem – AP/Telangana Border section from Km. 0.000 to Km. 70.190 of NH-30","sector":"road","status":"commissioned","is_blocked":false,"block_reason":null,"cost_inr_crore":null,"progress_pct":null,"delay_months":null,"revised_completion_date":"2025-03-31","state":"Andhra Pradesh","geo_confidence":"state","unverified":false}},{"type":"Feature","geometry":{"type":"Point","coordinates":[78.6569,22.9734]},"properties":{"id":"nhai_geoserver-bf8c054edd48e90f","title":"Two Lane with paved shoulders for Rehabilitation and up-gradation of Mandla-Chilpi Section from Design Ch Km. 85+400 to Km. 177+750 of NH-12A (New NH-30) in the state of Madhya Pradesh on EPC mode under NHDP-IV","sector":"road","status":"commissioned","is_blocked":false,"block_reason":null,"cost_inr_crore":null,"progress_pct":null,"delay_months":null,"revised_completion_date":"2024-08-31","state":"Madhya Pradesh","geo_confidence":"state","unverified":false}},{"type":"Feature","geometry":{"type":"Point","coordinates":[75.8577,22.7196]},"properties":{"id":"nhai_geoserver-9454e85419edd14f","title":"Construction of 6 lane Indore western bypass from km 34+000 to Km 64+000 (Pkg-II) in the state of Madhya Pradesh on Hybrid Annuity Mode under NH(O)","sector":"road","status":"under_construction","is_blocked":false,"block_reason":null,"cost_inr_crore":1430.56,"progress_pct":17.5,"delay_months":null,"revised_completion_date":"2028-02-16","state":"Madhya Pradesh","geo_confidence":"city","unverified":false}},{"type":"Feature","geometry":{"type":"Point","coordinates":[81.8661,21.2787]},"properties":{"id":"nhai_geoserver-b955684688e761d7","title":"Output and performance based maintenance of road from Rehabilitation and upgradation of NH 43 (New NH-30) from Dhamtari-Kanker(81.500 to 130.00) , Bedma-Dahikonga (180.000 to 241.000) and Dahikonga-Jagdalpur (241.000 to 298.000) section to 2L PS","sector":"road","status":"commissioned","is_blocked":false,"block_reason":null,"cost_inr_crore":null,"progress_pct":null,"delay_months":null,"revised_completion_date":"2028-08-03","state":"Chhattisgarh","geo_confidence":"state","unverified":false}},{"type":"Feature","geometry":{"type":"Point","coordinates":[79.9865,14.4426]},"properties":{"id":"nhai_geoserver-0fbfefa30cd21ccc","title":"Routine Maintenance including incident Management of Dornala T Juction to Nellore section from km. 641.000 to Km. 741.950 of NH 67 (Designe length 100.95 Km) in the state of Andhra Pradesh.","sector":"road","status":"commissioned","is_blocked":false,"block_reason":null,"cost_inr_crore":null,"progress_pct":null,"delay_months":null,"revised_completion_date":"2023-04-30","state":"Andhra Pradesh","geo_confidence":"city","unverified":false}},{"type":"Feature","geometry":{"type":"Point","coordinates":[78.6569,22.9734]},"properties":{"id":"nhai_geoserver-7d51f1c5370a923c","title":"4L of Budhni to Shahganj Bypass End (Package-III) of NH-146B from Km. 73.750 to Km. 102.000","sector":"road","status":"under_construction","is_blocked":false,"block_reason":null,"cost_inr_crore":1102.97,"progress_pct":28.95,"delay_months":null,"revised_completion_date":"2027-08-17","state":"Madhya Pradesh","geo_confidence":"state","unverified":false}},{"type":"Feature","geometry":{"type":"Point","coordinates":[78.09545,26.6975]},"properties":{"id":"nhai_geoserver-2590d7058009098c","title":"Development of access controlled 6 Lane Agra-Gwalior greenfield NH section starting from Agra Inner Ring road ( K.M. 0+000) near Deori village and termination at Gwalior bypass (K.M. 88+400) near Susera village","sector":"road","status":"awarded","is_blocked":false,"block_reason":null,"cost_inr_crore":4612.65,"progress_pct":null,"delay_months":null,"revised_completion_date":null,"state":null,"geo_confidence":"city","unverified":false}},{"type":"Feature","geometry":{"type":"Point","coordinates":[76.5762,33.7782]},"properties":{"id":"nhai_geoserver-f32d68bd5de6d218","title":"Upgradation and Strengthening of Chenani to Nashri Section via Patnitop of NH244 from Km 0.000 to Km 39.100","sector":"road","status":"under_construction","is_blocked":false,"block_reason":null,"cost_inr_crore":295.06,"progress_pct":64.18,"delay_months":null,"revised_completion_date":"2026-08-05","state":"Jammu and Kashmir","geo_confidence":"state","unverified":false}},{"type":"Feature","geometry":{"type":"Point","coordinates":[85.709842,20.631854]},"properties":{"id":"nhai_geoserver-d28fde0bba9d726a","title":"Cuttack-Angul Section of NH-42 (New NH-55) from km 0.400 to km 60.200 (Pkg-I) in the State of Odisha","sector":"road","status":"under_construction","is_blocked":false,"block_reason":null,"cost_inr_crore":999.32,"progress_pct":99.0,"delay_months":null,"revised_completion_date":"2020-07-16","state":"Odisha","geo_confidence":"site","unverified":false}},{"type":"Feature","geometry":{"type":"Point","coordinates":[79.790163,10.98201]},"properties":{"id":"nhai_geoserver-07640ecded6735fe","title":"Sattanathapuram to Nagapattinam from Km 123.800 to Km 179.555","sector":"road","status":"under_construction","is_blocked":false,"block_reason":null,"cost_inr_crore":2899.77,"progress_pct":85.6,"delay_months":null,"revised_completion_date":"2022-10-04","state":"Tamil Nadu,Puducherry","geo_confidence":"site","unverified":false}},{"type":"Feature","geometry":{"type":"Point","coordinates":[76.0856,29.0588]},"properties":{"id":"nhai_geoserver-ad701c51e82825dd","title":"Paniyala Mor (NH-48 Jn) to Narnaul Sec. of NH-148B & Narnaul to Pacheri Kalan Sec. of NH-11 (Pkg-I)","sector":"road","status":"commissioned","is_blocked":false,"block_reason":null,"cost_inr_crore":1215.79,"progress_pct":100.0,"delay_months":null,"revised_completion_date":"2022-03-17","state":"Haryana","geo_confidence":"state","unverified":false}},{"type":"Feature","geometry":{"type":"Point","coordinates":[74.738477,19.087703]},"properties":{"id":"nhai_geoserver-8a043aea9b7cd87d","title":"4L Elevated Structure (Flyover) from Sakkar Chowk to SB Chowk on Pune - Aurangabad Road in Ahmednagar city","sector":"road","status":"commissioned","is_blocked":false,"block_reason":null,"cost_inr_crore":331.17,"progress_pct":100.0,"delay_months":null,"revised_completion_date":"2022-12-20","state":"Maharashtra","geo_confidence":"site","unverified":false}},{"type":"Feature","geometry":{"type":"Point","coordinates":[78.6569,11.1271]},"properties":{"id":"nhai_geoserver-efd3ae0c45725cd8","title":"Annual Maintenance including Incident Management of Thanjavur – Pudukkottai Section from Km 174.000 to Km 229.228 of NH-36","sector":"road","status":"commissioned","is_blocked":false,"block_reason":null,"cost_inr_crore":null,"progress_pct":null,"delay_months":null,"revised_completion_date":"2025-10-25","state":"Tamil Nadu","geo_confidence":"state","unverified":false}},{"type":"Feature","geometry":{"type":"Point","coordinates":[80.084908,14.229818]},"properties":{"id":"nhai_geoserver-1ebf6ed9f1b78862","title":"6L of Kumarajapet to Veera Kaveri Raja Puram from km 43.800 to km 61.380 of NH-716B (Pkg-II)","sector":"road","status":"under_construction","is_blocked":false,"block_reason":null,"cost_inr_crore":702.52,"progress_pct":99.8,"delay_months":null,"revised_completion_date":"2025-10-29","state":"Andhra Pradesh","geo_confidence":"site","unverified":false}},{"type":"Feature","geometry":{"type":"Point","coordinates":[78.300403,10.30484]},"properties":{"id":"nhai_geoserver-b7c39d41c31c14f3","title":"4L of Natham - Thuvarankurichi from km. 36.69 to km. 61.115 of NH-785E","sector":"road","status":"commissioned","is_blocked":false,"block_reason":null,"cost_inr_crore":527.72,"progress_pct":99.87,"delay_months":null,"revised_completion_date":"2022-02-26","state":"Tamil Nadu","geo_confidence":"site","unverified":false}},{"type":"Feature","geometry":{"type":"Point","coordinates":[75.964356,29.251868]},"properties":{"id":"nhai_geoserver-122eb77e45a64cc8","title":"Kaithal to Rajasthan border from Design Ch. Km. 0.50 to Km. 165.759","sector":"road","status":"commissioned","is_blocked":false,"block_reason":null,"cost_inr_crore":2029.49,"progress_pct":null,"delay_months":null,"revised_completion_date":"2018-01-09","state":"Haryana","geo_confidence":"site","unverified":false}},{"type":"Feature","geometry":{"type":"Point","coordinates":[85.2799,23.6102]},"properties":{"id":"nhai_geoserver-7950d3cf227caeb1","title":"Construction of Bypass to NH-114A Connecting NH-333 and NH-133 (Deoghar  Bypass) from design km 0.000 to design Km 49.000","sector":"road","status":"under_construction","is_blocked":false,"block_reason":null,"cost_inr_crore":1565.47,"progress_pct":12.0,"delay_months":null,"revised_completion_date":"2028-01-27","state":"Jharkhand","geo_confidence":"state","unverified":false}},{"type":"Feature","geometry":{"type":"Point","coordinates":[78.1642,29.9457]},"properties":{"id":"nhai_geoserver-c92bf05d3e804261","title":"4L of Haridwar – Nagina section (Design Ch. LME from km 13.829 to km 17.110 & km 26.077 to km 27.508 and Design Ch. RME from km 13.839 to km 17.120 & km 26.078 to km 27.509) of EUP mitigation measures on NH74","sector":"road","status":"under_construction","is_blocked":false,"block_reason":null,"cost_inr_crore":183.92,"progress_pct":70.42,"delay_months":null,"revised_completion_date":"2024-02-27","state":"Uttarakhand","geo_confidence":"city","unverified":false}},{"type":"Feature","geometry":{"type":"Point","coordinates":[78.5685,25.4484]},"properties":{"id":"nhai_geoserver-4ab27497c3ed71d6","title":"4L of Jhansi-Lakhanadon section from km 192.693 to km 219.492 of NH-26 in the state of MP (Civil Contract Package No. ADB-II/C-5)","sector":"road","status":"commissioned","is_blocked":false,"block_reason":null,"cost_inr_crore":223.46,"progress_pct":null,"delay_months":null,"revised_completion_date":"2008-11-27","state":"Madhya Pradesh","geo_confidence":"city","unverified":false}},{"type":"Feature","geometry":{"type":"Point","coordinates":[75.498932,12.83069]},"properties":{"id":"nhai_geoserver-7cd624c15316a461","title":"Neelamangala - Devihalli from km. 28.20 to km. 110.00","sector":"road","status":"commissioned","is_blocked":false,"block_reason":null,"cost_inr_crore":306.39,"progress_pct":100.0,"delay_months":null,"revised_completion_date":"2010-07-04","state":"Karnataka","geo_confidence":"site","unverified":false}},{"type":"Feature","geometry":{"type":"Point","coordinates":[79.34887,24.800385]},"properties":{"id":"nhai_geoserver-e2e9131918a33f7e","title":"Jhansi-Khajuraho from Km. 76.3 to Km. 161.7 near Bamitha Town","sector":"road","status":"commissioned","is_blocked":false,"block_reason":null,"cost_inr_crore":1781.11,"progress_pct":100.0,"delay_months":null,"revised_completion_date":"2022-08-10","state":"Madhya Pradesh","geo_confidence":"site","unverified":false}},{"type":"Feature","geometry":{"type":"Point","coordinates":[77.929633,18.060725]},"properties":{"id":"nhai_geoserver-0e37f9641444906c","title":"Sangareddy - Nanded (Pkg. II) Ramsanpalle to Mangloor","sector":"road","status":"commissioned","is_blocked":false,"block_reason":null,"cost_inr_crore":1250.83,"progress_pct":99.98,"delay_months":null,"revised_completion_date":"2021-05-01","state":"Telangana","geo_confidence":"site","unverified":false}},{"type":"Feature","geometry":{"type":"Point","coordinates":[79.865907,14.177305]},"properties":{"id":"nhai_geoserver-9430889fc2fdfdd6","title":"4/6L of Tada - Nellore (Permanent restoration of flood damaged stretches) from km. 83.35 to km. 83.68 and km. 136.91 to km. 140.40","sector":"road","status":"commissioned","is_blocked":false,"block_reason":null,"cost_inr_crore":134.76,"progress_pct":99.16,"delay_months":null,"revised_completion_date":"2021-06-04","state":"Andhra Pradesh","geo_confidence":"site","unverified":false}},{"type":"Feature","geometry":{"type":"Point","coordinates":[75.7139,19.7515]},"properties":{"id":"nhai_geoserver-dc29bb773830848e","title":"Pimpalkhuti ROB (km 173.050) to (km 173.750) (Package No. NS-62A (MH) Bal.)","sector":"road","status":"commissioned","is_blocked":false,"block_reason":null,"cost_inr_crore":16.2,"progress_pct":100.0,"delay_months":null,"revised_completion_date":"2019-11-24","state":"Maharashtra","geo_confidence":"state","unverified":false}},{"type":"Feature","geometry":{"type":"Point","coordinates":[71.1924,22.2587]},"properties":{"id":"nhai_geoserver-5f7065d26bdca7b6","title":"6L with PS of Samakhiyali to Santalpur section from km. 339.700 to Km. 430.100 of NH-27","sector":"road","status":"under_construction","is_blocked":false,"block_reason":null,"cost_inr_crore":1553.76,"progress_pct":64.52,"delay_months":null,"revised_completion_date":"2025-12-27","state":"Gujarat","geo_confidence":"state","unverified":false}},{"type":"Feature","geometry":{"type":"Point","coordinates":[93.108932,25.803337]},"properties":{"id":"nhai_geoserver-c412088b0e95302d","title":"4L of Udali (km. 40.000) to Manderdisa (Km. 60.500) of NH-27 in Assam (AS-27)","sector":"road","status":"commissioned","is_blocked":false,"block_reason":null,"cost_inr_crore":451.67,"progress_pct":null,"delay_months":null,"revised_completion_date":"2009-04-14","state":"Assam","geo_confidence":"site","unverified":false}},{"type":"Feature","geometry":{"type":"Point","coordinates":[77.050412,28.462315]},"properties":{"id":"nhai_geoserver-f4c2bcdda867c8e0","title":"Dwarka Expressway from Km -0.600 to Km 5.300 - Pkg-I (Shivmurti Chowk-RuB near Dwarka Sector 21)","sector":"road","status":"under_construction","is_blocked":false,"block_reason":null,"cost_inr_crore":2144.67,"progress_pct":98.8,"delay_months":null,"revised_completion_date":"2022-09-24","state":"Delhi","geo_confidence":"site","unverified":false}},{"type":"Feature","geometry":{"type":"Point","coordinates":[80.104836,27.914125]},"properties":{"id":"nhai_geoserver-cd2c9d6dbf2e2eca","title":"Balance Work of Bareilly - Sitapur Section from km. 262.00 to km. 419.590","sector":"road","status":"commissioned","is_blocked":false,"block_reason":null,"cost_inr_crore":994.68,"progress_pct":100.0,"delay_months":null,"revised_completion_date":"2021-03-16","state":"Uttar Pradesh","geo_confidence":"site","unverified":false}},{"type":"Feature","geometry":{"type":"Point","coordinates":[85.532474,25.228054]},"properties":{"id":"nhai_geoserver-78b547be1c5c091a","title":"Bakhtiyarpur-Rajauli Pkg-III from km. 101.630 to km.152.520","sector":"road","status":"under_construction","is_blocked":false,"block_reason":null,"cost_inr_crore":2156.22,"progress_pct":99.14,"delay_months":null,"revised_completion_date":"2024-06-27","state":"Bihar","geo_confidence":"site","unverified":false}},{"type":"Feature","geometry":{"type":"Point","coordinates":[78.1348,8.7642]},"properties":{"id":"nhai_geoserver-17fb4e82be6e1b8f","title":"Strengthening of Tuticorin - Tirunelveli section from Km 6.160 to Km 47.250 of NH-138 (Old NH-7A) in the State of Tamil Nadu","sector":"road","status":"commissioned","is_blocked":false,"block_reason":null,"cost_inr_crore":null,"progress_pct":null,"delay_months":null,"revised_completion_date":"2024-10-17","state":"Tamil Nadu","geo_confidence":"city","unverified":false}},{"type":"Feature","geometry":{"type":"Point","coordinates":[85.0985,20.9517]},"properties":{"id":"nhai_geoserver-cdcc47c1401b93d2","title":"Repair and maintenance from Km. 113.300 to Km. 166.173 (Pkg-III) of Panikoili – Rimuli Section of NH-215 (New NH-20)","sector":"road","status":"commissioned","is_blocked":false,"block_reason":null,"cost_inr_crore":null,"progress_pct":null,"delay_months":null,"revised_completion_date":null,"state":"Odisha","geo_confidence":"state","unverified":false}},{"type":"Feature","geometry":{"type":"Point","coordinates":[72.131327,25.427779]},"properties":{"id":"nhai_geoserver-c26c5d84f65100dd","title":"Deogarh (near Dhandhaniya)-Rajasthan/Gujarat Border (Phase-I) (AJ/DRGB-Package-5)","sector":"road","status":"commissioned","is_blocked":false,"block_reason":null,"cost_inr_crore":584.37,"progress_pct":100.0,"delay_months":null,"revised_completion_date":"2023-03-17","state":"Rajasthan","geo_confidence":"site","unverified":false}},{"type":"Feature","geometry":{"type":"Point","coordinates":[80.9462,26.8467]},"properties":{"id":"nhai_geoserver-e06c945b72de92c3","title":"Improvement and Up-Gradation of Existing Road to 4L PS from Km 88.750 to 123.650, from Start of Shahjahanpur Bypass to start of Shahabad bypass of NH 731(Pkg.-2A)","sector":"road","status":"under_construction","is_blocked":false,"block_reason":null,"cost_inr_crore":955.34,"progress_pct":70.56,"delay_months":null,"revised_completion_date":"2026-01-18","state":"Uttar Pradesh","geo_confidence":"state","unverified":false}},{"type":"Feature","geometry":{"type":"Point","coordinates":[75.7139,19.7515]},"properties":{"id":"nhai_geoserver-9e1ab4ce7819bccd","title":"6L of Gonde (Km. 439.038) to Pimpri Sado (Km. 459.905) section of NH-848 (Old NH-3)","sector":"road","status":"under_construction","is_blocked":false,"block_reason":null,"cost_inr_crore":856.93,"progress_pct":40.0,"delay_months":null,"revised_completion_date":"2027-04-11","state":"Maharashtra","geo_confidence":"state","unverified":false}},{"type":"Feature","geometry":{"type":"Point","coordinates":[75.7139,19.7515]},"properties":{"id":"nhai_geoserver-356774e9bf78ecfc","title":"4L PS from existing km 88.400 (Savali Vihir) to km 163.400 (start of Ahmednagar bypass) section of NH-160","sector":"road","status":"cancelled","is_blocked":true,"block_reason":"other","cost_inr_crore":934.04,"progress_pct":10.93,"delay_months":null,"revised_completion_date":"2025-06-04","state":"Maharashtra","geo_confidence":"state","unverified":false}},{"type":"Feature","geometry":{"type":"Point","coordinates":[80.976755,26.996365]},"properties":{"id":"nhai_geoserver-fe4ef4531652e44d","title":"Lucknow Ring Road Pkg 3A (Sitapur Road to Kursi Road)","sector":"road","status":"commissioned","is_blocked":false,"block_reason":null,"cost_inr_crore":708.94,"progress_pct":100.0,"delay_months":null,"revised_completion_date":"2021-07-14","state":"Uttar Pradesh","geo_confidence":"site","unverified":false}},{"type":"Feature","geometry":{"type":"Point","coordinates":[76.5762,33.7782]},"properties":{"id":"nhai_geoserver-31285649343c4376","title":"Corridor Efficiency Improvement including removal of black spots in Lakhanpur - Samba section of NH-44 from Chainage Km. 16.300 to Km. 74.100","sector":"road","status":"under_construction","is_blocked":false,"block_reason":null,"cost_inr_crore":855.74,"progress_pct":74.63,"delay_months":null,"revised_completion_date":"2024-06-11","state":"Jammu and Kashmir","geo_confidence":"state","unverified":false}},{"type":"Feature","geometry":{"type":"Point","coordinates":[78.746342,28.823468]},"properties":{"id":"nhai_geoserver-740113d921fb01d1","title":"4L of Moradabad western side spur connecting NH-734 & NH-24 from Km. 0.000 to Km. 33.200 (Pkg-I)","sector":"road","status":"under_construction","is_blocked":false,"block_reason":null,"cost_inr_crore":1841.92,"progress_pct":83.06,"delay_months":null,"revised_completion_date":"2025-09-17","state":"Uttar Pradesh","geo_confidence":"site","unverified":false}},{"type":"Feature","geometry":{"type":"Point","coordinates":[82.78875,26.7798]},"properties":{"id":"nhai_geoserver-abe9d346daf0615a","title":"4L from Km. 164.000 to Km. 208.000 of Ayodhya - Gorakhpur Section of NH-28[Contract Package- LMNHP-EW-II (WB)-5]","sector":"road","status":"commissioned","is_blocked":false,"block_reason":null,"cost_inr_crore":763.83,"progress_pct":null,"delay_months":null,"revised_completion_date":"2008-10-17","state":"Uttar Pradesh","geo_confidence":"city","unverified":false}},{"type":"Feature","geometry":{"type":"Point","coordinates":[90.468472,26.500442]},"properties":{"id":"nhai_geoserver-2ee5ee25e9763db5","title":"4L Expressway from Km 26.400 to km 53.500 of Malur to Bangarpet section of Bangalore-Chennai Expressway (Phase-I Package-II)","sector":"road","status":"under_construction","is_blocked":false,"block_reason":null,"cost_inr_crore":1745.0,"progress_pct":99.8,"delay_months":null,"revised_completion_date":"2023-09-19","state":"Karnataka","geo_confidence":"site","unverified":false}},{"type":"Feature","geometry":{"type":"Point","coordinates":[86.534645,20.331496]},"properties":{"id":"nhai_geoserver-1d1ef39a545df32a","title":"Eastern Peripheral Expressway Package - III from km 46.500 to km 71.00 in the State of Uttar Pradesh","sector":"road","status":"commissioned","is_blocked":false,"block_reason":null,"cost_inr_crore":2754.95,"progress_pct":null,"delay_months":null,"revised_completion_date":"2018-09-11","state":"Uttar Pradesh","geo_confidence":"site","unverified":false}},{"type":"Feature","geometry":{"type":"Point","coordinates":[86.525104,22.168285]},"properties":{"id":"nhai_geoserver-98c469d969f7afd9","title":"Construction of Greenfield Connectivity to Jewar International Airport from DND-Faridabad-Ballabhgarh Bypass KMP Link - Spur to Delhi Mumbai Expressway","sector":"road","status":"under_construction","is_blocked":false,"block_reason":null,"cost_inr_crore":2920.69,"progress_pct":76.3,"delay_months":null,"revised_completion_date":"2025-06-21","state":"Haryana","geo_confidence":"site","unverified":false}},{"type":"Feature","geometry":{"type":"Point","coordinates":[81.8463,25.4358]},"properties":{"id":"nhai_geoserver-3fe6fb214bd0b0b7","title":"4L of Allahabad Bypass - Construction of Bridge across river Ganga from km. 163.28 to km. 164.30 (Construction Package ABP-I)","sector":"road","status":"commissioned","is_blocked":false,"block_reason":null,"cost_inr_crore":108.23,"progress_pct":null,"delay_months":null,"revised_completion_date":"2006-03-23","state":"Uttar Pradesh","geo_confidence":"city","unverified":false}},{"type":"Feature","geometry":{"type":"Point","coordinates":[76.318107,20.905729]},"properties":{"id":"nhai_geoserver-0dbb712ac1d61b29","title":"Balance Works of 4L Amravati - Chikhli (Pkg - IV) [Nandura - Chikhli from km. 315.00 to km. 360.00]","sector":"road","status":"commissioned","is_blocked":false,"block_reason":null,"cost_inr_crore":583.61,"progress_pct":100.0,"delay_months":null,"revised_completion_date":"2023-05-18","state":"Maharashtra","geo_confidence":"site","unverified":false}},{"type":"Feature","geometry":{"type":"Point","coordinates":[75.228333,19.692307]},"properties":{"id":"nhai_geoserver-bc43c3bd287290f3","title":"Chakur Loha Section of NH-361 from km 114.600 to km 187.80","sector":"road","status":"commissioned","is_blocked":false,"block_reason":null,"cost_inr_crore":1241.38,"progress_pct":100.0,"delay_months":null,"revised_completion_date":"2021-03-24","state":"Maharashtra","geo_confidence":"site","unverified":false}},{"type":"Feature","geometry":{"type":"Point","coordinates":[78.0322,30.3165]},"properties":{"id":"nhai_geoserver-3e1af3111fbf2e35","title":"6L access-controlled highway from  (Ganeshpur) to(near Mohand) of Ganeshpur – Dehradun  section  from Km.0 to Km.8.3 of NH-72A  (Package-1)","sector":"road","status":"unknown","is_blocked":false,"block_reason":null,"cost_inr_crore":836.24,"progress_pct":98.92,"delay_months":null,"revised_completion_date":"2023-10-07","state":"Uttarakhand","geo_confidence":"city","unverified":false}},{"type":"Feature","geometry":{"type":"Point","coordinates":[76.0856,29.0588]},"properties":{"id":"nhai_geoserver-63a4b2caf6a99cfe","title":"Operation & Maintenance of Rohtak-Panipat section of NH-709 (Old NH-71A) from Km. 0.000 to Km. 80.858","sector":"road","status":"commissioned","is_blocked":false,"block_reason":null,"cost_inr_crore":null,"progress_pct":null,"delay_months":null,"revised_completion_date":"2023-06-27","state":"Haryana","geo_confidence":"state","unverified":false}},{"type":"Feature","geometry":{"type":"Point","coordinates":[75.898891,23.008505]},"properties":{"id":"nhai_geoserver-b92a47194c6ac88f","title":"4L of Dewas - Ujjain from km. 0.0 to km. 19.76 of Old SH 18 (New 752D) including Ujjain Bypass (Km. 19.76 to km. 26.9) & Dewas Bypass (Km. 0.00 to km. 14.52)","sector":"road","status":"commissioned","is_blocked":false,"block_reason":null,"cost_inr_crore":842.52,"progress_pct":100.0,"delay_months":null,"revised_completion_date":"2023-07-05","state":"Madhya Pradesh","geo_confidence":"site","unverified":false}},{"type":"Feature","geometry":{"type":"Point","coordinates":[74.677997,31.331788]},"properties":{"id":"nhai_geoserver-97592f11d10f8064","title":"2L PS/4L of Khemkaran to Gurdaspur (Package-II) [Khemkaran to start of Amritsar Bypass] from km. 22.673 to km. 71.496","sector":"road","status":"commissioned","is_blocked":false,"block_reason":null,"cost_inr_crore":257.97,"progress_pct":92.98,"delay_months":null,"revised_completion_date":"2020-01-28","state":"Punjab","geo_confidence":"site","unverified":false}},{"type":"Feature","geometry":{"type":"Point","coordinates":[80.9462,26.8467]},"properties":{"id":"nhai_geoserver-142bb29e4cec3945","title":"4L Kasganj-Badaun Section from Km. 123.100 to Km. 179.500 (Pkg-III) of NH530B","sector":"road","status":"under_construction","is_blocked":false,"block_reason":null,"cost_inr_crore":2009.11,"progress_pct":40.0,"delay_months":null,"revised_completion_date":"2027-05-29","state":"Uttar Pradesh","geo_confidence":"state","unverified":false}},{"type":"Feature","geometry":{"type":"Point","coordinates":[80.3319,26.4499]},"properties":{"id":"nhai_geoserver-da61db41e0658c4b","title":"Construction of Ring Road Kanpur from Ch. 32.090 to Ch.51.200 (Transganaga to Sathara) (Package-II B)","sector":"road","status":"under_construction","is_blocked":false,"block_reason":null,"cost_inr_crore":1089.41,"progress_pct":20.4,"delay_months":null,"revised_completion_date":"2027-09-21","state":"Uttar Pradesh","geo_confidence":"city","unverified":false}},{"type":"Feature","geometry":{"type":"Point","coordinates":[77.015659,28.593214]},"properties":{"id":"nhai_geoserver-068af4c3c8d7f406","title":"Dwarka Expressway Pkg-III (Delhi/HR Border to Start of RoB Gurugram)","sector":"road","status":"commissioned","is_blocked":false,"block_reason":null,"cost_inr_crore":2228.26,"progress_pct":100.0,"delay_months":null,"revised_completion_date":"2020-11-27","state":"Haryana","geo_confidence":"site","unverified":false}},{"type":"Feature","geometry":{"type":"Point","coordinates":[87.363239,25.187073]},"properties":{"id":"nhai_geoserver-5d5f6ae1d2c326e3","title":"4L of Sahibganj - Manihari Ganga Bridge including Manihari Bypass","sector":"road","status":"under_construction","is_blocked":false,"block_reason":null,"cost_inr_crore":2301.89,"progress_pct":87.02,"delay_months":null,"revised_completion_date":"2024-10-31","state":"Jharkhand","geo_confidence":"site","unverified":false}},{"type":"Feature","geometry":{"type":"Point","coordinates":[91.978573,25.615295]},"properties":{"id":"nhai_geoserver-7d205b277ba87e3d","title":"2L of Shillong Bypass from km. 61.80 of Old NH-40 to km. 34.85 of Old NH-44","sector":"road","status":"commissioned","is_blocked":false,"block_reason":null,"cost_inr_crore":773.89,"progress_pct":null,"delay_months":null,"revised_completion_date":"2013-03-25","state":"Meghalaya","geo_confidence":"site","unverified":false}},{"type":"Feature","geometry":{"type":"Point","coordinates":[73.05763,20.984496]},"properties":{"id":"nhai_geoserver-81454858554f3507","title":"Vadodara Mumbai Expressway (Gandeva to Ena) (Phase IB - Pkg VII) [Km 190.00 to Km 217.500]","sector":"road","status":"commissioned","is_blocked":false,"block_reason":null,"cost_inr_crore":1710.3,"progress_pct":97.05,"delay_months":null,"revised_completion_date":"2023-11-09","state":"Gujarat","geo_confidence":"site","unverified":false}},{"type":"Feature","geometry":{"type":"Point","coordinates":[74.4977,15.8497]},"properties":{"id":"nhai_geoserver-bb2c88d32038c489","title":"4L of Belgaum - Maharashtra Border from km. 515.00 to km. 592.24 of Old NH- 04","sector":"road","status":"commissioned","is_blocked":false,"block_reason":null,"cost_inr_crore":1636.22,"progress_pct":null,"delay_months":null,"revised_completion_date":"2004-12-19","state":"Karnataka","geo_confidence":"city","unverified":false}},{"type":"Feature","geometry":{"type":"Point","coordinates":[83.204151,17.791642]},"properties":{"id":"nhai_geoserver-8789868cbf0e55a3","title":"Short Term Improvement and Routine Maintenance of Anandapuram-Vishakhapatnam-Anakapalli  from Km.682.980 to Km.741.256 of NH-16 (Old NH-5)","sector":"road","status":"commissioned","is_blocked":false,"block_reason":null,"cost_inr_crore":23.62,"progress_pct":null,"delay_months":null,"revised_completion_date":"2023-03-10","state":"Andhra Pradesh","geo_confidence":"site","unverified":false}},{"type":"Feature","geometry":{"type":"Point","coordinates":[78.5685,25.4484]},"properties":{"id":"nhai_geoserver-e1c4a3ef956e5310","title":"4L of Jhansi Lakhnadon Section from Km. 305.825 to Km. 360.092 of NH-26 (ADB-II/C-8)","sector":"road","status":"commissioned","is_blocked":false,"block_reason":null,"cost_inr_crore":451.38,"progress_pct":null,"delay_months":null,"revised_completion_date":"2008-11-26","state":"Madhya Pradesh","geo_confidence":"city","unverified":false}},{"type":"Feature","geometry":{"type":"Point","coordinates":[79.56735,16.9456]},"properties":{"id":"nhai_geoserver-7ed166edd07ba045","title":"Short term Improvement and Routine Maintenance of 4/6 laning of Hyderabad - Vijayawada section of NH-65 from Km.40.000 to 100.000 in the State of Telangana.","sector":"road","status":"commissioned","is_blocked":false,"block_reason":null,"cost_inr_crore":null,"progress_pct":null,"delay_months":null,"revised_completion_date":"2027-08-31","state":"Telangana","geo_confidence":"city","unverified":false}},{"type":"Feature","geometry":{"type":"Point","coordinates":[79.74,15.9129]},"properties":{"id":"nhai_geoserver-2cc54aaf7b632939","title":"6L  Access Controlled Greenfield Highway from Kavulakuntla (Ch. 196+000) to Narayanmpet (Ch. 203+500)(Package-09)","sector":"road","status":"under_construction","is_blocked":false,"block_reason":null,"cost_inr_crore":1092.18,"progress_pct":54.56,"delay_months":null,"revised_completion_date":"2027-02-07","state":"Andhra Pradesh","geo_confidence":"state","unverified":false}},{"type":"Feature","geometry":{"type":"Point","coordinates":[84.831941,24.810544]},"properties":{"id":"nhai_geoserver-d74bd067fe41ced5","title":"4L Greenfield Alignment  of Amas to Shivrampur from 0.000 Km. to 55.002 Km. of NH 119 D (Pkg-I)","sector":"road","status":"under_construction","is_blocked":false,"block_reason":null,"cost_inr_crore":1390.92,"progress_pct":54.8,"delay_months":null,"revised_completion_date":"2025-03-29","state":"Bihar","geo_confidence":"site","unverified":false}},{"type":"Feature","geometry":{"type":"Point","coordinates":[73.854739,20.019137]},"properties":{"id":"nhai_geoserver-1a0efbe2c9c7f40e","title":"JNPT Package 1 Km 3.600 to 6.073 of NH-4B and from Km 5.300 to Km 7.422 of NH-348 (old SH-54) in Maharashtra","sector":"road","status":"commissioned","is_blocked":false,"block_reason":null,"cost_inr_crore":715.97,"progress_pct":98.5,"delay_months":null,"revised_completion_date":"2018-05-15","state":"Maharashtra","geo_confidence":"site","unverified":false}},{"type":"Feature","geometry":{"type":"Point","coordinates":[85.0985,20.9517]},"properties":{"id":"nhai_geoserver-1ce8aa5fdabd027e","title":"Strengthening of Pavement (Overlaying works) with DBM and BC of Panikoili to Rimuli section of NH-20 (Panikoili-Keonjhar-Rimuli) from Km 0.000 to Km 60.000","sector":"road","status":"under_construction","is_blocked":false,"block_reason":null,"cost_inr_crore":null,"progress_pct":null,"delay_months":null,"revised_completion_date":"2024-12-14","state":"Odisha","geo_confidence":"state","unverified":false}},{"type":"Feature","geometry":{"type":"Point","coordinates":[88.039534,25.187662]},"properties":{"id":"nhai_geoserver-638ba93d298e6102","title":"Farakka (295.000) to Raiganj (395.000) of NH-34 in the state of West Bengal","sector":"road","status":"commissioned","is_blocked":false,"block_reason":null,"cost_inr_crore":1040.08,"progress_pct":100.0,"delay_months":null,"revised_completion_date":"2013-08-01","state":"West Bengal","geo_confidence":"site","unverified":false}},{"type":"Feature","geometry":{"type":"Point","coordinates":[85.0985,20.9517]},"properties":{"id":"nhai_geoserver-0c3811c28ad670a6","title":"Balance work of Panikoili Rimoli Section of new NH-20 from Km 0.00 to Km. 163.000","sector":"road","status":"commissioned","is_blocked":false,"block_reason":null,"cost_inr_crore":183.03,"progress_pct":100.0,"delay_months":null,"revised_completion_date":"2022-03-11","state":"Odisha","geo_confidence":"state","unverified":false}},{"type":"Feature","geometry":{"type":"Point","coordinates":[80.9462,26.8467]},"properties":{"id":"nhai_geoserver-49d4f9e60c978ed0","title":"Maintenance  from km 263.400 (NH-Junction, near Jaunpur) to km 295.000 (Khujjhi) & km 299.000 (Chandwak) to km 320.180 (NH-Junction, near Saidpur) of NH-731","sector":"road","status":"commissioned","is_blocked":false,"block_reason":null,"cost_inr_crore":null,"progress_pct":null,"delay_months":null,"revised_completion_date":"2025-08-21","state":"Uttar Pradesh","geo_confidence":"state","unverified":false}},{"type":"Feature","geometry":{"type":"Point","coordinates":[76.617097,31.208234]},"properties":{"id":"nhai_geoserver-5a8c36230ce22c4c","title":"Balance Work for Four laning of Kiratpur to Nerchowk section of NH-21 from km. 0.00 to km. 12.75 & km. 158.50 to km. 182.215 (excluding Sunder Nagar Bypass)","sector":"road","status":"commissioned","is_blocked":false,"block_reason":null,"cost_inr_crore":1088.71,"progress_pct":100.0,"delay_months":null,"revised_completion_date":"2021-11-25","state":"Himachal Pradesh","geo_confidence":"site","unverified":false}},{"type":"Feature","geometry":{"type":"Point","coordinates":[74.2179,27.0238]},"properties":{"id":"nhai_geoserver-9094b9d477402adc","title":"Maintenance of 2L PS of Bheem - Gulabpura including Parasoli Bypass from KM 0.000 to KM 69.267 of NH-148D","sector":"road","status":"commissioned","is_blocked":false,"block_reason":null,"cost_inr_crore":null,"progress_pct":null,"delay_months":null,"revised_completion_date":"2023-08-31","state":"Rajasthan","geo_confidence":"state","unverified":false}},{"type":"Feature","geometry":{"type":"Point","coordinates":[74.231915,16.247306]},"properties":{"id":"nhai_geoserver-5b54c6161fb8af0c","title":"Six laning of Belgaum - Dharwad section of NH-4 from km 433.00 to km 515.00","sector":"road","status":"commissioned","is_blocked":false,"block_reason":null,"cost_inr_crore":637.5,"progress_pct":null,"delay_months":null,"revised_completion_date":"2013-11-01","state":"Karnataka","geo_confidence":"site","unverified":false}},{"type":"Feature","geometry":{"type":"Point","coordinates":[74.2179,27.0238]},"properties":{"id":"nhai_geoserver-b0663e717dfe784a","title":"Six Laning of de-scoped work of Chittorgarh- Udaipur section of NH-27 (Old NH-76) from km. 269+650 to km. 270+900 near Village Vana, in the state of Rajasthan on Engineering, Procurement & Construction (EPC) Mode","sector":"road","status":"under_construction","is_blocked":false,"block_reason":null,"cost_inr_crore":null,"progress_pct":null,"delay_months":null,"revised_completion_date":"2026-01-29","state":"Rajasthan","geo_confidence":"state","unverified":false}},{"type":"Feature","geometry":{"type":"Point","coordinates":[85.2799,23.6102]},"properties":{"id":"nhai_geoserver-f68e1aadf3cd8448","title":"Construction of Six lane elevated flyover including reconstruction/rehabilitation of existing pavement from Km 406+100 to Km 411+150 (Length = 5.05 Km) at Gobindpur area in the Barwa Adda Panagarh section of NH-19 from Km.398.240 to Km.521.120 including Panagarh Bypass in the State of Jharkhand on EPC Mode.","sector":"road","status":"under_construction","is_blocked":false,"block_reason":null,"cost_inr_crore":687.77,"progress_pct":16.1,"delay_months":null,"revised_completion_date":"2028-03-21","state":"Jharkhand","geo_confidence":"state","unverified":false}},{"type":"Feature","geometry":{"type":"Point","coordinates":[75.7139,19.7515]},"properties":{"id":"nhai_geoserver-1f423bafde638c6a","title":"Deodhari - Kelapur from Km. 123.00 to Km.153.00 (Package no. NS-61 (MH))","sector":"road","status":"commissioned","is_blocked":false,"block_reason":null,"cost_inr_crore":211.48,"progress_pct":null,"delay_months":null,"revised_completion_date":"2008-04-03","state":"Maharashtra","geo_confidence":"state","unverified":false}},{"type":"Feature","geometry":{"type":"Point","coordinates":[72.5714,23.0225]},"properties":{"id":"nhai_geoserver-817496816d3fd0e1","title":"4L of Ahmedabad-Godhra from km. 04.200 to km. 122.420 of NH-59","sector":"road","status":"commissioned","is_blocked":false,"block_reason":null,"cost_inr_crore":1158.6,"progress_pct":null,"delay_months":null,"revised_completion_date":"2013-06-24","state":"Gujarat","geo_confidence":"city","unverified":false}},{"type":"Feature","geometry":{"type":"Point","coordinates":[75.8648,25.2138]},"properties":{"id":"nhai_geoserver-d003852eabf2bc78","title":"Operation & Maintenance of Four Laning of Deoli-Kota Section of NH-12 (New NH-52) from Km 167+624 to Km 250+144 (Approx. Length 83.04 Kms)","sector":"road","status":"commissioned","is_blocked":false,"block_reason":null,"cost_inr_crore":null,"progress_pct":null,"delay_months":null,"revised_completion_date":"2023-12-31","state":"Rajasthan","geo_confidence":"city","unverified":false}},{"type":"Feature","geometry":{"type":"Point","coordinates":[75.168588,31.65538]},"properties":{"id":"nhai_geoserver-cf761c118e20edad","title":"4L of Amritsar-Ghoman - Tanda - Una Section from Km 8.270 to Km 54.000 of NH-503A (Package-I)","sector":"road","status":"under_construction","is_blocked":false,"block_reason":null,"cost_inr_crore":857.91,"progress_pct":68.9,"delay_months":null,"revised_completion_date":"2024-06-19","state":"Punjab","geo_confidence":"site","unverified":false}},{"type":"Feature","geometry":{"type":"Point","coordinates":[77.1734,31.1048]},"properties":{"id":"nhai_geoserver-550822565ed6db39","title":"Strengthening and maintenance of existing 02 lane National Highway NH-154 section from Rajol at km 72 to Thanpuri at km 85.135","sector":"road","status":"awarded","is_blocked":false,"block_reason":null,"cost_inr_crore":null,"progress_pct":null,"delay_months":null,"revised_completion_date":null,"state":"Himachal Pradesh","geo_confidence":"state","unverified":false}},{"type":"Feature","geometry":{"type":"Point","coordinates":[87.355953,24.480148]},"properties":{"id":"nhai_geoserver-f8cc11c49230a3b1","title":"4L of Mehgama - Hansdiha from  km. 41.900 to km. 93.000 of NH -133A (Pkg-II)","sector":"road","status":"commissioned","is_blocked":false,"block_reason":null,"cost_inr_crore":1479.72,"progress_pct":99.5,"delay_months":null,"revised_completion_date":"2025-05-07","state":"Jharkhand","geo_confidence":"site","unverified":false}},{"type":"Feature","geometry":{"type":"Point","coordinates":[80.9462,26.8467]},"properties":{"id":"nhai_geoserver-2e28b2770568a9a2","title":"Construction of 4 Lane highway from Barabanki Design chainage Km 0+000 to Mustafabad Design chainage Km 43+030 (Existing Chainage Km 0.000 to Chainage Km 43.700) on the section of NH-927 in Uttar Pradesh on HAM Mode under NH(O) Scheme (Package-I)","sector":"road","status":"awarded","is_blocked":false,"block_reason":null,"cost_inr_crore":3312.36,"progress_pct":null,"delay_months":null,"revised_completion_date":null,"state":"Uttar Pradesh","geo_confidence":"state","unverified":false}},{"type":"Feature","geometry":{"type":"Point","coordinates":[83.3732,26.7606]},"properties":{"id":"nhai_geoserver-2ee769b6b53dd797","title":"Gorakhpur - Kasya - UP/Bihar Border OMT-27A","sector":"road","status":"commissioned","is_blocked":false,"block_reason":null,"cost_inr_crore":1408.23,"progress_pct":null,"delay_months":null,"revised_completion_date":"2017-03-17","state":"Uttar Pradesh","geo_confidence":"city","unverified":false}},{"type":"Feature","geometry":{"type":"Point","coordinates":[77.209,28.6139]},"properties":{"id":"nhai_geoserver-34438d45cf058721","title":"4L Connectivity of Delhi road (NH-91) to Hapur road (NH-235) near Bulandshahr from Km. 0.000 to Km. 3.500 of NH-334","sector":"road","status":"tendered","is_blocked":false,"block_reason":null,"cost_inr_crore":339.7,"progress_pct":0.0,"delay_months":null,"revised_completion_date":null,"state":"Uttar Pradesh","geo_confidence":"city","unverified":false}},{"type":"Feature","geometry":{"type":"Point","coordinates":[79.56735,16.9456]},"properties":{"id":"nhai_geoserver-2c4cfb3e01a49402","title":"Short term Improvement and Routine Maintenance of 4/6 laning of Hyderabad - Vijayawada section of NH-65 from Km.100.000 to 160.000 in the State of Telangana.","sector":"road","status":"commissioned","is_blocked":false,"block_reason":null,"cost_inr_crore":null,"progress_pct":null,"delay_months":null,"revised_completion_date":"2027-08-31","state":"Telangana","geo_confidence":"city","unverified":false}},{"type":"Feature","geometry":{"type":"Point","coordinates":[72.801657,28.509563]},"properties":{"id":"nhai_geoserver-ac91606cac0879c4","title":"Khajuwala-Poogal - Dantour- Jaggasar- Gokul- Goddu -Ranjeetpura- Charanwala- Naukh-Bap section of NH","sector":"road","status":"commissioned","is_blocked":false,"block_reason":null,"cost_inr_crore":874.25,"progress_pct":100.0,"delay_months":null,"revised_completion_date":"2021-05-21","state":"Rajasthan","geo_confidence":"site","unverified":false}},{"type":"Feature","geometry":{"type":"Point","coordinates":[74.2179,27.0238]},"properties":{"id":"nhai_geoserver-442779322692c071","title":"Construction of Four lane Elevated Structure at Raniwada Circle in Sanchore City on NH-68","sector":"road","status":"under_construction","is_blocked":false,"block_reason":null,"cost_inr_crore":353.3,"progress_pct":89.37,"delay_months":null,"revised_completion_date":"2026-07-11","state":"Rajasthan","geo_confidence":"state","unverified":false}},{"type":"Feature","geometry":{"type":"Point","coordinates":[79.02111,28.808425]},"properties":{"id":"nhai_geoserver-f8564898ebf870f6","title":"4L (Greenfield) Western Side spur of Rampur-Rudrapur Section from Km 0.000 to Km 13.700 connecting NH-24 to NH-87 bypassing rampur town","sector":"road","status":"under_construction","is_blocked":false,"block_reason":null,"cost_inr_crore":646.27,"progress_pct":63.79,"delay_months":null,"revised_completion_date":"2024-11-02","state":"Uttar Pradesh","geo_confidence":"site","unverified":false}},{"type":"Feature","geometry":{"type":"Point","coordinates":[80.3319,26.4499]},"properties":{"id":"nhai_geoserver-61719986d7f003fc","title":"Construction of Ring Road around Kanpur from Km.000 to Km. 23.325 (Chachendi Sachendi I to Maharajpur) (Package-I)","sector":"road","status":"under_construction","is_blocked":false,"block_reason":null,"cost_inr_crore":1753.75,"progress_pct":62.15,"delay_months":null,"revised_completion_date":"2026-06-06","state":"Uttar Pradesh","geo_confidence":"city","unverified":false}},{"type":"Feature","geometry":{"type":"Point","coordinates":[78.5685,25.4484]},"properties":{"id":"nhai_geoserver-7119c1e7a9e49b64","title":"4L of Jhansi-Lakhanadon section from km 136.99 to km 192.693 of NH-26 in the state of MP (Civil Contract Package No. ADB-II/C-4)","sector":"road","status":"commissioned","is_blocked":false,"block_reason":null,"cost_inr_crore":963.82,"progress_pct":null,"delay_months":null,"revised_completion_date":"2008-11-26","state":"Madhya Pradesh","geo_confidence":"city","unverified":false}},{"type":"Feature","geometry":{"type":"Point","coordinates":[85.0985,20.9517]},"properties":{"id":"nhai_geoserver-0491ca01842ad3d9","title":"Repair and Maintenance of Teleibani - Sambalpur section from Km.521.300 to Km.545.176 of NH-53 (Old NH-6)","sector":"road","status":"commissioned","is_blocked":false,"block_reason":null,"cost_inr_crore":9.86,"progress_pct":null,"delay_months":null,"revised_completion_date":"2024-04-11","state":"Odisha","geo_confidence":"state","unverified":false}},{"type":"Feature","geometry":{"type":"Point","coordinates":[92.9376,26.2006]},"properties":{"id":"nhai_geoserver-84bf522a96ac573a","title":"Maintenance work from Km. 163.895 to Km. 278.685 of Khanapara to Uriagaon Section (for Packages AS-03, AS-20, AS-19, AS-02 & AS-18) of NH-27","sector":"road","status":"commissioned","is_blocked":false,"block_reason":null,"cost_inr_crore":null,"progress_pct":null,"delay_months":null,"revised_completion_date":"2023-02-20","state":"Assam","geo_confidence":"state","unverified":false}},{"type":"Feature","geometry":{"type":"Point","coordinates":[85.594731,20.109094]},"properties":{"id":"nhai_geoserver-b537cd3fd8ad0a04","title":"Tangi to Bhubaneswar (km 355.0 to km 414.0) of NH-5 (New NH-16)","sector":"road","status":"commissioned","is_blocked":false,"block_reason":null,"cost_inr_crore":2945.22,"progress_pct":100.0,"delay_months":null,"revised_completion_date":"2021-04-09","state":"Odisha","geo_confidence":"site","unverified":false}},{"type":"Feature","geometry":{"type":"Point","coordinates":[81.308398,27.00725]},"properties":{"id":"nhai_geoserver-285cfd380e4fd0f5","title":"Hapur Bypass -Moradabad including Hapur Bypass (km 50.00 - km 148.277)","sector":"road","status":"commissioned","is_blocked":false,"block_reason":null,"cost_inr_crore":1371.77,"progress_pct":100.0,"delay_months":null,"revised_completion_date":"2021-11-22","state":"Uttar Pradesh","geo_confidence":"site","unverified":false}},{"type":"Feature","geometry":{"type":"Point","coordinates":[92.9376,26.2006]},"properties":{"id":"nhai_geoserver-a8f33b61554b67f5","title":"4L elevated corridor along Kaziranga National Park including 4L of existing 2L at grade road from Kaliabor to Numaligrah (Km 315.315 to Km 402.300) of New NH-715","sector":"road","status":"tendered","is_blocked":false,"block_reason":null,"cost_inr_crore":6956.73,"progress_pct":null,"delay_months":null,"revised_completion_date":null,"state":"Assam","geo_confidence":"state","unverified":false}},{"type":"Feature","geometry":{"type":"Point","coordinates":[86.525104,22.168285]},"properties":{"id":"nhai_geoserver-209cbaf64d982842","title":"Bangalore Chennai Expressway Phase-III – Package II (Walajahpet to Arakkonam) from Km 180.000 to Km 204.500","sector":"road","status":"under_construction","is_blocked":false,"block_reason":null,"cost_inr_crore":1106.65,"progress_pct":93.04,"delay_months":null,"revised_completion_date":"2024-07-14","state":"Tamil Nadu","geo_confidence":"site","unverified":false}},{"type":"Feature","geometry":{"type":"Point","coordinates":[77.116343,13.375289]},"properties":{"id":"nhai_geoserver-56ff4fd5b4cc0c0d","title":"4L of Bettadahalli- Shivamogga section from Km.170.415 to km. 226.750 of NH-206 (Tumkur- Shivamogga Pkg-IV)","sector":"road","status":"under_construction","is_blocked":false,"block_reason":null,"cost_inr_crore":2082.98,"progress_pct":84.2,"delay_months":null,"revised_completion_date":"2023-10-19","state":"Karnataka","geo_confidence":"site","unverified":false}},{"type":"Feature","geometry":{"type":"Point","coordinates":[76.0856,29.0588]},"properties":{"id":"nhai_geoserver-d6f2ab36ec458d1e","title":"Incident Management service on Ambala to Kaithal section of old NH-65 (new NH-152) from Km 00.000 to Km 50.360 (Package-1) for the Period of 2 Years.","sector":"road","status":"commissioned","is_blocked":false,"block_reason":null,"cost_inr_crore":null,"progress_pct":null,"delay_months":null,"revised_completion_date":"2026-07-14","state":"Haryana","geo_confidence":"state","unverified":false}},{"type":"Feature","geometry":{"type":"Point","coordinates":[85.0985,20.9517]},"properties":{"id":"nhai_geoserver-29b021d8e24e4db8","title":"Construction of new Six-lane Access Controlled Capital Region Ring Road from Rameswar (NH-16) to Gobindpur Package Il from Design Ch. Km. 40.700 to Km. 70.995 in the State of Odisha","sector":"road","status":"awarded","is_blocked":false,"block_reason":null,"cost_inr_crore":2453.18,"progress_pct":null,"delay_months":null,"revised_completion_date":null,"state":"Odisha","geo_confidence":"state","unverified":false}},{"type":"Feature","geometry":{"type":"Point","coordinates":[80.9462,26.8467]},"properties":{"id":"nhai_geoserver-51dcbdc667c53953","title":"Construction of Four Lane Highway from Ghazipur- Ballia-UP/Bihar State Border (Greenfield) section of NH-31: Package II [from Shahapur (km 42.500) to Pindari (km 78.150)] on EPC Mode in the state of Uttar Pradesh.","sector":"road","status":"under_construction","is_blocked":false,"block_reason":null,"cost_inr_crore":1493.65,"progress_pct":98.4,"delay_months":null,"revised_completion_date":"2025-10-26","state":"Uttar Pradesh","geo_confidence":"state","unverified":false}},{"type":"Feature","geometry":{"type":"Point","coordinates":[88.505213,23.178077]},"properties":{"id":"nhai_geoserver-1597bc2eb592713e","title":"Four Laning of Bal. Works of Barasat-Krishnagar from km. 48.553 to km. 115.272","sector":"road","status":"commissioned","is_blocked":false,"block_reason":null,"cost_inr_crore":2375.87,"progress_pct":100.0,"delay_months":null,"revised_completion_date":"2023-02-26","state":"West Bengal","geo_confidence":"site","unverified":false}},{"type":"Feature","geometry":{"type":"Point","coordinates":[78.6569,11.1271]},"properties":{"id":"nhai_geoserver-5846aee0c110c20d","title":"Strengthening / Overlay of Thirumayam - Manamadurai section of NH­226 (New NH­36)","sector":"road","status":"commissioned","is_blocked":false,"block_reason":null,"cost_inr_crore":null,"progress_pct":null,"delay_months":null,"revised_completion_date":"2025-06-03","state":"Tamil Nadu","geo_confidence":"state","unverified":false}},{"type":"Feature","geometry":{"type":"Point","coordinates":[84.440325,26.469023]},"properties":{"id":"nhai_geoserver-4f63132fd149d67d","title":"4L Elevated Highway and at grade improvements at Gopalganj Town from Km. 384.000 to Km. 386.750 on NH-27","sector":"road","status":"commissioned","is_blocked":false,"block_reason":null,"cost_inr_crore":325.57,"progress_pct":99.78,"delay_months":null,"revised_completion_date":"2024-08-31","state":"Bihar","geo_confidence":"site","unverified":false}},{"type":"Feature","geometry":{"type":"Point","coordinates":[83.501926,24.113969]},"properties":{"id":"nhai_geoserver-ea16545a78fd4928","title":"4L from km 196.87 (Sankha) to km 219.6 (Khajuri) on NH-75 [Rehla / Garhwa Bypass]","sector":"road","status":"commissioned","is_blocked":false,"block_reason":null,"cost_inr_crore":1129.48,"progress_pct":100.0,"delay_months":null,"revised_completion_date":"2023-10-06","state":"Jharkhand","geo_confidence":"site","unverified":false}},{"type":"Feature","geometry":{"type":"Point","coordinates":[79.0193,30.0668]},"properties":{"id":"nhai_geoserver-09c10476c716fa34","title":"Chutmalpur Ganeshpur section and Roorkee Chutmalpur Gagalheri section","sector":"road","status":"commissioned","is_blocked":false,"block_reason":null,"cost_inr_crore":1772.26,"progress_pct":100.0,"delay_months":null,"revised_completion_date":"2020-02-27","state":"Uttarakhand","geo_confidence":"state","unverified":false}},{"type":"Feature","geometry":{"type":"Point","coordinates":[92.9376,26.2006]},"properties":{"id":"nhai_geoserver-863a80f237719b39","title":"Operation & Maintenance work from Km. 162.620 to Km. 278.685 NH 37 (New NH 27) in the state of Assam.","sector":"road","status":"commissioned","is_blocked":false,"block_reason":null,"cost_inr_crore":null,"progress_pct":null,"delay_months":null,"revised_completion_date":"2025-01-18","state":"Assam","geo_confidence":"state","unverified":false}},{"type":"Feature","geometry":{"type":"Point","coordinates":[78.6569,11.1271]},"properties":{"id":"nhai_geoserver-dc37250fb88a7f2e","title":"Operation & Maintenance of Nagercoil – Kavalkinaru Section from Km 0/000 to Km 16/276 of NH944(EPC) in the State of Tamil Nadu.","sector":"road","status":"commissioned","is_blocked":false,"block_reason":null,"cost_inr_crore":null,"progress_pct":null,"delay_months":null,"revised_completion_date":null,"state":"Tamil Nadu","geo_confidence":"state","unverified":false}},{"type":"Feature","geometry":{"type":"Point","coordinates":[85.3131,25.0961]},"properties":{"id":"nhai_geoserver-7b3f8e43bf7ea52b","title":"4L of Forbesganj to Jogbani Section from Km. 0.000 to Km. 9.260 (IPC at Jogbani) of NH-57A","sector":"road","status":"commissioned","is_blocked":false,"block_reason":null,"cost_inr_crore":352.09,"progress_pct":100.0,"delay_months":null,"revised_completion_date":"2018-04-17","state":"Bihar","geo_confidence":"state","unverified":false}},{"type":"Feature","geometry":{"type":"Point","coordinates":[81.8463,25.4358]},"properties":{"id":"nhai_geoserver-c529efa2e9d5f232","title":"4L of NH-319D from Prayagraj to Phoolpur from Km 0.00 to Km 17.00 including construction of Phoolpur Bypass.","sector":"road","status":"tendered","is_blocked":false,"block_reason":null,"cost_inr_crore":926.0,"progress_pct":null,"delay_months":null,"revised_completion_date":null,"state":"Uttar Pradesh","geo_confidence":"city","unverified":false}},{"type":"Feature","geometry":{"type":"Point","coordinates":[77.897638,28.84861]},"properties":{"id":"nhai_geoserver-ac3bc99d89a9c3af","title":"Garhmukteshwar (km. 83.200 of NH-24) to Meerut (km. 9.860 of NH-235) including connector to NH-119","sector":"road","status":"cancelled","is_blocked":true,"block_reason":"other","cost_inr_crore":3348.37,"progress_pct":53.08,"delay_months":null,"revised_completion_date":"2024-04-04","state":"Uttar Pradesh","geo_confidence":"site","unverified":false}},{"type":"Feature","geometry":{"type":"Point","coordinates":[80.9462,26.8467]},"properties":{"id":"nhai_geoserver-df3e0aeb8b69e0de","title":"6L access control Greenfield highway of Vill-Lohadda to Vill-Karaunda Mahajan from Km. 27.000 to Km. 56.500 (Pkg-2)","sector":"road","status":"under_construction","is_blocked":false,"block_reason":null,"cost_inr_crore":1335.45,"progress_pct":99.0,"delay_months":null,"revised_completion_date":"2024-09-02","state":"Uttar Pradesh","geo_confidence":"state","unverified":false}},{"type":"Feature","geometry":{"type":"Point","coordinates":[80.924774,16.614368]},"properties":{"id":"nhai_geoserver-8a285332965c4846","title":"6L of Kalaparru to Chinna Avutupalli including 6 lane Hanuman Junction bypass","sector":"road","status":"commissioned","is_blocked":false,"block_reason":null,"cost_inr_crore":670.77,"progress_pct":100.0,"delay_months":null,"revised_completion_date":"2020-08-24","state":"Andhra Pradesh","geo_confidence":"site","unverified":false}},{"type":"Feature","geometry":{"type":"Point","coordinates":[73.694972,22.80829]},"properties":{"id":"nhai_geoserver-96563a62a4a73f35","title":"Delhi-Vadodara Greenfield Alignment (NH-148N) (Pkg-28) (Ch.756+052 to Ch.781+282)","sector":"road","status":"commissioned","is_blocked":false,"block_reason":null,"cost_inr_crore":1263.38,"progress_pct":100.0,"delay_months":null,"revised_completion_date":"2023-11-15","state":"Gujarat","geo_confidence":"site","unverified":false}},{"type":"Feature","geometry":{"type":"Point","coordinates":[73.1812,22.3072]},"properties":{"id":"nhai_geoserver-e48b18e395c2bf98","title":"Vadodara Mumbai Expressway (Jujuwa - Gandeva) from Km. 154.600 to Km. 190.000 (Phase-I Package-VIII)","sector":"road","status":"cancelled","is_blocked":true,"block_reason":"other","cost_inr_crore":3834.24,"progress_pct":4.85,"delay_months":null,"revised_completion_date":"2026-03-02","state":"Gujarat","geo_confidence":"city","unverified":false}},{"type":"Feature","geometry":{"type":"Point","coordinates":[72.8311,21.1702]},"properties":{"id":"nhai_geoserver-93080864684a5a82","title":"Rehabilitation and upgradation of Surat-Manor Section from  Km 263.4000 to Km 343.000 of NH-8 (New NH-48)","sector":"road","status":"commissioned","is_blocked":false,"block_reason":null,"cost_inr_crore":275.12,"progress_pct":null,"delay_months":null,"revised_completion_date":null,"state":"Gujarat","geo_confidence":"city","unverified":false}},{"type":"Feature","geometry":{"type":"Point","coordinates":[75.867929,22.665472]},"properties":{"id":"nhai_geoserver-b29ef95879b0611c","title":"Diwancheruvu - Siddhantham from km. 901.500 to km. 950.542 under TOT Bundle - 1","sector":"road","status":"commissioned","is_blocked":false,"block_reason":null,"cost_inr_crore":454.84,"progress_pct":null,"delay_months":null,"revised_completion_date":"2048-08-28","state":"Andhra Pradesh","geo_confidence":"site","unverified":false}},{"type":"Feature","geometry":{"type":"Point","coordinates":[75.598104,31.867477]},"properties":{"id":"nhai_geoserver-31c0d4ffbd81afaf","title":"Jalandhar-Pathankot (Punjab/J&K Border) (from Km. 4.23 to Km. 117.75/4.00 & km.4.00 to km. 16.35) of NH-44","sector":"road","status":"commissioned","is_blocked":false,"block_reason":null,"cost_inr_crore":151.37,"progress_pct":null,"delay_months":null,"revised_completion_date":"2026-03-27","state":"Punjab","geo_confidence":"site","unverified":false}},{"type":"Feature","geometry":{"type":"Point","coordinates":[79.105487,19.74795]},"properties":{"id":"nhai_geoserver-df1d89a1efe72c4a","title":"4 Lane Stand Alone Ring Road/ Bypasses for Nagpur City, Package - I from Km 0.500 to Km 34.000","sector":"road","status":"commissioned","is_blocked":false,"block_reason":null,"cost_inr_crore":684.98,"progress_pct":100.0,"delay_months":null,"revised_completion_date":"2019-07-04","state":"Maharashtra","geo_confidence":"site","unverified":false}},{"type":"Feature","geometry":{"type":"Point","coordinates":[82.2043,26.799]},"properties":{"id":"nhai_geoserver-463262de6ec4fb50","title":"4/6L Southern Ayodhya Bypass from Km 5.000 to Km 37.172 (starting near Km. 112.540 and ending at Km. 153.281 of NH-27)","sector":"road","status":"under_construction","is_blocked":false,"block_reason":null,"cost_inr_crore":2541.13,"progress_pct":39.5,"delay_months":null,"revised_completion_date":"2027-09-27","state":"Uttar Pradesh","geo_confidence":"city","unverified":false}},{"type":"Feature","geometry":{"type":"Point","coordinates":[76.8732,8.562545]},"properties":{"id":"nhai_geoserver-0a8d4268873c149d","title":"4L of Kazhakuttam Junction - Technopark Junction from km. 547.080 to km. 549.801","sector":"road","status":"commissioned","is_blocked":false,"block_reason":null,"cost_inr_crore":317.31,"progress_pct":100.0,"delay_months":null,"revised_completion_date":"2022-12-31","state":"Kerala","geo_confidence":"site","unverified":false}},{"type":"Feature","geometry":{"type":"Point","coordinates":[77.263685,19.190195]},"properties":{"id":"nhai_geoserver-05398ae85ed46900","title":"Flyover from Liberty cinema to Mental Hospital on Nagpur-Obedullagunj road.","sector":"road","status":"commissioned","is_blocked":false,"block_reason":null,"cost_inr_crore":284.55,"progress_pct":100.0,"delay_months":null,"revised_completion_date":"2020-02-15","state":"Maharashtra","geo_confidence":"site","unverified":false}},{"type":"Feature","geometry":{"type":"Point","coordinates":[81.93301,19.954133]},"properties":{"id":"nhai_geoserver-ed3b05481e913a5a","title":"6L of  Dhanara - Hatibena Section from Km 124.611 to km 146.50 of NH-130-CD (Package – OD-1)","sector":"road","status":"commissioned","is_blocked":false,"block_reason":null,"cost_inr_crore":477.76,"progress_pct":99.95,"delay_months":null,"revised_completion_date":"2024-03-23","state":"Odisha","geo_confidence":"site","unverified":false}},{"type":"Feature","geometry":{"type":"Point","coordinates":[86.6167,20.3167]},"properties":{"id":"nhai_geoserver-d5a746abb681f64c","title":"Rehabilitation and Up gradation from 4 to 8 laning of Chandikhole – Paradip Section of NH-53 (Old NH – 5A) from Km 18.00 to Km 39.00 in the State of Odisha on HAM mode (Package-2)","sector":"road","status":"under_construction","is_blocked":false,"block_reason":null,"cost_inr_crore":920.47,"progress_pct":98.22,"delay_months":null,"revised_completion_date":"2025-12-14","state":"Odisha","geo_confidence":"city","unverified":false}},{"type":"Feature","geometry":{"type":"Point","coordinates":[75.26765,17.44895]},"properties":{"id":"nhai_geoserver-9ca9fd77b1b3d952","title":"Four Laning of Sangli - Solapur (Pkg IV) [Mangalwedha-Solapur] from km 321.6 - km 378.10","sector":"road","status":"commissioned","is_blocked":false,"block_reason":null,"cost_inr_crore":1472.22,"progress_pct":100.0,"delay_months":null,"revised_completion_date":"2021-05-22","state":"Maharashtra","geo_confidence":"site","unverified":false}},{"type":"Feature","geometry":{"type":"Point","coordinates":[77.1734,31.1048]},"properties":{"id":"nhai_geoserver-5ad264252337c62f","title":"Rehabilitation and Upgradation to 2L PS configuration & Strengthening of Padhar to Bijni section from Km 180.000 to Km 202.815 of NH-154 (Pkg-VA)","sector":"road","status":"under_construction","is_blocked":false,"block_reason":null,"cost_inr_crore":930.86,"progress_pct":99.86,"delay_months":null,"revised_completion_date":"2026-11-03","state":"Himachal Pradesh","geo_confidence":"state","unverified":false}},{"type":"Feature","geometry":{"type":"Point","coordinates":[81.8463,25.4358]},"properties":{"id":"nhai_geoserver-dcaafc34972fc09c","title":"4 Lane Inner Ring Road around Allahabad City Pkg-1 (Prayagraj Southern Bypass 34.400 – 43.200)","sector":"road","status":"under_construction","is_blocked":false,"block_reason":null,"cost_inr_crore":775.94,"progress_pct":24.55,"delay_months":null,"revised_completion_date":"2027-12-18","state":"Uttar Pradesh","geo_confidence":"city","unverified":false}},{"type":"Feature","geometry":{"type":"Point","coordinates":[71.1924,22.2587]},"properties":{"id":"nhai_geoserver-14f8481e4e1d2275","title":"4L of Palanpur-Deesa Section of NH-14 from Km 350.000 to Km 372.700","sector":"road","status":"commissioned","is_blocked":false,"block_reason":null,"cost_inr_crore":314.83,"progress_pct":null,"delay_months":null,"revised_completion_date":"2003-02-25","state":"Gujarat","geo_confidence":"state","unverified":false}},{"type":"Feature","geometry":{"type":"Point","coordinates":[89.742778,26.470417]},"properties":{"id":"nhai_geoserver-bb60a0da23b82fc3","title":"Salsalabari-Assam Bengal Border","sector":"road","status":"commissioned","is_blocked":false,"block_reason":null,"cost_inr_crore":228.43,"progress_pct":null,"delay_months":null,"revised_completion_date":"2008-11-30","state":"West Bengal","geo_confidence":"site","unverified":false}},{"type":"Feature","geometry":{"type":"Point","coordinates":[85.876603,24.172991]},"properties":{"id":"nhai_geoserver-62d6936da208eb39","title":"6L of Gorhar to Khairatunda Section of NH-2 from Km. 320.810 to Km.360.300 (Pkg I)","sector":"road","status":"commissioned","is_blocked":false,"block_reason":null,"cost_inr_crore":1494.23,"progress_pct":94.33,"delay_months":null,"revised_completion_date":"2021-07-18","state":"Jharkhand","geo_confidence":"site","unverified":false}},{"type":"Feature","geometry":{"type":"Point","coordinates":[79.219192,28.853498]},"properties":{"id":"nhai_geoserver-1dbc98aef4142683","title":"Rampur - Rudrapur Section from km. 0.000 to km. 43.446 [Rampur Kathgodam (Package-1)]","sector":"road","status":"commissioned","is_blocked":false,"block_reason":null,"cost_inr_crore":1298.67,"progress_pct":100.0,"delay_months":null,"revised_completion_date":"2019-03-30","state":"Uttarakhand","geo_confidence":"site","unverified":false}},{"type":"Feature","geometry":{"type":"Point","coordinates":[81.532244,25.889105]},"properties":{"id":"nhai_geoserver-94fc69ce25e213d3","title":"Raebareli (Km. 82.000) to Allahabad ( Km. 188.600) of NH-24B in Uttar Pradesh","sector":"road","status":"cancelled","is_blocked":true,"block_reason":"other","cost_inr_crore":206.89,"progress_pct":100.0,"delay_months":null,"revised_completion_date":"2014-01-08","state":"Uttar Pradesh","geo_confidence":"site","unverified":false}},{"type":"Feature","geometry":{"type":"Point","coordinates":[75.7885,23.1765]},"properties":{"id":"nhai_geoserver-c2c7043754c2bde4","title":"4L of Ujjain to Badnawar from km 26.900 to km 96.00 of NH-752D","sector":"road","status":"commissioned","is_blocked":false,"block_reason":null,"cost_inr_crore":1352.56,"progress_pct":100.0,"delay_months":null,"revised_completion_date":"2024-10-09","state":"Madhya Pradesh","geo_confidence":"city","unverified":false}},{"type":"Feature","geometry":{"type":"Point","coordinates":[78.690679,27.540105]},"properties":{"id":"nhai_geoserver-aaec4bc07888b588","title":"Aligarh-Kanpur (Pkg II) [Bhadwas to Kalyanpur]","sector":"road","status":"commissioned","is_blocked":false,"block_reason":null,"cost_inr_crore":1685.0,"progress_pct":100.0,"delay_months":null,"revised_completion_date":"2021-01-28","state":"Uttar Pradesh","geo_confidence":"site","unverified":false}},{"type":"Feature","geometry":{"type":"Point","coordinates":[76.564798,31.016731]},"properties":{"id":"nhai_geoserver-eb9fa00f67b436fc","title":"Kiratpur - Kurali from km. 28.60 to km. 73.20","sector":"road","status":"commissioned","is_blocked":false,"block_reason":null,"cost_inr_crore":309.0,"progress_pct":null,"delay_months":null,"revised_completion_date":"2011-08-09","state":"Punjab","geo_confidence":"site","unverified":false}},{"type":"Feature","geometry":{"type":"Point","coordinates":[70.659515,27.358753]},"properties":{"id":"nhai_geoserver-8665aa95cb6c7de3","title":"Tanot -Ramgarh-Bhadasar-Jaisalmer (NH-68 )and Bhadasar(Mokal)-Sarkaritala up to Pakisthan Border (NH-968) (Pkg-BM/5)","sector":"road","status":"under_construction","is_blocked":false,"block_reason":null,"cost_inr_crore":828.58,"progress_pct":100.0,"delay_months":null,"revised_completion_date":"2021-04-21","state":"Rajasthan","geo_confidence":"site","unverified":false}},{"type":"Feature","geometry":{"type":"Point","coordinates":[75.7139,15.3173]},"properties":{"id":"nhai_geoserver-48f70d16ce3adfea","title":"Chitradurga - Davanagere including Chitradurga bypass of NH-48 (Old NH-4)","sector":"road","status":"commissioned","is_blocked":false,"block_reason":null,"cost_inr_crore":1937.61,"progress_pct":100.0,"delay_months":null,"revised_completion_date":"2020-06-26","state":"Karnataka","geo_confidence":"state","unverified":false}},{"type":"Feature","geometry":{"type":"Point","coordinates":[75.8577,22.7196]},"properties":{"id":"nhai_geoserver-da837ee6b3fb3877","title":"6L flyover at Rau circle at from km 11.700 to Km 12.920 in 6L  Indore –Dewas  Section of NH-52","sector":"road","status":"under_construction","is_blocked":false,"block_reason":null,"cost_inr_crore":43.62,"progress_pct":97.21,"delay_months":null,"revised_completion_date":"2023-09-01","state":"Madhya Pradesh","geo_confidence":"city","unverified":false}},{"type":"Feature","geometry":{"type":"Point","coordinates":[76.0856,29.0588]},"properties":{"id":"nhai_geoserver-e4a56cb0676ef6df","title":"Repair & Maintenance of Bhiwani - Hansi - Barwala  Section from km. 126.270  to km 197.200   of NH -148B","sector":"road","status":"commissioned","is_blocked":false,"block_reason":null,"cost_inr_crore":null,"progress_pct":null,"delay_months":null,"revised_completion_date":"2024-06-01","state":"Haryana","geo_confidence":"state","unverified":false}},{"type":"Feature","geometry":{"type":"Point","coordinates":[80.9462,26.8467]},"properties":{"id":"nhai_geoserver-4c95e0b829741278","title":"4L Rampur Bypass from Km. 181.000 to Km. 189.500","sector":"road","status":"commissioned","is_blocked":false,"block_reason":null,"cost_inr_crore":364.47,"progress_pct":99.6,"delay_months":null,"revised_completion_date":"2024-04-16","state":"Uttar Pradesh","geo_confidence":"state","unverified":false}},{"type":"Feature","geometry":{"type":"Point","coordinates":[77.922829,25.739531]},"properties":{"id":"nhai_geoserver-32414095bd4669c4","title":"Lalitpur - Sagar - Lakhnadon OMT","sector":"road","status":"commissioned","is_blocked":false,"block_reason":null,"cost_inr_crore":8766.26,"progress_pct":null,"delay_months":null,"revised_completion_date":"2022-10-05","state":"Madhya Pradesh,Uttar Pradesh","geo_confidence":"site","unverified":false}},{"type":"Feature","geometry":{"type":"Point","coordinates":[80.115,26.735]},"properties":{"id":"nhai_geoserver-b00823c231570cc4","title":"Aligarh-Kanpur section (Package-V from Mitrasen-Kanpur)","sector":"road","status":"commissioned","is_blocked":false,"block_reason":null,"cost_inr_crore":2325.28,"progress_pct":99.7,"delay_months":null,"revised_completion_date":"2023-09-10","state":"Uttar Pradesh","geo_confidence":"site","unverified":false}},{"type":"Feature","geometry":{"type":"Point","coordinates":[85.425048,23.360157]},"properties":{"id":"nhai_geoserver-cd2bd137cd7461fd","title":"Balance work of Ranchi-Mahulia Section of NH-33 from Km 113.730 (Vikas) to Km 140.000 (Rampur) (Pkg-I)","sector":"road","status":"commissioned","is_blocked":false,"block_reason":null,"cost_inr_crore":404.06,"progress_pct":99.15,"delay_months":null,"revised_completion_date":"2020-12-10","state":"Jharkhand","geo_confidence":"site","unverified":false}},{"type":"Feature","geometry":{"type":"Point","coordinates":[75.7139,15.3173]},"properties":{"id":"nhai_geoserver-0c8128aff84f8b64","title":"Road connectivity from Kasarkoda side of Honavar Port to NH-66 at Km 195.5","sector":"road","status":"cancelled","is_blocked":true,"block_reason":"other","cost_inr_crore":131.35,"progress_pct":0.0,"delay_months":null,"revised_completion_date":"2026-06-06","state":"Karnataka","geo_confidence":"state","unverified":false}},{"type":"Feature","geometry":{"type":"Point","coordinates":[79.280556,12.984028]},"properties":{"id":"nhai_geoserver-d7d285624d6b0105","title":"Walajahpet/Ranipet to TN/AP Border Section of from Km.106.800 to  Km.133.36 NH-4","sector":"road","status":"under_construction","is_blocked":false,"block_reason":null,"cost_inr_crore":1338.14,"progress_pct":15.58,"delay_months":null,"revised_completion_date":"2027-09-29","state":"Tamil Nadu","geo_confidence":"site","unverified":false}},{"type":"Feature","geometry":{"type":"Point","coordinates":[84.88266,26.78011]},"properties":{"id":"nhai_geoserver-73819129a74fcc9d","title":"Balance Work of Piprakothi-Motihari-Raxaul on NH-28A","sector":"road","status":"commissioned","is_blocked":false,"block_reason":null,"cost_inr_crore":356.68,"progress_pct":100.0,"delay_months":null,"revised_completion_date":"2020-10-03","state":"Bihar","geo_confidence":"site","unverified":false}},{"type":"Feature","geometry":{"type":"Point","coordinates":[85.3131,25.0961]},"properties":{"id":"nhai_geoserver-6f0f9a5d1d8fb738","title":"Four Laning of Purnea Forbesganj (BR-2) - Start of Araria Town (km. 267.500) to km. 230.00 (Contract Package - C-II/BR-2)","sector":"road","status":"commissioned","is_blocked":false,"block_reason":null,"cost_inr_crore":650.99,"progress_pct":100.0,"delay_months":null,"revised_completion_date":"2008-04-16","state":"Bihar","geo_confidence":"state","unverified":false}},{"type":"Feature","geometry":{"type":"Point","coordinates":[78.319831,10.904118]},"properties":{"id":"nhai_geoserver-9b64501124b24696","title":"Trichy (135.800) to Karur (218.000) section of NH-67 - Trichy Bypass","sector":"road","status":"commissioned","is_blocked":false,"block_reason":null,"cost_inr_crore":876.88,"progress_pct":100.0,"delay_months":null,"revised_completion_date":"2010-07-14","state":"Tamil Nadu","geo_confidence":"site","unverified":false}},{"type":"Feature","geometry":{"type":"Point","coordinates":[92.982456,25.157141]},"properties":{"id":"nhai_geoserver-84cbb62d86c5890c","title":"Balance work of 4L of Narimbanglo–Jatinga Junction- Harangajoroad section from Km 0.000 to Km 49.230 of NH-27","sector":"road","status":"under_construction","is_blocked":false,"block_reason":null,"cost_inr_crore":1909.98,"progress_pct":98.0,"delay_months":null,"revised_completion_date":"2026-01-15","state":"Assam","geo_confidence":"site","unverified":false}},{"type":"Feature","geometry":{"type":"Point","coordinates":[75.7139,19.7515]},"properties":{"id":"nhai_geoserver-8ef4fd26c2620bbd","title":"Akola City -Shivar-PKV Square-Nehru Park Square - Dakshata Nagar Square-Nimwadi Chowk -Washim Bypass -Ridhora Bypass road","sector":"road","status":"commissioned","is_blocked":false,"block_reason":null,"cost_inr_crore":170.3,"progress_pct":100.0,"delay_months":null,"revised_completion_date":"2022-02-12","state":"Maharashtra","geo_confidence":"state","unverified":false}},{"type":"Feature","geometry":{"type":"Point","coordinates":[74.4977,15.8497]},"properties":{"id":"nhai_geoserver-cd064c72a81d82ad","title":"4 Lane with PS from Des. Ch 89.900 to Des. Ch. 136.100 of Belgaum-Hungund-Raichur Section of NH-748A (Package-3)","sector":"road","status":"under_construction","is_blocked":false,"block_reason":null,"cost_inr_crore":1363.9,"progress_pct":24.5,"delay_months":null,"revised_completion_date":"2027-04-03","state":"Karnataka","geo_confidence":"city","unverified":false}},{"type":"Feature","geometry":{"type":"Point","coordinates":[75.257973,31.960342]},"properties":{"id":"nhai_geoserver-2614aadf1873ad97","title":"4L of Pathankot-Amritsar from km 6.082 to km 108.502","sector":"road","status":"commissioned","is_blocked":false,"block_reason":null,"cost_inr_crore":1171.75,"progress_pct":null,"delay_months":null,"revised_completion_date":"2012-11-30","state":"Punjab","geo_confidence":"site","unverified":false}},{"type":"Feature","geometry":{"type":"Point","coordinates":[75.8573,30.901]},"properties":{"id":"nhai_geoserver-f31f57e3c6377b8f","title":"6L Access Controlled Greenfield Sirhind- Sehna section of NH-205AG from village  Malerkotla  junction with Ludhiana -Sangrur road SH-11 to Sehna junction with Ludhiana -Bhatinda road NH -754AD (from km 81+400 to km 134+290) as a part of Mohali – Barnala Inter -Corridor (Package -II)","sector":"road","status":"tendered","is_blocked":false,"block_reason":null,"cost_inr_crore":2461.55,"progress_pct":null,"delay_months":null,"revised_completion_date":null,"state":"Punjab","geo_confidence":"city","unverified":false}},{"type":"Feature","geometry":{"type":"Point","coordinates":[75.8573,30.901]},"properties":{"id":"nhai_geoserver-3f6acd61746bfd1a","title":"6L Access Controlled Greenfield Sirhind- Sehna section of NH-205AG from village Sirhind near NH-40 to junction with Ludhiana -Sangrur road SH-11 near Malerkotla (from km 27+370 to km 81+400) as a part of Mohali – Barnala Inter -Corridor(Package -1)","sector":"road","status":"tendered","is_blocked":false,"block_reason":null,"cost_inr_crore":2136.75,"progress_pct":null,"delay_months":null,"revised_completion_date":null,"state":"Punjab","geo_confidence":"city","unverified":false}},{"type":"Feature","geometry":{"type":"Point","coordinates":[79.74,15.9129]},"properties":{"id":"nhai_geoserver-3056dd17f5fd7865","title":"4L Access controlled Highway From Vakalpudi Light House to Annavaram (on NH-16) section of NH-516F (From Km0+000 to Km40+621)","sector":"road","status":"under_construction","is_blocked":false,"block_reason":null,"cost_inr_crore":1439.0,"progress_pct":null,"delay_months":null,"revised_completion_date":"2028-08-14","state":"Andhra Pradesh","geo_confidence":"state","unverified":false}},{"type":"Feature","geometry":{"type":"Point","coordinates":[80.9462,26.8467]},"properties":{"id":"nhai_geoserver-fbecf9565e016af3","title":"Strengthening and improvement works of 2L Palia-Khutar Section of NH-731(Package-1A) from Km 0.00 to Km 40.00 in the State of Uttar Pradesh","sector":"road","status":"commissioned","is_blocked":false,"block_reason":null,"cost_inr_crore":23.14,"progress_pct":57.98,"delay_months":null,"revised_completion_date":"2024-12-03","state":"Uttar Pradesh","geo_confidence":"state","unverified":false}},{"type":"Feature","geometry":{"type":"Point","coordinates":[78.1642,29.9457]},"properties":{"id":"nhai_geoserver-0a38025abada1739","title":"Balance work of 4L of Muzaffarnagar - Haridwar [Package -II] (Design Chainage km 167.200 to km 180.300) [Roorkee bypass]","sector":"road","status":"commissioned","is_blocked":false,"block_reason":null,"cost_inr_crore":208.78,"progress_pct":100.0,"delay_months":null,"revised_completion_date":"2020-11-25","state":"Uttarakhand","geo_confidence":"city","unverified":false}},{"type":"Feature","geometry":{"type":"Point","coordinates":[78.1642,29.9457]},"properties":{"id":"nhai_geoserver-b4d93b5a383d47ac","title":"Operation and Maintenance work of Haridwar to Muzzaffarnagar section from 354.050 km to 360.270 km of NH-34 & from 0.000 km to 36.400 km of NH-334.","sector":"road","status":"commissioned","is_blocked":false,"block_reason":null,"cost_inr_crore":null,"progress_pct":null,"delay_months":null,"revised_completion_date":"2025-03-29","state":"Uttarakhand","geo_confidence":"city","unverified":false}},{"type":"Feature","geometry":{"type":"Point","coordinates":[79.0193,30.0668]},"properties":{"id":"nhai_geoserver-94bed8280fc99ba0","title":"Balance works of 4-Lanning of Rampur-Kathgodam Section of NH-87 (New NH No. 09) from Km. 0.000 (Km 190.000 of NH-24) to Km 42.791 (design Chainage Km 43.446) (Package-I)","sector":"road","status":"commissioned","is_blocked":false,"block_reason":null,"cost_inr_crore":256.87,"progress_pct":100.0,"delay_months":null,"revised_completion_date":"2024-02-16","state":"Uttarakhand","geo_confidence":"state","unverified":false}},{"type":"Feature","geometry":{"type":"Point","coordinates":[78.2676,30.0869]},"properties":{"id":"nhai_geoserver-dd9d217577393ae4","title":"Four/Six laning of Bhaniyawala-Jollygrant-Rishikesh spur section of NH-07 from Km. 0.000 to Km 19.780","sector":"road","status":"under_construction","is_blocked":false,"block_reason":null,"cost_inr_crore":742.43,"progress_pct":0.0,"delay_months":null,"revised_completion_date":"2027-11-30","state":"Uttarakhand","geo_confidence":"city","unverified":false}},{"type":"Feature","geometry":{"type":"Point","coordinates":[76.999199,10.806929]},"properties":{"id":"nhai_geoserver-ee1a4ade0f0dae15","title":"Pollachi to Coimbatore Section from km. 123.55 to km. 150.40 of Dindigul - Bangalore Road","sector":"road","status":"commissioned","is_blocked":false,"block_reason":null,"cost_inr_crore":981.3,"progress_pct":100.0,"delay_months":null,"revised_completion_date":"2018-11-30","state":"Tamil Nadu","geo_confidence":"site","unverified":false}},{"type":"Feature","geometry":{"type":"Point","coordinates":[75.7139,19.7515]},"properties":{"id":"nhai_geoserver-53acf0ff7a4bde06","title":"4L of Baramati to Indapur (Pkg-II) from km. 41.400 to km. 84.550 of NH-965G (Saint Tukaram Marg)","sector":"road","status":"under_construction","is_blocked":false,"block_reason":null,"cost_inr_crore":1471.32,"progress_pct":86.2,"delay_months":null,"revised_completion_date":"2023-09-08","state":"Maharashtra","geo_confidence":"state","unverified":false}},{"type":"Feature","geometry":{"type":"Point","coordinates":[73.957,28.737]},"properties":{"id":"nhai_geoserver-edb5509f7c685a50","title":"Sangariya (near Chautala)-Rasisar (near Bikaner) (Phase-I) (AJ/SR-Package-5)","sector":"road","status":"commissioned","is_blocked":false,"block_reason":null,"cost_inr_crore":515.45,"progress_pct":99.1,"delay_months":null,"revised_completion_date":"2022-10-06","state":"Rajasthan","geo_confidence":"site","unverified":false}},{"type":"Feature","geometry":{"type":"Point","coordinates":[73.688158,28.277839]},"properties":{"id":"nhai_geoserver-158782358485b218","title":"Sangariya (near Chautala)-Rasisar (near Bikaner) section of NH-754K (Phase-I) (AJ/SR-Package-7)","sector":"road","status":"under_construction","is_blocked":false,"block_reason":null,"cost_inr_crore":520.63,"progress_pct":100.0,"delay_months":null,"revised_completion_date":"2023-06-29","state":"Rajasthan","geo_confidence":"site","unverified":false}},{"type":"Feature","geometry":{"type":"Point","coordinates":[74.4977,15.8497]},"properties":{"id":"nhai_geoserver-f20829e1c4eb2ab3","title":"4 Lane with PS  from Des. Ch 228.500 to Des. Ch. 273.400 of Belgaum-Hungund-Raichur Section of NH 748 A  (Package-6 )","sector":"road","status":"under_construction","is_blocked":false,"block_reason":null,"cost_inr_crore":1246.15,"progress_pct":56.93,"delay_months":null,"revised_completion_date":"2026-11-20","state":"Karnataka","geo_confidence":"city","unverified":false}},{"type":"Feature","geometry":{"type":"Point","coordinates":[74.4977,15.8497]},"properties":{"id":"nhai_geoserver-b3b7f32ae150505f","title":"4 Lane with PS from Des. Ch 182.300 to Des. Ch. 228.500 of Belgaum-Hungund-Raichur Section of NH 748 A  (Package-5)","sector":"road","status":"under_construction","is_blocked":false,"block_reason":null,"cost_inr_crore":1141.88,"progress_pct":40.63,"delay_months":null,"revised_completion_date":"2026-11-20","state":"Karnataka","geo_confidence":"city","unverified":false}},{"type":"Feature","geometry":{"type":"Point","coordinates":[77.1734,31.1048]},"properties":{"id":"nhai_geoserver-ee23d38d8e427b66","title":"Rehabilitation and Up-gradation of existing road to 2L PS from End of Hamirpur Bypass (near Chilbahal) to Bhangbar section from Km. 138.295 to Km.175.270 of NH-88 (Pkg-IV)","sector":"road","status":"under_construction","is_blocked":false,"block_reason":null,"cost_inr_crore":1146.19,"progress_pct":95.72,"delay_months":null,"revised_completion_date":"2025-04-27","state":"Himachal Pradesh","geo_confidence":"state","unverified":false}},{"type":"Feature","geometry":{"type":"Point","coordinates":[79.9865,14.4426]},"properties":{"id":"nhai_geoserver-887a4fabe29a6b07","title":"Short-Term Maintenance contract (One year) and Routine Maintenance Including Incident Management of Chunchuluru to Nellore Section from km 652.200 to 738.520(Designed length 86.320 km) on NH-67.","sector":"road","status":"commissioned","is_blocked":false,"block_reason":null,"cost_inr_crore":null,"progress_pct":null,"delay_months":null,"revised_completion_date":"2026-01-16","state":"Andhra Pradesh","geo_confidence":"city","unverified":false}},{"type":"Feature","geometry":{"type":"Point","coordinates":[82.2043,26.799]},"properties":{"id":"nhai_geoserver-bc4b7e01aaf208a8","title":"4/6L of Northern Ayodhya Bypass starting Km. 112.540 and ending Km. 139.928 north of existing NH-27 (part-1) and part-2 south of NH-27 from km 0.000 to km 5.000.","sector":"road","status":"under_construction","is_blocked":false,"block_reason":null,"cost_inr_crore":2289.34,"progress_pct":33.53,"delay_months":null,"revised_completion_date":"2028-01-06","state":"Uttar Pradesh","geo_confidence":"city","unverified":false}},{"type":"Feature","geometry":{"type":"Point","coordinates":[81.798639,21.123604]},"properties":{"id":"nhai_geoserver-62ea1c64fa23078c","title":"Durg-Raipur-Arang Package - 2 from km. 44.50 to km. 92.23 (near Khatti Village to near Aurang)","sector":"road","status":"under_construction","is_blocked":false,"block_reason":null,"cost_inr_crore":1958.9,"progress_pct":73.96,"delay_months":null,"revised_completion_date":"2025-05-28","state":"Chhattisgarh","geo_confidence":"site","unverified":false}},{"type":"Feature","geometry":{"type":"Point","coordinates":[78.6569,22.9734]},"properties":{"id":"nhai_geoserver-18ecd51c8649d467","title":"4 laning of Khargone to Julwania section of NH-347B from design Ch.54.000 to Ch.107.762","sector":"road","status":"tendered","is_blocked":false,"block_reason":null,"cost_inr_crore":1452.5,"progress_pct":null,"delay_months":null,"revised_completion_date":null,"state":"Madhya Pradesh","geo_confidence":"state","unverified":false}},{"type":"Feature","geometry":{"type":"Point","coordinates":[77.254587,28.808831]},"properties":{"id":"nhai_geoserver-71039d169edf4a66","title":"DL/UP Border - EPE Crossing (Pkg-02)","sector":"road","status":"under_construction","is_blocked":false,"block_reason":null,"cost_inr_crore":2002.79,"progress_pct":100.0,"delay_months":null,"revised_completion_date":"2023-11-07","state":"Uttar Pradesh","geo_confidence":"site","unverified":false}},{"type":"Feature","geometry":{"type":"Point","coordinates":[79.9865,14.4426]},"properties":{"id":"nhai_geoserver-2562af36862fd100","title":"Development of Multipurpose Facility on Chilakaluripet - Nellore Section from km. 1273.00 to km. 1278.00","sector":"road","status":"under_construction","is_blocked":false,"block_reason":null,"cost_inr_crore":84.07,"progress_pct":97.98,"delay_months":null,"revised_completion_date":"2020-08-21","state":"Andhra Pradesh","geo_confidence":"city","unverified":false}},{"type":"Feature","geometry":{"type":"Point","coordinates":[74.7973,34.0837]},"properties":{"id":"nhai_geoserver-12ac18760ba20f29","title":"2L NH-1 from km 8.660 to km 33.775 (Sumbal to Wayul) to 4L dual carriageway NH standard as part of Srinagar Ring Road Phase–II [Design Ch. 41.907 to Ch. 66.609]","sector":"road","status":"under_construction","is_blocked":false,"block_reason":null,"cost_inr_crore":961.0,"progress_pct":55.02,"delay_months":null,"revised_completion_date":"2026-06-25","state":"Jammu and Kashmir","geo_confidence":"city","unverified":false}},{"type":"Feature","geometry":{"type":"Point","coordinates":[75.439721,31.446263]},"properties":{"id":"nhai_geoserver-02df77554fa947ef","title":"Six Laning of Jalandhar - Amritsar Section of NH-1 from Km.387.100 to Km.407.100 (Bidhipur Dhilwan)","sector":"road","status":"commissioned","is_blocked":false,"block_reason":null,"cost_inr_crore":523.85,"progress_pct":null,"delay_months":null,"revised_completion_date":"2016-01-20","state":"Punjab","geo_confidence":"site","unverified":false}},{"type":"Feature","geometry":{"type":"Point","coordinates":[78.5685,25.4484]},"properties":{"id":"nhai_geoserver-c214fe69a1a775ba","title":"Jhansi - Lalitpur section 2/2 from km. 49.70 to km. 99.005 (Package - NS1/BOT/UP-3)","sector":"road","status":"commissioned","is_blocked":false,"block_reason":null,"cost_inr_crore":930.31,"progress_pct":null,"delay_months":null,"revised_completion_date":"2009-09-29","state":"Uttar Pradesh","geo_confidence":"city","unverified":false}},{"type":"Feature","geometry":{"type":"Point","coordinates":[76.511494,29.878538]},"properties":{"id":"nhai_geoserver-d7a8ed79c2e47e0d","title":"Ambala (Km 50.860) to Pehowa (Km 95.383) of NH-65 in Haryana (Package-2)","sector":"road","status":"commissioned","is_blocked":false,"block_reason":null,"cost_inr_crore":914.0,"progress_pct":100.0,"delay_months":null,"revised_completion_date":"2018-07-09","state":"Haryana","geo_confidence":"site","unverified":false}},{"type":"Feature","geometry":{"type":"Point","coordinates":[75.7139,19.7515]},"properties":{"id":"nhai_geoserver-0ce531c9f7fe7543","title":"Construction of VME Spur of 7.00 KM length (from Borivali KM 38.200 to Kirawali KM 45.200) for connecting Samruddhi Mahamarg of MSRDC","sector":"road","status":"under_construction","is_blocked":false,"block_reason":null,"cost_inr_crore":609.0,"progress_pct":89.5,"delay_months":null,"revised_completion_date":"2024-03-31","state":"Maharashtra","geo_confidence":"state","unverified":false}},{"type":"Feature","geometry":{"type":"Point","coordinates":[79.74,15.9129]},"properties":{"id":"nhai_geoserver-b8902954c1f61e85","title":"Champavathi River - Srikakulam rom Km. 606.204 to Km., 654.204 (AP-1)","sector":"road","status":"commissioned","is_blocked":false,"block_reason":null,"cost_inr_crore":686.9,"progress_pct":null,"delay_months":null,"revised_completion_date":"2004-01-22","state":"Andhra Pradesh","geo_confidence":"state","unverified":false}},{"type":"Feature","geometry":{"type":"Point","coordinates":[77.267975,29.14271]},"properties":{"id":"nhai_geoserver-da9694b2cbcc7512","title":"4L PS of EPE Cossing to start of Shamli Bypass from Km. 92.20 to Km. 155.025 of existing NH-709-B","sector":"road","status":"commissioned","is_blocked":false,"block_reason":null,"cost_inr_crore":726.33,"progress_pct":100.0,"delay_months":null,"revised_completion_date":"2020-05-23","state":"Uttar Pradesh","geo_confidence":"site","unverified":false}},{"type":"Feature","geometry":{"type":"Point","coordinates":[82.78875,26.7798]},"properties":{"id":"nhai_geoserver-e190f515b643ab63","title":"4L from Km. 135.000 to Km. 164.000 of Ayodhya - Gorakhpur Section of NH-28[Contract Package- LMNHP-EW-II (WB)-4]","sector":"road","status":"commissioned","is_blocked":false,"block_reason":null,"cost_inr_crore":472.88,"progress_pct":null,"delay_months":null,"revised_completion_date":"2008-11-28","state":"Uttar Pradesh","geo_confidence":"city","unverified":false}},{"type":"Feature","geometry":{"type":"Point","coordinates":[77.031666,20.689501]},"properties":{"id":"nhai_geoserver-db2111be82b710ed","title":"Balance Works of 4L Amravati - Chikhli (Pkg - II) [Kurankhed - Shelad from km. 220.00 to km. 270.00]","sector":"road","status":"commissioned","is_blocked":false,"block_reason":null,"cost_inr_crore":633.7,"progress_pct":100.0,"delay_months":null,"revised_completion_date":"2023-06-29","state":"Maharashtra","geo_confidence":"site","unverified":false}},{"type":"Feature","geometry":{"type":"Point","coordinates":[81.8463,25.4358]},"properties":{"id":"nhai_geoserver-164797041b507150","title":"4 Lane Inner Ring Road around Allahabad City Pkg-2 (Prayagraj Southern Bypass 43.200 - 50.860)","sector":"road","status":"under_construction","is_blocked":false,"block_reason":null,"cost_inr_crore":1377.51,"progress_pct":46.74,"delay_months":null,"revised_completion_date":"2026-06-15","state":"Uttar Pradesh","geo_confidence":"city","unverified":false}},{"type":"Feature","geometry":{"type":"Point","coordinates":[80.2707,13.0827]},"properties":{"id":"nhai_geoserver-e6b4676bd1724437","title":"Construction of New Double Tier 4L Elevated Corridor from Chennai Port to Maduravoyal in Chennai District from km -0.342 to Km 20.593 and Package II from (Km 4.604 to Km 9.700)","sector":"road","status":"under_construction","is_blocked":false,"block_reason":null,"cost_inr_crore":1616.97,"progress_pct":18.13,"delay_months":null,"revised_completion_date":"2026-05-20","state":"Tamil Nadu","geo_confidence":"city","unverified":false}},{"type":"Feature","geometry":{"type":"Point","coordinates":[76.2711,10.8505]},"properties":{"id":"nhai_geoserver-147ae8b38d12e099","title":"Vadakkenchery (Km 236.000) to Thrissur (Km 264.490) of NH - 544 in Kerala","sector":"road","status":"commissioned","is_blocked":false,"block_reason":null,"cost_inr_crore":704.71,"progress_pct":100.0,"delay_months":null,"revised_completion_date":"2015-03-14","state":"Kerala","geo_confidence":"state","unverified":false}},{"type":"Feature","geometry":{"type":"Point","coordinates":[80.2707,13.0827]},"properties":{"id":"nhai_geoserver-994f29138860fff7","title":"Strengthening and Major Maintenance of Chennai Bypass ( NH-32) from Km 0.000 to Km 32.600 in the state of Tamil Nadu.","sector":"road","status":"under_construction","is_blocked":false,"block_reason":null,"cost_inr_crore":57.72,"progress_pct":null,"delay_months":null,"revised_completion_date":"2025-05-02","state":"Tamil Nadu","geo_confidence":"city","unverified":false}},{"type":"Feature","geometry":{"type":"Point","coordinates":[79.0193,18.1124]},"properties":{"id":"nhai_geoserver-5fb74f237943b054","title":"Operations and Maintenance of 2-lane with paved shoulders of stretch from km. 615+000 to km.668+600 for a length of 53.60 kms of Kalyan – Nirmal section of NH-222 (New NH-61)","sector":"road","status":"commissioned","is_blocked":false,"block_reason":null,"cost_inr_crore":null,"progress_pct":null,"delay_months":null,"revised_completion_date":"2029-07-16","state":"Telangana","geo_confidence":"state","unverified":false}},{"type":"Feature","geometry":{"type":"Point","coordinates":[82.9739,25.3176]},"properties":{"id":"nhai_geoserver-d94e8b6e5302521c","title":"Construction of Underpass beneath airport runway on NH-31 (old NH-56) for proposed expansion of runway of Babatpur Airport Varanasi","sector":"road","status":"under_construction","is_blocked":false,"block_reason":null,"cost_inr_crore":649.44,"progress_pct":22.0,"delay_months":null,"revised_completion_date":"2027-09-29","state":"Uttar Pradesh","geo_confidence":"city","unverified":false}},{"type":"Feature","geometry":{"type":"Point","coordinates":[72.93747,20.742568]},"properties":{"id":"nhai_geoserver-642d6f114fc1e9ff","title":"6L of Dahisar - Surat Section of Old NH-8 from km 263.000 to km 502.000","sector":"road","status":"commissioned","is_blocked":false,"block_reason":null,"cost_inr_crore":216.54,"progress_pct":100.0,"delay_months":null,"revised_completion_date":"2012-06-19","state":"Gujarat","geo_confidence":"site","unverified":false}},{"type":"Feature","geometry":{"type":"Point","coordinates":[87.960465,26.105656]},"properties":{"id":"nhai_geoserver-a9d7e30d600394d8","title":"2nd Flyover (LCW) Parallel to Existing Flyover in Kishanganj Town","sector":"road","status":"commissioned","is_blocked":false,"block_reason":null,"cost_inr_crore":166.3,"progress_pct":100.0,"delay_months":null,"revised_completion_date":"2020-06-28","state":"Bihar","geo_confidence":"site","unverified":false}},{"type":"Feature","geometry":{"type":"Point","coordinates":[75.9064,17.6599]},"properties":{"id":"nhai_geoserver-360ee1050c6e6e52","title":"Solapur-Vijayapur","sector":"road","status":"commissioned","is_blocked":false,"block_reason":null,"cost_inr_crore":1889.0,"progress_pct":100.0,"delay_months":null,"revised_completion_date":"2021-04-23","state":"Maharashtra","geo_confidence":"city","unverified":false}},{"type":"Feature","geometry":{"type":"Point","coordinates":[79.74,15.9129]},"properties":{"id":"nhai_geoserver-ed7986a2f4bf6cf5","title":"Grade Seperator from H-7 Area to Port Connectivity Road bypassing Convent Junction","sector":"road","status":"commissioned","is_blocked":false,"block_reason":null,"cost_inr_crore":56.52,"progress_pct":100.0,"delay_months":null,"revised_completion_date":"2019-12-21","state":"Andhra Pradesh","geo_confidence":"state","unverified":false}},{"type":"Feature","geometry":{"type":"Point","coordinates":[78.04805,27.53705]},"properties":{"id":"nhai_geoserver-9b38c31c72578ecf","title":"Four laning of Agra-Aligarh Section from Km. 0.000 (Junction of NH-34 Aligarh Km 144.60) to Km. 28.000 near Asroi village in Hathras of NH-509 Package-I","sector":"road","status":"under_construction","is_blocked":false,"block_reason":null,"cost_inr_crore":1309.08,"progress_pct":3.96,"delay_months":null,"revised_completion_date":"2028-03-24","state":"Uttar Pradesh","geo_confidence":"city","unverified":false}},{"type":"Feature","geometry":{"type":"Point","coordinates":[74.668978,18.279932]},"properties":{"id":"nhai_geoserver-c6fbc1d87576a8f5","title":"4L of Pune - Solapur Section from km. 40.00 to km. 144.40 of NH 65 (Pkg-1)","sector":"road","status":"commissioned","is_blocked":false,"block_reason":null,"cost_inr_crore":1152.28,"progress_pct":null,"delay_months":null,"revised_completion_date":"2012-11-13","state":"Maharashtra","geo_confidence":"site","unverified":false}},{"type":"Feature","geometry":{"type":"Point","coordinates":[80.821612,27.236071]},"properties":{"id":"nhai_geoserver-e6fa2d3eeabdfb02","title":"Four Laning of Lucknow-Sitapur from km 488.270 to km 413.200","sector":"road","status":"commissioned","is_blocked":false,"block_reason":null,"cost_inr_crore":322.0,"progress_pct":null,"delay_months":null,"revised_completion_date":"2009-06-30","state":"Uttar Pradesh","geo_confidence":"site","unverified":false}},{"type":"Feature","geometry":{"type":"Point","coordinates":[74.4977,15.8497]},"properties":{"id":"nhai_geoserver-736853ad5b029501","title":"4 Lane with PS from Des. Ch 43.800 to Des. Ch. 89.900 of Belgaum-Hungund-Raichur Section of NH-748A (Package-2)","sector":"road","status":"under_construction","is_blocked":false,"block_reason":null,"cost_inr_crore":1427.88,"progress_pct":58.7,"delay_months":null,"revised_completion_date":"2027-02-28","state":"Karnataka","geo_confidence":"city","unverified":false}},{"type":"Feature","geometry":{"type":"Point","coordinates":[75.570118,24.514059]},"properties":{"id":"nhai_geoserver-79339e2fbe2bf0b2","title":"Delhi-Vadodara Greenfield Alignment (NH-148N) (Pkg-15) (Ch. 419.000 to Ch.427.300) [Junction with NH-12 near village Ummedpura to Major bridge over Takli river near Nayagaon Jageer village]","sector":"road","status":"under_construction","is_blocked":false,"block_reason":null,"cost_inr_crore":1854.68,"progress_pct":98.28,"delay_months":null,"revised_completion_date":"2024-01-04","state":"Rajasthan","geo_confidence":"site","unverified":false}},{"type":"Feature","geometry":{"type":"Point","coordinates":[73.221282,22.338225]},"properties":{"id":"nhai_geoserver-ec02585cb4d51012","title":"Delhi-Vadodara Greenfield Alignment (NH-148N) (Pkg-30) (Ch 803+420 to Ch.824+920) [Baletiya Village - Junction near Pratap Nagar Village]","sector":"road","status":"commissioned","is_blocked":false,"block_reason":null,"cost_inr_crore":1800.73,"progress_pct":100.0,"delay_months":null,"revised_completion_date":"2023-09-07","state":"Gujarat","geo_confidence":"site","unverified":false}},{"type":"Feature","geometry":{"type":"Point","coordinates":[81.960282,25.961491]},"properties":{"id":"nhai_geoserver-480fbccbd6c9a909","title":"2L PS of Raebareilly-Jaunpur from km. 0.00 to km. 166.400 of NH-231","sector":"road","status":"commissioned","is_blocked":false,"block_reason":null,"cost_inr_crore":1949.74,"progress_pct":100.0,"delay_months":null,"revised_completion_date":"2016-06-03","state":"Uttar Pradesh","geo_confidence":"site","unverified":false}},{"type":"Feature","geometry":{"type":"Point","coordinates":[72.8311,21.1702]},"properties":{"id":"nhai_geoserver-93ff84343ae7b4ca","title":"Maintenance works and activities on section from Bharuch to Surat (km. 198.000 to km. 263.000) of NH-48 in the state of Gujarat","sector":"road","status":"commissioned","is_blocked":false,"block_reason":null,"cost_inr_crore":null,"progress_pct":null,"delay_months":null,"revised_completion_date":"2029-03-09","state":"Gujarat","geo_confidence":"city","unverified":false}},{"type":"Feature","geometry":{"type":"Point","coordinates":[77.694264,27.412123]},"properties":{"id":"nhai_geoserver-c99b3629b22adef9","title":"6L Flyover with slip road along NH-44 at junction of NH 530B at start point - Km. 0.000 of Mathura Bypass at existing Km. 154.200 of NH-44 (Pkg-1A)","sector":"road","status":"commissioned","is_blocked":false,"block_reason":null,"cost_inr_crore":98.72,"progress_pct":100.0,"delay_months":null,"revised_completion_date":"2024-08-07","state":"Uttar Pradesh","geo_confidence":"site","unverified":false}},{"type":"Feature","geometry":{"type":"Point","coordinates":[75.7139,15.3173]},"properties":{"id":"nhai_geoserver-68f19dbe716b93bc","title":"4L PS from near Hemmige Village Periyapatna - Hassan Road Jn. to near Hunsur - KR Nagar Jn section from Km. 144.900 to Km. 169.000 of NH-275 ( Pkg. III )","sector":"road","status":"under_construction","is_blocked":false,"block_reason":null,"cost_inr_crore":883.62,"progress_pct":27.8,"delay_months":null,"revised_completion_date":"2027-04-02","state":"Karnataka","geo_confidence":"state","unverified":false}},{"type":"Feature","geometry":{"type":"Point","coordinates":[78.1642,29.9457]},"properties":{"id":"nhai_geoserver-c137a160c36d6244","title":"Upgradation and 4L of Haridwar Bypass from Km 0.000 (Km 188.100 of NH-58) to Km. 15.100 (Km 5.100 of NH 74) (PKg-1)","sector":"road","status":"under_construction","is_blocked":false,"block_reason":null,"cost_inr_crore":1602.89,"progress_pct":80.36,"delay_months":null,"revised_completion_date":"2024-10-29","state":"Uttarakhand","geo_confidence":"city","unverified":false}},{"type":"Feature","geometry":{"type":"Point","coordinates":[77.1734,31.1048]},"properties":{"id":"nhai_geoserver-091413f49e11eb72","title":"4L of Bhangbar (Near Ranital) to Kangra Bypass Section of Old NH-88 (New NH-303,503) up to Intersection with NH-154 from Km 175.270 to Km 193.400 (Pkg-VB)","sector":"road","status":"under_construction","is_blocked":false,"block_reason":null,"cost_inr_crore":1322.95,"progress_pct":97.45,"delay_months":null,"revised_completion_date":"2024-12-27","state":"Himachal Pradesh","geo_confidence":"state","unverified":false}},{"type":"Feature","geometry":{"type":"Point","coordinates":[75.8648,25.2138]},"properties":{"id":"nhai_geoserver-d670eb510319e73a","title":"Tolling, operation, Maintenance & Transfer of Chittorgarh Bypass to Kota Section (from km 891.929 to Km 1052.429) of NH-27","sector":"road","status":"commissioned","is_blocked":false,"block_reason":null,"cost_inr_crore":null,"progress_pct":null,"delay_months":null,"revised_completion_date":"2051-12-15","state":"Rajasthan","geo_confidence":"city","unverified":false}},{"type":"Feature","geometry":{"type":"Point","coordinates":[77.1734,31.1048]},"properties":{"id":"nhai_geoserver-385f5707be2fb4f4","title":"Strengthening of existing Shimla to Mataur section of NH-205 from km. 0.000 to km. 65.000 and descoped section of Solan-Kaithlighat NH-05 from km. 127.450 to km. 128.830 in the state of Himachal Pradesh.","sector":"road","status":"commissioned","is_blocked":false,"block_reason":null,"cost_inr_crore":null,"progress_pct":null,"delay_months":null,"revised_completion_date":"2025-06-25","state":"Himachal Pradesh","geo_confidence":"city","unverified":false}},{"type":"Feature","geometry":{"type":"Point","coordinates":[77.192625,30.173132]},"properties":{"id":"nhai_geoserver-238a6c94d1759c1d","title":"Four Laning of Yamunanagar-Panchkula section of Old NH 73 from Km 70.830 to Km 115.400 (Pkg-I)","sector":"road","status":"commissioned","is_blocked":false,"block_reason":null,"cost_inr_crore":884.58,"progress_pct":null,"delay_months":null,"revised_completion_date":"2018-05-17","state":"Haryana","geo_confidence":"site","unverified":false}},{"type":"Feature","geometry":{"type":"Point","coordinates":[78.43065,28.368]},"properties":{"id":"nhai_geoserver-fef57f67d2f4dc5e","title":"Routine Maintenance of 2-Lane with Paved Shoulders of Aligarh-Moradabad Section of NH-93 [New NH-509] From Km 79.000 To Km 232.020 [Total Length: 153.020 Km] in the State of Uttar Pradesh","sector":"road","status":"tendered","is_blocked":false,"block_reason":null,"cost_inr_crore":null,"progress_pct":null,"delay_months":null,"revised_completion_date":null,"state":"Uttar Pradesh","geo_confidence":"city","unverified":false}},{"type":"Feature","geometry":{"type":"Point","coordinates":[83.431265,26.724891]},"properties":{"id":"nhai_geoserver-eb3322575c5711bd","title":"Four laning of Gorakhpur Bypass from km. 79.670 of NH - 29E to km. 251.700 of NH - 28","sector":"road","status":"commissioned","is_blocked":false,"block_reason":null,"cost_inr_crore":923.95,"progress_pct":100.0,"delay_months":null,"revised_completion_date":"2019-05-07","state":"Uttar Pradesh","geo_confidence":"site","unverified":false}},{"type":"Feature","geometry":{"type":"Point","coordinates":[91.345781,26.483758]},"properties":{"id":"nhai_geoserver-10b4304a84029656","title":"Nalbari to Bijni from Km. 1065.00 to km. 1040.300 (Contract Package AS-06)","sector":"road","status":"commissioned","is_blocked":false,"block_reason":null,"cost_inr_crore":356.3,"progress_pct":99.65,"delay_months":null,"revised_completion_date":"2008-07-09","state":"Assam","geo_confidence":"site","unverified":false}},{"type":"Feature","geometry":{"type":"Point","coordinates":[83.210123,17.790807]},"properties":{"id":"nhai_geoserver-7d1813715f671e88","title":"6L of Anandapuram Pendurthi Anakapalli Section from km. 681.000 to km. 731.780 of NH-16","sector":"road","status":"under_construction","is_blocked":false,"block_reason":null,"cost_inr_crore":2527.0,"progress_pct":100.0,"delay_months":null,"revised_completion_date":"2021-07-01","state":"Andhra Pradesh","geo_confidence":"site","unverified":false}},{"type":"Feature","geometry":{"type":"Point","coordinates":[75.9064,17.6599]},"properties":{"id":"nhai_geoserver-0503ae075fedfadd","title":"Solapur to Maharashtra - Karnataka Border Section of NH-9 (New NH-65) from Km. 249.00 to 309.000","sector":"road","status":"commissioned","is_blocked":false,"block_reason":null,"cost_inr_crore":null,"progress_pct":null,"delay_months":null,"revised_completion_date":"2023-05-09","state":"Maharashtra","geo_confidence":"city","unverified":false}},{"type":"Feature","geometry":{"type":"Point","coordinates":[79.74,15.9129]},"properties":{"id":"nhai_geoserver-b2573dde67167179","title":"6L  Access Controlled Greenfield Highway from Chandrasekharapuram (Ch. 228+000) to Polavaram (Ch. 260+000)of [NH-544G] (Package-11)","sector":"road","status":"under_construction","is_blocked":false,"block_reason":null,"cost_inr_crore":1292.65,"progress_pct":64.2,"delay_months":null,"revised_completion_date":"2026-02-10","state":"Andhra Pradesh","geo_confidence":"state","unverified":false}},{"type":"Feature","geometry":{"type":"Point","coordinates":[80.2707,13.0827]},"properties":{"id":"nhai_geoserver-1de195fe86a3dc9e","title":"Emergency Repair for Existing Carriageway from Mugaiyur (Km.86+115) to Koonimedu (Km.130+000) on Chennai to Puducherry section of NH-332A (ECR)","sector":"road","status":"commissioned","is_blocked":false,"block_reason":null,"cost_inr_crore":null,"progress_pct":null,"delay_months":null,"revised_completion_date":"2023-12-21","state":"Tamil Nadu","geo_confidence":"city","unverified":false}},{"type":"Feature","geometry":{"type":"Point","coordinates":[75.894089,32.27188]},"properties":{"id":"nhai_geoserver-8898b26c8e59db4a","title":"4L of HP/Punjab Border - Mo from km. 11.00 to km. 42.00 of Old NH-20 (New NH-154) (Package-IA)","sector":"road","status":"under_construction","is_blocked":false,"block_reason":null,"cost_inr_crore":1002.11,"progress_pct":68.65,"delay_months":null,"revised_completion_date":"2024-05-17","state":"Himachal Pradesh","geo_confidence":"site","unverified":false}},{"type":"Feature","geometry":{"type":"Point","coordinates":[83.307504,25.524884]},"properties":{"id":"nhai_geoserver-c56069270183bc99","title":"Varanasi (Km 12.01) to Birnon (Km 84.160) [Varanasi - Gorakpur] ( PKG-II)","sector":"road","status":"commissioned","is_blocked":false,"block_reason":null,"cost_inr_crore":3587.12,"progress_pct":100.0,"delay_months":null,"revised_completion_date":"2019-09-26","state":"Uttar Pradesh","geo_confidence":"site","unverified":false}},{"type":"Feature","geometry":{"type":"Point","coordinates":[85.3131,25.0961]},"properties":{"id":"nhai_geoserver-9dd1a8a99a887b24","title":"Strengthening of UP border - Devapur - Kotwa from Km 360.915 to Km 440.00 of NH - 27","sector":"road","status":"commissioned","is_blocked":false,"block_reason":null,"cost_inr_crore":12.01,"progress_pct":null,"delay_months":null,"revised_completion_date":"2023-06-15","state":"Bihar","geo_confidence":"state","unverified":false}},{"type":"Feature","geometry":{"type":"Point","coordinates":[85.2799,23.6102]},"properties":{"id":"nhai_geoserver-46a14ba57a66928b","title":"4 Lane of CG/JH Border-Gumla from km 0.000 to km 32.370 of  NH-43 in the State of Jhrkhand","sector":"road","status":"under_construction","is_blocked":false,"block_reason":null,"cost_inr_crore":1325.8,"progress_pct":9.76,"delay_months":null,"revised_completion_date":"2028-02-17","state":"Jharkhand","geo_confidence":"state","unverified":false}},{"type":"Feature","geometry":{"type":"Point","coordinates":[72.317082,26.557876]},"properties":{"id":"nhai_geoserver-37585f104c140830","title":"Deogarh (near Dhandhaniya)-Rajasthan/Gujarat Border (Phase-I) (AJ/DRGB-Package-1)","sector":"road","status":"commissioned","is_blocked":false,"block_reason":null,"cost_inr_crore":710.49,"progress_pct":100.0,"delay_months":null,"revised_completion_date":"2022-03-12","state":"Rajasthan","geo_confidence":"site","unverified":false}},{"type":"Feature","geometry":{"type":"Point","coordinates":[71.1924,22.2587]},"properties":{"id":"nhai_geoserver-589b1b91783a1398","title":"Improvement of Samakhiyali-Santalpur section of Nh-27 (from Km.339.700 to Km. 430.100 and Km 589.600 to Km. 601.000) in the sate of Gujarat","sector":"road","status":"commissioned","is_blocked":false,"block_reason":null,"cost_inr_crore":null,"progress_pct":null,"delay_months":null,"revised_completion_date":"2026-01-02","state":"Gujarat","geo_confidence":"state","unverified":false}},{"type":"Feature","geometry":{"type":"Point","coordinates":[74.637492,23.122269]},"properties":{"id":"nhai_geoserver-96e490c0f550a277","title":"Delhi-Vadodara Greenfield Alignment (NH-148N) (Pkg-24) (Ch. 652+720 to Ch.674+420) [Ranni Village to Miyati Village of Jhabua district]","sector":"road","status":"commissioned","is_blocked":false,"block_reason":null,"cost_inr_crore":1109.49,"progress_pct":99.71,"delay_months":null,"revised_completion_date":"2022-03-04","state":"Madhya Pradesh","geo_confidence":"site","unverified":false}},{"type":"Feature","geometry":{"type":"Point","coordinates":[71.1924,22.2587]},"properties":{"id":"nhai_geoserver-a12226e3e17d57c9","title":"Four Laning of NH-8A from Padana (km. 346.00) to Gandhidham (km. 357.00) and strengthening of existing 4 Lanes including drainage improvement from km. 357.00 to km. 362.16 (Pkg - III)","sector":"road","status":"commissioned","is_blocked":false,"block_reason":null,"cost_inr_crore":40.73,"progress_pct":null,"delay_months":null,"revised_completion_date":"2002-01-19","state":"Gujarat","geo_confidence":"state","unverified":false}},{"type":"Feature","geometry":{"type":"Point","coordinates":[77.184826,10.640844]},"properties":{"id":"nhai_geoserver-c1807c4377a6690a","title":"4L of Madathukulam - Pollachi from km. 74.38 to km. 116.95 of old NH-209 (New NH-83)","sector":"road","status":"under_construction","is_blocked":false,"block_reason":null,"cost_inr_crore":1772.13,"progress_pct":97.65,"delay_months":null,"revised_completion_date":"2022-12-03","state":"Tamil Nadu","geo_confidence":"site","unverified":false}},{"type":"Feature","geometry":{"type":"Point","coordinates":[80.9462,26.8467]},"properties":{"id":"nhai_geoserver-dd8479045c02ceff","title":"Construction of Four Lane Highway from Ghazipur- Ballia-UP/Bihar State Border (Greenfield) section of NH-31: Package IV [from Buxur Spur of length km 17.270 on EPC Mode in the state of Uttar Pradesh.","sector":"road","status":"under_construction","is_blocked":false,"block_reason":null,"cost_inr_crore":617.88,"progress_pct":93.51,"delay_months":null,"revised_completion_date":"2025-06-14","state":"Uttar Pradesh","geo_confidence":"state","unverified":false}},{"type":"Feature","geometry":{"type":"Point","coordinates":[84.294251,21.516906]},"properties":{"id":"nhai_geoserver-29ebf5fc63a1a8e3","title":"Four Laning of Teleibani - Sambalpur from Km.493.30 to Km.521.30 and Km.545.176 to Km.567.40","sector":"road","status":"commissioned","is_blocked":false,"block_reason":null,"cost_inr_crore":752.28,"progress_pct":99.82,"delay_months":null,"revised_completion_date":"2019-11-20","state":"Odisha","geo_confidence":"site","unverified":false}},{"type":"Feature","geometry":{"type":"Point","coordinates":[81.88996,26.609088]},"properties":{"id":"nhai_geoserver-3ea5289ad1fb3163","title":"Four Laning of Ghaghra Bridge to Varanasi (PKG-III) [Gossai ki bazaar bypass (Km 240.340) to Varanasi (Km 299.350)]","sector":"road","status":"commissioned","is_blocked":false,"block_reason":null,"cost_inr_crore":2375.9,"progress_pct":100.0,"delay_months":null,"revised_completion_date":"2018-06-28","state":"Uttar Pradesh","geo_confidence":"site","unverified":false}},{"type":"Feature","geometry":{"type":"Point","coordinates":[74.437154,17.98899]},"properties":{"id":"nhai_geoserver-50068440b7a8ab53","title":"Dharampuri-Lonand from km. 117.00 to 166.40 (Pkg-IV) on Mohol-Alandi Section","sector":"road","status":"under_construction","is_blocked":false,"block_reason":null,"cost_inr_crore":1411.71,"progress_pct":97.4,"delay_months":null,"revised_completion_date":"2023-09-14","state":"Maharashtra","geo_confidence":"site","unverified":false}},{"type":"Feature","geometry":{"type":"Point","coordinates":[74.934069,13.038682]},"properties":{"id":"nhai_geoserver-1a357f032e40bb89","title":"4L of Sannur to Bikarnakatte section from Km 691.350 to Km 736.362 of NH-169 Karkala - Mangalore (Package-III)","sector":"road","status":"under_construction","is_blocked":false,"block_reason":null,"cost_inr_crore":1386.41,"progress_pct":76.1,"delay_months":null,"revised_completion_date":"2024-10-08","state":"Karnataka","geo_confidence":"site","unverified":false}},{"type":"Feature","geometry":{"type":"Point","coordinates":[83.3732,26.7606]},"properties":{"id":"nhai_geoserver-37129bccaf2b7a9e","title":"Gorakhpur Bypass (Km. 0.000 to Km. 32.27 connecting NH28)","sector":"road","status":"commissioned","is_blocked":false,"block_reason":null,"cost_inr_crore":765.79,"progress_pct":null,"delay_months":null,"revised_completion_date":"2009-10-05","state":"Uttar Pradesh","geo_confidence":"city","unverified":false}},{"type":"Feature","geometry":{"type":"Point","coordinates":[91.663624,26.278361]},"properties":{"id":"nhai_geoserver-5374e3c6fc29ed8d","title":"4L of Guwahati - Nalbari Section from km. 1121.00 to km. 1093.00 in Assam (AS-4)","sector":"road","status":"commissioned","is_blocked":false,"block_reason":null,"cost_inr_crore":441.0,"progress_pct":null,"delay_months":null,"revised_completion_date":null,"state":"Assam","geo_confidence":"site","unverified":false}},{"type":"Feature","geometry":{"type":"Point","coordinates":[76.389952,25.148904]},"properties":{"id":"nhai_geoserver-5aba2008f7d76250","title":"Kota - Baran section of NH-27 from km. 1080.263 to km. 1184.322","sector":"road","status":"commissioned","is_blocked":false,"block_reason":null,"cost_inr_crore":1729.17,"progress_pct":100.0,"delay_months":null,"revised_completion_date":"2008-10-19","state":"Rajasthan","geo_confidence":"site","unverified":false}},{"type":"Feature","geometry":{"type":"Point","coordinates":[75.2591,12.12364]},"properties":{"id":"nhai_geoserver-95a48065a91624ef","title":"6L of Perole (Nileshwar town) to Taliparamba from Km 94.248 to Km 134.650 of NH-66","sector":"road","status":"under_construction","is_blocked":false,"block_reason":null,"cost_inr_crore":3041.65,"progress_pct":86.65,"delay_months":null,"revised_completion_date":"2024-01-11","state":"Kerala","geo_confidence":"site","unverified":false}},{"type":"Feature","geometry":{"type":"Point","coordinates":[75.3412,31.1471]},"properties":{"id":"nhai_geoserver-f73137c696457101","title":"Improvement and routine maintenance of 4L Patiala Bypass Section  from Km 50.000 to Km 69.280 of NH-64 (New NH - 07)","sector":"road","status":"commissioned","is_blocked":false,"block_reason":null,"cost_inr_crore":null,"progress_pct":null,"delay_months":null,"revised_completion_date":null,"state":"Punjab","geo_confidence":"state","unverified":false}},{"type":"Feature","geometry":{"type":"Point","coordinates":[75.8573,30.901]},"properties":{"id":"nhai_geoserver-76aceff9e7732f0a","title":"4-laning of Ludhiana-Talwandi (km 85.98 to km 92.00) section of NH-95 under NHDP-III on EPC basis.","sector":"road","status":"commissioned","is_blocked":false,"block_reason":null,"cost_inr_crore":46.57,"progress_pct":100.0,"delay_months":null,"revised_completion_date":"2016-07-05","state":"Punjab","geo_confidence":"city","unverified":false}},{"type":"Feature","geometry":{"type":"Point","coordinates":[80.2707,13.0827]},"properties":{"id":"nhai_geoserver-0f8216d87636c166","title":"4L of Balance Length in Chennai - Tirupathi Section & 6L of Tirupathi Bypass","sector":"road","status":"tendered","is_blocked":false,"block_reason":null,"cost_inr_crore":2100.0,"progress_pct":null,"delay_months":null,"revised_completion_date":null,"state":null,"geo_confidence":"city","unverified":false}},{"type":"Feature","geometry":{"type":"Point","coordinates":[80.9462,26.8467]},"properties":{"id":"nhai_geoserver-6ff225c56a78bf7a","title":"2L PS of Raebareli - Jagdishpur with 4L Jagdishpur Bypass Spur","sector":"road","status":"commissioned","is_blocked":false,"block_reason":null,"cost_inr_crore":706.41,"progress_pct":97.2,"delay_months":null,"revised_completion_date":"2024-01-06","state":"Uttar Pradesh","geo_confidence":"state","unverified":false}},{"type":"Feature","geometry":{"type":"Point","coordinates":[74.173072,30.085724]},"properties":{"id":"nhai_geoserver-945c4b8212f51df4","title":"Malout - Abohar - Sadhuwali","sector":"road","status":"commissioned","is_blocked":false,"block_reason":null,"cost_inr_crore":1025.64,"progress_pct":99.0,"delay_months":null,"revised_completion_date":"2024-10-03","state":"Punjab","geo_confidence":"site","unverified":false}},{"type":"Feature","geometry":{"type":"Point","coordinates":[85.154051,23.43351]},"properties":{"id":"nhai_geoserver-c1307449f03f07cc","title":"4L of Kutchery Chowk - Piska More - Bijupara from Km. 0.00 - Km. 34.00 of NH - 75","sector":"road","status":"commissioned","is_blocked":false,"block_reason":null,"cost_inr_crore":378.58,"progress_pct":100.0,"delay_months":null,"revised_completion_date":"2019-06-19","state":"Jharkhand","geo_confidence":"site","unverified":false}},{"type":"Feature","geometry":{"type":"Point","coordinates":[78.463807,10.537014]},"properties":{"id":"nhai_geoserver-dafbfd28e307b568","title":"Kallagam (km.38.700) to Meensurutti (Km.98.433) of NH-227 in Tamil Nadu","sector":"road","status":"under_construction","is_blocked":false,"block_reason":null,"cost_inr_crore":1499.12,"progress_pct":100.0,"delay_months":null,"revised_completion_date":"2021-04-22","state":"Tamil Nadu","geo_confidence":"site","unverified":false}},{"type":"Feature","geometry":{"type":"Point","coordinates":[75.885726,18.054583]},"properties":{"id":"nhai_geoserver-89b82519c2432e4a","title":"4L of Vadape - Gonde (km 539.500 to km 440.00) section of Old NH-3","sector":"road","status":"commissioned","is_blocked":false,"block_reason":null,"cost_inr_crore":579.0,"progress_pct":null,"delay_months":null,"revised_completion_date":"2009-04-11","state":"Maharashtra","geo_confidence":"site","unverified":false}},{"type":"Feature","geometry":{"type":"Point","coordinates":[80.9462,26.8467]},"properties":{"id":"nhai_geoserver-05a0e1c43df55452","title":"6L access controlled Greenfield highway of Junction of EPE (Vill- Mavikalan) to Vill-Lohadda from Km 0.00 to Km 27.00 (Pkg -1)","sector":"road","status":"awarded","is_blocked":false,"block_reason":null,"cost_inr_crore":1602.48,"progress_pct":6.0,"delay_months":null,"revised_completion_date":null,"state":"Uttar Pradesh","geo_confidence":"state","unverified":false}},{"type":"Feature","geometry":{"type":"Point","coordinates":[74.235499,27.457705]},"properties":{"id":"nhai_geoserver-27810342c68e606c","title":"Salasar (Km 151.141) to Nagaur (Km 270.735) of NH-65 in Rajasthan","sector":"road","status":"commissioned","is_blocked":false,"block_reason":null,"cost_inr_crore":726.84,"progress_pct":100.0,"delay_months":null,"revised_completion_date":"2019-09-23","state":"Rajasthan","geo_confidence":"site","unverified":false}},{"type":"Feature","geometry":{"type":"Point","coordinates":[73.1812,22.3072]},"properties":{"id":"nhai_geoserver-c4699dad3b823d17","title":"Vadodara Mumbai Expressway (Phase II - Pkg XIV) [Km. 3.000 to Km. 20.200 of Spur] (Shirsad - Akloli)","sector":"road","status":"under_construction","is_blocked":false,"block_reason":null,"cost_inr_crore":2058.79,"progress_pct":98.0,"delay_months":null,"revised_completion_date":"2024-05-11","state":"Maharashtra","geo_confidence":"city","unverified":false}},{"type":"Feature","geometry":{"type":"Point","coordinates":[74.2179,27.0238]},"properties":{"id":"nhai_geoserver-3690021c10d5d921","title":"Strengthening and Maintenance 2L PS of Nimbijiodha (near Ladnu) - Degana - Merta City from km. 0.00 to km. 139.90 of NH-458 pkg-1","sector":"road","status":"commissioned","is_blocked":false,"block_reason":null,"cost_inr_crore":null,"progress_pct":null,"delay_months":null,"revised_completion_date":"2028-06-30","state":"Rajasthan","geo_confidence":"state","unverified":false}},{"type":"Feature","geometry":{"type":"Point","coordinates":[80.3319,26.4499]},"properties":{"id":"nhai_geoserver-f64c07644e43bd8c","title":"Four laning of Kanpur-Kabrai Section (Green Field Alignment) of NH-34","sector":"road","status":"tendered","is_blocked":false,"block_reason":null,"cost_inr_crore":7367.77,"progress_pct":null,"delay_months":null,"revised_completion_date":null,"state":"Uttar Pradesh","geo_confidence":"city","unverified":false}},{"type":"Feature","geometry":{"type":"Point","coordinates":[75.3412,31.1471]},"properties":{"id":"nhai_geoserver-699616450d9c7e89","title":"Operation & Maintenance of Bidhipur To dhilwan section of NH-1 (New NH-03) from Km. 387.100 to km. 407.100","sector":"road","status":"commissioned","is_blocked":false,"block_reason":null,"cost_inr_crore":null,"progress_pct":null,"delay_months":null,"revised_completion_date":"2023-07-23","state":"Punjab","geo_confidence":"state","unverified":false}},{"type":"Feature","geometry":{"type":"Point","coordinates":[73.0243,26.2389]},"properties":{"id":"nhai_geoserver-febfb3333f07ed57","title":"4L of Karwar (Km. 281.980 of NH-62 Nagaur road) to Dangiyavas of Jodhpur Ring Road (Pkg-II)","sector":"road","status":"under_construction","is_blocked":false,"block_reason":null,"cost_inr_crore":736.75,"progress_pct":100.0,"delay_months":null,"revised_completion_date":"2024-08-28","state":"Rajasthan","geo_confidence":"city","unverified":false}},{"type":"Feature","geometry":{"type":"Point","coordinates":[73.0243,26.2389]},"properties":{"id":"nhai_geoserver-d7f35d2a596c3416","title":"Construction of Four Lane Elevated Road in Jodhpur city portion from Mahamandir (Ch.0+000) to Akhaliya Chouraha (Ch. 7+633) in the State of Rajasthan on Hybrid Annuity Mode under NH(O) Scheme","sector":"road","status":"awarded","is_blocked":false,"block_reason":null,"cost_inr_crore":1108.45,"progress_pct":null,"delay_months":null,"revised_completion_date":null,"state":"Rajasthan","geo_confidence":"city","unverified":false}},{"type":"Feature","geometry":{"type":"Point","coordinates":[81.382832,21.110522]},"properties":{"id":"nhai_geoserver-e26b684cc69f7699","title":"Durg-Raipur Bypass Section (Package - 1) from km. 0.00 to km. 44.50 (near Tendesara to near Khatti Village)","sector":"road","status":"under_construction","is_blocked":false,"block_reason":null,"cost_inr_crore":1828.0,"progress_pct":75.39,"delay_months":null,"revised_completion_date":"2025-07-20","state":"Chhattisgarh","geo_confidence":"site","unverified":false}},{"type":"Feature","geometry":{"type":"Point","coordinates":[76.2711,10.8505]},"properties":{"id":"nhai_geoserver-dcb1581e6e48c209","title":"Maintenance work of Kazhakkoottam (Km.1+800) to Mukkola (Km.26.798)","sector":"road","status":"commissioned","is_blocked":false,"block_reason":null,"cost_inr_crore":null,"progress_pct":null,"delay_months":null,"revised_completion_date":"2024-01-04","state":"Kerala","geo_confidence":"state","unverified":false}},{"type":"Feature","geometry":{"type":"Point","coordinates":[85.73328,23.359663]},"properties":{"id":"nhai_geoserver-172d6f67f5db8188","title":"4L of Gola-Bokaro(Jaina More) section from Km 53.600 to Km 21.110 of NH-320(PKG-1)","sector":"road","status":"under_construction","is_blocked":false,"block_reason":null,"cost_inr_crore":1007.97,"progress_pct":76.3,"delay_months":null,"revised_completion_date":"2025-06-25","state":"Jharkhand","geo_confidence":"site","unverified":false}},{"type":"Feature","geometry":{"type":"Point","coordinates":[79.9864,23.1815]},"properties":{"id":"nhai_geoserver-cd9115181d9dbae5","title":"Outer Ring Road of Jabalpur Town from Kushner to Amjhar Road including Airport Connectivity (Pkg-IV)","sector":"road","status":"under_construction","is_blocked":false,"block_reason":null,"cost_inr_crore":612.94,"progress_pct":79.63,"delay_months":null,"revised_completion_date":"2026-03-05","state":"Madhya Pradesh","geo_confidence":"city","unverified":false}},{"type":"Feature","geometry":{"type":"Point","coordinates":[86.673173,26.293939]},"properties":{"id":"nhai_geoserver-35ae2fe7e0832a70","title":"4 Lane Bridge Across River Kosi including Approaches km 155 - km 165 of Nh-57 (BR-5)","sector":"road","status":"commissioned","is_blocked":false,"block_reason":null,"cost_inr_crore":1079.85,"progress_pct":null,"delay_months":null,"revised_completion_date":"2010-04-04","state":"Bihar","geo_confidence":"site","unverified":false}},{"type":"Feature","geometry":{"type":"Point","coordinates":[80.824803,17.132063]},"properties":{"id":"nhai_geoserver-c09d4af8bed16ae9","title":"Khammam-Devarapalle Pkg III [4L Access Controlled (Greenfield) from Chintagudem village to Recherla village (Design Chainage 63+117 to 105+236)]","sector":"road","status":"under_construction","is_blocked":false,"block_reason":null,"cost_inr_crore":829.5,"progress_pct":98.82,"delay_months":null,"revised_completion_date":"2024-09-26","state":"Telangana","geo_confidence":"site","unverified":false}},{"type":"Feature","geometry":{"type":"Point","coordinates":[85.3647,26.1209]},"properties":{"id":"nhai_geoserver-bc84c3aab0a350f9","title":"Widening of left out portion of Hajipur - Muzaffarpur section of NH-77 from 46+300 to 48+200 (Madhoul to Ramdayalu)","sector":"road","status":"commissioned","is_blocked":false,"block_reason":null,"cost_inr_crore":13.0,"progress_pct":97.0,"delay_months":null,"revised_completion_date":"2021-03-22","state":"Bihar","geo_confidence":"city","unverified":false}},{"type":"Feature","geometry":{"type":"Point","coordinates":[79.74,15.9129]},"properties":{"id":"nhai_geoserver-e537d1c0d4c54204","title":"Improvement of 4L road to 6L road and 4L dedicated Port Roads for the Port connectivity road from Convent junction to Sheelanagar Junction","sector":"road","status":"under_construction","is_blocked":false,"block_reason":null,"cost_inr_crore":685.99,"progress_pct":79.0,"delay_months":null,"revised_completion_date":"2026-02-13","state":"Andhra Pradesh","geo_confidence":"state","unverified":false}},{"type":"Feature","geometry":{"type":"Point","coordinates":[80.9462,26.8467]},"properties":{"id":"nhai_geoserver-53fe525c650a0223","title":"Operation and Maintenance including Partial Strengthening of Raebareli to Banda  section of  NH-232  Under PBMC mode","sector":"road","status":"commissioned","is_blocked":false,"block_reason":null,"cost_inr_crore":null,"progress_pct":null,"delay_months":null,"revised_completion_date":"2029-03-30","state":"Uttar Pradesh","geo_confidence":"state","unverified":false}},{"type":"Feature","geometry":{"type":"Point","coordinates":[74.857,32.7266]},"properties":{"id":"nhai_geoserver-c57b90ce28bc5e8d","title":"4L of Mukerian - Pathankot from km. 70.00 to km. 110.00 of Pathankot - Jammu Section of Old NH- 1A (Contract Package No. NS-37 (PB)","sector":"road","status":"commissioned","is_blocked":false,"block_reason":null,"cost_inr_crore":694.39,"progress_pct":null,"delay_months":null,"revised_completion_date":"2008-05-21","state":"Punjab","geo_confidence":"city","unverified":false}},{"type":"Feature","geometry":{"type":"Point","coordinates":[78.1642,29.9457]},"properties":{"id":"nhai_geoserver-ef963c255f325438","title":"Operation and Maintenance of Haridwar to Muzzaffarnagar from CH. 36.400 to CH. 71.900 section of NH 334 [Package2]","sector":"road","status":"commissioned","is_blocked":false,"block_reason":null,"cost_inr_crore":null,"progress_pct":null,"delay_months":null,"revised_completion_date":"2025-05-03","state":"Uttarakhand","geo_confidence":"city","unverified":false}},{"type":"Feature","geometry":{"type":"Point","coordinates":[81.523572,24.313366]},"properties":{"id":"nhai_geoserver-be5785042a223b9a","title":"Four Laning of Ghaghra Bridge to Varanasi (PKG-II) [Budhanpur Urban section (Km 180.420) to Gossai ki bazaar bypass (Km 240.340)]","sector":"road","status":"commissioned","is_blocked":false,"block_reason":null,"cost_inr_crore":3190.81,"progress_pct":100.0,"delay_months":null,"revised_completion_date":"2018-06-28","state":"Uttar Pradesh","geo_confidence":"site","unverified":false}},{"type":"Feature","geometry":{"type":"Point","coordinates":[80.713665,26.332922]},"properties":{"id":"nhai_geoserver-383d83266b20ff56","title":"2L PS of Aligarh - Moradabad section from km 85.650 to km 232.00 of Old NH-93","sector":"road","status":"commissioned","is_blocked":false,"block_reason":null,"cost_inr_crore":1026.78,"progress_pct":100.0,"delay_months":null,"revised_completion_date":"2019-07-25","state":"Uttar Pradesh","geo_confidence":"site","unverified":false}},{"type":"Feature","geometry":{"type":"Point","coordinates":[77.419137,28.977477]},"properties":{"id":"nhai_geoserver-425d33297b92aaf4","title":"2L of HR/UP Border - Baghpat - Meerut from km. 0.00 to km. 41.36 & from km. 45.84 to km. 48.26","sector":"road","status":"commissioned","is_blocked":false,"block_reason":null,"cost_inr_crore":371.38,"progress_pct":100.0,"delay_months":null,"revised_completion_date":"2022-01-30","state":"Uttar Pradesh","geo_confidence":"site","unverified":false}},{"type":"Feature","geometry":{"type":"Point","coordinates":[71.574499,21.023363]},"properties":{"id":"nhai_geoserver-05d1733223d27f8e","title":"4L of Bal Works of  Mahuva to Kagvadar from 100.450 Km. to 140.470 Km. of NH-8E (Pkg- III)","sector":"road","status":"commissioned","is_blocked":false,"block_reason":null,"cost_inr_crore":603.08,"progress_pct":99.71,"delay_months":null,"revised_completion_date":"2022-09-23","state":"Gujarat","geo_confidence":"site","unverified":false}},{"type":"Feature","geometry":{"type":"Point","coordinates":[76.168664,32.198494]},"properties":{"id":"nhai_geoserver-af192b4501ef184c","title":"Rehabilitation and Upgradation to 4L configuration & Strengthening of Sihuni to Rajol  from Km 51.000 to Km 72.000 of NH-154 (Package-IIA)","sector":"road","status":"under_construction","is_blocked":false,"block_reason":null,"cost_inr_crore":696.65,"progress_pct":99.18,"delay_months":null,"revised_completion_date":"2025-09-26","state":"Himachal Pradesh","geo_confidence":"site","unverified":false}},{"type":"Feature","geometry":{"type":"Point","coordinates":[78.948832,12.380101]},"properties":{"id":"nhai_geoserver-be4faeea9fc27121","title":"Balance work of 2L PS of Tindivanam Krishnagiri from km. 37.600 to km. 219.782","sector":"road","status":"commissioned","is_blocked":false,"block_reason":null,"cost_inr_crore":624.49,"progress_pct":100.0,"delay_months":null,"revised_completion_date":"2021-07-03","state":"Tamil Nadu","geo_confidence":"site","unverified":false}},{"type":"Feature","geometry":{"type":"Point","coordinates":[79.74,15.9129]},"properties":{"id":"nhai_geoserver-7380c7034cf4e6eb","title":"Half Clover Leaf Interchanges cum ROB at Yerramanchi and Gudipalli Villages at Km 416.005 Across NH-44","sector":"road","status":"under_construction","is_blocked":false,"block_reason":null,"cost_inr_crore":123.79,"progress_pct":44.42,"delay_months":null,"revised_completion_date":"2026-10-03","state":"Andhra Pradesh","geo_confidence":"state","unverified":false}},{"type":"Feature","geometry":{"type":"Point","coordinates":[76.015278,25.017361]},"properties":{"id":"nhai_geoserver-4847082f7c74b4f5","title":"Delhi-Vadodara Greenfield Alignment (NH-148N) (Pkg-14) (Ch. 388.420 to Ch. 419.000) [Junction with NH- 76 to Junction with NH-12 near village Ummedpura]","sector":"road","status":"commissioned","is_blocked":false,"block_reason":null,"cost_inr_crore":1119.35,"progress_pct":99.8,"delay_months":null,"revised_completion_date":"2023-05-23","state":"Rajasthan","geo_confidence":"site","unverified":false}},{"type":"Feature","geometry":{"type":"Point","coordinates":[76.4517,30.2136]},"properties":{"id":"nhai_geoserver-f2e279a46b3e7f23","title":"4L PS of Ambala Ring Road of New NH-44","sector":"road","status":"under_construction","is_blocked":false,"block_reason":null,"cost_inr_crore":1093.35,"progress_pct":92.97,"delay_months":null,"revised_completion_date":"2025-10-10","state":"Haryana","geo_confidence":"site","unverified":false}},{"type":"Feature","geometry":{"type":"Point","coordinates":[87.855,22.9868]},"properties":{"id":"nhai_geoserver-7d490008cc56e62f","title":"Dalkhola-Islampur (Pkg-EW/5)","sector":"road","status":"commissioned","is_blocked":false,"block_reason":null,"cost_inr_crore":794.08,"progress_pct":null,"delay_months":null,"revised_completion_date":"2002-03-28","state":"West Bengal","geo_confidence":"state","unverified":false}},{"type":"Feature","geometry":{"type":"Point","coordinates":[84.924481,23.510274]},"properties":{"id":"nhai_geoserver-a7cf935b585a6d33","title":"Bijupara (Km. 34.00) to Kuru (Km. 55.00) of NH-75 in Jharkhand","sector":"road","status":"commissioned","is_blocked":false,"block_reason":null,"cost_inr_crore":235.47,"progress_pct":100.0,"delay_months":null,"revised_completion_date":"2019-06-19","state":"Jharkhand","geo_confidence":"site","unverified":false}},{"type":"Feature","geometry":{"type":"Point","coordinates":[77.046725,28.404023]},"properties":{"id":"nhai_geoserver-e85f0e15491b29c5","title":"Gurgaon Sohna Pkg-I (Km.2.74 to Km.11.682)","sector":"road","status":"commissioned","is_blocked":false,"block_reason":null,"cost_inr_crore":897.54,"progress_pct":98.5,"delay_months":null,"revised_completion_date":"2022-09-05","state":"Haryana","geo_confidence":"site","unverified":false}},{"type":"Feature","geometry":{"type":"Point","coordinates":[69.7219,22.8394]},"properties":{"id":"nhai_geoserver-0566058a89c1cc84","title":"Bal. Work of Gandhidham (Kandla) to Mundra port section of NH8A (Extn.) between Km. 0.000 to Km. 71.400","sector":"road","status":"commissioned","is_blocked":false,"block_reason":null,"cost_inr_crore":163.95,"progress_pct":100.0,"delay_months":null,"revised_completion_date":"2021-09-11","state":"Gujarat","geo_confidence":"city","unverified":false}},{"type":"Feature","geometry":{"type":"Point","coordinates":[85.0985,20.9517]},"properties":{"id":"nhai_geoserver-a5c41ae5d4286706","title":"Strengthening of Pavement (Overlaying works) with DBM and BC of Panikoili to Rimuli section of NH-20 (PanikoiliKeonjhar-Rimuli) from Km 60.000 to Km 113.300","sector":"road","status":"under_construction","is_blocked":false,"block_reason":null,"cost_inr_crore":null,"progress_pct":null,"delay_months":null,"revised_completion_date":"2024-12-14","state":"Odisha","geo_confidence":"state","unverified":false}},{"type":"Feature","geometry":{"type":"Point","coordinates":[79.84495,13.35575]},"properties":{"id":"nhai_geoserver-f1d01f951c4ba415","title":"Access Controlled Highway of 4 Lane with Paved Shoulders from Tiruvallur (Design Chainage Km 17+56) to TN/AP Broder (Design Chainage Km 61+51) of NH-716 (Chennai-Tirupati Package-1)","sector":"road","status":"under_construction","is_blocked":false,"block_reason":null,"cost_inr_crore":1376.1,"progress_pct":46.31,"delay_months":null,"revised_completion_date":"2026-12-27","state":"Tamil Nadu","geo_confidence":"city","unverified":false}},{"type":"Feature","geometry":{"type":"Point","coordinates":[77.1734,31.1048]},"properties":{"id":"nhai_geoserver-0ca8880e64587d1b","title":"Strengthening under One time improvement from km. 0.000 to km. 24.250 & km. 153.180 to km. 156.500 of existing Kaithlighat to Dhalli section of NH-05","sector":"road","status":"unknown","is_blocked":false,"block_reason":null,"cost_inr_crore":null,"progress_pct":null,"delay_months":null,"revised_completion_date":"2024-12-28","state":"Himachal Pradesh","geo_confidence":"state","unverified":false}},{"type":"Feature","geometry":{"type":"Point","coordinates":[78.7733,28.8386]},"properties":{"id":"nhai_geoserver-e367d83d51293853","title":"4L of Moradabad-Thakurdwara-Kashipur Section from Km. 0.000 to Km. 38.77 of NH-734 (Pkg-II)","sector":"road","status":"under_construction","is_blocked":false,"block_reason":null,"cost_inr_crore":2006.82,"progress_pct":54.55,"delay_months":null,"revised_completion_date":"2026-03-14","state":"Uttar Pradesh","geo_confidence":"city","unverified":false}},{"type":"Feature","geometry":{"type":"Point","coordinates":[78.6569,22.9734]},"properties":{"id":"nhai_geoserver-4ea64220f61c18f0","title":"4L of Suhagadi to Bardiya Amra from Km. 89.200 to Km. 135.351 of NH-148NG (Pkg-III)","sector":"road","status":"commissioned","is_blocked":false,"block_reason":null,"cost_inr_crore":823.05,"progress_pct":100.0,"delay_months":null,"revised_completion_date":"2024-06-18","state":"Madhya Pradesh","geo_confidence":"state","unverified":false}},{"type":"Feature","geometry":{"type":"Point","coordinates":[71.1924,22.2587]},"properties":{"id":"nhai_geoserver-ca8c492a79278574","title":"Short term Improvement and routine Maintenance of Samakhiyali-Radhanpur-Palanpur from Km.339.700 to Km.601.000 of NH-27","sector":"road","status":"commissioned","is_blocked":false,"block_reason":null,"cost_inr_crore":61.81,"progress_pct":null,"delay_months":null,"revised_completion_date":"2022-09-12","state":"Gujarat","geo_confidence":"state","unverified":false}},{"type":"Feature","geometry":{"type":"Point","coordinates":[78.167382,23.665965]},"properties":{"id":"nhai_geoserver-836596be52430ad4","title":"Rewa(Km 242.600) to Maihar (Km 311.000) of NH-7 (New NH-30) in Madhya Pradesh [Rewa - Katni - Jabalpur Pkg I]","sector":"road","status":"commissioned","is_blocked":false,"block_reason":null,"cost_inr_crore":763.82,"progress_pct":98.87,"delay_months":null,"revised_completion_date":"2017-06-16","state":"Madhya Pradesh","geo_confidence":"site","unverified":false}},{"type":"Feature","geometry":{"type":"Point","coordinates":[77.868248,9.712176]},"properties":{"id":"nhai_geoserver-75f986481a40ed55","title":"4L of Thirumangalam to Vadugapatti section from km 0.000 to km 36.000 of NH-744","sector":"road","status":"under_construction","is_blocked":false,"block_reason":null,"cost_inr_crore":1076.97,"progress_pct":95.95,"delay_months":null,"revised_completion_date":"2025-02-21","state":"Tamil Nadu","geo_confidence":"site","unverified":false}},{"type":"Feature","geometry":{"type":"Point","coordinates":[77.0266,28.4595]},"properties":{"id":"nhai_geoserver-df518f1a3ffe8f9b","title":"Routine maintenance and incident management of Gurgaon - Kotputli - Jaipur section of NH-08 (New NH-48) from Km. 107+100 to Km. 273+000 in the state of Rajasthan","sector":"road","status":"commissioned","is_blocked":false,"block_reason":null,"cost_inr_crore":null,"progress_pct":null,"delay_months":null,"revised_completion_date":"2026-12-14","state":"Rajasthan","geo_confidence":"city","unverified":false}},{"type":"Feature","geometry":{"type":"Point","coordinates":[74.843969,19.871315]},"properties":{"id":"nhai_geoserver-0b8c40554ef142d8","title":"Nagpur-Betul Section of NH-69","sector":"road","status":"commissioned","is_blocked":false,"block_reason":null,"cost_inr_crore":10387.14,"progress_pct":100.0,"delay_months":null,"revised_completion_date":"2014-08-31","state":"Maharashtra","geo_confidence":"site","unverified":false}},{"type":"Feature","geometry":{"type":"Point","coordinates":[91.7362,26.1445]},"properties":{"id":"nhai_geoserver-f1d1b2b638a725fc","title":"Maintenance work of Guwahati to Nalbari section from Km. 1119.814 to Km. 1124.514 (AS-28) & from Km. 1093.000 to Km. 1119.814 (AS-04) of NH-27","sector":"road","status":"commissioned","is_blocked":false,"block_reason":null,"cost_inr_crore":null,"progress_pct":null,"delay_months":null,"revised_completion_date":"2023-04-23","state":"Assam","geo_confidence":"city","unverified":false}},{"type":"Feature","geometry":{"type":"Point","coordinates":[74.245,19.805]},"properties":{"id":"nhai_geoserver-c047cb03af6276a9","title":"Sinnar-Shirdi (including Sinnar Bypass)","sector":"road","status":"commissioned","is_blocked":false,"block_reason":null,"cost_inr_crore":1330.72,"progress_pct":100.0,"delay_months":null,"revised_completion_date":"2022-08-17","state":"Maharashtra","geo_confidence":"site","unverified":false}},{"type":"Feature","geometry":{"type":"Point","coordinates":[79.74,15.9129]},"properties":{"id":"nhai_geoserver-f326979f362a712a","title":"Road Safety works with construction of 1 Nos ROB, 2 Nos VUPs, Service roads, provision of lighting and construction of other miscellaneous works at various stretches including maintenance of existing section of NH-4 from AP/Tamil Nadu Border (Km.134.890) to Nalagampalli village (Km.172.000)","sector":"road","status":"under_construction","is_blocked":false,"block_reason":null,"cost_inr_crore":256.61,"progress_pct":80.41,"delay_months":null,"revised_completion_date":"2024-11-19","state":"Andhra Pradesh","geo_confidence":"state","unverified":false}},{"type":"Feature","geometry":{"type":"Point","coordinates":[73.041008,18.939433]},"properties":{"id":"nhai_geoserver-6df1f3a485b3308f","title":"JNPT Package 2 Gavanphata Interchange from 14.740 to Km 15.894 ( Old SH -54)","sector":"road","status":"commissioned","is_blocked":false,"block_reason":null,"cost_inr_crore":871.94,"progress_pct":90.0,"delay_months":null,"revised_completion_date":"2018-05-15","state":"Maharashtra","geo_confidence":"site","unverified":false}},{"type":"Feature","geometry":{"type":"Point","coordinates":[76.055537,32.239895]},"properties":{"id":"nhai_geoserver-fd5b7649e668ab5e","title":"4L of Mo - Sihuni from km. 42.00 to km. 51.00 of Old NH-20 (new NH-154) (Package-IB)","sector":"road","status":"commissioned","is_blocked":false,"block_reason":null,"cost_inr_crore":583.93,"progress_pct":100.0,"delay_months":null,"revised_completion_date":"2024-06-09","state":"Himachal Pradesh","geo_confidence":"site","unverified":false}},{"type":"Feature","geometry":{"type":"Point","coordinates":[82.283547,26.040907]},"properties":{"id":"nhai_geoserver-057ede2171c6bade","title":"Varanasi Gorakhpur Section Packege IV from km. 149.540 to km. 215.160 (Mau-Gorakhpur)","sector":"road","status":"under_construction","is_blocked":false,"block_reason":null,"cost_inr_crore":2966.63,"progress_pct":97.35,"delay_months":null,"revised_completion_date":"2019-10-07","state":"Uttar Pradesh","geo_confidence":"site","unverified":false}},{"type":"Feature","geometry":{"type":"Point","coordinates":[78.6569,22.9734]},"properties":{"id":"nhai_geoserver-bb4d0d44a9aae920","title":"4L of Ratapani stretch from Km. 8.300 to Km. 20.680 of Obedullganj - Itarsi section of NH – 46 (Old NH-69) in the state of Madhya Pradesh on EPC Mode","sector":"road","status":"commissioned","is_blocked":false,"block_reason":null,"cost_inr_crore":418.0,"progress_pct":100.0,"delay_months":null,"revised_completion_date":"2024-03-29","state":"Madhya Pradesh","geo_confidence":"state","unverified":false}},{"type":"Feature","geometry":{"type":"Point","coordinates":[87.972672,22.247628]},"properties":{"id":"nhai_geoserver-6795d86d16537cce","title":"Kolaghat-Haldia from km. 0.00 to km. 53.72 including ROB cum Flyover from km. 52.08 to km. 53.472","sector":"road","status":"commissioned","is_blocked":false,"block_reason":null,"cost_inr_crore":1109.86,"progress_pct":null,"delay_months":null,"revised_completion_date":"2010-09-10","state":"West Bengal","geo_confidence":"site","unverified":false}},{"type":"Feature","geometry":{"type":"Point","coordinates":[76.04065,30.12395]},"properties":{"id":"nhai_geoserver-e3a3e7fbb360c331","title":"6L Access controlled Amritsar-Bhatinda Greenfield highway starting from Delhi-Amritsar Expressway near Sultanpur Lodhi (village Tiba) and terminate at Bhatinda (near Sangat-Kalan)","sector":"road","status":"tendered","is_blocked":false,"block_reason":null,"cost_inr_crore":10.0,"progress_pct":null,"delay_months":null,"revised_completion_date":null,"state":"Punjab","geo_confidence":"city","unverified":false}},{"type":"Feature","geometry":{"type":"Point","coordinates":[78.4751,17.1688]},"properties":{"id":"nhai_geoserver-152b0f2668b3cdfd","title":"Hyderabad to Dindi Section from km. 23.00 to km. 108.80","sector":"road","status":"unknown","is_blocked":false,"block_reason":null,"cost_inr_crore":1252.13,"progress_pct":100.0,"delay_months":null,"revised_completion_date":"2016-03-10","state":"Telangana","geo_confidence":"site","unverified":false}},{"type":"Feature","geometry":{"type":"Point","coordinates":[76.388611,26.961944]},"properties":{"id":"nhai_geoserver-0a682314e1e23ce9","title":"Four Laning of Mahua-Jaipur from Km 120.00 to Km 228.00","sector":"road","status":"commissioned","is_blocked":false,"block_reason":null,"cost_inr_crore":234.08,"progress_pct":null,"delay_months":null,"revised_completion_date":"2009-03-04","state":"Rajasthan","geo_confidence":"site","unverified":false}},{"type":"Feature","geometry":{"type":"Point","coordinates":[80.1167,14.25]},"properties":{"id":"nhai_geoserver-fbf5e0d8d14151c2","title":"4L Badvel to Nellore section of NH-67 (for connecting Krishnapatnam port) Starting near Bedusupalli Village (Design Ch.680.500) and ending near Guruvindapudi Village (Design Ch.739.094) (Package - 2)","sector":"road","status":"tendered","is_blocked":false,"block_reason":null,"cost_inr_crore":2025.45,"progress_pct":null,"delay_months":null,"revised_completion_date":null,"state":"Andhra Pradesh","geo_confidence":"city","unverified":false}},{"type":"Feature","geometry":{"type":"Point","coordinates":[73.098612,29.001616]},"properties":{"id":"nhai_geoserver-bcf93d9875115ac2","title":"Raisinghnagar - Anupgarh - Gharsana - Rojri - Sattasar - Pugal- (Part-2) (Pkg-BM/6)","sector":"road","status":"commissioned","is_blocked":false,"block_reason":null,"cost_inr_crore":860.26,"progress_pct":100.0,"delay_months":null,"revised_completion_date":"2021-02-27","state":"Rajasthan","geo_confidence":"site","unverified":false}},{"type":"Feature","geometry":{"type":"Point","coordinates":[78.6569,22.9734]},"properties":{"id":"nhai_geoserver-e14a44c2d82c731b","title":"Berkhedi to Godpehra on NH-44 (Sagar link road)","sector":"road","status":"under_construction","is_blocked":false,"block_reason":null,"cost_inr_crore":524.84,"progress_pct":93.05,"delay_months":null,"revised_completion_date":"2024-11-03","state":"Madhya Pradesh","geo_confidence":"state","unverified":false}},{"type":"Feature","geometry":{"type":"Point","coordinates":[80.3319,26.4499]},"properties":{"id":"nhai_geoserver-3b7b9bfef49b7522","title":"Etawah - Sikandra (Kanpur Dehat) km 321.100 - km 393.00 Pkg 1C","sector":"road","status":"commissioned","is_blocked":false,"block_reason":null,"cost_inr_crore":419.07,"progress_pct":null,"delay_months":null,"revised_completion_date":"2007-11-12","state":"Uttar Pradesh","geo_confidence":"city","unverified":false}},{"type":"Feature","geometry":{"type":"Point","coordinates":[92.901982,26.518487]},"properties":{"id":"nhai_geoserver-faffe87c13f6266b","title":"6L of existing 4L from Gundlapochampally  to Bowenpally from km 471.300 to  km 481.331 of NH-44","sector":"road","status":"cancelled","is_blocked":true,"block_reason":"other","cost_inr_crore":521.53,"progress_pct":50.5,"delay_months":null,"revised_completion_date":"2024-07-30","state":"Telangana","geo_confidence":"site","unverified":false}},{"type":"Feature","geometry":{"type":"Point","coordinates":[79.23116,20.97764]},"properties":{"id":"nhai_geoserver-ccd0b95224697703","title":"4 laning of Waranga - Mahagaon from km 253.700 - km 320.580","sector":"road","status":"commissioned","is_blocked":false,"block_reason":null,"cost_inr_crore":1632.18,"progress_pct":99.7,"delay_months":null,"revised_completion_date":"2020-11-15","state":"Maharashtra","geo_confidence":"site","unverified":false}},{"type":"Feature","geometry":{"type":"Point","coordinates":[76.1885,20.54005]},"properties":{"id":"nhai_geoserver-2a69b45487ae0c9f","title":"4L of Nagpur-Katol Section from Km. 13.00 to Km. 62.900 of NH-353J","sector":"road","status":"under_construction","is_blocked":false,"block_reason":null,"cost_inr_crore":1166.96,"progress_pct":81.54,"delay_months":null,"revised_completion_date":"2023-10-28","state":"Maharashtra","geo_confidence":"site","unverified":false}},{"type":"Feature","geometry":{"type":"Point","coordinates":[74.4977,15.8497]},"properties":{"id":"nhai_geoserver-b7e05a339a6de327","title":"4/6 L Belagavi Bypass from  (A) km. 492.00 to km. 516.00 of NH-4 via km.11.00 of NH-4A (Western Bypass) & km. 492.00 of NH-4 to km. 7.50 of SH-54 (Part of Eastern Bypass)   (B) km. 7.50 of SH-54 to km. 516.00 of NH-4 (Remaining Eastern Bypass)","sector":"road","status":"tendered","is_blocked":false,"block_reason":null,"cost_inr_crore":4154.13,"progress_pct":null,"delay_months":null,"revised_completion_date":null,"state":"Karnataka","geo_confidence":"city","unverified":false}},{"type":"Feature","geometry":{"type":"Point","coordinates":[83.3732,26.7606]},"properties":{"id":"nhai_geoserver-88d2c2381f721ba5","title":"4L Green Field Northern – East side Gorakhpur Bypass (26.616 Kms) starting from NH-29E (Chainage 83.308) and end at NH-28 (Chainage 285.100)","sector":"road","status":"under_construction","is_blocked":false,"block_reason":null,"cost_inr_crore":1973.98,"progress_pct":72.0,"delay_months":null,"revised_completion_date":"2026-01-02","state":"Uttar Pradesh","geo_confidence":"city","unverified":false}},{"type":"Feature","geometry":{"type":"Point","coordinates":[83.3732,26.7606]},"properties":{"id":"nhai_geoserver-cac7859e18c53f6e","title":"4L from Km. 279.800 to Km. 319.800 of Gorakhpur - Kasia/U.P. Bihar Border Section of NH-28[Contract Package- LMNHP-EW-II (WB)-7]","sector":"road","status":"commissioned","is_blocked":false,"block_reason":null,"cost_inr_crore":694.39,"progress_pct":null,"delay_months":null,"revised_completion_date":"2008-12-13","state":"Uttar Pradesh","geo_confidence":"city","unverified":false}},{"type":"Feature","geometry":{"type":"Point","coordinates":[83.3732,26.7606]},"properties":{"id":"nhai_geoserver-3bdaa9e1dd452669","title":"4L from Km. 319.800 to Km. 360.915 of Gorakhpur - Kasia/U.P. Bihar Border Section of NH-28[Contract Package- LMNHP-EW-II (WB)-8]","sector":"road","status":"commissioned","is_blocked":false,"block_reason":null,"cost_inr_crore":713.84,"progress_pct":null,"delay_months":null,"revised_completion_date":"2008-12-07","state":"Uttar Pradesh","geo_confidence":"city","unverified":false}},{"type":"Feature","geometry":{"type":"Point","coordinates":[83.3732,26.7606]},"properties":{"id":"nhai_geoserver-ecd1d227c7688bde","title":"Construction of underpass as long term measures at km 305.640, km 307.630, km 339.100, Km 345.300 and Km 364.200 at the stretch of 4 laning of Gorakhpur to Kasia to UP and Bihar Border section of NH 27 in the state of Uttar Pradesh on EPC mode","sector":"road","status":"under_construction","is_blocked":false,"block_reason":null,"cost_inr_crore":null,"progress_pct":null,"delay_months":null,"revised_completion_date":"2027-03-25","state":"Uttar Pradesh","geo_confidence":"city","unverified":false}},{"type":"Feature","geometry":{"type":"Point","coordinates":[92.9376,26.2006]},"properties":{"id":"nhai_geoserver-470c2297948e6cb1","title":"Maintenance work from Km. 5.500 to Km. 35.862 of Nagaon to Doboka Section (AS-17) ;from Km. 0.000 to Km. 22.000 of Doboka to Lanka Section (AS-16);from Km. 22.000 to Km. 40.200 of Lanka to Udali Section (AS-15) of NH-27","sector":"road","status":"commissioned","is_blocked":false,"block_reason":null,"cost_inr_crore":null,"progress_pct":null,"delay_months":null,"revised_completion_date":"2023-04-20","state":"Assam","geo_confidence":"state","unverified":false}},{"type":"Feature","geometry":{"type":"Point","coordinates":[92.9376,26.2006]},"properties":{"id":"nhai_geoserver-64bc9616111a9770","title":"Operation and Maintenance of Nagaon to Doboka section (Km 5.500 to Km. 35.862) of Package AS-17 of NH-36 and Km. 0.000 to Km. 22.000 including 2.107 Km. Doboka Bypass of  AS-16 of NH-54","sector":"road","status":"commissioned","is_blocked":false,"block_reason":null,"cost_inr_crore":null,"progress_pct":null,"delay_months":null,"revised_completion_date":"2025-01-18","state":"Assam","geo_confidence":"state","unverified":false}},{"type":"Feature","geometry":{"type":"Point","coordinates":[92.9376,26.2006]},"properties":{"id":"nhai_geoserver-3b114eb11541d190","title":"Four Lane divided carriageway Road with paved shoulders configuration from Km.5+500 to Km. 35.862 of NH-36 and Km. 00+000 to 22+000 of NH-54 including 2.107 km Doboka Bypass.","sector":"road","status":"commissioned","is_blocked":false,"block_reason":null,"cost_inr_crore":null,"progress_pct":null,"delay_months":null,"revised_completion_date":"2029-07-01","state":"Assam","geo_confidence":"state","unverified":false}},{"type":"Feature","geometry":{"type":"Point","coordinates":[92.9376,26.2006]},"properties":{"id":"nhai_geoserver-8fe90256aca82d33","title":"Maintenance of Maibang to Nrimbanglo from Km. 126.450 to Km.140.700 of NH 54E (New NH-27EW) [EW-II] of Civil Contract  Package AS-23","sector":"road","status":"commissioned","is_blocked":false,"block_reason":null,"cost_inr_crore":null,"progress_pct":null,"delay_months":null,"revised_completion_date":"2023-09-07","state":"Assam","geo_confidence":"state","unverified":false}},{"type":"Feature","geometry":{"type":"Point","coordinates":[75.3412,31.1471]},"properties":{"id":"nhai_geoserver-848e292e20109bc6","title":"4L PS Tallewal-Barnala section from existing km. 114 to km 136.07 of NH-71 (New NH No. 703) including Barnala Bypass from existing km. 136.070 of NH-71 to existing km. 149.00 of NH-64","sector":"road","status":"commissioned","is_blocked":false,"block_reason":null,"cost_inr_crore":null,"progress_pct":null,"delay_months":null,"revised_completion_date":"2018-03-15","state":"Punjab","geo_confidence":"state","unverified":false}},{"type":"Feature","geometry":{"type":"Point","coordinates":[78.088,27.8974]},"properties":{"id":"nhai_geoserver-b1539381e02f5dea","title":"4 lanning of Aligarh Palwal section from km 0.00 to km 46.39 package -1 from (khereshwar junction-kurana) of NH33D  , including khair & jattari bypass in the state of UP on HAM mode","sector":"road","status":"under_construction","is_blocked":false,"block_reason":null,"cost_inr_crore":1663.38,"progress_pct":21.25,"delay_months":null,"revised_completion_date":"2027-03-26","state":"Uttar Pradesh","geo_confidence":"city","unverified":false}},{"type":"Feature","geometry":{"type":"Point","coordinates":[77.707,28.02105]},"properties":{"id":"nhai_geoserver-35794aee3858eea8","title":"4 laning of Aligarh-Palwal Section from Km. 46.390 (Design Chainage) to Km. 69.110 (Terminating at junction EPE) (Package-II from Kurana- Eastern Peripheral Expressway) of NH-334D","sector":"road","status":"under_construction","is_blocked":false,"block_reason":null,"cost_inr_crore":939.17,"progress_pct":17.16,"delay_months":null,"revised_completion_date":"2027-08-26","state":null,"geo_confidence":"city","unverified":false}},{"type":"Feature","geometry":{"type":"Point","coordinates":[80.2707,13.0827]},"properties":{"id":"nhai_geoserver-54b3ce122c603197","title":"6L of Chennai Bypass Phase - II connecting NH-4 and NH-5 and widening of Chennai Phase -I connecting NH-45 and NH - 4 (From Km 0/00 to Km.32.600)","sector":"road","status":"commissioned","is_blocked":false,"block_reason":null,"cost_inr_crore":812.57,"progress_pct":null,"delay_months":null,"revised_completion_date":"2007-11-14","state":"Tamil Nadu","geo_confidence":"city","unverified":false}},{"type":"Feature","geometry":{"type":"Point","coordinates":[79.882837,12.576573]},"properties":{"id":"nhai_geoserver-eb42298044fb9e92","title":"Four Laning of Tambaram - Tindivaram section of Old NH 45 from Km 28.000 to Km 121.000","sector":"road","status":"commissioned","is_blocked":false,"block_reason":null,"cost_inr_crore":1254.04,"progress_pct":null,"delay_months":null,"revised_completion_date":"2004-11-08","state":"Tamil Nadu","geo_confidence":"site","unverified":false}},{"type":"Feature","geometry":{"type":"Point","coordinates":[85.2799,23.6102]},"properties":{"id":"nhai_geoserver-d847a4385e9f65ff","title":"Construction of Four lane access controlled highway from Loenga to Sithiyo section of NH 143D starting from design chainage 91.130 to design chainage 150.300","sector":"road","status":"tendered","is_blocked":false,"block_reason":null,"cost_inr_crore":4629.0,"progress_pct":null,"delay_months":null,"revised_completion_date":null,"state":"Jharkhand","geo_confidence":"state","unverified":false}},{"type":"Feature","geometry":{"type":"Point","coordinates":[85.0816,22.80225]},"properties":{"id":"nhai_geoserver-dfd19342b3599faf","title":"Development of Rourkela–Ranchi 4-lane access-controlled Greenfield Highway from Kereya to Rourkela Section of NH-143","sector":"road","status":"tendered","is_blocked":false,"block_reason":null,"cost_inr_crore":1506.22,"progress_pct":null,"delay_months":null,"revised_completion_date":null,"state":"Odisha","geo_confidence":"city","unverified":false}},{"type":"Feature","geometry":{"type":"Point","coordinates":[78.1348,8.7642]},"properties":{"id":"nhai_geoserver-20e927da84360fcc","title":"Strengthening of Madurai to Tuticorin section from Km 138.800 to Km 266.865 of NH-38 (Old NH-45B) in the state of Tamil Nadu on Item Rate basis","sector":"road","status":"commissioned","is_blocked":false,"block_reason":null,"cost_inr_crore":null,"progress_pct":null,"delay_months":null,"revised_completion_date":"2026-04-16","state":"Tamil Nadu","geo_confidence":"city","unverified":false}},{"type":"Feature","geometry":{"type":"Point","coordinates":[85.2799,23.6102]},"properties":{"id":"nhai_geoserver-491637f98f3a02de","title":"Operation & Maintenance of 4L of Mahulia - Bharagora - JH/WB Border Section of NH-33 (from Km. 277.500 to Km. 333.500) & NH-49 (from Km. 199.200 to Km. 183.587) on PBMC","sector":"road","status":"commissioned","is_blocked":false,"block_reason":null,"cost_inr_crore":null,"progress_pct":null,"delay_months":null,"revised_completion_date":"2030-01-06","state":"Jharkhand","geo_confidence":"state","unverified":false}},{"type":"Feature","geometry":{"type":"Point","coordinates":[85.099851,25.227872]},"properties":{"id":"nhai_geoserver-902cb5ad0e416b99","title":"4L Greenfield Alignment of Shivrampur  to Ramnagar from Km. 55.002 to Km. 109.300 of NH 119 D (Pkg-II)","sector":"road","status":"under_construction","is_blocked":false,"block_reason":null,"cost_inr_crore":1494.31,"progress_pct":50.8,"delay_months":null,"revised_completion_date":"2025-07-03","state":"Bihar","geo_confidence":"site","unverified":false}},{"type":"Feature","geometry":{"type":"Point","coordinates":[79.393978,29.025411]},"properties":{"id":"nhai_geoserver-2cd2d31d2115c215","title":"4L of Kashipur Sitarganj Section of NH-74 from km. 175.000 to km. 252.200","sector":"road","status":"commissioned","is_blocked":false,"block_reason":null,"cost_inr_crore":931.08,"progress_pct":100.0,"delay_months":null,"revised_completion_date":"2016-08-31","state":"Uttarakhand","geo_confidence":"site","unverified":false}},{"type":"Feature","geometry":{"type":"Point","coordinates":[76.2711,10.8505]},"properties":{"id":"nhai_geoserver-f98b033ea7856d8c","title":"4 lane ROB and its approaches including allied works near Neleshwaram town (Pallikara Railway Gate) Kasargad district","sector":"road","status":"under_construction","is_blocked":false,"block_reason":null,"cost_inr_crore":81.87,"progress_pct":99.4,"delay_months":null,"revised_completion_date":"2020-02-21","state":"Kerala","geo_confidence":"state","unverified":false}},{"type":"Feature","geometry":{"type":"Point","coordinates":[73.121856,18.992193]},"properties":{"id":"nhai_geoserver-719edcd4efdd6740","title":"JNPT Package 4 FROM KM 21.200 TO KM 27.270 (D TO E SECTION) AND FROM KM 0.000 TO KM 4.492 (D TO G SECTION)","sector":"road","status":"commissioned","is_blocked":false,"block_reason":null,"cost_inr_crore":589.55,"progress_pct":99.19,"delay_months":null,"revised_completion_date":"2018-05-15","state":"Maharashtra","geo_confidence":"site","unverified":false}},{"type":"Feature","geometry":{"type":"Point","coordinates":[73.209164,22.47907]},"properties":{"id":"nhai_geoserver-edda3f8c7a85f726","title":"Delhi-Vadodara Greenfield Alignment (NH-148N) (Pkg-31) (Ch.824+920 to Ch.844+382) [Junction near Pratap nagar Village - Junction near Dodka Village]","sector":"road","status":"under_construction","is_blocked":false,"block_reason":null,"cost_inr_crore":1644.85,"progress_pct":100.0,"delay_months":null,"revised_completion_date":"2023-05-18","state":"Gujarat","geo_confidence":"site","unverified":false}},{"type":"Feature","geometry":{"type":"Point","coordinates":[85.0985,20.9517]},"properties":{"id":"nhai_geoserver-b38779947bb825f6","title":"4L Greenfield Coastal road with paved shoulder from Erasama to Ratanpur (Km.134.400 to Km.177.070) (Package-IV)","sector":"road","status":"tendered","is_blocked":false,"block_reason":null,"cost_inr_crore":1832.5,"progress_pct":null,"delay_months":null,"revised_completion_date":null,"state":"Odisha","geo_confidence":"state","unverified":false}},{"type":"Feature","geometry":{"type":"Point","coordinates":[85.0985,20.9517]},"properties":{"id":"nhai_geoserver-4a06852be127fb9e","title":"Construction of new Six-lane Access Controlled Capital Region Ring Road from Rameshwar (NH-16) to Bilipada from Km. 0.000 to Km. 40.700 in the State of Odisha under NH(O) on Hybrid Annuity Mode- (Pkg- 1)","sector":"road","status":"awarded","is_blocked":false,"block_reason":null,"cost_inr_crore":2944.36,"progress_pct":null,"delay_months":null,"revised_completion_date":null,"state":"Odisha","geo_confidence":"state","unverified":false}},{"type":"Feature","geometry":{"type":"Point","coordinates":[74.746435,31.630961]},"properties":{"id":"nhai_geoserver-0c4ae503ca7aca7d","title":"Amritsar - Wagah Border section of NH-1 from km 456.100 - km 492.030","sector":"road","status":"commissioned","is_blocked":false,"block_reason":null,"cost_inr_crore":696.34,"progress_pct":null,"delay_months":null,"revised_completion_date":"2010-06-13","state":"Punjab","geo_confidence":"site","unverified":false}},{"type":"Feature","geometry":{"type":"Point","coordinates":[85.2799,23.6102]},"properties":{"id":"nhai_geoserver-3faf54c4a9754d72","title":"Construction of Four lane access controlled highway from Kereya to Loenga section of NH 143D starting from design chainage 28.953 to design chainage 91.130","sector":"road","status":"tendered","is_blocked":false,"block_reason":null,"cost_inr_crore":4729.0,"progress_pct":null,"delay_months":null,"revised_completion_date":null,"state":"Jharkhand","geo_confidence":"state","unverified":false}},{"type":"Feature","geometry":{"type":"Point","coordinates":[78.6569,11.1271]},"properties":{"id":"nhai_geoserver-db4c3bccfaa18520","title":"8L of Guduvanchery (Km 38.00)  - Maraimalai Nagar (km 42.00)  - Singaperumal Koil (47.00) - Chettipuniyam Mahindra city (51.300) Section of NH 45","sector":"road","status":"commissioned","is_blocked":false,"block_reason":null,"cost_inr_crore":230.69,"progress_pct":100.0,"delay_months":null,"revised_completion_date":"2022-02-23","state":"Tamil Nadu","geo_confidence":"state","unverified":false}},{"type":"Feature","geometry":{"type":"Point","coordinates":[76.922632,22.516109]},"properties":{"id":"nhai_geoserver-869995e18a32c725","title":"Indore - Harda (Pkg-III) [Nanasa to Pidgaon Section from km 95.000 to km 142.445]","sector":"road","status":"commissioned","is_blocked":false,"block_reason":null,"cost_inr_crore":1146.22,"progress_pct":98.21,"delay_months":null,"revised_completion_date":"2023-10-06","state":"Madhya Pradesh","geo_confidence":"site","unverified":false}},{"type":"Feature","geometry":{"type":"Point","coordinates":[93.15495,25.49776]},"properties":{"id":"nhai_geoserver-d06a0db0ae58d615","title":"Bangalore Chennai Expressway (Phase-II Pkg-III) from km.127.000 to Km 156.000 (Bangarupalem to Gudipala section)","sector":"road","status":"under_construction","is_blocked":false,"block_reason":null,"cost_inr_crore":1407.33,"progress_pct":99.46,"delay_months":null,"revised_completion_date":"2024-10-03","state":"Andhra Pradesh","geo_confidence":"site","unverified":false}},{"type":"Feature","geometry":{"type":"Point","coordinates":[86.6167,20.3167]},"properties":{"id":"nhai_geoserver-199abc477273a3d0","title":"Rehabilitation and Up gradation from 4 to 8 laning of Chandikhole – Paradip Section of NH-53 (Old NH – 5A) from Km.0.00 to Km.18.00(Package-1)","sector":"road","status":"under_construction","is_blocked":false,"block_reason":null,"cost_inr_crore":929.91,"progress_pct":96.75,"delay_months":null,"revised_completion_date":"2025-12-14","state":"Odisha","geo_confidence":"city","unverified":false}},{"type":"Feature","geometry":{"type":"Point","coordinates":[69.6669,23.2419]},"properties":{"id":"nhai_geoserver-c1361815a29eaafc","title":"Upgradation to 4L PS  from Bhimasar, Junction of NH-41 to Anjar- Bhuj upto Airport Junction from Km 0.000 to Km 65.478 of NH-341","sector":"road","status":"under_construction","is_blocked":false,"block_reason":null,"cost_inr_crore":1373.06,"progress_pct":96.0,"delay_months":null,"revised_completion_date":"2025-06-29","state":"Gujarat","geo_confidence":"city","unverified":false}},{"type":"Feature","geometry":{"type":"Point","coordinates":[79.74,15.9129]},"properties":{"id":"nhai_geoserver-30aeb3e9dfe9503a","title":"6L Connectivity to Port Road from Sabbavaram Sheelanagar-NH516C","sector":"road","status":"under_construction","is_blocked":false,"block_reason":null,"cost_inr_crore":977.33,"progress_pct":7.2,"delay_months":null,"revised_completion_date":"2028-02-13","state":"Andhra Pradesh","geo_confidence":"state","unverified":false}},{"type":"Feature","geometry":{"type":"Point","coordinates":[80.638111,17.305464]},"properties":{"id":"nhai_geoserver-4c24b2c5e711cb87","title":"AP/Telangana Border to Rudrampur section of NH-221 (New NH-30)","sector":"road","status":"commissioned","is_blocked":false,"block_reason":null,"cost_inr_crore":244.3,"progress_pct":100.0,"delay_months":null,"revised_completion_date":"2016-12-23","state":"Telangana","geo_confidence":"site","unverified":false}},{"type":"Feature","geometry":{"type":"Point","coordinates":[74.4977,15.8497]},"properties":{"id":"nhai_geoserver-712f40258d943fac","title":"4L/6LBypass for Belagavi city from km 11.773 (km 11 Goa side of NH-4A)to km. 46.253 (km 516 Pune side of NH-4) (design length 34.480 km)– Pkg-I","sector":"road","status":"unknown","is_blocked":false,"block_reason":null,"cost_inr_crore":1628.21,"progress_pct":0.0,"delay_months":null,"revised_completion_date":null,"state":"Karnataka","geo_confidence":"city","unverified":false}},{"type":"Feature","geometry":{"type":"Point","coordinates":[78.014606,10.70381]},"properties":{"id":"nhai_geoserver-8b694b95f9bc9675","title":"Start of Karur Bypass - Dindigul from km. 292.600 to km. 305.600 (Contract Package No. NS2/BOT/TN-4)","sector":"road","status":"commissioned","is_blocked":false,"block_reason":null,"cost_inr_crore":461.54,"progress_pct":100.0,"delay_months":null,"revised_completion_date":"2009-04-16","state":"Tamil Nadu","geo_confidence":"site","unverified":false}},{"type":"Feature","geometry":{"type":"Point","coordinates":[77.869236,9.32096]},"properties":{"id":"nhai_geoserver-edd8c28652a3be81","title":"Madurai to Kanyakumari from Km 52.300 to Km 116.500 Section of NH 7 under TOT Bundle-3","sector":"road","status":"commissioned","is_blocked":false,"block_reason":null,"cost_inr_crore":null,"progress_pct":null,"delay_months":null,"revised_completion_date":"2050-10-19","state":"Tamil Nadu","geo_confidence":"site","unverified":false}},{"type":"Feature","geometry":{"type":"Point","coordinates":[78.276802,29.691748]},"properties":{"id":"nhai_geoserver-ce20e69252fc21d4","title":"4L of Haridwar-Nagina section from km. 0.00 to km. 71.614 of NH-74","sector":"road","status":"under_construction","is_blocked":false,"block_reason":null,"cost_inr_crore":1659.12,"progress_pct":99.85,"delay_months":null,"revised_completion_date":"2020-07-22","state":"Uttarakhand,Uttar Pradesh","geo_confidence":"site","unverified":false}},{"type":"Feature","geometry":{"type":"Point","coordinates":[83.009111,26.080527]},"properties":{"id":"nhai_geoserver-bf25a8af131114c6","title":"Varanasi bypass (Ring Road, Phase-I) from Harhua (Km 0.000) to Sandaha (Km 16.550)","sector":"road","status":"commissioned","is_blocked":false,"block_reason":null,"cost_inr_crore":388.53,"progress_pct":null,"delay_months":null,"revised_completion_date":"2017-05-13","state":"Uttar Pradesh","geo_confidence":"site","unverified":false}},{"type":"Feature","geometry":{"type":"Point","coordinates":[88.358185,23.737935]},"properties":{"id":"nhai_geoserver-7a8e88db767ff18e","title":"Krishnagar - Berhampore section from km 115.00 to km 193.00 of NH-34","sector":"road","status":"commissioned","is_blocked":false,"block_reason":null,"cost_inr_crore":2582.4,"progress_pct":89.15,"delay_months":null,"revised_completion_date":"2014-07-07","state":"West Bengal","geo_confidence":"site","unverified":false}},{"type":"Feature","geometry":{"type":"Point","coordinates":[80.018512,12.292938]},"properties":{"id":"nhai_geoserver-72478ce71d8301b1","title":"Mahabalipuram - Pondicherry (Pkg-II) [Mugaiyur to Marakkanam]","sector":"road","status":"under_construction","is_blocked":false,"block_reason":null,"cost_inr_crore":1116.13,"progress_pct":53.41,"delay_months":null,"revised_completion_date":"2025-12-05","state":"Tamil Nadu","geo_confidence":"site","unverified":false}},{"type":"Feature","geometry":{"type":"Point","coordinates":[80.785327,24.586289]},"properties":{"id":"nhai_geoserver-8c222a0abcaa348a","title":"2L PS of Satna - Maihar Section of NH-135BG from Km 80.800 to Km 120.125","sector":"road","status":"commissioned","is_blocked":false,"block_reason":null,"cost_inr_crore":615.26,"progress_pct":100.0,"delay_months":null,"revised_completion_date":"2024-05-06","state":"Madhya Pradesh","geo_confidence":"site","unverified":false}},{"type":"Feature","geometry":{"type":"Point","coordinates":[76.245,25.839306]},"properties":{"id":"nhai_geoserver-47cfba9f1e04b0b4","title":"Delhi-Vadodara Greenfield Alignment (NH-148N) (Pkg-10) (Ch. 292.950 to Ch. 319.400) [End of Interchange on NH-166 near village Mui to Hardeoganj village near Indergarh]","sector":"road","status":"under_construction","is_blocked":false,"block_reason":null,"cost_inr_crore":1272.97,"progress_pct":95.25,"delay_months":null,"revised_completion_date":"2023-05-21","state":"Rajasthan","geo_confidence":"site","unverified":false}},{"type":"Feature","geometry":{"type":"Point","coordinates":[81.8463,25.4358]},"properties":{"id":"nhai_geoserver-7217c756dade71b1","title":"4L of Allahabad Bypass - Construction of Road from km. 198.00 to km. 242.708 (Construction Package ABP-III)","sector":"road","status":"commissioned","is_blocked":false,"block_reason":null,"cost_inr_crore":742.95,"progress_pct":null,"delay_months":null,"revised_completion_date":"2007-05-03","state":"Uttar Pradesh","geo_confidence":"city","unverified":false}},{"type":"Feature","geometry":{"type":"Point","coordinates":[76.995,8.3778]},"properties":{"id":"nhai_geoserver-1ab488e724cf273b","title":"4L Outer Ring Road Thekkada to Vizhinjam from Km 28.800 to Km 62.700 of NH-866 (Pkg-2)","sector":"road","status":"tendered","is_blocked":false,"block_reason":null,"cost_inr_crore":2529.33,"progress_pct":null,"delay_months":null,"revised_completion_date":null,"state":"Kerala","geo_confidence":"city","unverified":false}},{"type":"Feature","geometry":{"type":"Point","coordinates":[78.146,11.6643]},"properties":{"id":"nhai_geoserver-73caffbf475259e2","title":"Improving the Alignment of Thoppur Ghat Section from Km 158.500 to Km 165.100 in Dharmapuri - Salem Section of NH-44","sector":"road","status":"under_construction","is_blocked":false,"block_reason":null,"cost_inr_crore":904.99,"progress_pct":47.84,"delay_months":null,"revised_completion_date":"2028-03-20","state":"Tamil Nadu","geo_confidence":"city","unverified":false}},{"type":"Feature","geometry":{"type":"Point","coordinates":[75.7139,19.7515]},"properties":{"id":"nhai_geoserver-45046addfd1c2fa3","title":"Balance works of 4L Panvel ­ Indapur section of NH­66 (old NH­17) from km 42.300 (kasu) to km 84.600 (Indapur)","sector":"road","status":"under_construction","is_blocked":false,"block_reason":null,"cost_inr_crore":546.44,"progress_pct":96.73,"delay_months":null,"revised_completion_date":"2024-05-17","state":"Maharashtra","geo_confidence":"state","unverified":false}},{"type":"Feature","geometry":{"type":"Point","coordinates":[77.507497,29.40535]},"properties":{"id":"nhai_geoserver-551b62342b658917","title":"4L PS of Meerut to after Bridge over River Yamuna, Haryana via Shamli-from km. 0.00 to km. 88.476 of NH-709A","sector":"road","status":"commissioned","is_blocked":false,"block_reason":null,"cost_inr_crore":798.96,"progress_pct":99.49,"delay_months":null,"revised_completion_date":"2023-01-03","state":"Uttar Pradesh","geo_confidence":"site","unverified":false}},{"type":"Feature","geometry":{"type":"Point","coordinates":[76.472609,29.096408]},"properties":{"id":"nhai_geoserver-c140cb73e99b4d01","title":"Four Laning of Rohtak Jind Section from Km 307.000 to Km 347.800 of NH71 and connecting link from Km 347.800 of NH71 to Km 9.400 of NH71A (balance work) (left out in NHDP)","sector":"road","status":"commissioned","is_blocked":false,"block_reason":null,"cost_inr_crore":880.19,"progress_pct":97.3,"delay_months":null,"revised_completion_date":"2022-02-17","state":"Haryana","geo_confidence":"site","unverified":false}},{"type":"Feature","geometry":{"type":"Point","coordinates":[77.8253,12.7409]},"properties":{"id":"nhai_geoserver-635fe116f60df727","title":"Four laning of Hosur to Krishnagiri","sector":"road","status":"commissioned","is_blocked":false,"block_reason":null,"cost_inr_crore":649.69,"progress_pct":null,"delay_months":null,"revised_completion_date":"2004-09-20","state":"Tamil Nadu","geo_confidence":"city","unverified":false}},{"type":"Feature","geometry":{"type":"Point","coordinates":[87.872561,26.155939]},"properties":{"id":"nhai_geoserver-e0d49b954f06dd59","title":"4L of Kishanganj - Bahadurganj section from Km. 0.000 to Km. 23.649 & interchange at Start Point (Length - 1.200 Km) of NH-27","sector":"road","status":"under_construction","is_blocked":false,"block_reason":null,"cost_inr_crore":962.84,"progress_pct":20.14,"delay_months":null,"revised_completion_date":"2027-12-19","state":"Bihar","geo_confidence":"site","unverified":false}},{"type":"Feature","geometry":{"type":"Point","coordinates":[75.0948,12.37675]},"properties":{"id":"nhai_geoserver-04602a180aa995f9","title":"6L of Chengala - Neeleshwaram from km. 56.200 to km. 93.468","sector":"road","status":"under_construction","is_blocked":false,"block_reason":null,"cost_inr_crore":1746.45,"progress_pct":90.82,"delay_months":null,"revised_completion_date":"2024-04-15","state":"Kerala","geo_confidence":"site","unverified":false}},{"type":"Feature","geometry":{"type":"Point","coordinates":[73.047156,23.455561]},"properties":{"id":"nhai_geoserver-727a67ffa544c7ff","title":"6L of Shamla ji to Motachilodha from km.401.200 to km. 494.410 of Old NH-8 (Pkg-VI)","sector":"road","status":"unknown","is_blocked":false,"block_reason":null,"cost_inr_crore":501.48,"progress_pct":85.09,"delay_months":null,"revised_completion_date":"2021-01-01","state":"Gujarat","geo_confidence":"site","unverified":false}},{"type":"Feature","geometry":{"type":"Point","coordinates":[73.507864,24.067281]},"properties":{"id":"nhai_geoserver-a13fdfe7ad9d2965","title":"6L of Udaipur to Shamlaji from Km 287.400 to km 401.200 of Old NH-8","sector":"road","status":"commissioned","is_blocked":false,"block_reason":null,"cost_inr_crore":514.92,"progress_pct":99.7,"delay_months":null,"revised_completion_date":"2020-02-29","state":"Rajasthan","geo_confidence":"site","unverified":false}},{"type":"Feature","geometry":{"type":"Point","coordinates":[81.94238,25.958499]},"properties":{"id":"nhai_geoserver-7dec5270acd93ab7","title":"4L of Sonauli - Gorakhpur","sector":"road","status":"under_construction","is_blocked":false,"block_reason":null,"cost_inr_crore":2555.5,"progress_pct":89.0,"delay_months":null,"revised_completion_date":"2025-03-05","state":"Uttar Pradesh","geo_confidence":"site","unverified":false}},{"type":"Feature","geometry":{"type":"Point","coordinates":[92.9376,26.2006]},"properties":{"id":"nhai_geoserver-2dafe43e250ec428","title":"2L with ES of Yagyi - Kalewa section from Milepost 40/0 to Milepost 115/5 in Myanmar","sector":"road","status":"under_construction","is_blocked":false,"block_reason":null,"cost_inr_crore":1200.14,"progress_pct":52.0,"delay_months":null,"revised_completion_date":"2023-06-01","state":"Assam","geo_confidence":"state","unverified":false}},{"type":"Feature","geometry":{"type":"Point","coordinates":[77.0151,28.9931]},"properties":{"id":"nhai_geoserver-31199e312df48452","title":"Gohana - Sonipat (PKG-2)","sector":"road","status":"under_construction","is_blocked":false,"block_reason":null,"cost_inr_crore":1275.31,"progress_pct":97.86,"delay_months":null,"revised_completion_date":"2022-07-24","state":"Haryana","geo_confidence":"city","unverified":false}},{"type":"Feature","geometry":{"type":"Point","coordinates":[75.7873,26.9124]},"properties":{"id":"nhai_geoserver-477846e0fd074964","title":"Construction of Balance Works of Two Number of Interchanges at Jaipur Ring Road (NH-148C) from Tonk Road (NH-52) to Ajmer Road Section (NH-48) in the State of Rajasthan on Engineering, Procurement & Construction (EPC) Mode","sector":"road","status":"under_construction","is_blocked":false,"block_reason":null,"cost_inr_crore":186.27,"progress_pct":57.1,"delay_months":null,"revised_completion_date":"2026-03-22","state":"Rajasthan","geo_confidence":"city","unverified":false}},{"type":"Feature","geometry":{"type":"Point","coordinates":[73.707254,24.503372]},"properties":{"id":"nhai_geoserver-ab68fcb363cdacfe","title":"Six Lane Greenfield Udaipur Bypass [Connection between NH- 76 at Existing Km. 118.500 at Debari to NH-8 Km. 287.400 at Kaya Village] (Pkg-IV)","sector":"road","status":"commissioned","is_blocked":false,"block_reason":null,"cost_inr_crore":1082.77,"progress_pct":100.0,"delay_months":null,"revised_completion_date":"2019-11-29","state":"Rajasthan","geo_confidence":"site","unverified":false}},{"type":"Feature","geometry":{"type":"Point","coordinates":[76.0856,29.0588]},"properties":{"id":"nhai_geoserver-52f3dde36256379c","title":"4L Ismailabad to Ambala Section of NH-152 (Lot-4/Package-1)","sector":"road","status":"under_construction","is_blocked":false,"block_reason":null,"cost_inr_crore":609.32,"progress_pct":76.3,"delay_months":null,"revised_completion_date":"2025-12-06","state":"Haryana","geo_confidence":"state","unverified":false}},{"type":"Feature","geometry":{"type":"Point","coordinates":[78.520813,26.788151]},"properties":{"id":"nhai_geoserver-02003411ce1869de","title":"Agra - Etawah Bypass Section of NH-2 from Km. 199.660 to Km. 323.525 in the State of Uttar Pradesh","sector":"road","status":"commissioned","is_blocked":false,"block_reason":null,"cost_inr_crore":1839.72,"progress_pct":100.0,"delay_months":null,"revised_completion_date":"2019-01-27","state":"Uttar Pradesh","geo_confidence":"site","unverified":false}},{"type":"Feature","geometry":{"type":"Point","coordinates":[75.3412,31.1471]},"properties":{"id":"nhai_geoserver-f9f43b3f3932a713","title":"Bal. work of 4L of Bhogpur - Mukerian from km. 26.00 to km. 70.00 of Old NH- 1A (Contract Package No. NS-38 (PB)","sector":"road","status":"commissioned","is_blocked":false,"block_reason":null,"cost_inr_crore":956.34,"progress_pct":null,"delay_months":null,"revised_completion_date":"2012-08-21","state":"Punjab","geo_confidence":"state","unverified":false}},{"type":"Feature","geometry":{"type":"Point","coordinates":[75.7139,19.7515]},"properties":{"id":"nhai_geoserver-ef758ee129d307b9","title":"Flyover at km 77.750 of Hinganghat – Nandgaon Junction of NH - 44 (from 77.250 km to 78.390 km)","sector":"road","status":"commissioned","is_blocked":false,"block_reason":null,"cost_inr_crore":82.9,"progress_pct":100.0,"delay_months":null,"revised_completion_date":"2020-12-03","state":"Maharashtra","geo_confidence":"state","unverified":false}},{"type":"Feature","geometry":{"type":"Point","coordinates":[79.721846,11.768178]},"properties":{"id":"nhai_geoserver-de347d8799f4847e","title":"Puducherry (Km.29.000) to Poondiyankuppam (Km.67.000)","sector":"road","status":"under_construction","is_blocked":false,"block_reason":null,"cost_inr_crore":1588.4,"progress_pct":98.75,"delay_months":null,"revised_completion_date":"2023-11-14","state":"Tamil Nadu,Puducherry","geo_confidence":"site","unverified":false}},{"type":"Feature","geometry":{"type":"Point","coordinates":[78.6569,22.9734]},"properties":{"id":"nhai_geoserver-1bffacd7e06074b7","title":"4L PS Balaghat- Gondia Section from Km. 0.00 to Km. 41.210 of NH-543","sector":"road","status":"commissioned","is_blocked":false,"block_reason":null,"cost_inr_crore":1091.49,"progress_pct":100.0,"delay_months":null,"revised_completion_date":"2026-01-30","state":"Madhya Pradesh","geo_confidence":"state","unverified":false}},{"type":"Feature","geometry":{"type":"Point","coordinates":[74.857,32.7266]},"properties":{"id":"nhai_geoserver-0003060f612391dc","title":"Construction of twin tube tunnels on Jammu Kashmir Ring Road (NH-244A) Between Design Ch. 50+600 to 51+700 and design Ch. 53+535 to 55+700 on EPC mode under residual NHDP component of Bharatmala Pariyojna","sector":"road","status":"under_construction","is_blocked":false,"block_reason":null,"cost_inr_crore":242.65,"progress_pct":83.87,"delay_months":null,"revised_completion_date":"2025-06-07","state":"Jammu and Kashmir","geo_confidence":"city","unverified":false}},{"type":"Feature","geometry":{"type":"Point","coordinates":[78.064884,17.734765]},"properties":{"id":"nhai_geoserver-f73a562cfb861eef","title":"Sangareddy - Nanded - Akola (Pkg-I) [From Kandi to Ramsanpalle]","sector":"road","status":"commissioned","is_blocked":false,"block_reason":null,"cost_inr_crore":1346.86,"progress_pct":100.0,"delay_months":null,"revised_completion_date":"2022-10-04","state":"Telangana","geo_confidence":"site","unverified":false}},{"type":"Feature","geometry":{"type":"Point","coordinates":[74.8723,31.634]},"properties":{"id":"nhai_geoserver-17a52721cdf5fbc4","title":"Short term repair, routine maintenance and incident Management of Amritsar Taran Taran- Harike Section from Km 112.575 to Km 158.500 of NH-15 (New NH-54) including Harike Bypass from Km 158.500 to Km 168.400","sector":"road","status":"commissioned","is_blocked":false,"block_reason":null,"cost_inr_crore":null,"progress_pct":null,"delay_months":null,"revised_completion_date":"2023-08-19","state":"Punjab","geo_confidence":"city","unverified":false}},{"type":"Feature","geometry":{"type":"Point","coordinates":[76.2253,12.94285]},"properties":{"id":"nhai_geoserver-8df2f47f1d15a981","title":"Widening and improvement of existing 2-lane to 4-lane from Maranahalli (Design Km.236+000, Existing Km.237+000) to Addahole (Design Km.261+810, Existing Km. 263+0.500) (Shiradi Ghat) of Bangalore-Mangalore Section of NH-75 in the state of Karnataka","sector":"road","status":"tendered","is_blocked":false,"block_reason":null,"cost_inr_crore":null,"progress_pct":null,"delay_months":null,"revised_completion_date":null,"state":"Karnataka","geo_confidence":"city","unverified":false}},{"type":"Feature","geometry":{"type":"Point","coordinates":[75.3412,31.1471]},"properties":{"id":"nhai_geoserver-38bfbd3d1692dcc4","title":"Repair, routine maintenance and Incident Management of Start of Sangrur to Punjab/Haryana Border section from Km 181.805 to Km 238.695 of NH-71 (New NH-52)","sector":"road","status":"commissioned","is_blocked":false,"block_reason":null,"cost_inr_crore":null,"progress_pct":null,"delay_months":null,"revised_completion_date":"2024-12-14","state":"Punjab","geo_confidence":"state","unverified":false}},{"type":"Feature","geometry":{"type":"Point","coordinates":[81.8463,25.4358]},"properties":{"id":"nhai_geoserver-581f761160832ca4","title":"4L Bypasses for Jagatpur, Babuganj, Unchahar, Alapur Bypass, and Sai river bridge of Raebareli- Prayagraj section of NH-30","sector":"road","status":"commissioned","is_blocked":false,"block_reason":null,"cost_inr_crore":1078.21,"progress_pct":99.72,"delay_months":null,"revised_completion_date":"2024-11-30","state":"Uttar Pradesh","geo_confidence":"city","unverified":false}},{"type":"Feature","geometry":{"type":"Point","coordinates":[76.015547,30.876187]},"properties":{"id":"nhai_geoserver-daf9cbd5977425f6","title":"4/6L Greenfield Ludhiana–Rupnagar Highway from Jn. with NE-5 village near to Manewal (Ludhiana) to Jn. with NH-205 near Bheora Village (Rupnagar) from Km 37.7 to Km 66.0 i/c spur to Kharar with Ludhiana bypass from Km 0.0 to Km 18.5 of NH-205K(Pkg-2)","sector":"road","status":"cancelled","is_blocked":true,"block_reason":"other","cost_inr_crore":1488.23,"progress_pct":0.0,"delay_months":null,"revised_completion_date":null,"state":"Punjab","geo_confidence":"site","unverified":false}},{"type":"Feature","geometry":{"type":"Point","coordinates":[75.7139,15.3173]},"properties":{"id":"nhai_geoserver-345544519e771365","title":"Tumkur Bypass from Km. 62 to Km. 75","sector":"road","status":"commissioned","is_blocked":false,"block_reason":null,"cost_inr_crore":169.51,"progress_pct":100.0,"delay_months":null,"revised_completion_date":"2010-09-25","state":"Karnataka","geo_confidence":"state","unverified":false}},{"type":"Feature","geometry":{"type":"Point","coordinates":[85.3131,25.0961]},"properties":{"id":"nhai_geoserver-bb6d4aff06c9046d","title":"4L Elevated Corridor and at-grade improvements from Design Ch:0+000 to Design Ch: 19+870 of Danapur – Bihta Section, Design Ch:0+000 to Design Ch:0+231 connecting the existing RoB near Danapur station ,1.35 Km ramps and at-grade improvements to 4-lane section on Danapur side and Upgradation of existing Two lane carriageway to Four Lane carriageway from Design Ch:19+870 to Design Ch:23+500 of Bihta - Koilwar section","sector":"road","status":"under_construction","is_blocked":false,"block_reason":null,"cost_inr_crore":4432.97,"progress_pct":63.53,"delay_months":null,"revised_completion_date":"2026-09-08","state":"Bihar","geo_confidence":"state","unverified":false}},{"type":"Feature","geometry":{"type":"Point","coordinates":[76.0856,29.0588]},"properties":{"id":"nhai_geoserver-ab07dad24c8bff02","title":"Strengthening of Yamunanagar-Saha-Panchkula section of NH-73 (New NH- 344) from km. 115.400 to km. 157.192 (Package-2)","sector":"road","status":"commissioned","is_blocked":false,"block_reason":null,"cost_inr_crore":null,"progress_pct":null,"delay_months":null,"revised_completion_date":"2024-04-20","state":"Haryana","geo_confidence":"state","unverified":false}},{"type":"Feature","geometry":{"type":"Point","coordinates":[82.2043,26.799]},"properties":{"id":"nhai_geoserver-213a3923b01c5d48","title":"Six laning with both sides Service Road of Ayodhya Bypass from Design Km 0+000 near Ashram Tiraha on NH-46 to Km 16+439 end at Ratnagiri Tiraha on Nh-146","sector":"road","status":"under_construction","is_blocked":false,"block_reason":null,"cost_inr_crore":1123.17,"progress_pct":20.09,"delay_months":null,"revised_completion_date":"2027-08-11","state":"Madhya Pradesh","geo_confidence":"city","unverified":false}},{"type":"Feature","geometry":{"type":"Point","coordinates":[77.1734,31.1048]},"properties":{"id":"nhai_geoserver-bc5c3db109241b99","title":"Rehabilitation & Re-construction of 2-lane of Shimla-Mataur section of NH-205 from km. 18/500 to km. 18/615 at Ghandal landslide location","sector":"road","status":"under_construction","is_blocked":false,"block_reason":null,"cost_inr_crore":null,"progress_pct":null,"delay_months":null,"revised_completion_date":"2023-12-17","state":"Himachal Pradesh","geo_confidence":"city","unverified":false}},{"type":"Feature","geometry":{"type":"Point","coordinates":[78.0322,30.3165]},"properties":{"id":"nhai_geoserver-6a18c4308d4ee1bd","title":"6L of access-controlled highway from  Mohand to Daat kali Tunnel of Ganeshpur – Dehradun section from Km.8.30 to Km.16.380 of NH-72A (Package-2)","sector":"road","status":"commissioned","is_blocked":false,"block_reason":null,"cost_inr_crore":990.28,"progress_pct":98.89,"delay_months":null,"revised_completion_date":"2023-10-07","state":"Uttarakhand","geo_confidence":"city","unverified":false}},{"type":"Feature","geometry":{"type":"Point","coordinates":[77.97268,30.250386]},"properties":{"id":"nhai_geoserver-e1039e1d21e0ad51","title":"6L access-controlled highway of Daat kali Tunnel - Dehradun of Ganeshpur – Dehradun section from km.16.380 to km.19.785 of NH-72A  (Package-3)","sector":"road","status":"commissioned","is_blocked":false,"block_reason":null,"cost_inr_crore":169.08,"progress_pct":99.99,"delay_months":null,"revised_completion_date":"2024-03-31","state":"Uttarakhand","geo_confidence":"site","unverified":false}},{"type":"Feature","geometry":{"type":"Point","coordinates":[81.832649,25.475881]},"properties":{"id":"nhai_geoserver-929f0852c45ff9d1","title":"Ambedkar Nagar (Km 0.000) to Raebareilly (Km 155.900) of NH-232 in UP","sector":"road","status":"commissioned","is_blocked":false,"block_reason":null,"cost_inr_crore":1000.33,"progress_pct":98.43,"delay_months":null,"revised_completion_date":"2016-10-16","state":"Uttar Pradesh","geo_confidence":"site","unverified":false}},{"type":"Feature","geometry":{"type":"Point","coordinates":[82.188729,22.144709]},"properties":{"id":"nhai_geoserver-23f383dde6779dd8","title":"Bilaspur-Pathrapalli from km. 0.00 to km. 53.30","sector":"road","status":"commissioned","is_blocked":false,"block_reason":null,"cost_inr_crore":1261.05,"progress_pct":100.0,"delay_months":null,"revised_completion_date":"2021-03-07","state":"Chhattisgarh","geo_confidence":"site","unverified":false}},{"type":"Feature","geometry":{"type":"Point","coordinates":[74.4977,15.8497]},"properties":{"id":"nhai_geoserver-25047e1501ffddaf","title":"4 Lane with PS from Des. Ch 0.000 to Des. Ch. 43.800 of Belgaum-Hungund-Raichur Section of NH-748A (Package-1)","sector":"road","status":"under_construction","is_blocked":false,"block_reason":null,"cost_inr_crore":1452.43,"progress_pct":40.21,"delay_months":null,"revised_completion_date":"2027-06-17","state":"Karnataka","geo_confidence":"city","unverified":false}},{"type":"Feature","geometry":{"type":"Point","coordinates":[75.498932,12.83069]},"properties":{"id":"nhai_geoserver-9572350009af727c","title":"4L of Addahole (Near Gundya) to Bantwal Cross section (Pkg-01) from Design Km 255.703 to Design Km 270.270 of NH-75 (Old NH-48)","sector":"road","status":"commissioned","is_blocked":false,"block_reason":null,"cost_inr_crore":544.02,"progress_pct":98.0,"delay_months":null,"revised_completion_date":"2023-09-30","state":"Karnataka","geo_confidence":"site","unverified":false}},{"type":"Feature","geometry":{"type":"Point","coordinates":[77.669975,30.415982]},"properties":{"id":"nhai_geoserver-d0624581af202a7e","title":"4L Poanta Saheb–Mednipur from Km. 435.65 to km. 458.65 of NH-07(Pkg-1)","sector":"road","status":"commissioned","is_blocked":false,"block_reason":null,"cost_inr_crore":524.54,"progress_pct":94.25,"delay_months":null,"revised_completion_date":"2025-05-01","state":"Uttarakhand","geo_confidence":"site","unverified":false}},{"type":"Feature","geometry":{"type":"Point","coordinates":[75.226744,31.128607]},"properties":{"id":"nhai_geoserver-7cfa87aa2b882407","title":"6L Amritsar-Bathinda Greenfield section from village Tiba on NE-5A to Jn. with Moga Jalandhar road (NH-703) near Dharamkot from km 0.000 to km 39.000 of NH-754A (Pkg-1)","sector":"road","status":"under_construction","is_blocked":false,"block_reason":null,"cost_inr_crore":1229.38,"progress_pct":72.41,"delay_months":null,"revised_completion_date":"2024-11-13","state":"Punjab","geo_confidence":"site","unverified":false}},{"type":"Feature","geometry":{"type":"Point","coordinates":[72.886233,26.919195]},"properties":{"id":"nhai_geoserver-71e421dc38e2599d","title":"Rasisar (near Bikaner)-Deogarh (near Dhandhaniya) (Phase-I) (AJ/RD-Package-4)","sector":"road","status":"commissioned","is_blocked":false,"block_reason":null,"cost_inr_crore":735.36,"progress_pct":100.0,"delay_months":null,"revised_completion_date":"2021-12-05","state":"Rajasthan","geo_confidence":"site","unverified":false}},{"type":"Feature","geometry":{"type":"Point","coordinates":[71.1924,22.2587]},"properties":{"id":"nhai_geoserver-53f34892980a1107","title":"Balance work of Six Laning of Shamlaji-Motachiloda from Km. 401.200 to Km.494.410 section (Design Chainage Km.447.385 to Km 540.595, Length- 93.210 Km) of old NH-8 (NH-48) in the state of Gujarat on single Percentage Item Rate Contract","sector":"road","status":"under_construction","is_blocked":false,"block_reason":null,"cost_inr_crore":466.8,"progress_pct":91.83,"delay_months":null,"revised_completion_date":"2025-06-06","state":"Gujarat","geo_confidence":"state","unverified":false}},{"type":"Feature","geometry":{"type":"Point","coordinates":[77.5946,12.9716]},"properties":{"id":"nhai_geoserver-dfc598b3e984e579","title":"O&M Routine Maintenance cum incident Management along with Road Safety Enhancement of Access Controlled Highway Project of Bengaluru Nelamangala section of NH-48 (old NH -4) from Km.10+000  to Km.29+500 in the State of Karnataka","sector":"road","status":"commissioned","is_blocked":false,"block_reason":null,"cost_inr_crore":null,"progress_pct":null,"delay_months":null,"revised_completion_date":"2025-04-03","state":"Karnataka","geo_confidence":"city","unverified":false}},{"type":"Feature","geometry":{"type":"Point","coordinates":[80.056867,17.096639]},"properties":{"id":"nhai_geoserver-cf4fb45b6d8ad13a","title":"4L of Kodad (Design Km 0.00/Existing Km 185.00 of NH-65) to Khammam (Design Km 31.800/Existing Km 29.400) of NH-365A","sector":"road","status":"under_construction","is_blocked":false,"block_reason":null,"cost_inr_crore":1149.17,"progress_pct":99.98,"delay_months":null,"revised_completion_date":"2024-05-31","state":"Telangana","geo_confidence":"site","unverified":false}},{"type":"Feature","geometry":{"type":"Point","coordinates":[76.0856,29.0588]},"properties":{"id":"nhai_geoserver-18f9f47f6ab1b999","title":"Operation & maintenance of four laning of Hisar to Dabwali section of NH-10 (new NH-09) from Km 170.000 to Km 314.660 with paved shoulder in the state of Haryana","sector":"road","status":"commissioned","is_blocked":false,"block_reason":null,"cost_inr_crore":null,"progress_pct":null,"delay_months":null,"revised_completion_date":"2024-08-31","state":"Haryana","geo_confidence":"state","unverified":false}},{"type":"Feature","geometry":{"type":"Point","coordinates":[80.9462,26.8467]},"properties":{"id":"nhai_geoserver-5fc841f8c86fe519","title":"Operation and Maintenance of Lucknow Bypass Section (Km. 0.000 to Km. 22.875) of NH-56 A&B, Lucknow Outer Ring Road-3B (Km.79.516/79.000 to Km. 94.457/93.473) and Lucknow Outer Ring Road-Kisan Path (Km.0.491/0.495 to Km. 11.660/12.210)","sector":"road","status":"commissioned","is_blocked":false,"block_reason":null,"cost_inr_crore":null,"progress_pct":null,"delay_months":null,"revised_completion_date":"2029-06-25","state":"Uttar Pradesh","geo_confidence":"city","unverified":false}},{"type":"Feature","geometry":{"type":"Point","coordinates":[81.442921,26.352965]},"properties":{"id":"nhai_geoserver-df3cfec6ef5909bd","title":"Ayodhya - Gorakhpur Section from km. 137.97 to km. 252.86 of Old NH-28 (Pkg No.1/NHAI/OMT/Pkg-11/2011)","sector":"road","status":"commissioned","is_blocked":false,"block_reason":null,"cost_inr_crore":2015.47,"progress_pct":null,"delay_months":null,"revised_completion_date":"2022-10-02","state":"Uttar Pradesh","geo_confidence":"site","unverified":false}},{"type":"Feature","geometry":{"type":"Point","coordinates":[76.589749,29.7086]},"properties":{"id":"nhai_geoserver-8423096805c28aeb","title":"Ismailabad - Narnaul (Pkg- 02) (Ch. 23+000 to 56+000) [Junction with Karnal-Pehowa road (SH-9) near Dhand village to Junction with Kaithal-Safidon (SH-11) road near Rajound]","sector":"road","status":"commissioned","is_blocked":false,"block_reason":null,"cost_inr_crore":1243.45,"progress_pct":100.0,"delay_months":null,"revised_completion_date":"2022-01-26","state":"Haryana","geo_confidence":"site","unverified":false}},{"type":"Feature","geometry":{"type":"Point","coordinates":[76.510555,29.461945]},"properties":{"id":"nhai_geoserver-c514ec798c6f010f","title":"Ismailabad - Narnaul (Pkg- 03) (Ch. 56+000 to 80+000) [Junction with Kaithal-Safidon road (SH-11) near Rajound to Junction with Jind-Safidon road (SH-14) near Kheri village]","sector":"road","status":"commissioned","is_blocked":false,"block_reason":null,"cost_inr_crore":889.36,"progress_pct":100.0,"delay_months":null,"revised_completion_date":"2022-05-31","state":"Haryana","geo_confidence":"site","unverified":false}},{"type":"Feature","geometry":{"type":"Point","coordinates":[75.7139,15.3173]},"properties":{"id":"nhai_geoserver-c7c643dcd19a85e8","title":"Short term Maintenance of Two Laning with Paved Shoulders of Bijapur-Gulbarga-Homnabad section of NH-50 (Old NH-218) from Km.195.000 to Km.415.010 in the State of Karnataka","sector":"road","status":"commissioned","is_blocked":false,"block_reason":null,"cost_inr_crore":null,"progress_pct":null,"delay_months":null,"revised_completion_date":"2025-01-29","state":"Karnataka","geo_confidence":"state","unverified":false}},{"type":"Feature","geometry":{"type":"Point","coordinates":[70.535607,22.769449]},"properties":{"id":"nhai_geoserver-b5dce7c86cf05bc1","title":"4L of Dhrol-Bhadra-Patiya section from 0.000 to km 13.600 and Bhadra Patiya - Pipaliya section from 73.00 to km 24.00 of NH-151A","sector":"road","status":"commissioned","is_blocked":false,"block_reason":null,"cost_inr_crore":768.41,"progress_pct":100.0,"delay_months":null,"revised_completion_date":"2023-10-27","state":"Gujarat","geo_confidence":"site","unverified":false}},{"type":"Feature","geometry":{"type":"Point","coordinates":[77.8979,15.86295]},"properties":{"id":"nhai_geoserver-9df798a68dbbdfff","title":"6L Access Controlled Greenfield Highway of Julekal village to Dinnedevarapadu village from Km 242.200 to Km 280.400 (Pkg-2)","sector":"road","status":"under_construction","is_blocked":false,"block_reason":null,"cost_inr_crore":1227.57,"progress_pct":70.6,"delay_months":null,"revised_completion_date":"2025-01-03","state":"Telangana","geo_confidence":"site","unverified":false}},{"type":"Feature","geometry":{"type":"Point","coordinates":[78.6569,22.9734]},"properties":{"id":"nhai_geoserver-528c96589d61a064","title":"Balance work of 4L of Nauradehi Sanctuary de-scoped stretch of Hiran River to Sindoor River from Km. 66.00 to 130.00  NH-12 (New NH-45)","sector":"road","status":"commissioned","is_blocked":false,"block_reason":null,"cost_inr_crore":178.18,"progress_pct":100.0,"delay_months":null,"revised_completion_date":"2023-07-18","state":"Madhya Pradesh","geo_confidence":"state","unverified":false}},{"type":"Feature","geometry":{"type":"Point","coordinates":[75.573883,30.26752]},"properties":{"id":"nhai_geoserver-cfe709fcf0c99121","title":"End of Sangrur Bypass to Tapa  from design Chainage 123.900 to 144.900 & 149.960 to175.000 section of NH-64 (New NH No-7)","sector":"road","status":"commissioned","is_blocked":false,"block_reason":null,"cost_inr_crore":26.33,"progress_pct":null,"delay_months":null,"revised_completion_date":"2017-08-21","state":"Punjab","geo_confidence":"site","unverified":false}},{"type":"Feature","geometry":{"type":"Point","coordinates":[71.547671,25.36499]},"properties":{"id":"nhai_geoserver-45756b8588357fba","title":"Barmer-Sanchore-Gujarat Border (Upto Gandhav Bridge) Section of NH-15 from Km 153.000 to 259.300","sector":"road","status":"commissioned","is_blocked":false,"block_reason":null,"cost_inr_crore":538.08,"progress_pct":null,"delay_months":null,"revised_completion_date":"2018-02-08","state":"Rajasthan","geo_confidence":"site","unverified":false}},{"type":"Feature","geometry":{"type":"Point","coordinates":[77.82915,9.00675]},"properties":{"id":"nhai_geoserver-e26a7bf3894b9b75","title":"Madurai - Kanyakumari from km. 0.00 to km. 243.170","sector":"road","status":"commissioned","is_blocked":false,"block_reason":null,"cost_inr_crore":4221.39,"progress_pct":null,"delay_months":null,"revised_completion_date":"2008-04-30","state":"Tamil Nadu","geo_confidence":"city","unverified":false}},{"type":"Feature","geometry":{"type":"Point","coordinates":[77.157323,32.110163]},"properties":{"id":"nhai_geoserver-2d4c323dc469df4d","title":"Kullu ( 272.000) to Manali ( 309.345) of NH-21 in the state of Himachal Pradesh","sector":"road","status":"commissioned","is_blocked":false,"block_reason":null,"cost_inr_crore":725.87,"progress_pct":100.0,"delay_months":null,"revised_completion_date":"2019-02-08","state":"Himachal Pradesh","geo_confidence":"site","unverified":false}},{"type":"Feature","geometry":{"type":"Point","coordinates":[78.6569,22.9734]},"properties":{"id":"nhai_geoserver-6db945fdf515f36b","title":"4-lanning of Gyaraspur to Rahatgarh section of NH-146 from Design Ch. 88+361 to Ch 124+470 in the state of MP on HAM mode","sector":"road","status":"under_construction","is_blocked":false,"block_reason":null,"cost_inr_crore":903.44,"progress_pct":35.25,"delay_months":null,"revised_completion_date":"2027-11-05","state":"Madhya Pradesh","geo_confidence":"state","unverified":false}},{"type":"Feature","geometry":{"type":"Point","coordinates":[69.6669,23.2419]},"properties":{"id":"nhai_geoserver-1f704421564521cc","title":"Routine Maintenance of 2L Varsana Chokdi– Bhuj section from 0.000 Km to 54.680 Km & from 60.620 Km to 65.478 Km of NH-341","sector":"road","status":"commissioned","is_blocked":false,"block_reason":null,"cost_inr_crore":13.62,"progress_pct":null,"delay_months":null,"revised_completion_date":"2021-12-31","state":"Gujarat","geo_confidence":"city","unverified":false}},{"type":"Feature","geometry":{"type":"Point","coordinates":[78.04805,27.53705]},"properties":{"id":"nhai_geoserver-00a3982572c85fcc","title":"Four laning of Agra-Aligarh Section from Km. 28.000 (near Asroi village in Hathras of NH-509) to Km. 64.900 Junction with Yamuna Expressway (Km 151.50)","sector":"road","status":"awarded","is_blocked":false,"block_reason":null,"cost_inr_crore":1796.23,"progress_pct":null,"delay_months":null,"revised_completion_date":null,"state":"Uttar Pradesh","geo_confidence":"city","unverified":false}},{"type":"Feature","geometry":{"type":"Point","coordinates":[76.0856,29.0588]},"properties":{"id":"nhai_geoserver-4ac6f4359d05a514","title":"Routine Maintenance and Incident Management of Yamunanagar Panchkula Highway Section of NH-344 (Old NH-73) from km. 70.830 to km. 157.192 (Package-I and Package-II)","sector":"road","status":"commissioned","is_blocked":false,"block_reason":null,"cost_inr_crore":null,"progress_pct":null,"delay_months":null,"revised_completion_date":"2024-04-04","state":"Haryana","geo_confidence":"state","unverified":false}},{"type":"Feature","geometry":{"type":"Point","coordinates":[79.735382,23.369904]},"properties":{"id":"nhai_geoserver-440915a082de74c5","title":"Jabalpur (Km 465.500) to Lakhnadon (Km 546.425) of NH-7 in Madhya Pradesh","sector":"road","status":"commissioned","is_blocked":false,"block_reason":null,"cost_inr_crore":930.48,"progress_pct":100.0,"delay_months":null,"revised_completion_date":"2017-11-30","state":"Madhya Pradesh","geo_confidence":"site","unverified":false}},{"type":"Feature","geometry":{"type":"Point","coordinates":[87.073878,25.212215]},"properties":{"id":"nhai_geoserver-2d6840c13f9080f0","title":"4L of Munger – Mirzachauki section from start of existing Bhagalpur bypass to Rasulpur from Km 125+000 to Km 157+350 (Pkg-3)","sector":"road","status":"under_construction","is_blocked":false,"block_reason":null,"cost_inr_crore":1769.5,"progress_pct":81.03,"delay_months":null,"revised_completion_date":"2024-04-12","state":"Bihar","geo_confidence":"site","unverified":false}},{"type":"Feature","geometry":{"type":"Point","coordinates":[78.6569,22.9734]},"properties":{"id":"nhai_geoserver-1007834eca8c48f9","title":"2L PS of Hinotiya-Mehulwa section of NH-346 from Km. 27.000 to Km 75.700 (Vidisha – Mehulwa-Talbehat Pkg-II) Section of NH- 346","sector":"road","status":"under_construction","is_blocked":false,"block_reason":null,"cost_inr_crore":581.65,"progress_pct":69.04,"delay_months":null,"revised_completion_date":"2025-09-12","state":"Madhya Pradesh","geo_confidence":"state","unverified":false}},{"type":"Feature","geometry":{"type":"Point","coordinates":[86.272,23.6645]},"properties":{"id":"nhai_geoserver-e3b42273627a0c72","title":"4L/2L PS of Govindpur (Raiganj) - Chas - WB border section of from km. 0.00 to km. 56.889 of Old NH-32","sector":"road","status":"commissioned","is_blocked":false,"block_reason":null,"cost_inr_crore":1139.65,"progress_pct":99.84,"delay_months":null,"revised_completion_date":"2019-12-09","state":"Jharkhand","geo_confidence":"site","unverified":false}},{"type":"Feature","geometry":{"type":"Point","coordinates":[85.3131,25.0961]},"properties":{"id":"nhai_geoserver-670bd7c4a33bf528","title":"Balance work - WB-10 (Gandak Bridge) Km 402.00 to Km 440.00 (Devanpur - Kotwa)","sector":"road","status":"unknown","is_blocked":false,"block_reason":null,"cost_inr_crore":210.05,"progress_pct":64.05,"delay_months":null,"revised_completion_date":"2024-01-30","state":"Bihar","geo_confidence":"state","unverified":false}},{"type":"Feature","geometry":{"type":"Point","coordinates":[85.6175,23.526485]},"properties":{"id":"nhai_geoserver-8f3a5ae231e9edb4","title":"4L of Ormanjhi-Gola section from Km 81.450 to Km 53.600 of NH- 320B(PKG-II)","sector":"road","status":"under_construction","is_blocked":false,"block_reason":null,"cost_inr_crore":1214.93,"progress_pct":86.57,"delay_months":null,"revised_completion_date":"2025-06-20","state":"Jharkhand","geo_confidence":"site","unverified":false}},{"type":"Feature","geometry":{"type":"Point","coordinates":[76.945284,8.464824]},"properties":{"id":"nhai_geoserver-3c0084ae16318fb6","title":"Kazhakkoottam to Mukkola Section from Km 0.000 to Km 26.500","sector":"road","status":"commissioned","is_blocked":false,"block_reason":null,"cost_inr_crore":1038.35,"progress_pct":100.0,"delay_months":null,"revised_completion_date":"2017-07-10","state":"Kerala","geo_confidence":"site","unverified":false}},{"type":"Feature","geometry":{"type":"Point","coordinates":[71.1924,22.2587]},"properties":{"id":"nhai_geoserver-a567592abb721358","title":"4L PS Divided Carriageway  from Patan (Near Rajpur) to Gojariya From Km 52.000  to Km 128.940 of NH-68","sector":"road","status":"under_construction","is_blocked":false,"block_reason":null,"cost_inr_crore":1181.34,"progress_pct":87.12,"delay_months":null,"revised_completion_date":"2025-03-07","state":"Gujarat","geo_confidence":"state","unverified":false}},{"type":"Feature","geometry":{"type":"Point","coordinates":[83.231796,18.062023]},"properties":{"id":"nhai_geoserver-d10c473b4dc6e5c1","title":"6L Korlam-Kantakapalle Section of NH-130CD Road from Km 421.100 to Km 445.100 (Pkg-3)","sector":"road","status":"under_construction","is_blocked":false,"block_reason":null,"cost_inr_crore":1112.7,"progress_pct":99.5,"delay_months":null,"revised_completion_date":"2024-02-18","state":"Andhra Pradesh","geo_confidence":"site","unverified":false}},{"type":"Feature","geometry":{"type":"Point","coordinates":[74.8723,31.634]},"properties":{"id":"nhai_geoserver-44555de11406a185","title":"Strengthening of existing four lane carriageway of Pathankot to Amritsar section of NH-54 from Km. 6.082 to Km. 108.502 in the state of Punjab","sector":"road","status":"under_construction","is_blocked":false,"block_reason":null,"cost_inr_crore":null,"progress_pct":null,"delay_months":null,"revised_completion_date":"2024-02-21","state":"Punjab","geo_confidence":"city","unverified":false}},{"type":"Feature","geometry":{"type":"Point","coordinates":[77.271876,28.675967]},"properties":{"id":"nhai_geoserver-634e5b33e07fc27e","title":"Akshardham - DL/UP Border (Pkg-01)","sector":"road","status":"commissioned","is_blocked":false,"block_reason":null,"cost_inr_crore":1479.22,"progress_pct":100.0,"delay_months":null,"revised_completion_date":"2024-12-23","state":"Delhi","geo_confidence":"site","unverified":false}},{"type":"Feature","geometry":{"type":"Point","coordinates":[79.082326,21.124929]},"properties":{"id":"nhai_geoserver-e1831702bccb6663","title":"4L of Bamni - Rajura - Warur - Devada upto M.S. Border of NH - 930D (from km 19.000 to km 51.985)","sector":"road","status":"under_construction","is_blocked":false,"block_reason":null,"cost_inr_crore":968.05,"progress_pct":78.16,"delay_months":null,"revised_completion_date":"2026-03-27","state":"Maharashtra","geo_confidence":"site","unverified":false}},{"type":"Feature","geometry":{"type":"Point","coordinates":[74.8723,31.634]},"properties":{"id":"nhai_geoserver-f75592679cd5c644","title":"Periodic Renewal and Operation and Maintenance of Amritsar Tarn-Taran-Harike section from km. 112.575 to km. 168.400 in the State of Punjab.","sector":"road","status":"commissioned","is_blocked":false,"block_reason":null,"cost_inr_crore":null,"progress_pct":null,"delay_months":null,"revised_completion_date":null,"state":"Punjab","geo_confidence":"city","unverified":false}},{"type":"Feature","geometry":{"type":"Point","coordinates":[80.9462,26.8467]},"properties":{"id":"nhai_geoserver-2a42c58f3905fc9e","title":"4L Behsuma at Km 39.250 (Ex. Km 39+240) To Bijnor at Km 78.810 (Ex. Km 86+590) (Design Length= 39.560 Km)  of NH-119 (Pkg-II)","sector":"road","status":"under_construction","is_blocked":false,"block_reason":null,"cost_inr_crore":2158.2,"progress_pct":70.12,"delay_months":null,"revised_completion_date":"2026-05-19","state":"Uttar Pradesh","geo_confidence":"state","unverified":false}},{"type":"Feature","geometry":{"type":"Point","coordinates":[72.5714,23.0225]},"properties":{"id":"nhai_geoserver-61bc97a673b17495","title":"6/8 lane Green Field Expressways form Sanchore to Ahmedabad-Package IV (Udalpur to Giyod)","sector":"road","status":"tendered","is_blocked":false,"block_reason":null,"cost_inr_crore":2170.92,"progress_pct":null,"delay_months":null,"revised_completion_date":null,"state":"Gujarat","geo_confidence":"city","unverified":false}},{"type":"Feature","geometry":{"type":"Point","coordinates":[75.3412,31.1471]},"properties":{"id":"nhai_geoserver-eb232f59d35913fb","title":"2L/4L of Hoshiarpur to Una section including Hoshiarpur Bypass of NH 503A","sector":"road","status":"under_construction","is_blocked":false,"block_reason":null,"cost_inr_crore":571.34,"progress_pct":26.43,"delay_months":null,"revised_completion_date":"2027-05-20","state":"Punjab","geo_confidence":"state","unverified":false}},{"type":"Feature","geometry":{"type":"Point","coordinates":[86.1511,23.6693]},"properties":{"id":"nhai_geoserver-bb2f1e366562ff2d","title":"2L/4L of Chas - Bokaro-Gola-Ramgarh section of Nh-23 from km. 0.00 to Km. 78.31​","sector":"road","status":"commissioned","is_blocked":false,"block_reason":null,"cost_inr_crore":null,"progress_pct":null,"delay_months":null,"revised_completion_date":"2024-12-31","state":"Jharkhand","geo_confidence":"city","unverified":false}},{"type":"Feature","geometry":{"type":"Point","coordinates":[74.284314,23.147949]},"properties":{"id":"nhai_geoserver-4bae90dbd7a37287","title":"Padhi (km 180.000) to Dahod (km 265.59) of NH-113","sector":"road","status":"commissioned","is_blocked":false,"block_reason":null,"cost_inr_crore":371.72,"progress_pct":100.0,"delay_months":null,"revised_completion_date":"2017-05-17","state":"Rajasthan","geo_confidence":"site","unverified":false}},{"type":"Feature","geometry":{"type":"Point","coordinates":[85.693698,25.793202]},"properties":{"id":"nhai_geoserver-0fb7a2a9bfe5455e","title":"2 laning with PS of Muzaffarpur-Barauni","sector":"road","status":"unknown","is_blocked":false,"block_reason":null,"cost_inr_crore":369.75,"progress_pct":100.0,"delay_months":null,"revised_completion_date":"2014-07-07","state":"Bihar","geo_confidence":"site","unverified":false}},{"type":"Feature","geometry":{"type":"Point","coordinates":[78.6569,11.1271]},"properties":{"id":"nhai_geoserver-2853f99c7e45e966","title":"Four laning of from km.163/400 to km.180/00 from Thoppurghat to Thumbipadi section of NH-7 in the State of Tamil Nadu - (Contract Package no.NS-25-TN)","sector":"road","status":"commissioned","is_blocked":false,"block_reason":null,"cost_inr_crore":275.84,"progress_pct":null,"delay_months":null,"revised_completion_date":"2007-11-26","state":"Tamil Nadu","geo_confidence":"state","unverified":false}},{"type":"Feature","geometry":{"type":"Point","coordinates":[78.5685,25.4484]},"properties":{"id":"nhai_geoserver-5ce92d9b7af20b96","title":"4L of Jhansi Lakhnadon Section from Km. 360.092 to Km. 415.089 of NH-26 (ADB-II/C-9)","sector":"road","status":"commissioned","is_blocked":false,"block_reason":null,"cost_inr_crore":346.76,"progress_pct":null,"delay_months":null,"revised_completion_date":"2008-11-26","state":"Madhya Pradesh","geo_confidence":"city","unverified":false}},{"type":"Feature","geometry":{"type":"Point","coordinates":[75.260439,17.434149]},"properties":{"id":"nhai_geoserver-c217323beb39e624","title":"Tunnel at Khambataki Ghat Section and its approaches from existing Km. 771.730 to existing Km. 782.000","sector":"road","status":"under_construction","is_blocked":false,"block_reason":null,"cost_inr_crore":907.03,"progress_pct":89.2,"delay_months":null,"revised_completion_date":"2022-02-27","state":"Maharashtra","geo_confidence":"site","unverified":false}},{"type":"Feature","geometry":{"type":"Point","coordinates":[73.1812,22.3072]},"properties":{"id":"nhai_geoserver-9c903743d4b3bfb3","title":"Vadodara Mumbai Expressway (Phase II - Pkg XVII) [Km. 69.800 to Km. 79.783 of Spur] (Bhoj - Morbe)","sector":"road","status":"under_construction","is_blocked":false,"block_reason":null,"cost_inr_crore":2208.68,"progress_pct":90.5,"delay_months":null,"revised_completion_date":"2025-07-17","state":"Maharashtra","geo_confidence":"city","unverified":false}},{"type":"Feature","geometry":{"type":"Point","coordinates":[78.034123,29.30444]},"properties":{"id":"nhai_geoserver-4fb01d8862f1271f","title":"Meerut - Najibabad from km. 11.50 to km. 39.24 & km. 86.59 to km. 112.545 of NH-119 (Pkg-I)","sector":"road","status":"commissioned","is_blocked":false,"block_reason":null,"cost_inr_crore":1936.67,"progress_pct":98.8,"delay_months":null,"revised_completion_date":"2023-09-05","state":"Uttar Pradesh","geo_confidence":"site","unverified":false}},{"type":"Feature","geometry":{"type":"Point","coordinates":[75.7139,19.7515]},"properties":{"id":"nhai_geoserver-76f8940ce8146d6d","title":"Flyover in Lakhani town on NH-53 (Old NH-6) (from 469.920 km to 473.420 km)","sector":"road","status":"commissioned","is_blocked":false,"block_reason":null,"cost_inr_crore":354.53,"progress_pct":100.0,"delay_months":null,"revised_completion_date":"2020-11-22","state":"Maharashtra","geo_confidence":"state","unverified":false}},{"type":"Feature","geometry":{"type":"Point","coordinates":[77.1734,31.1048]},"properties":{"id":"nhai_geoserver-af139735293843ef","title":"4L PS from Kalar Bala Village to Nauni Chowk of NH 205 from Km 41.000 to Km 58.450","sector":"road","status":"under_construction","is_blocked":false,"block_reason":null,"cost_inr_crore":1244.43,"progress_pct":30.43,"delay_months":null,"revised_completion_date":"2027-05-12","state":"Himachal Pradesh","geo_confidence":"state","unverified":false}},{"type":"Feature","geometry":{"type":"Point","coordinates":[75.8577,22.7196]},"properties":{"id":"nhai_geoserver-1fc84755be934d67","title":"Construction of 6 lane Indore western bypass from km 0+000 to Km 34+000 (Pkg -l ) in the State of Madhya Pradesh on Hybrid Annuity Mode under NH(O)","sector":"road","status":"under_construction","is_blocked":false,"block_reason":null,"cost_inr_crore":1534.7,"progress_pct":27.6,"delay_months":null,"revised_completion_date":"2027-12-31","state":"Madhya Pradesh","geo_confidence":"city","unverified":false}},{"type":"Feature","geometry":{"type":"Point","coordinates":[77.06452,28.308525]},"properties":{"id":"nhai_geoserver-1e4f06dff1cc29ab","title":"6L of Gurgaon Sohna Pkg-II from existing Km.11.682 to existing km.24.40","sector":"road","status":"commissioned","is_blocked":false,"block_reason":null,"cost_inr_crore":732.47,"progress_pct":100.0,"delay_months":null,"revised_completion_date":"2021-07-29","state":"Haryana","geo_confidence":"site","unverified":false}},{"type":"Feature","geometry":{"type":"Point","coordinates":[83.2185,17.6868]},"properties":{"id":"nhai_geoserver-0d7dfde79fe2fbdc","title":"Visakhapatnam-Champavathi River from Km. 654.204 to Km. 701.170 (AP-3)","sector":"road","status":"commissioned","is_blocked":false,"block_reason":null,"cost_inr_crore":638.18,"progress_pct":null,"delay_months":null,"revised_completion_date":"2004-02-08","state":"Andhra Pradesh","geo_confidence":"city","unverified":false}},{"type":"Feature","geometry":{"type":"Point","coordinates":[75.7139,15.3173]},"properties":{"id":"nhai_geoserver-c5a9b2a0dd85769f","title":"6L from Sankeshwar Bypass to MH-KNT Border from Km. 555.017 to Km. 592.853 of NH-48 (Pkg-II)","sector":"road","status":"under_construction","is_blocked":false,"block_reason":null,"cost_inr_crore":1388.7,"progress_pct":85.3,"delay_months":null,"revised_completion_date":"2025-04-23","state":"Karnataka","geo_confidence":"state","unverified":false}},{"type":"Feature","geometry":{"type":"Point","coordinates":[79.0882,21.1458]},"properties":{"id":"nhai_geoserver-211cdb4875d0b1ed","title":"Flyover at Dumri Junction (from km 697.580 to km 698.56) with slip/ service road on Nagpur Bypass section","sector":"road","status":"commissioned","is_blocked":false,"block_reason":null,"cost_inr_crore":24.0,"progress_pct":100.0,"delay_months":null,"revised_completion_date":"2021-07-19","state":"Maharashtra","geo_confidence":"city","unverified":false}},{"type":"Feature","geometry":{"type":"Point","coordinates":[76.643889,29.953611]},"properties":{"id":"nhai_geoserver-a34899e6ac42832d","title":"Ismailabad - Narnaul (Pkg- 01) (Ch. 0+000 to Ch. 23+000) [Ismailabad to Junction with Karnal-Pehowa road (SH-9) near Dhand]","sector":"road","status":"commissioned","is_blocked":false,"block_reason":null,"cost_inr_crore":996.66,"progress_pct":100.0,"delay_months":null,"revised_completion_date":"2022-02-02","state":"Haryana","geo_confidence":"site","unverified":false}},{"type":"Feature","geometry":{"type":"Point","coordinates":[82.093746,19.763533]},"properties":{"id":"nhai_geoserver-ee68fe8432bdbea7","title":"6L of Hatibena - Badakumari Section from Km 146.50 to km 179.00 of NH-130-CD (Package – OD-2)","sector":"road","status":"under_construction","is_blocked":false,"block_reason":null,"cost_inr_crore":791.17,"progress_pct":99.99,"delay_months":null,"revised_completion_date":"2024-03-02","state":"Odisha","geo_confidence":"site","unverified":false}},{"type":"Feature","geometry":{"type":"Point","coordinates":[82.688194,18.976483]},"properties":{"id":"nhai_geoserver-57c713ab952c5fe1","title":"6L Greenfield Kaliagura  – Baunsaguar Section of NH-130-CD Road from km 249+000 to km 293+000 (Package – OD-5)","sector":"road","status":"under_construction","is_blocked":false,"block_reason":null,"cost_inr_crore":1539.75,"progress_pct":97.8,"delay_months":null,"revised_completion_date":"2024-05-29","state":"Odisha","geo_confidence":"site","unverified":false}},{"type":"Feature","geometry":{"type":"Point","coordinates":[75.8573,30.901]},"properties":{"id":"nhai_geoserver-b847c49f07b25872","title":"Operation and maintenance of Ludhiana-Talwandi Section of old NH-95 (New NH-05) from Km. 86.000 to Km. 151.000 and Incident Management System in the State of Punjab","sector":"road","status":"commissioned","is_blocked":false,"block_reason":null,"cost_inr_crore":null,"progress_pct":28.0,"delay_months":null,"revised_completion_date":"2023-06-30","state":"Punjab","geo_confidence":"city","unverified":false}},{"type":"Feature","geometry":{"type":"Point","coordinates":[80.79331,25.889885]},"properties":{"id":"nhai_geoserver-9c4a99c46931d3e6","title":"Four Laning of Sultanpur to Varanasi (PKG-I) [from Sultanpur (Km 134.700) to Jaunpur (Km 209.230)]","sector":"road","status":"commissioned","is_blocked":false,"block_reason":null,"cost_inr_crore":2922.14,"progress_pct":98.2,"delay_months":null,"revised_completion_date":"2018-06-28","state":"Uttar Pradesh","geo_confidence":"site","unverified":false}},{"type":"Feature","geometry":{"type":"Point","coordinates":[85.1376,25.5941]},"properties":{"id":"nhai_geoserver-d2c07000d5930d5a","title":"6L Patna Ring Road Highway (NH- 131G) from Kanhauli to Sherpur (fKm. 0.000 to Km 8.480) including Junction Development with Bihta - Danapur Elevated Corridor","sector":"road","status":"awarded","is_blocked":false,"block_reason":null,"cost_inr_crore":777.79,"progress_pct":null,"delay_months":null,"revised_completion_date":null,"state":"Bihar","geo_confidence":"city","unverified":false}},{"type":"Feature","geometry":{"type":"Point","coordinates":[76.0856,29.0588]},"properties":{"id":"nhai_geoserver-4b2efacb04b36231","title":"Improvement of Dharuhera- Bhiwadi link road (NH-919) to 4L with Service Road, starting from km 67.820 of NH-48 upto km 22.400 of NH-919","sector":"road","status":"commissioned","is_blocked":false,"block_reason":null,"cost_inr_crore":147.51,"progress_pct":100.0,"delay_months":null,"revised_completion_date":"2023-08-06","state":"Haryana","geo_confidence":"state","unverified":false}},{"type":"Feature","geometry":{"type":"Point","coordinates":[85.2799,23.6102]},"properties":{"id":"nhai_geoserver-552c1f4a3413c195","title":"4L of NH-80 section of Mirza Chauki to Farakka section from existing km 190.00 to design km 200.75 (junction at km 3.100 of NH 133 B) and from existing km 260.00 to existing km 283.00 (design km 274.133) in the state of Jharkhand  (package - II)","sector":"road","status":"under_construction","is_blocked":false,"block_reason":null,"cost_inr_crore":782.18,"progress_pct":7.98,"delay_months":null,"revised_completion_date":"2028-01-31","state":"Jharkhand","geo_confidence":"state","unverified":false}},{"type":"Feature","geometry":{"type":"Point","coordinates":[75.7139,19.7515]},"properties":{"id":"nhai_geoserver-a9c959664271ca1a","title":"Maintenance of the stretch from Km 29.00 to Km 250.05 of NH-160 from Phaltan – Dahivadi – Mayani – Satara/Sangli dist. Border","sector":"road","status":"unknown","is_blocked":false,"block_reason":null,"cost_inr_crore":20.52,"progress_pct":null,"delay_months":null,"revised_completion_date":null,"state":"Maharashtra","geo_confidence":"state","unverified":false}},{"type":"Feature","geometry":{"type":"Point","coordinates":[77.476811,22.167177]},"properties":{"id":"nhai_geoserver-8d054b27ccf5ae3d","title":"4L of Harda - Betul (Pkg-II) from Km. 30.00 to Km.81.00 [Temagaon to Chicholi]","sector":"road","status":"commissioned","is_blocked":false,"block_reason":null,"cost_inr_crore":520.28,"progress_pct":100.0,"delay_months":null,"revised_completion_date":"2025-02-19","state":"Madhya Pradesh","geo_confidence":"site","unverified":false}},{"type":"Feature","geometry":{"type":"Point","coordinates":[75.3412,31.1471]},"properties":{"id":"nhai_geoserver-e2e9b278ebcaa933","title":"PBMC works of Four lane of Harike-Faridkot-Kotkapura-Bathinda section of NH-15 (New NH-54) from Km. 168.400 to Km. 287.615 in the state of Punjab through PBMC Contracts IV","sector":"road","status":"commissioned","is_blocked":false,"block_reason":null,"cost_inr_crore":null,"progress_pct":null,"delay_months":null,"revised_completion_date":"2030-08-10","state":"Punjab","geo_confidence":"state","unverified":false}},{"type":"Feature","geometry":{"type":"Point","coordinates":[76.0856,29.0588]},"properties":{"id":"nhai_geoserver-18f0384773c0f319","title":"Jagadhari - Tajewala from Km (-)0.175 to 32.337 km of NH-344","sector":"road","status":"under_construction","is_blocked":false,"block_reason":null,"cost_inr_crore":1269.5,"progress_pct":68.0,"delay_months":null,"revised_completion_date":"2025-02-06","state":"Haryana","geo_confidence":"state","unverified":false}},{"type":"Feature","geometry":{"type":"Point","coordinates":[73.110662,22.365176]},"properties":{"id":"nhai_geoserver-ccf36c2f764c14db","title":"Vadodara Mumbai Expressway (Padra to Vadodara) (Phase IA - Pkg I) [Km 355.00 to Km 378.740]","sector":"road","status":"commissioned","is_blocked":false,"block_reason":null,"cost_inr_crore":4374.64,"progress_pct":99.96,"delay_months":null,"revised_completion_date":"2021-01-17","state":"Gujarat","geo_confidence":"site","unverified":false}},{"type":"Feature","geometry":{"type":"Point","coordinates":[72.8311,21.1702]},"properties":{"id":"nhai_geoserver-80851465b3a4afbe","title":"4 Laning of Surat – Manor Pkg-I (Chalthan – Atul) from km. 263.400 to km. 343.00 of NH-8","sector":"road","status":"commissioned","is_blocked":false,"block_reason":null,"cost_inr_crore":1099.56,"progress_pct":null,"delay_months":null,"revised_completion_date":"2003-11-01","state":"Gujarat","geo_confidence":"city","unverified":false}},{"type":"Feature","geometry":{"type":"Point","coordinates":[77.483679,20.7684]},"properties":{"id":"nhai_geoserver-cd418d4dcb0bd738","title":"Balance Works of 4L Amravati - Chikhli (Pkg - I) [Amravati - Kurankhed from km. 166.00 to km. 220.00]","sector":"road","status":"commissioned","is_blocked":false,"block_reason":null,"cost_inr_crore":713.07,"progress_pct":99.0,"delay_months":null,"revised_completion_date":"2023-07-10","state":"Maharashtra","geo_confidence":"site","unverified":false}},{"type":"Feature","geometry":{"type":"Point","coordinates":[79.192515,21.264608]},"properties":{"id":"nhai_geoserver-1509d7a8c0b94dfa","title":"Washim(km 92.200) to Pangare(134.500) of NH-161 in Maharashtra","sector":"road","status":"commissioned","is_blocked":false,"block_reason":null,"cost_inr_crore":884.73,"progress_pct":100.0,"delay_months":null,"revised_completion_date":"2021-05-14","state":"Maharashtra","geo_confidence":"site","unverified":false}},{"type":"Feature","geometry":{"type":"Point","coordinates":[84.14175,24.33085]},"properties":{"id":"nhai_geoserver-bc33c20c4090925d","title":"Construction of 6 lane Greenfield Varanasi- Ranchi -Kolkata Highway from Sijumakhna Village to Nayada Village(from Km 439+040 to Km 491+200) section NH-319B(Package-15)","sector":"road","status":"tendered","is_blocked":false,"block_reason":null,"cost_inr_crore":1.0,"progress_pct":null,"delay_months":null,"revised_completion_date":null,"state":"West Bengal","geo_confidence":"city","unverified":false}},{"type":"Feature","geometry":{"type":"Point","coordinates":[79.016579,21.117933]},"properties":{"id":"nhai_geoserver-5f359444120ec416","title":"Warora - Wani from km. 313.850 to km. 332.160","sector":"road","status":"commissioned","is_blocked":false,"block_reason":null,"cost_inr_crore":482.85,"progress_pct":100.0,"delay_months":null,"revised_completion_date":"2021-10-27","state":"Maharashtra","geo_confidence":"site","unverified":false}},{"type":"Feature","geometry":{"type":"Point","coordinates":[77.202906,22.33252]},"properties":{"id":"nhai_geoserver-49aafc7912201868","title":"4L of Harda - Betul (Pkg-I) from Km.0 to Km.30.20 [Harda - Temagaon]","sector":"road","status":"commissioned","is_blocked":false,"block_reason":null,"cost_inr_crore":774.16,"progress_pct":100.0,"delay_months":null,"revised_completion_date":"2023-09-09","state":"Madhya Pradesh","geo_confidence":"site","unverified":false}},{"type":"Feature","geometry":{"type":"Point","coordinates":[78.848763,17.351221]},"properties":{"id":"nhai_geoserver-27eef1377b39b798","title":"Hyderabad - Maneguda","sector":"road","status":"under_construction","is_blocked":false,"block_reason":null,"cost_inr_crore":958.86,"progress_pct":24.2,"delay_months":null,"revised_completion_date":"2026-11-26","state":"Telangana","geo_confidence":"site","unverified":false}},{"type":"Feature","geometry":{"type":"Point","coordinates":[75.7139,15.3173]},"properties":{"id":"nhai_geoserver-184c6a74d3bc419e","title":"4L PS from Adihalli to Keeresutagondonahalli EC-20 Km 37.000 to Ch. Km 76.160 (Package-II)","sector":"road","status":"tendered","is_blocked":false,"block_reason":null,"cost_inr_crore":1442.0,"progress_pct":null,"delay_months":null,"revised_completion_date":null,"state":"Karnataka","geo_confidence":"state","unverified":false}},{"type":"Feature","geometry":{"type":"Point","coordinates":[79.337918,19.203803]},"properties":{"id":"nhai_geoserver-63d89b278d866175","title":"Karimnagar-TL/MH Border","sector":"road","status":"tendered","is_blocked":false,"block_reason":null,"cost_inr_crore":null,"progress_pct":null,"delay_months":null,"revised_completion_date":null,"state":"Telangana","geo_confidence":"site","unverified":false}},{"type":"Feature","geometry":{"type":"Point","coordinates":[85.055397,25.402729]},"properties":{"id":"nhai_geoserver-005c7e5bbe04f59f","title":"4L of Bal. works of Patna - Gaya -Dobhi (Pkg-I) from km. 0.00 to km. 39.00 of Old NH-83","sector":"road","status":"commissioned","is_blocked":false,"block_reason":null,"cost_inr_crore":2662.14,"progress_pct":99.9,"delay_months":null,"revised_completion_date":"2022-12-13","state":"Bihar","geo_confidence":"site","unverified":false}},{"type":"Feature","geometry":{"type":"Point","coordinates":[75.514158,31.320099]},"properties":{"id":"nhai_geoserver-e9a9b5b0d359b820","title":"Development of 6L (Greenfield) Jalandhar Bypass starting from Kahlwan (NH-03)  ending at Kang Sahbu (NH-703)  via Sarmastpur (NH-44) - Madara (NH-03) - Khajurla (NH-44)","sector":"road","status":"under_construction","is_blocked":false,"block_reason":null,"cost_inr_crore":1754.84,"progress_pct":56.7,"delay_months":null,"revised_completion_date":"2025-01-14","state":"Punjab","geo_confidence":"site","unverified":false}},{"type":"Feature","geometry":{"type":"Point","coordinates":[79.74,15.9129]},"properties":{"id":"nhai_geoserver-de14be9020b97978","title":"4L PS from Kurnool (Existing Km. 5.400 of NH‐ 40/Design Km.0.000) to Mandlem (Existing Km.38.000/Design Km 30.600) of NH‐340C  (Package‐1)","sector":"road","status":"commissioned","is_blocked":false,"block_reason":null,"cost_inr_crore":827.39,"progress_pct":100.0,"delay_months":null,"revised_completion_date":"2025-10-04","state":"Andhra Pradesh","geo_confidence":"state","unverified":false}},{"type":"Feature","geometry":{"type":"Point","coordinates":[74.8723,31.634]},"properties":{"id":"nhai_geoserver-a247492087506ed3","title":"Improvement of Amritsar Bypass by construction of additional structures and service road on NH-1 (km 448.510 - km 473.068)","sector":"road","status":"commissioned","is_blocked":false,"block_reason":null,"cost_inr_crore":273.74,"progress_pct":100.0,"delay_months":null,"revised_completion_date":"2019-04-06","state":"Punjab","geo_confidence":"city","unverified":false}},{"type":"Feature","geometry":{"type":"Point","coordinates":[75.3412,31.1471]},"properties":{"id":"nhai_geoserver-e952162900d205db","title":"4L of Greenfield section from  Sirhind to Mohali","sector":"road","status":"under_construction","is_blocked":false,"block_reason":null,"cost_inr_crore":1237.65,"progress_pct":98.66,"delay_months":null,"revised_completion_date":"2025-05-07","state":"Punjab","geo_confidence":"state","unverified":false}},{"type":"Feature","geometry":{"type":"Point","coordinates":[85.305311,20.772325]},"properties":{"id":"nhai_geoserver-113b9f31860b8d12","title":"Cuttack-Angul Section of NH-42 (New NH-55) from Km.60.200 to Km. 112.000 (Pkg-II) in the State of Odisha","sector":"road","status":"under_construction","is_blocked":false,"block_reason":null,"cost_inr_crore":991.41,"progress_pct":99.66,"delay_months":null,"revised_completion_date":"2020-09-06","state":"Odisha","geo_confidence":"site","unverified":false}},{"type":"Feature","geometry":{"type":"Point","coordinates":[75.8648,25.2138]},"properties":{"id":"nhai_geoserver-127d5201d11b83b2","title":"Kota to Chittorgarh (RJ-7) km.316 to km. 253","sector":"road","status":"commissioned","is_blocked":false,"block_reason":null,"cost_inr_crore":1093.67,"progress_pct":null,"delay_months":null,"revised_completion_date":"2008-04-26","state":"Rajasthan","geo_confidence":"city","unverified":false}},{"type":"Feature","geometry":{"type":"Point","coordinates":[77.8253,12.7409]},"properties":{"id":"nhai_geoserver-a307824d3c83f337","title":"Four laning of Hathipalli to Hosur from km 33 to km 48.6","sector":"road","status":"commissioned","is_blocked":false,"block_reason":null,"cost_inr_crore":200.97,"progress_pct":null,"delay_months":null,"revised_completion_date":"2001-12-28","state":"Tamil Nadu","geo_confidence":"city","unverified":false}},{"type":"Feature","geometry":{"type":"Point","coordinates":[74.045137,26.236874]},"properties":{"id":"nhai_geoserver-a8103b105df7bba1","title":"Lambia - Raipur (Package-II) from Km.163.800 to Km.218.563","sector":"road","status":"commissioned","is_blocked":false,"block_reason":null,"cost_inr_crore":210.29,"progress_pct":null,"delay_months":null,"revised_completion_date":"2015-12-29","state":"Rajasthan","geo_confidence":"site","unverified":false}},{"type":"Feature","geometry":{"type":"Point","coordinates":[77.1178,28.5367]},"properties":{"id":"nhai_geoserver-4d4fc693d7c602ee","title":"Access Controlled Highway of Delhi-Gurgaon section of NH-48 from km 14.30 to km 42.00","sector":"road","status":"commissioned","is_blocked":false,"block_reason":null,"cost_inr_crore":801.38,"progress_pct":null,"delay_months":null,"revised_completion_date":"2005-07-31","state":"Delhi","geo_confidence":"city","unverified":false}},{"type":"Feature","geometry":{"type":"Point","coordinates":[78.6569,11.1271]},"properties":{"id":"nhai_geoserver-08c414f36a9457d8","title":"Four laning of Pallikonda to Walajahpet","sector":"road","status":"commissioned","is_blocked":false,"block_reason":null,"cost_inr_crore":738.61,"progress_pct":null,"delay_months":null,"revised_completion_date":"2006-08-19","state":"Tamil Nadu","geo_confidence":"state","unverified":false}},{"type":"Feature","geometry":{"type":"Point","coordinates":[78.6569,22.9734]},"properties":{"id":"nhai_geoserver-e1a95da4dc7a70bc","title":"2L PS Ashapur to  Rudhi (Pkg IV of Betul - Khandwa)  of NH 347B","sector":"road","status":"tendered","is_blocked":false,"block_reason":null,"cost_inr_crore":381.43,"progress_pct":null,"delay_months":null,"revised_completion_date":null,"state":"Madhya Pradesh","geo_confidence":"state","unverified":false}},{"type":"Feature","geometry":{"type":"Point","coordinates":[85.195952,23.348145]},"properties":{"id":"nhai_geoserver-d024879db4530321","title":"4L of Piska More (Km. 2.90) to Palma (Km. 26.00) of NH- 23","sector":"road","status":"commissioned","is_blocked":false,"block_reason":null,"cost_inr_crore":198.49,"progress_pct":100.0,"delay_months":null,"revised_completion_date":"2019-06-19","state":"Jharkhand","geo_confidence":"site","unverified":false}},{"type":"Feature","geometry":{"type":"Point","coordinates":[71.911815,24.992889]},"properties":{"id":"nhai_geoserver-c6f03273b200bdf0","title":"Deogarh (near Dhandhaniya)-Rajasthan/Gujarat Border (Phase-I) (AJ/DRGB-Package-7)","sector":"road","status":"under_construction","is_blocked":false,"block_reason":null,"cost_inr_crore":662.08,"progress_pct":99.2,"delay_months":null,"revised_completion_date":"2023-07-15","state":"Rajasthan","geo_confidence":"site","unverified":false}},{"type":"Feature","geometry":{"type":"Point","coordinates":[86.249425,25.447252]},"properties":{"id":"nhai_geoserver-6b6f57b8a7dda98c","title":"Simaria (Km. 206.050) to Khagaria (Km. 266.282)","sector":"road","status":"under_construction","is_blocked":false,"block_reason":null,"cost_inr_crore":664.02,"progress_pct":97.72,"delay_months":null,"revised_completion_date":"2019-04-03","state":"Bihar","geo_confidence":"site","unverified":false}},{"type":"Feature","geometry":{"type":"Point","coordinates":[76.625745,17.111778]},"properties":{"id":"nhai_geoserver-9ff2911c353ab75b","title":"Access controlled 4L PS from Design Ch. 0.00 Km Ranganathpura (Hassan) to Design Ch. 76.160 Km Keresooragondanahalli in Hassan Hiriyur section EC-20.","sector":"road","status":"tendered","is_blocked":false,"block_reason":null,"cost_inr_crore":3727.0,"progress_pct":null,"delay_months":null,"revised_completion_date":null,"state":"Karnataka","geo_confidence":"site","unverified":false}},{"type":"Feature","geometry":{"type":"Point","coordinates":[76.0856,29.0588]},"properties":{"id":"nhai_geoserver-b3d013d27f18474f","title":"Three Underpasses at Rajiv Chowk, Signature Tower and IFFCO Chowk","sector":"road","status":"commissioned","is_blocked":false,"block_reason":null,"cost_inr_crore":813.05,"progress_pct":100.0,"delay_months":null,"revised_completion_date":"2019-05-31","state":"Haryana","geo_confidence":"state","unverified":false}},{"type":"Feature","geometry":{"type":"Point","coordinates":[71.1924,22.2587]},"properties":{"id":"nhai_geoserver-56f3ec202b8b35eb","title":"Bridge across Varsova Creek and approaches with interchange from Km 496.100 to Km 498.350","sector":"road","status":"commissioned","is_blocked":false,"block_reason":null,"cost_inr_crore":225.0,"progress_pct":100.0,"delay_months":null,"revised_completion_date":"2020-02-07","state":"Gujarat","geo_confidence":"state","unverified":false}},{"type":"Feature","geometry":{"type":"Point","coordinates":[75.64338,11.530237]},"properties":{"id":"nhai_geoserver-d17366771451d82e","title":"6L of Azhiyur-Vengalam from km. 189.200 to km. 230.400 of NH-66","sector":"road","status":"under_construction","is_blocked":false,"block_reason":null,"cost_inr_crore":3205.77,"progress_pct":60.07,"delay_months":null,"revised_completion_date":"2024-07-04","state":"Kerala","geo_confidence":"site","unverified":false}},{"type":"Feature","geometry":{"type":"Point","coordinates":[74.4977,15.8497]},"properties":{"id":"nhai_geoserver-c4eed3f01bc7341d","title":"6L from Belgaum to Sankeshwar Bypass from Km. 515.000 to Km. 555.017 of NH-48 (Pkg-I)","sector":"road","status":"commissioned","is_blocked":false,"block_reason":null,"cost_inr_crore":1479.3,"progress_pct":100.0,"delay_months":null,"revised_completion_date":"2025-04-23","state":"Karnataka","geo_confidence":"city","unverified":false}},{"type":"Feature","geometry":{"type":"Point","coordinates":[75.315556,25.90375]},"properties":{"id":"nhai_geoserver-0f682667432451c2","title":"Gulabpura(Km 69.267) to Uniara(282.936) of NH-148D in Rajasthan","sector":"road","status":"commissioned","is_blocked":false,"block_reason":null,"cost_inr_crore":805.27,"progress_pct":100.0,"delay_months":null,"revised_completion_date":"2018-04-26","state":"Rajasthan","geo_confidence":"site","unverified":false}},{"type":"Feature","geometry":{"type":"Point","coordinates":[76.0856,29.0588]},"properties":{"id":"nhai_geoserver-57d16c95083064f4","title":"Karnal ring road (Lot-4/Pkg-1)","sector":"road","status":"under_construction","is_blocked":false,"block_reason":null,"cost_inr_crore":1741.45,"progress_pct":96.66,"delay_months":null,"revised_completion_date":"2025-08-30","state":"Haryana","geo_confidence":"state","unverified":false}},{"type":"Feature","geometry":{"type":"Point","coordinates":[76.361389,26.77125]},"properties":{"id":"nhai_geoserver-9ad3aadb10c8ed2c","title":"Delhi-Vadodara Greenfield Alignment (NH-148N) (Pkg-07) (Ch.183.000 to Ch. 214.260) (Junction with NH-11 - Start of RoB near junction with NH-11A)","sector":"road","status":"commissioned","is_blocked":false,"block_reason":null,"cost_inr_crore":1591.87,"progress_pct":100.0,"delay_months":null,"revised_completion_date":"2022-02-06","state":"Rajasthan","geo_confidence":"site","unverified":false}},{"type":"Feature","geometry":{"type":"Point","coordinates":[74.842836,19.029229]},"properties":{"id":"nhai_geoserver-9048a69fcae34edf","title":"Delhi-Amritsar-Katra Expressway (Phase-I Pkg-VI) from Junction with Patiala-Samana-Patran road (SH-10) near Ghagga village to Junction with Patiala-Bathinda road (NH-7) near Bhawanigarh (Km 157+250 to Km 188+830)","sector":"road","status":"commissioned","is_blocked":false,"block_reason":null,"cost_inr_crore":1646.71,"progress_pct":95.33,"delay_months":null,"revised_completion_date":"2024-05-21","state":"Punjab","geo_confidence":"site","unverified":false}},{"type":"Feature","geometry":{"type":"Point","coordinates":[77.899508,27.162987]},"properties":{"id":"nhai_geoserver-91d64287b5766867","title":"Agra Bypass connecting km 176.8 of NH-2 to km 13.03 of NH-3 (km 0.000 to km 32.800)","sector":"road","status":"commissioned","is_blocked":false,"block_reason":null,"cost_inr_crore":746.18,"progress_pct":100.0,"delay_months":null,"revised_completion_date":"2016-12-31","state":"Uttar Pradesh","geo_confidence":"site","unverified":false}},{"type":"Feature","geometry":{"type":"Point","coordinates":[91.131533,26.464884]},"properties":{"id":"nhai_geoserver-36576af2ec452962","title":"Nalbari to Bijni section of NH-31 from km. 1040.30 to Km. 1013.00 (Contract Package EW-II/ AS-07) in Assam","sector":"road","status":"commissioned","is_blocked":false,"block_reason":null,"cost_inr_crore":488.88,"progress_pct":100.0,"delay_months":null,"revised_completion_date":"2008-04-20","state":"Assam","geo_confidence":"site","unverified":false}},{"type":"Feature","geometry":{"type":"Point","coordinates":[76.15725,16.43795]},"properties":{"id":"nhai_geoserver-a6c057d2f4bef0d2","title":"4-laning of NH-167 from Gudebellur at Design Km.182.930 to Mahabubnagar at Design Km 262.940 of Hyderabad-Panaji section","sector":"road","status":"awarded","is_blocked":false,"block_reason":null,"cost_inr_crore":3175.08,"progress_pct":null,"delay_months":null,"revised_completion_date":null,"state":"Telangana","geo_confidence":"city","unverified":false}},{"type":"Feature","geometry":{"type":"Point","coordinates":[82.952917,18.4708]},"properties":{"id":"nhai_geoserver-07cad2cca82e923f","title":"6L Greenfield  Baraja - Kandili Section of NH- 130-CD Road from km 338+500 to km 342+500 (Package-OD-7)","sector":"road","status":"commissioned","is_blocked":false,"block_reason":null,"cost_inr_crore":838.02,"progress_pct":100.0,"delay_months":null,"revised_completion_date":"2024-09-29","state":"Odisha","geo_confidence":"site","unverified":false}},{"type":"Feature","geometry":{"type":"Point","coordinates":[78.6569,22.9734]},"properties":{"id":"nhai_geoserver-c7140b24d7ba37ce","title":"4L of Khedakhajuriya to Suhagadi from Km. 41.400 to Km. 89.200 of NH-148NG (New NH 752D) (Pkg-II)","sector":"road","status":"commissioned","is_blocked":false,"block_reason":null,"cost_inr_crore":876.37,"progress_pct":100.0,"delay_months":null,"revised_completion_date":"2024-06-08","state":"Madhya Pradesh","geo_confidence":"state","unverified":false}},{"type":"Feature","geometry":{"type":"Point","coordinates":[81.6296,21.2514]},"properties":{"id":"nhai_geoserver-64e168bd85f93385","title":"Strengtheing, Short term Improvement and Reparing Maintenance on Lambia-Raipur Section Of NH-458 (Package -||) From Km. 163.800(Existing Chainage Km.218.563)","sector":"road","status":"commissioned","is_blocked":false,"block_reason":null,"cost_inr_crore":null,"progress_pct":null,"delay_months":null,"revised_completion_date":"2025-03-28","state":"Rajasthan","geo_confidence":"city","unverified":false}},{"type":"Feature","geometry":{"type":"Point","coordinates":[75.3412,31.1471]},"properties":{"id":"nhai_geoserver-fa0c2e2429e01cc4","title":"4L Greenfield (a) Malout bypass from ch. Km 44.500 to ch. Km 35.500 on NH-07 and Ch. Km 0.000 to Km 6.984 on NH-09 (b)Mandi Dabwali Bypass from Ch. 38.450 Km to  Km 27.910 (Pkg-02)","sector":"road","status":"commissioned","is_blocked":false,"block_reason":null,"cost_inr_crore":646.42,"progress_pct":98.0,"delay_months":null,"revised_completion_date":"2024-07-01","state":"Punjab","geo_confidence":"state","unverified":false}},{"type":"Feature","geometry":{"type":"Point","coordinates":[74.2179,27.0238]},"properties":{"id":"nhai_geoserver-529719fd5e9756fa","title":"Strengthening & Maintenance of 2L PS of Nimbijiodha (near Ladnu) - Degana- Merta City from km. 0 to km. 139.90 of NH-458","sector":"road","status":"commissioned","is_blocked":false,"block_reason":null,"cost_inr_crore":null,"progress_pct":null,"delay_months":null,"revised_completion_date":"2028-06-30","state":"Rajasthan","geo_confidence":"state","unverified":false}},{"type":"Feature","geometry":{"type":"Point","coordinates":[76.0856,29.0588]},"properties":{"id":"nhai_geoserver-bcb890aa24806c4c","title":"Rohtak-Bawal Section of NH-71 (New NH-352)","sector":"road","status":"commissioned","is_blocked":false,"block_reason":null,"cost_inr_crore":null,"progress_pct":null,"delay_months":null,"revised_completion_date":"2023-05-31","state":"Haryana","geo_confidence":"state","unverified":false}},{"type":"Feature","geometry":{"type":"Point","coordinates":[78.180806,30.054449]},"properties":{"id":"nhai_geoserver-f5a6b3903af8cbb9","title":"Remaining works of Haridwar Dehradun (Pkg I) (Haridwar - Lalatappar)","sector":"road","status":"commissioned","is_blocked":false,"block_reason":null,"cost_inr_crore":349.0,"progress_pct":98.95,"delay_months":null,"revised_completion_date":"2020-04-30","state":"Uttarakhand","geo_confidence":"site","unverified":false}},{"type":"Feature","geometry":{"type":"Point","coordinates":[75.3412,31.1471]},"properties":{"id":"nhai_geoserver-1777d653280b465c","title":"4L of Fazilka to Abohar section of NH-07 including construction of Greenfield Abohar & Fazilka Bypasses","sector":"road","status":"under_construction","is_blocked":false,"block_reason":null,"cost_inr_crore":1409.88,"progress_pct":67.0,"delay_months":null,"revised_completion_date":"2026-04-14","state":"Punjab","geo_confidence":"state","unverified":false}},{"type":"Feature","geometry":{"type":"Point","coordinates":[77.0266,28.4595]},"properties":{"id":"nhai_geoserver-94a75be4c8a2c957","title":"4/6L of Gurgaon - Pataudi - Rewari from km. 0.00 to km.43.87 of NH-352W","sector":"road","status":"under_construction","is_blocked":false,"block_reason":null,"cost_inr_crore":1810.04,"progress_pct":77.76,"delay_months":null,"revised_completion_date":"2023-11-23","state":"Haryana","geo_confidence":"city","unverified":false}},{"type":"Feature","geometry":{"type":"Point","coordinates":[77.030386,28.916195]},"properties":{"id":"nhai_geoserver-e9110c7dc5632be5","title":"UP/HR Border - Sonepat - Jhajjar","sector":"road","status":"commissioned","is_blocked":false,"block_reason":null,"cost_inr_crore":1200.82,"progress_pct":100.0,"delay_months":null,"revised_completion_date":"2022-01-21","state":"Haryana","geo_confidence":"site","unverified":false}},{"type":"Feature","geometry":{"type":"Point","coordinates":[73.05557,22.137384]},"properties":{"id":"nhai_geoserver-1e3b417239fe8710","title":"Vadodara Mumbai Expressway (Sanpa to Padra) (Phase IA - Pkg II) [Km 323.00 to Km 355.00]","sector":"road","status":"commissioned","is_blocked":false,"block_reason":null,"cost_inr_crore":3280.29,"progress_pct":99.99,"delay_months":null,"revised_completion_date":"2021-01-30","state":"Gujarat","geo_confidence":"site","unverified":false}},{"type":"Feature","geometry":{"type":"Point","coordinates":[72.971627,21.874081]},"properties":{"id":"nhai_geoserver-2909c712a00f5fe4","title":"Vadodara Mumbai Expressway (Manubar to Sanpa) (Phase IA - Pkg III)","sector":"road","status":"commissioned","is_blocked":false,"block_reason":null,"cost_inr_crore":2473.59,"progress_pct":99.9,"delay_months":null,"revised_completion_date":"2021-03-07","state":"Gujarat","geo_confidence":"site","unverified":false}},{"type":"Feature","geometry":{"type":"Point","coordinates":[84.997789,25.06195]},"properties":{"id":"nhai_geoserver-ff5e27c4b5e3d579","title":"4L of Bal. works of Patna - Gaya -Dobhi (Pkg-II) from km. 39.00 to km. 83.00 of Old NH-83","sector":"road","status":"commissioned","is_blocked":false,"block_reason":null,"cost_inr_crore":1637.29,"progress_pct":99.46,"delay_months":null,"revised_completion_date":"2022-11-08","state":"Bihar","geo_confidence":"site","unverified":false}},{"type":"Feature","geometry":{"type":"Point","coordinates":[77.1734,31.1048]},"properties":{"id":"nhai_geoserver-63a2290aa21fefdc","title":"4L  Sundar Nagar Bypass from  Km.173.900 to Km.179.600 of NH-21","sector":"road","status":"under_construction","is_blocked":false,"block_reason":null,"cost_inr_crore":191.11,"progress_pct":100.0,"delay_months":null,"revised_completion_date":"2024-06-14","state":"Himachal Pradesh","geo_confidence":"state","unverified":false}},{"type":"Feature","geometry":{"type":"Point","coordinates":[76.519722,9.057222]},"properties":{"id":"nhai_geoserver-426f5ad84af61f85","title":"Kottankulangara- Start of Kollam Bypass","sector":"road","status":"under_construction","is_blocked":false,"block_reason":null,"cost_inr_crore":2842.14,"progress_pct":73.89,"delay_months":null,"revised_completion_date":"2024-10-07","state":"Kerala","geo_confidence":"site","unverified":false}},{"type":"Feature","geometry":{"type":"Point","coordinates":[75.8648,25.2138]},"properties":{"id":"nhai_geoserver-381733df732d12d2","title":"Kota to Chittorgarh (RJ-8) km 381 to km 316","sector":"road","status":"commissioned","is_blocked":false,"block_reason":null,"cost_inr_crore":1128.39,"progress_pct":null,"delay_months":null,"revised_completion_date":"2008-04-22","state":"Rajasthan","geo_confidence":"city","unverified":false}},{"type":"Feature","geometry":{"type":"Point","coordinates":[78.805913,9.716675]},"properties":{"id":"nhai_geoserver-573bdd3e071b8770","title":"Karaikudi - Ramanathapuram section from Km.94/000 to Km.174/000 including 500 m on SH 35","sector":"road","status":"commissioned","is_blocked":false,"block_reason":null,"cost_inr_crore":717.47,"progress_pct":100.0,"delay_months":null,"revised_completion_date":"2020-04-29","state":"Tamil Nadu","geo_confidence":"site","unverified":false}},{"type":"Feature","geometry":{"type":"Point","coordinates":[78.711991,11.651351]},"properties":{"id":"nhai_geoserver-f8dacd1d571fc545","title":"Salem - Ulundurpet section from km 0.313 to km 136.670 of NH-68","sector":"road","status":"commissioned","is_blocked":false,"block_reason":null,"cost_inr_crore":861.23,"progress_pct":100.0,"delay_months":null,"revised_completion_date":"2011-01-14","state":"Tamil Nadu","geo_confidence":"site","unverified":false}},{"type":"Feature","geometry":{"type":"Point","coordinates":[82.098213,21.958597]},"properties":{"id":"nhai_geoserver-4eafa0d4bc58a9d0","title":"Sargaon (91.026) to Bilaspur (126.525) of NH-200 (New 130) in Chhattisgarh","sector":"road","status":"commissioned","is_blocked":false,"block_reason":null,"cost_inr_crore":573.28,"progress_pct":100.0,"delay_months":null,"revised_completion_date":"2018-04-20","state":"Chhattisgarh","geo_confidence":"site","unverified":false}},{"type":"Feature","geometry":{"type":"Point","coordinates":[74.927525,32.708189]},"properties":{"id":"nhai_geoserver-447650259dcb887b","title":"Stand-alone Ring road/bypass around Jammu City from Raya Morh km. -0.687 to Jagti km. 57.568","sector":"road","status":"commissioned","is_blocked":false,"block_reason":null,"cost_inr_crore":2023.88,"progress_pct":99.52,"delay_months":null,"revised_completion_date":"2021-01-07","state":"Jammu and Kashmir","geo_confidence":"site","unverified":false}},{"type":"Feature","geometry":{"type":"Point","coordinates":[79.840502,12.92495]},"properties":{"id":"nhai_geoserver-5a730e2abd7f4ab3","title":"6L of Sriperumbudur to Karaipettai from Km 37.000 to Km 71.015 of NH 48","sector":"road","status":"commissioned","is_blocked":false,"block_reason":null,"cost_inr_crore":1314.82,"progress_pct":57.32,"delay_months":null,"revised_completion_date":"2021-05-22","state":"Tamil Nadu","geo_confidence":"site","unverified":false}},{"type":"Feature","geometry":{"type":"Point","coordinates":[83.2185,17.6868]},"properties":{"id":"nhai_geoserver-67a6f75a88d717e2","title":"Anandapuram and Madhuravada from Km. 701.170 to Km. 741.051 (Visakhapatnam to Anakapalli)","sector":"road","status":"commissioned","is_blocked":false,"block_reason":null,"cost_inr_crore":489.85,"progress_pct":null,"delay_months":null,"revised_completion_date":"2005-01-13","state":"Andhra Pradesh","geo_confidence":"city","unverified":false}},{"type":"Feature","geometry":{"type":"Point","coordinates":[81.760197,20.902613]},"properties":{"id":"nhai_geoserver-82ac307713b1064c","title":"Development of 6L of Jhanki – Sargi Section  Road from km 0.000 to km 42.800 of NH-130CD (Pkg-CG-1)","sector":"road","status":"under_construction","is_blocked":false,"block_reason":null,"cost_inr_crore":1368.19,"progress_pct":99.41,"delay_months":null,"revised_completion_date":"2024-09-28","state":"Chhattisgarh","geo_confidence":"site","unverified":false}},{"type":"Feature","geometry":{"type":"Point","coordinates":[77.935935,20.085504]},"properties":{"id":"nhai_geoserver-f260ff76d6352b67","title":"Four Laning of Mahagaon to Yavatmal (Pkg- II) of NH-361 from km. 320.580 to km. 400.575","sector":"road","status":"commissioned","is_blocked":false,"block_reason":null,"cost_inr_crore":2119.02,"progress_pct":100.0,"delay_months":null,"revised_completion_date":"2020-08-26","state":"Maharashtra","geo_confidence":"site","unverified":false}},{"type":"Feature","geometry":{"type":"Point","coordinates":[79.74,15.9129]},"properties":{"id":"nhai_geoserver-5ec2192da4715411","title":"6L Access Controlled Greenfield Highway from Yerragudipadu (Ch. 129+000) to Audireddipalle (Ch. 160+000) of [NH – 544G]  (Package-6)","sector":"road","status":"under_construction","is_blocked":false,"block_reason":null,"cost_inr_crore":1200.42,"progress_pct":47.2,"delay_months":null,"revised_completion_date":"2026-02-10","state":"Andhra Pradesh","geo_confidence":"state","unverified":false}},{"type":"Feature","geometry":{"type":"Point","coordinates":[79.74,15.9129]},"properties":{"id":"nhai_geoserver-18a0146d10c24ecd","title":"6L Access Controlled Greenfield Highway from Nallacheruvu palli (Ch. 96+300) to Yerragudipadu (Ch. 129+000) of [NH-544G]  (Package-5)","sector":"road","status":"under_construction","is_blocked":false,"block_reason":null,"cost_inr_crore":1253.26,"progress_pct":67.05,"delay_months":null,"revised_completion_date":"2026-02-10","state":"Andhra Pradesh","geo_confidence":"state","unverified":false}},{"type":"Feature","geometry":{"type":"Point","coordinates":[79.74,15.9129]},"properties":{"id":"nhai_geoserver-187e305a623fca5e","title":"6L  Access Controlled Greenfield Highway from Marripudi (Ch. 285+500) to Somavarappadu (Ch. 314+600) of [NH-544G] (Package-13)","sector":"road","status":"under_construction","is_blocked":false,"block_reason":null,"cost_inr_crore":976.41,"progress_pct":73.0,"delay_months":null,"revised_completion_date":"2026-02-09","state":"Andhra Pradesh","geo_confidence":"state","unverified":false}},{"type":"Feature","geometry":{"type":"Point","coordinates":[75.3412,31.1471]},"properties":{"id":"nhai_geoserver-287098378b3ed529","title":"4L PS of Lambra – Shahkot section from existing Km. 12.000 to Km. 44.600 (Design Ch. From Km. 12.120 to Km. 45.500) including construction of Nakodar and Shahkot bypasses of NH-71 (New NH-703)","sector":"road","status":"commissioned","is_blocked":false,"block_reason":null,"cost_inr_crore":null,"progress_pct":null,"delay_months":null,"revised_completion_date":"2019-12-15","state":"Punjab","geo_confidence":"state","unverified":false}},{"type":"Feature","geometry":{"type":"Point","coordinates":[78.429815,10.355678]},"properties":{"id":"nhai_geoserver-c85cdf46f7b890e1","title":"O&M of 4L  Trichy Bypass from Tovarankurichi - Madurai ( km. 0.00 to  km. 124.840) of Old NH-45B","sector":"road","status":"commissioned","is_blocked":false,"block_reason":null,"cost_inr_crore":51.49,"progress_pct":null,"delay_months":null,"revised_completion_date":"2021-07-17","state":"Tamil Nadu","geo_confidence":"site","unverified":false}},{"type":"Feature","geometry":{"type":"Point","coordinates":[78.0081,27.1767]},"properties":{"id":"nhai_geoserver-d8516baa7d51b0a4","title":"Agra - Makhanpur km 199.660 - km 250.500 of NH-2 Pkg 1A","sector":"road","status":"commissioned","is_blocked":false,"block_reason":null,"cost_inr_crore":495.22,"progress_pct":100.0,"delay_months":null,"revised_completion_date":"2013-02-11","state":"Uttar Pradesh","geo_confidence":"city","unverified":false}},{"type":"Feature","geometry":{"type":"Point","coordinates":[77.922829,25.739531]},"properties":{"id":"nhai_geoserver-2a5728085eae36a3","title":"O&M of 4L of Gwalior-Shivpuri Section from Km. 15.600 of NH-75 (End of Gwalior Bypass) to Km. 236.000 of NH-46","sector":"road","status":"commissioned","is_blocked":false,"block_reason":null,"cost_inr_crore":23.62,"progress_pct":null,"delay_months":null,"revised_completion_date":null,"state":"Madhya Pradesh","geo_confidence":"site","unverified":false}},{"type":"Feature","geometry":{"type":"Point","coordinates":[77.562545,11.321482]},"properties":{"id":"nhai_geoserver-db6a73a06eeb7aad","title":"Kumarapalayam - Chengalpalli from km. 53.525 to km. 102.035 (Package No. NS-2/BOT/TN-07)","sector":"road","status":"commissioned","is_blocked":false,"block_reason":null,"cost_inr_crore":127.02,"progress_pct":100.0,"delay_months":null,"revised_completion_date":"2009-01-19","state":"Tamil Nadu","geo_confidence":"site","unverified":false}},{"type":"Feature","geometry":{"type":"Point","coordinates":[77.124604,11.026653]},"properties":{"id":"nhai_geoserver-6f29292acc294e8a","title":"Chengapalli (km 102.035) to Neelambur (Km144.680) and Madukkarai (Km 170.880) to Walayar (K183.010) (Package No. NS-2/BOT/TN-08)","sector":"road","status":"under_construction","is_blocked":false,"block_reason":null,"cost_inr_crore":1247.43,"progress_pct":100.0,"delay_months":null,"revised_completion_date":"2013-03-07","state":"Tamil Nadu","geo_confidence":"site","unverified":false}},{"type":"Feature","geometry":{"type":"Point","coordinates":[79.74,15.9129]},"properties":{"id":"nhai_geoserver-073ed56e0d6eabb7","title":"6L Access Controlled Greenfield Highway from Odulapalle (Ch. 72+000) to Nallacheruvu-palli (Ch. 96+300) of [NH-544G](Package-4)","sector":"road","status":"under_construction","is_blocked":false,"block_reason":null,"cost_inr_crore":1058.9,"progress_pct":76.97,"delay_months":null,"revised_completion_date":"2026-02-03","state":"Andhra Pradesh","geo_confidence":"state","unverified":false}},{"type":"Feature","geometry":{"type":"Point","coordinates":[79.297909,10.925452]},"properties":{"id":"nhai_geoserver-8c3bfe3af1af3e13","title":"4L of Cholapuram - Thanjavur section from km 116.4 to km 164.275 of Old NH-45C","sector":"road","status":"commissioned","is_blocked":false,"block_reason":null,"cost_inr_crore":2535.86,"progress_pct":100.0,"delay_months":null,"revised_completion_date":"2020-09-04","state":"Tamil Nadu","geo_confidence":"site","unverified":false}},{"type":"Feature","geometry":{"type":"Point","coordinates":[85.3096,23.3441]},"properties":{"id":"nhai_geoserver-3c8eb34417bb6d30","title":"Balance work of Ranchi-Mahulia Section of NH-33 from Km 217.300 (Chowka) to Km 233.350 (Saharbeda) (pkg-III)","sector":"road","status":"commissioned","is_blocked":false,"block_reason":null,"cost_inr_crore":404.06,"progress_pct":82.3,"delay_months":null,"revised_completion_date":"2021-01-11","state":"Jharkhand","geo_confidence":"city","unverified":false}},{"type":"Feature","geometry":{"type":"Point","coordinates":[85.1376,25.5941]},"properties":{"id":"nhai_geoserver-ea3591b82de7bf78","title":"6L Bridge and its approaches across River Ganga as Part of Patna Ring Road (NH-131G) starting from Km 8.480 near Sherpur to Km 23.000 near Dighwara","sector":"road","status":"under_construction","is_blocked":false,"block_reason":null,"cost_inr_crore":6291.69,"progress_pct":21.6,"delay_months":null,"revised_completion_date":"2027-09-05","state":"Bihar","geo_confidence":"city","unverified":false}},{"type":"Feature","geometry":{"type":"Point","coordinates":[77.97813,30.25827]},"properties":{"id":"nhai_geoserver-e2fe57938775fe0e","title":"Ahmedabad - Dholera (Pkg II) from km. 22.00 to km. 48.52) [Sindhrej Village - Vejallka Village]","sector":"road","status":"commissioned","is_blocked":false,"block_reason":null,"cost_inr_crore":1415.34,"progress_pct":100.0,"delay_months":null,"revised_completion_date":"2024-01-21","state":"Gujarat","geo_confidence":"site","unverified":false}},{"type":"Feature","geometry":{"type":"Point","coordinates":[78.376264,25.890442]},"properties":{"id":"nhai_geoserver-a643478afcf5547b","title":"Gwalior Jhansi Section of NH-75 from km. 16.00 to km. 96.127 [NS1/BOT/MP-UP] in Madhya Pradesh","sector":"road","status":"commissioned","is_blocked":false,"block_reason":null,"cost_inr_crore":63.46,"progress_pct":62.0,"delay_months":null,"revised_completion_date":"2009-12-04","state":"Madhya Pradesh","geo_confidence":"site","unverified":false}},{"type":"Feature","geometry":{"type":"Point","coordinates":[78.6569,11.1271]},"properties":{"id":"nhai_geoserver-8c13038fe1483f8a","title":"Thirumayam - Manamadurai Section of NH-226 (New NH No. 36) from Km.77.200 to Km.154.929","sector":"road","status":"commissioned","is_blocked":false,"block_reason":null,"cost_inr_crore":null,"progress_pct":null,"delay_months":null,"revised_completion_date":"2026-11-30","state":"Tamil Nadu","geo_confidence":"state","unverified":false}},{"type":"Feature","geometry":{"type":"Point","coordinates":[75.19,33.43]},"properties":{"id":"nhai_geoserver-7327768f5415ad0a","title":"Balance works of 4L of Ramban to Banihal section from Km. 151.000 to Km. 187.000 of NH-44","sector":"road","status":"commissioned","is_blocked":false,"block_reason":null,"cost_inr_crore":811.19,"progress_pct":98.0,"delay_months":null,"revised_completion_date":"2024-01-20","state":"Jammu and Kashmir","geo_confidence":"city","unverified":false}},{"type":"Feature","geometry":{"type":"Point","coordinates":[75.7139,19.7515]},"properties":{"id":"nhai_geoserver-bf9eace280b06efe","title":"4L Mitigation Measure structures on CH/MH Border to Wainganga Bridge Section of NH-6 (New NH-53)","sector":"road","status":"under_construction","is_blocked":false,"block_reason":null,"cost_inr_crore":540.24,"progress_pct":99.79,"delay_months":null,"revised_completion_date":"2023-11-07","state":"Maharashtra","geo_confidence":"state","unverified":false}},{"type":"Feature","geometry":{"type":"Point","coordinates":[77.140965,29.368983]},"properties":{"id":"nhai_geoserver-2cf37ecc7da47bc6","title":"Panipat - Shamli","sector":"road","status":"commissioned","is_blocked":false,"block_reason":null,"cost_inr_crore":1252.61,"progress_pct":99.8,"delay_months":null,"revised_completion_date":"2022-09-17","state":"Uttar Pradesh","geo_confidence":"site","unverified":false}},{"type":"Feature","geometry":{"type":"Point","coordinates":[78.6569,22.9734]},"properties":{"id":"nhai_geoserver-23338a7b426d176b","title":"4 Laning of Sandalpur to Nasrullaganj (Pkg-1) section of NH-146B Length 43.2 Km.","sector":"road","status":"under_construction","is_blocked":false,"block_reason":null,"cost_inr_crore":1425.98,"progress_pct":11.57,"delay_months":null,"revised_completion_date":"2028-01-09","state":"Madhya Pradesh","geo_confidence":"state","unverified":false}},{"type":"Feature","geometry":{"type":"Point","coordinates":[80.9462,26.8467]},"properties":{"id":"nhai_geoserver-7562ed90604994b1","title":"Construction of 4 Lane highway from Mustfabad Design chainage Km 43+030 to Biswariya Design chainage Km 101+515 (Existing Chainage Km 43.700 to Chainage Km 98.475) on the section of NH-927 (Pkg-2)","sector":"road","status":"awarded","is_blocked":false,"block_reason":null,"cost_inr_crore":3295.21,"progress_pct":null,"delay_months":null,"revised_completion_date":null,"state":"Uttar Pradesh","geo_confidence":"state","unverified":false}},{"type":"Feature","geometry":{"type":"Point","coordinates":[79.74,15.9129]},"properties":{"id":"nhai_geoserver-30b0d5540cb931ef","title":"4L PS from Mandlem (Existing Km. 38.000/Design Km.30.600) to Atmakur (Existing Km.73.000/Design Km 66.115) of NH‐340C  (Package‐2)","sector":"road","status":"commissioned","is_blocked":false,"block_reason":null,"cost_inr_crore":887.28,"progress_pct":99.94,"delay_months":null,"revised_completion_date":"2025-11-22","state":"Andhra Pradesh","geo_confidence":"state","unverified":false}},{"type":"Feature","geometry":{"type":"Point","coordinates":[88.343992,22.654728]},"properties":{"id":"nhai_geoserver-bcec8084ba689cba","title":"Sister Nivedita Bridge (2nd Vivekananda Bridge) & its approaches from km. 653.010 to km. 659.05 of Old NH-2","sector":"road","status":"commissioned","is_blocked":false,"block_reason":null,"cost_inr_crore":297.83,"progress_pct":null,"delay_months":null,"revised_completion_date":"2002-01-04","state":"West Bengal","geo_confidence":"site","unverified":false}},{"type":"Feature","geometry":{"type":"Point","coordinates":[78.002139,12.638456]},"properties":{"id":"nhai_geoserver-bc19575936f0b94d","title":"6-laning of Hosur to Krishnagiri from Km.33.13 to Km. 93.000 on NH7 under NHDP-V","sector":"road","status":"cancelled","is_blocked":true,"block_reason":"other","cost_inr_crore":573.02,"progress_pct":100.0,"delay_months":null,"revised_completion_date":"2013-12-04","state":"Tamil Nadu","geo_confidence":"site","unverified":false}},{"type":"Feature","geometry":{"type":"Point","coordinates":[76.516499,29.223833]},"properties":{"id":"nhai_geoserver-ee739ae9d3b2e8b1","title":"Jind-Gohana road from Design Km.0 000 to Km. 50 505 of NH-352A under NH (O)","sector":"road","status":"commissioned","is_blocked":false,"block_reason":null,"cost_inr_crore":259.44,"progress_pct":100.0,"delay_months":null,"revised_completion_date":"2020-03-13","state":"Haryana","geo_confidence":"site","unverified":false}},{"type":"Feature","geometry":{"type":"Point","coordinates":[73.1812,22.3072]},"properties":{"id":"nhai_geoserver-62a67a22208fdbc6","title":"Operations & Maintenance of Vadodara – Bharuch from Km 108.700 to 192.000 Section of NH-48","sector":"road","status":"commissioned","is_blocked":false,"block_reason":null,"cost_inr_crore":null,"progress_pct":100.0,"delay_months":null,"revised_completion_date":"2023-05-17","state":"Gujarat","geo_confidence":"city","unverified":false}},{"type":"Feature","geometry":{"type":"Point","coordinates":[77.7172,11.341]},"properties":{"id":"nhai_geoserver-f29771b278e5da3a","title":"Thoppur - Mettur - Bhavani - Erode from km. 0.00 to km. 85.00","sector":"road","status":"commissioned","is_blocked":false,"block_reason":null,"cost_inr_crore":242.4,"progress_pct":100.0,"delay_months":null,"revised_completion_date":"2023-08-03","state":"Tamil Nadu","geo_confidence":"city","unverified":false}},{"type":"Feature","geometry":{"type":"Point","coordinates":[71.1924,22.2587]},"properties":{"id":"nhai_geoserver-af28a2d006e6dead","title":"Maintenance of existing road from Budhel Junction to Nari Circle from 0.900 to Km 11.650 section of NH-51","sector":"road","status":"commissioned","is_blocked":false,"block_reason":null,"cost_inr_crore":null,"progress_pct":80.0,"delay_months":null,"revised_completion_date":"2022-08-25","state":"Gujarat","geo_confidence":"state","unverified":false}},{"type":"Feature","geometry":{"type":"Point","coordinates":[81.8463,25.4358]},"properties":{"id":"nhai_geoserver-10b18df820c340b1","title":"Maintenance from Km 21.00 to km 53.170 of Prayagraj Bypass junction - Mungra Badshahpur section of Nh-319D","sector":"road","status":"commissioned","is_blocked":false,"block_reason":null,"cost_inr_crore":null,"progress_pct":null,"delay_months":null,"revised_completion_date":"2022-10-26","state":"Uttar Pradesh","geo_confidence":"city","unverified":false}},{"type":"Feature","geometry":{"type":"Point","coordinates":[75.7139,19.7515]},"properties":{"id":"nhai_geoserver-c55ab58a10b4e05f","title":"Kelapur(Km 153.000) to Pimpalkhuti(Km 175.000) of NH-7","sector":"road","status":"commissioned","is_blocked":false,"block_reason":null,"cost_inr_crore":285.37,"progress_pct":100.0,"delay_months":null,"revised_completion_date":"2018-07-27","state":"Maharashtra","geo_confidence":"state","unverified":false}},{"type":"Feature","geometry":{"type":"Point","coordinates":[75.7139,19.7515]},"properties":{"id":"nhai_geoserver-4d45b3123989f24f","title":"4L of Kolhapur (Chokak)-Sangli (Ankali) section from Km 145.300 to Km 171.080 of NH166","sector":"road","status":"tendered","is_blocked":false,"block_reason":null,"cost_inr_crore":1313.72,"progress_pct":null,"delay_months":null,"revised_completion_date":null,"state":"Maharashtra","geo_confidence":"state","unverified":false}},{"type":"Feature","geometry":{"type":"Point","coordinates":[74.247761,15.952335]},"properties":{"id":"nhai_geoserver-5c279c23aae9b948","title":"Bellary to Byrapura Section km 253.600 to km 308.550 of NH-150A","sector":"road","status":"commissioned","is_blocked":false,"block_reason":null,"cost_inr_crore":1281.47,"progress_pct":100.0,"delay_months":null,"revised_completion_date":"2021-10-23","state":"Karnataka","geo_confidence":"site","unverified":false}},{"type":"Feature","geometry":{"type":"Point","coordinates":[79.74,15.9129]},"properties":{"id":"nhai_geoserver-f6430bf9f5fdd4c8","title":"6L  Access Controlled Greenfield Highway from Mallapalle (Ch. 176+000) to Kavulakuntla (Ch. 196+000) (Package-08)","sector":"road","status":"under_construction","is_blocked":false,"block_reason":null,"cost_inr_crore":909.02,"progress_pct":65.92,"delay_months":null,"revised_completion_date":"2026-02-10","state":"Andhra Pradesh","geo_confidence":"state","unverified":false}},{"type":"Feature","geometry":{"type":"Point","coordinates":[80.144584,12.515529]},"properties":{"id":"nhai_geoserver-8e190cbc35ce773e","title":"Mahabalipuram - Pondicherry (Pkg-I) [Mamallapuram to Mugaiyur]","sector":"road","status":"under_construction","is_blocked":false,"block_reason":null,"cost_inr_crore":1360.54,"progress_pct":58.65,"delay_months":null,"revised_completion_date":"2024-05-10","state":"Tamil Nadu","geo_confidence":"site","unverified":false}},{"type":"Feature","geometry":{"type":"Point","coordinates":[80.9462,26.8467]},"properties":{"id":"nhai_geoserver-ddcd38f8801031b8","title":"6L full access control provisions in stretches from Saharanpur bypass to Ganeshpur section of NH-344 (package-1)","sector":"road","status":"commissioned","is_blocked":false,"block_reason":null,"cost_inr_crore":112.35,"progress_pct":100.0,"delay_months":null,"revised_completion_date":"2024-07-02","state":"Uttar Pradesh","geo_confidence":"state","unverified":false}},{"type":"Feature","geometry":{"type":"Point","coordinates":[83.4129,24.7834]},"properties":{"id":"nhai_geoserver-d1968a9dac998b28","title":"Six Laning of Varanasi to Aurangabad from km. 786.00 to km. 978.40 of Old NH-2","sector":"road","status":"under_construction","is_blocked":false,"block_reason":null,"cost_inr_crore":3241.56,"progress_pct":99.92,"delay_months":null,"revised_completion_date":"2014-03-10","state":"Bihar","geo_confidence":"site","unverified":false}},{"type":"Feature","geometry":{"type":"Point","coordinates":[77.749271,21.965425]},"properties":{"id":"nhai_geoserver-0506857b0da45ad3","title":"Harda - Betul (Pkg-III) from Km. 81.00 to Km.121.248 [Chicholi - Betul]","sector":"road","status":"commissioned","is_blocked":false,"block_reason":null,"cost_inr_crore":853.98,"progress_pct":100.0,"delay_months":null,"revised_completion_date":"2024-07-15","state":"Madhya Pradesh","geo_confidence":"site","unverified":false}},{"type":"Feature","geometry":{"type":"Point","coordinates":[77.95048,9.978512]},"properties":{"id":"nhai_geoserver-1649d8ad7682b5ca","title":"Package-II of Delhi-Meerut Expressway - 6L from Km 0.000 to Km 27.740 and 6/8 L from existing Km. 8.36 to existing Km. 27.74 of Old NH-24 (Delhi-UP Border to Dasna)","sector":"road","status":"commissioned","is_blocked":false,"block_reason":null,"cost_inr_crore":2700.71,"progress_pct":99.9,"delay_months":null,"revised_completion_date":"2020-05-03","state":"Delhi","geo_confidence":"site","unverified":false}},{"type":"Feature","geometry":{"type":"Point","coordinates":[80.004689,21.086672]},"properties":{"id":"nhai_geoserver-4a69b08fe8b6e46e","title":"Aurangabad - Karodi km 290.00 - km 320.104 of NH 211 (New NH 52)","sector":"road","status":"commissioned","is_blocked":false,"block_reason":null,"cost_inr_crore":2057.74,"progress_pct":99.99,"delay_months":null,"revised_completion_date":"2021-08-10","state":"Maharashtra","geo_confidence":"site","unverified":false}},{"type":"Feature","geometry":{"type":"Point","coordinates":[80.9462,26.8467]},"properties":{"id":"nhai_geoserver-56fa429cfd205783","title":"2L PS  Greenfield bypass lalganj ajhara, mohanganj and Raniganj on Raebareli - Jaunpur Section ( Design km 0.00 to Km 53+177 of NH-31","sector":"road","status":"under_construction","is_blocked":false,"block_reason":null,"cost_inr_crore":1280.68,"progress_pct":0.0,"delay_months":null,"revised_completion_date":"2028-06-29","state":"Uttar Pradesh","geo_confidence":"state","unverified":false}},{"type":"Feature","geometry":{"type":"Point","coordinates":[81.8463,25.4358]},"properties":{"id":"nhai_geoserver-547698cb5d4bc766","title":"4L Prayagraj Greenfield By-pass from design Km 50+860 (near Nibi Kala Uperhar) to design Km 64+763 on NH-19 (near Khodaypur Kasgaon) including Interchange loop at NH-19","sector":"road","status":"commissioned","is_blocked":false,"block_reason":null,"cost_inr_crore":1017.99,"progress_pct":100.0,"delay_months":null,"revised_completion_date":"2025-03-26","state":"Uttar Pradesh","geo_confidence":"city","unverified":false}},{"type":"Feature","geometry":{"type":"Point","coordinates":[76.382485,14.736279]},"properties":{"id":"nhai_geoserver-d7e1fdc771e77cd7","title":"Tumkur - Nelamangala(4L)","sector":"road","status":"commissioned","is_blocked":false,"block_reason":null,"cost_inr_crore":155.0,"progress_pct":100.0,"delay_months":null,"revised_completion_date":"2004-06-28","state":"Karnataka","geo_confidence":"site","unverified":false}},{"type":"Feature","geometry":{"type":"Point","coordinates":[85.0985,20.9517]},"properties":{"id":"nhai_geoserver-c73cb3bcff13513b","title":"Binjhabahal - Telebani from km. 414.000 to km. 491.71","sector":"road","status":"commissioned","is_blocked":false,"block_reason":null,"cost_inr_crore":1385.56,"progress_pct":100.0,"delay_months":null,"revised_completion_date":"2020-07-13","state":"Odisha","geo_confidence":"state","unverified":false}},{"type":"Feature","geometry":{"type":"Point","coordinates":[78.6569,11.1271]},"properties":{"id":"nhai_geoserver-ba6880ba8e613352","title":"Vikravandi to Sethiyathopu section of NH - 45C in Tamil Nadu (Pkg I)","sector":"road","status":"cancelled","is_blocked":true,"block_reason":"other","cost_inr_crore":1440.8,"progress_pct":48.26,"delay_months":null,"revised_completion_date":"2020-03-18","state":"Tamil Nadu","geo_confidence":"state","unverified":false}},{"type":"Feature","geometry":{"type":"Point","coordinates":[92.449778,26.20411]},"properties":{"id":"nhai_geoserver-9593ca0eb3812105","title":"Dharmatul-Raha (AS-2)","sector":"road","status":"commissioned","is_blocked":false,"block_reason":null,"cost_inr_crore":454.03,"progress_pct":null,"delay_months":null,"revised_completion_date":"2018-05-04","state":"Assam","geo_confidence":"site","unverified":false}},{"type":"Feature","geometry":{"type":"Point","coordinates":[79.74411,11.420372]},"properties":{"id":"nhai_geoserver-8ab16d3f0bab0073","title":"Poondiyankuppam (Km.67.000) to Sattanathapuram (Km.123.800)","sector":"road","status":"under_construction","is_blocked":false,"block_reason":null,"cost_inr_crore":2565.63,"progress_pct":99.8,"delay_months":null,"revised_completion_date":"2024-01-19","state":"Tamil Nadu","geo_confidence":"site","unverified":false}},{"type":"Feature","geometry":{"type":"Point","coordinates":[80.9462,26.8467]},"properties":{"id":"nhai_geoserver-52915305f3ecaa99","title":"Etawah Bypass section km 307.500 to km 321.100","sector":"road","status":"commissioned","is_blocked":false,"block_reason":null,"cost_inr_crore":244.44,"progress_pct":100.0,"delay_months":null,"revised_completion_date":"2008-05-31","state":"Uttar Pradesh","geo_confidence":"state","unverified":false}},{"type":"Feature","geometry":{"type":"Point","coordinates":[85.03452,19.12822]},"properties":{"id":"nhai_geoserver-cf365072418817c8","title":"Puintola - Icchapuram km 419.60 - km 484.00  under TOT Bundle - 1","sector":"road","status":"commissioned","is_blocked":false,"block_reason":null,"cost_inr_crore":1.57,"progress_pct":null,"delay_months":null,"revised_completion_date":"2022-02-10","state":"Odisha","geo_confidence":"site","unverified":false}},{"type":"Feature","geometry":{"type":"Point","coordinates":[84.208289,25.593827]},"properties":{"id":"nhai_geoserver-f1372349c73c3ac9","title":"Bhojpur Buxar section of NH-84 from km.27.37 to km. 75.00","sector":"road","status":"commissioned","is_blocked":false,"block_reason":null,"cost_inr_crore":1195.18,"progress_pct":100.0,"delay_months":null,"revised_completion_date":"2020-01-01","state":"Bihar","geo_confidence":"site","unverified":false}},{"type":"Feature","geometry":{"type":"Point","coordinates":[75.7139,19.7515]},"properties":{"id":"nhai_geoserver-3ad271ba2583889f","title":"Strengthening of Existing Alignment of Pandharpur Town (Part Bypassed Section of NH 965 from KM 36.230 to KM 44.230) from Chh. Shivaji Maharaj Chowk to Wakhari","sector":"road","status":"under_construction","is_blocked":false,"block_reason":null,"cost_inr_crore":150.21,"progress_pct":69.25,"delay_months":null,"revised_completion_date":"2025-10-31","state":"Maharashtra","geo_confidence":"state","unverified":false}},{"type":"Feature","geometry":{"type":"Point","coordinates":[78.1642,29.9457]},"properties":{"id":"nhai_geoserver-5d734f0429d75f0b","title":"4L of Dudhadhari Elevated Flyover (Muzaffarnagar –Haridwar section) from Km 356.450 to Km 353.800 of NH-34","sector":"road","status":"commissioned","is_blocked":false,"block_reason":null,"cost_inr_crore":180.94,"progress_pct":100.0,"delay_months":null,"revised_completion_date":"2023-11-06","state":"Uttarakhand","geo_confidence":"city","unverified":false}},{"type":"Feature","geometry":{"type":"Point","coordinates":[77.416455,25.29398]},"properties":{"id":"nhai_geoserver-8b963b9276711e28","title":"Shivpuri to Guna Package -1","sector":"road","status":"commissioned","is_blocked":false,"block_reason":null,"cost_inr_crore":281.59,"progress_pct":null,"delay_months":null,"revised_completion_date":"2018-07-23","state":"Madhya Pradesh","geo_confidence":"site","unverified":false}},{"type":"Feature","geometry":{"type":"Point","coordinates":[76.78308,13.779327]},"properties":{"id":"nhai_geoserver-1c9916944c7d0491","title":"Tumkur-Chitradurga","sector":"road","status":"commissioned","is_blocked":false,"block_reason":null,"cost_inr_crore":839.0,"progress_pct":100.0,"delay_months":null,"revised_completion_date":"2013-12-01","state":"Karnataka","geo_confidence":"site","unverified":false}},{"type":"Feature","geometry":{"type":"Point","coordinates":[79.9864,23.1815]},"properties":{"id":"nhai_geoserver-fdfc211235abdfe8","title":"Outer Ring Road of Jabalpur Town from Manegaon to NH-45 (Pkg-2)","sector":"road","status":"under_construction","is_blocked":false,"block_reason":null,"cost_inr_crore":917.26,"progress_pct":78.75,"delay_months":null,"revised_completion_date":"2026-03-07","state":"Madhya Pradesh","geo_confidence":"city","unverified":false}},{"type":"Feature","geometry":{"type":"Point","coordinates":[70.329479,23.171997]},"properties":{"id":"nhai_geoserver-3ab8a521730a5fb6","title":"Samakhiyali to Gandhidham section km 306.0 to km 362.160 of NH-8A","sector":"road","status":"commissioned","is_blocked":false,"block_reason":null,"cost_inr_crore":920.3,"progress_pct":null,"delay_months":null,"revised_completion_date":"2013-03-10","state":"Gujarat","geo_confidence":"site","unverified":false}},{"type":"Feature","geometry":{"type":"Point","coordinates":[78.6569,11.1271]},"properties":{"id":"nhai_geoserver-1a1228fa697a8481","title":"Four laning of Kancheepuram to Poonamallee km 70.2 - km 13.8","sector":"road","status":"commissioned","is_blocked":false,"block_reason":null,"cost_inr_crore":979.09,"progress_pct":null,"delay_months":null,"revised_completion_date":"2007-05-31","state":"Tamil Nadu","geo_confidence":"state","unverified":false}},{"type":"Feature","geometry":{"type":"Point","coordinates":[78.599464,9.966717]},"properties":{"id":"nhai_geoserver-0306a2d562837a77","title":"Thirumayam - Manamadurai","sector":"road","status":"commissioned","is_blocked":false,"block_reason":null,"cost_inr_crore":528.57,"progress_pct":null,"delay_months":null,"revised_completion_date":"2017-01-12","state":"Tamil Nadu","geo_confidence":"site","unverified":false}},{"type":"Feature","geometry":{"type":"Point","coordinates":[77.883644,30.364325]},"properties":{"id":"nhai_geoserver-13454b4bce67a369","title":"4L Medinipur to Ballupur from Km. 458.65 to Km. 487.65 of NH-07(Pkg-2)","sector":"road","status":"under_construction","is_blocked":false,"block_reason":null,"cost_inr_crore":1092.9,"progress_pct":93.9,"delay_months":null,"revised_completion_date":"2025-02-17","state":"Uttarakhand","geo_confidence":"site","unverified":false}},{"type":"Feature","geometry":{"type":"Point","coordinates":[76.2711,10.8505]},"properties":{"id":"nhai_geoserver-d419d6e3ed7ef6cc","title":"NH Connectivity to ICTT Vallarpadam","sector":"road","status":"under_construction","is_blocked":false,"block_reason":null,"cost_inr_crore":null,"progress_pct":63.0,"delay_months":null,"revised_completion_date":"2025-04-04","state":"Kerala","geo_confidence":"state","unverified":false}},{"type":"Feature","geometry":{"type":"Point","coordinates":[78.04805,27.53705]},"properties":{"id":"nhai_geoserver-3b49bd67a5a927af","title":"Agra -Aligarh","sector":"road","status":"commissioned","is_blocked":false,"block_reason":null,"cost_inr_crore":146.0,"progress_pct":null,"delay_months":null,"revised_completion_date":"2014-10-08","state":"Uttar Pradesh","geo_confidence":"city","unverified":false}},{"type":"Feature","geometry":{"type":"Point","coordinates":[75.7139,19.7515]},"properties":{"id":"nhai_geoserver-3f6094e31ba1fc32","title":"Construction of Standalone Flyover cum ROB from Design Ch.66.600 to Design Ch.68.800 in Gadchandur Town on NH-353B","sector":"road","status":"under_construction","is_blocked":false,"block_reason":null,"cost_inr_crore":191.31,"progress_pct":40.11,"delay_months":null,"revised_completion_date":"2027-07-25","state":"Maharashtra","geo_confidence":"state","unverified":false}},{"type":"Feature","geometry":{"type":"Point","coordinates":[79.3765,21.16]},"properties":{"id":"nhai_geoserver-a86fd9de4f8d09b5","title":"Loha-Waranga Section of NH-361 from km 187.800 to km 244.369","sector":"road","status":"under_construction","is_blocked":false,"block_reason":null,"cost_inr_crore":1236.08,"progress_pct":96.22,"delay_months":null,"revised_completion_date":"2021-03-24","state":"Maharashtra","geo_confidence":"site","unverified":false}},{"type":"Feature","geometry":{"type":"Point","coordinates":[77.209,28.6139]},"properties":{"id":"nhai_geoserver-2b7b76c6d40f7662","title":"Construction of a road tunnel for NH148AE with its approach and connection to NH-248BB and existing Delhi internal roads","sector":"road","status":"tendered","is_blocked":false,"block_reason":null,"cost_inr_crore":3212.72,"progress_pct":null,"delay_months":null,"revised_completion_date":null,"state":"Delhi","geo_confidence":"city","unverified":false}},{"type":"Feature","geometry":{"type":"Point","coordinates":[85.0985,20.9517]},"properties":{"id":"nhai_geoserver-2196948151a19aeb","title":"4L of Chandikhole-Balasore (Contract Package OR-V from Km. 61.000 to km. 199.141 of NH-5 (new NH-16)","sector":"road","status":"commissioned","is_blocked":false,"block_reason":null,"cost_inr_crore":1974.83,"progress_pct":null,"delay_months":null,"revised_completion_date":"2019-06-30","state":"Odisha","geo_confidence":"state","unverified":false}},{"type":"Feature","geometry":{"type":"Point","coordinates":[74.211378,25.167741]},"properties":{"id":"nhai_geoserver-71f5f0547906af88","title":"Rajsamand-Bhilwara","sector":"road","status":"commissioned","is_blocked":false,"block_reason":null,"cost_inr_crore":697.8,"progress_pct":null,"delay_months":null,"revised_completion_date":"2016-04-06","state":"Rajasthan","geo_confidence":"site","unverified":false}},{"type":"Feature","geometry":{"type":"Point","coordinates":[79.0882,21.1458]},"properties":{"id":"nhai_geoserver-1407823747efb39c","title":"6L of Saundard ROB on Raipur Nagpur (from 441.970 km to 443.560 km)","sector":"road","status":"cancelled","is_blocked":true,"block_reason":"other","cost_inr_crore":122.98,"progress_pct":89.38,"delay_months":null,"revised_completion_date":"2020-12-03","state":"Maharashtra","geo_confidence":"city","unverified":false}},{"type":"Feature","geometry":{"type":"Point","coordinates":[81.264079,21.176043]},"properties":{"id":"nhai_geoserver-5071b6411acc94df","title":"Durg Bypass","sector":"road","status":"commissioned","is_blocked":false,"block_reason":null,"cost_inr_crore":23.98,"progress_pct":100.0,"delay_months":null,"revised_completion_date":"2013-09-30","state":"Chhattisgarh","geo_confidence":"site","unverified":false}},{"type":"Feature","geometry":{"type":"Point","coordinates":[87.108942,25.829946]},"properties":{"id":"nhai_geoserver-6fc63106c2adc245","title":"Maheshkunt -Saharsa-Purnea Pkg II","sector":"road","status":"under_construction","is_blocked":false,"block_reason":null,"cost_inr_crore":1245.33,"progress_pct":94.0,"delay_months":null,"revised_completion_date":"2020-12-11","state":"Bihar","geo_confidence":"site","unverified":false}},{"type":"Feature","geometry":{"type":"Point","coordinates":[80.9462,26.8467]},"properties":{"id":"nhai_geoserver-9d0baea5ede297f1","title":"Lucknow Ring Road Pkg-2 (Behta Road to Sitapur Road)","sector":"road","status":"commissioned","is_blocked":false,"block_reason":null,"cost_inr_crore":2016.38,"progress_pct":100.0,"delay_months":null,"revised_completion_date":"2024-02-17","state":"Uttar Pradesh","geo_confidence":"city","unverified":false}},{"type":"Feature","geometry":{"type":"Point","coordinates":[81.6296,21.2514]},"properties":{"id":"nhai_geoserver-1067fe108ce02605","title":"Flyover and junction development at Tatibandh chowk at km 281.7 on Raipur-Aurang section of NH-53","sector":"road","status":"commissioned","is_blocked":false,"block_reason":null,"cost_inr_crore":127.98,"progress_pct":100.0,"delay_months":null,"revised_completion_date":"2021-12-22","state":"Chhattisgarh","geo_confidence":"city","unverified":false}},{"type":"Feature","geometry":{"type":"Point","coordinates":[72.088299,21.528546]},"properties":{"id":"nhai_geoserver-90a49b03767066d4","title":"4L of Bhavnagar - Talaja (Package-I) from Km. 6.945 to Km. 54.990 of Old NH-8E","sector":"road","status":"commissioned","is_blocked":false,"block_reason":null,"cost_inr_crore":1185.66,"progress_pct":100.0,"delay_months":null,"revised_completion_date":"2019-08-06","state":"Gujarat","geo_confidence":"site","unverified":false}},{"type":"Feature","geometry":{"type":"Point","coordinates":[85.496769,24.38031]},"properties":{"id":"nhai_geoserver-979b1bc135dcd9b2","title":"Barhi-Koderma Section of NH31 km 0.00 - km 27.5","sector":"road","status":"under_construction","is_blocked":false,"block_reason":null,"cost_inr_crore":662.44,"progress_pct":98.5,"delay_months":null,"revised_completion_date":"2024-08-03","state":"Jharkhand","geo_confidence":"site","unverified":false}},{"type":"Feature","geometry":{"type":"Point","coordinates":[74.102234,29.21553]},"properties":{"id":"nhai_geoserver-9b62afcbf39d0d71","title":"Sangariya (near Chautala)-Rasisar (near Bikaner) (Phase-I) (AJ/SR-Package-3)","sector":"road","status":"commissioned","is_blocked":false,"block_reason":null,"cost_inr_crore":672.72,"progress_pct":100.0,"delay_months":null,"revised_completion_date":"2022-10-16","state":"Rajasthan","geo_confidence":"site","unverified":false}},{"type":"Feature","geometry":{"type":"Point","coordinates":[79.933173,23.576541]},"properties":{"id":"nhai_geoserver-16b36e7779fb6267","title":"Katni bypass from km. 359.50 to km. 378.50","sector":"road","status":"commissioned","is_blocked":false,"block_reason":null,"cost_inr_crore":252.85,"progress_pct":98.41,"delay_months":null,"revised_completion_date":"2022-09-14","state":"Madhya Pradesh","geo_confidence":"site","unverified":false}},{"type":"Feature","geometry":{"type":"Point","coordinates":[75.7139,19.7515]},"properties":{"id":"nhai_geoserver-a62fbed8915f51d6","title":"Flyover at Karanja on NH-53","sector":"road","status":"commissioned","is_blocked":false,"block_reason":null,"cost_inr_crore":48.11,"progress_pct":100.0,"delay_months":null,"revised_completion_date":"2021-12-25","state":"Maharashtra","geo_confidence":"state","unverified":false}},{"type":"Feature","geometry":{"type":"Point","coordinates":[70.8022,22.3039]},"properties":{"id":"nhai_geoserver-22aaaa19650479e2","title":"Gondal Chokdi Flyover at Rajkot","sector":"road","status":"commissioned","is_blocked":false,"block_reason":null,"cost_inr_crore":87.53,"progress_pct":100.0,"delay_months":null,"revised_completion_date":"2022-08-31","state":"Gujarat","geo_confidence":"city","unverified":false}},{"type":"Feature","geometry":{"type":"Point","coordinates":[78.6569,22.9734]},"properties":{"id":"nhai_geoserver-83b6483d98e6b0fd","title":"2L+PS works of Betul Khandwa section from Mohda-Barakund of NH-347B (Pkg-II)","sector":"road","status":"tendered","is_blocked":false,"block_reason":null,"cost_inr_crore":789.88,"progress_pct":null,"delay_months":null,"revised_completion_date":null,"state":"Madhya Pradesh","geo_confidence":"state","unverified":false}},{"type":"Feature","geometry":{"type":"Point","coordinates":[72.93705,21.6798]},"properties":{"id":"nhai_geoserver-d1b41d6876e07439","title":"Vadodara Mumbai Expressway (Ankleshwar to Manubar) (Phase IA- Pkg IV)","sector":"road","status":"commissioned","is_blocked":false,"block_reason":null,"cost_inr_crore":1401.28,"progress_pct":100.0,"delay_months":null,"revised_completion_date":"2021-06-08","state":"Gujarat","geo_confidence":"site","unverified":false}},{"type":"Feature","geometry":{"type":"Point","coordinates":[71.26448,20.92326]},"properties":{"id":"nhai_geoserver-f2d132e688f2da1f","title":"Kagvadar - Una (Package-IV)","sector":"road","status":"commissioned","is_blocked":false,"block_reason":null,"cost_inr_crore":750.53,"progress_pct":97.93,"delay_months":null,"revised_completion_date":"2019-09-16","state":"Gujarat","geo_confidence":"site","unverified":false}},{"type":"Feature","geometry":{"type":"Point","coordinates":[87.074306,21.618509]},"properties":{"id":"nhai_geoserver-0fca3992c4549078","title":"Eastern Peripheral Expressway Package - II from km 22.000 to km 46.500 in the State of Haryana and Uttar Pradesh","sector":"road","status":"commissioned","is_blocked":false,"block_reason":null,"cost_inr_crore":1536.23,"progress_pct":null,"delay_months":null,"revised_completion_date":"2018-09-05","state":"Uttar Pradesh","geo_confidence":"site","unverified":false}},{"type":"Feature","geometry":{"type":"Point","coordinates":[75.3433,19.8762]},"properties":{"id":"nhai_geoserver-b7d0310826b3cb66","title":"4L of Aurangabad-Paithan","sector":"road","status":"commissioned","is_blocked":false,"block_reason":null,"cost_inr_crore":1505.0,"progress_pct":96.5,"delay_months":null,"revised_completion_date":"2024-07-23","state":"Maharashtra","geo_confidence":"city","unverified":false}},{"type":"Feature","geometry":{"type":"Point","coordinates":[81.630246,24.441522]},"properties":{"id":"nhai_geoserver-e6eaeeb3dcdcb2ad","title":"Churhat Bypass of Rewa Sidhi Section","sector":"road","status":"commissioned","is_blocked":false,"block_reason":null,"cost_inr_crore":830.26,"progress_pct":100.0,"delay_months":null,"revised_completion_date":"2022-12-13","state":"Madhya Pradesh","geo_confidence":"site","unverified":false}},{"type":"Feature","geometry":{"type":"Point","coordinates":[85.0985,20.9517]},"properties":{"id":"nhai_geoserver-a5db7ceff1c21b31","title":"3L Major Bridge over River Brahmani at Km. 401.250 (Duburi - Chandikhole Section) of NH-200 (New NH -53)","sector":"road","status":"under_construction","is_blocked":false,"block_reason":null,"cost_inr_crore":153.61,"progress_pct":38.0,"delay_months":null,"revised_completion_date":"2025-01-31","state":"Odisha","geo_confidence":"state","unverified":false}},{"type":"Feature","geometry":{"type":"Point","coordinates":[78.6569,11.1271]},"properties":{"id":"nhai_geoserver-08e4dd9a5252bed9","title":"Namakkul - Karur section including Namakkul Bypass","sector":"road","status":"commissioned","is_blocked":false,"block_reason":null,"cost_inr_crore":104.52,"progress_pct":100.0,"delay_months":null,"revised_completion_date":"2009-01-28","state":"Tamil Nadu","geo_confidence":"state","unverified":false}},{"type":"Feature","geometry":{"type":"Point","coordinates":[78.6569,22.9734]},"properties":{"id":"nhai_geoserver-cd18aae61e032e25","title":"Guna Bypass Section","sector":"road","status":"commissioned","is_blocked":false,"block_reason":null,"cost_inr_crore":101.78,"progress_pct":null,"delay_months":null,"revised_completion_date":"2009-08-14","state":"Madhya Pradesh","geo_confidence":"state","unverified":false}},{"type":"Feature","geometry":{"type":"Point","coordinates":[79.207426,13.39736]},"properties":{"id":"nhai_geoserver-89587c4ece48ea9b","title":"Bugga - Kaipa","sector":"road","status":"tendered","is_blocked":false,"block_reason":null,"cost_inr_crore":null,"progress_pct":null,"delay_months":null,"revised_completion_date":null,"state":"Andhra Pradesh","geo_confidence":"site","unverified":false}},{"type":"Feature","geometry":{"type":"Point","coordinates":[80.9462,26.8467]},"properties":{"id":"nhai_geoserver-58e68f79c95eedcf","title":"Muzzafarnagar - Miranpur","sector":"road","status":"commissioned","is_blocked":false,"block_reason":null,"cost_inr_crore":928.55,"progress_pct":100.0,"delay_months":null,"revised_completion_date":"2024-04-03","state":"Uttar Pradesh","geo_confidence":"state","unverified":false}},{"type":"Feature","geometry":{"type":"Point","coordinates":[85.2799,23.6102]},"properties":{"id":"nhai_geoserver-ba8693757304d36d","title":"4L from Km 95.400 (Udaipura) to Km 147.450 (Bhogu) on NH-75 (Sec-II)","sector":"road","status":"under_construction","is_blocked":false,"block_reason":null,"cost_inr_crore":1436.8,"progress_pct":29.2,"delay_months":null,"revised_completion_date":"2026-10-09","state":"Jharkhand","geo_confidence":"state","unverified":false}},{"type":"Feature","geometry":{"type":"Point","coordinates":[78.6569,11.1271]},"properties":{"id":"nhai_geoserver-1ae32591598cc3dd","title":"Four laning of Walajahpet to Kancheepuram","sector":"road","status":"commissioned","is_blocked":false,"block_reason":null,"cost_inr_crore":518.03,"progress_pct":null,"delay_months":null,"revised_completion_date":"2004-03-23","state":"Tamil Nadu","geo_confidence":"state","unverified":false}},{"type":"Feature","geometry":{"type":"Point","coordinates":[78.75758,13.617983]},"properties":{"id":"nhai_geoserver-fea80c966f8b2ab7","title":"Nandigama Bypass and Kanchikacherla bypass","sector":"road","status":"under_construction","is_blocked":false,"block_reason":null,"cost_inr_crore":416.07,"progress_pct":98.47,"delay_months":null,"revised_completion_date":"2019-06-04","state":"Andhra Pradesh","geo_confidence":"site","unverified":false}},{"type":"Feature","geometry":{"type":"Point","coordinates":[85.811521,19.819018]},"properties":{"id":"nhai_geoserver-2d937cba8a405eda","title":"Balance Work of Puri By Pass Road of Bhubaneswar-Puri Section from km. 56.500 to km. 67.500","sector":"road","status":"commissioned","is_blocked":false,"block_reason":null,"cost_inr_crore":69.32,"progress_pct":100.0,"delay_months":null,"revised_completion_date":"2019-04-19","state":"Odisha","geo_confidence":"site","unverified":false}},{"type":"Feature","geometry":{"type":"Point","coordinates":[80.103014,16.058469]},"properties":{"id":"nhai_geoserver-1a5d9287af75dbc9","title":"6L of Chilkararupet bypass from km. 357.400 to km. 371.920 of NH-16 [Revived of earlier terminated N/02004/27001/AP]","sector":"road","status":"commissioned","is_blocked":false,"block_reason":null,"cost_inr_crore":757.45,"progress_pct":100.0,"delay_months":null,"revised_completion_date":"2023-03-19","state":"Andhra Pradesh","geo_confidence":"site","unverified":false}},{"type":"Feature","geometry":{"type":"Point","coordinates":[74.4977,15.8497]},"properties":{"id":"nhai_geoserver-6467f89c3128b00a","title":"4/6L Belgaum Bypass from Km 7.50 of SH-44 to Km 516 of NH-4 (remaining part of eastern bypass) for a length of 11.174 Km -Pkg-3","sector":"road","status":"tendered","is_blocked":false,"block_reason":null,"cost_inr_crore":1397.59,"progress_pct":null,"delay_months":null,"revised_completion_date":null,"state":"Karnataka","geo_confidence":"city","unverified":false}},{"type":"Feature","geometry":{"type":"Point","coordinates":[75.7139,19.7515]},"properties":{"id":"nhai_geoserver-26dcd7b8ca15335f","title":"Design & Construction using Thin White Topping (TWT) including routine maintenance & balance works from Km. 42.000 to Km.179.946 (Total Length-137.946 Km) in the State of Maharashtra as Standalone project on EPC Mode","sector":"road","status":"under_construction","is_blocked":false,"block_reason":null,"cost_inr_crore":null,"progress_pct":71.21,"delay_months":null,"revised_completion_date":"2026-06-10","state":"Maharashtra","geo_confidence":"state","unverified":false}},{"type":"Feature","geometry":{"type":"Point","coordinates":[76.21892,13.338662]},"properties":{"id":"nhai_geoserver-a2a8e834c5eb9a9e","title":"Bijapur (Km.195.000) - Gulbarga - Homnabad (Km. 418.00) of NH-218 (New NH-50)","sector":"road","status":"commissioned","is_blocked":false,"block_reason":null,"cost_inr_crore":934.47,"progress_pct":100.0,"delay_months":null,"revised_completion_date":"2017-09-25","state":"Karnataka","geo_confidence":"site","unverified":false}},{"type":"Feature","geometry":{"type":"Point","coordinates":[87.855,22.9868]},"properties":{"id":"nhai_geoserver-21d55e45e8d0fca3","title":"Barwa Adda (Km. 398.240) to Panagarh (Km. 521.120)","sector":"road","status":"under_construction","is_blocked":false,"block_reason":null,"cost_inr_crore":1560.39,"progress_pct":100.0,"delay_months":null,"revised_completion_date":"2016-09-26","state":"West Bengal","geo_confidence":"state","unverified":false}},{"type":"Feature","geometry":{"type":"Point","coordinates":[78.7733,28.8386]},"properties":{"id":"nhai_geoserver-9f52c3bbe9e3188c","title":"Garh Mukteshwar - Moradabad section","sector":"road","status":"commissioned","is_blocked":false,"block_reason":null,"cost_inr_crore":428.13,"progress_pct":null,"delay_months":null,"revised_completion_date":"2007-09-30","state":"Uttar Pradesh","geo_confidence":"city","unverified":false}},{"type":"Feature","geometry":{"type":"Point","coordinates":[79.732492,26.571436]},"properties":{"id":"nhai_geoserver-5350cdc36c42f950","title":"6L of Etawah - Chakeri from km. 323.475 to km. 483.687 of NH-19","sector":"road","status":"commissioned","is_blocked":false,"block_reason":null,"cost_inr_crore":730.65,"progress_pct":null,"delay_months":null,"revised_completion_date":"2015-09-11","state":"Uttar Pradesh","geo_confidence":"site","unverified":false}},{"type":"Feature","geometry":{"type":"Point","coordinates":[76.0856,29.0588]},"properties":{"id":"nhai_geoserver-35e4cf6d962462a9","title":"Saha - Shahbad from Km. 14.840 to Km. 31.760","sector":"road","status":"commissioned","is_blocked":false,"block_reason":null,"cost_inr_crore":235.73,"progress_pct":100.0,"delay_months":null,"revised_completion_date":"2022-08-02","state":"Haryana","geo_confidence":"state","unverified":false}},{"type":"Feature","geometry":{"type":"Point","coordinates":[77.104549,23.60544]},"properties":{"id":"nhai_geoserver-700afb48b0cf839c","title":"Bhopal (Km. 0.000) to Sanchi (Km. 53.775) of NH-86 (Ext.) in Madhya Pradesh","sector":"road","status":"commissioned","is_blocked":false,"block_reason":null,"cost_inr_crore":304.58,"progress_pct":100.0,"delay_months":null,"revised_completion_date":"2019-01-01","state":"Madhya Pradesh","geo_confidence":"site","unverified":false}},{"type":"Feature","geometry":{"type":"Point","coordinates":[75.8577,22.7196]},"properties":{"id":"nhai_geoserver-832d7debf604d9f6","title":"Additional works (2VUPs, MR-10 junction flyover and underpass) in Six lane Indore-Dewas section of NH-52 in the state of Madhya Pradesh on EPC Mode","sector":"road","status":"under_construction","is_blocked":false,"block_reason":null,"cost_inr_crore":207.77,"progress_pct":90.18,"delay_months":null,"revised_completion_date":"2024-07-17","state":"Madhya Pradesh","geo_confidence":"city","unverified":false}},{"type":"Feature","geometry":{"type":"Point","coordinates":[78.6569,11.1271]},"properties":{"id":"nhai_geoserver-42432d484ba96ba6","title":"Four laning of Krishnagiri to Vaniyambadi","sector":"road","status":"commissioned","is_blocked":false,"block_reason":null,"cost_inr_crore":741.54,"progress_pct":null,"delay_months":null,"revised_completion_date":"2005-03-31","state":"Tamil Nadu","geo_confidence":"state","unverified":false}},{"type":"Feature","geometry":{"type":"Point","coordinates":[85.3131,25.0961]},"properties":{"id":"nhai_geoserver-2da36c65a59b8ad7","title":"4/6 laning new bridge across river Ganga connecting  Matihani- Shamho","sector":"road","status":"tendered","is_blocked":false,"block_reason":null,"cost_inr_crore":null,"progress_pct":null,"delay_months":null,"revised_completion_date":null,"state":"Bihar","geo_confidence":"state","unverified":false}},{"type":"Feature","geometry":{"type":"Point","coordinates":[86.697023,25.690101]},"properties":{"id":"nhai_geoserver-4423bded6cd918ac","title":"Maheshkunt-Saharsa-Purnea (Pkg I) km 0.00 to km. 90.00 of NH-107","sector":"road","status":"under_construction","is_blocked":false,"block_reason":null,"cost_inr_crore":662.44,"progress_pct":90.38,"delay_months":null,"revised_completion_date":"2021-12-19","state":"Bihar","geo_confidence":"site","unverified":false}},{"type":"Feature","geometry":{"type":"Point","coordinates":[93.130308,25.365212]},"properties":{"id":"nhai_geoserver-10d633741d0b3aec","title":"Maibong - Lumding Section (AS-24) in Assam","sector":"road","status":"commissioned","is_blocked":false,"block_reason":null,"cost_inr_crore":326.38,"progress_pct":null,"delay_months":null,"revised_completion_date":"2013-07-31","state":"Assam","geo_confidence":"site","unverified":false}},{"type":"Feature","geometry":{"type":"Point","coordinates":[73.1812,22.3072]},"properties":{"id":"nhai_geoserver-b6bdd3463cad858f","title":"Strengthening and major maintenance work from Vadodara to Bharuch (Km.108.700 to Km. 192.000) of NH - 48","sector":"road","status":"commissioned","is_blocked":false,"block_reason":null,"cost_inr_crore":160.46,"progress_pct":null,"delay_months":null,"revised_completion_date":"2029-03-31","state":"Gujarat","geo_confidence":"city","unverified":false}},{"type":"Feature","geometry":{"type":"Point","coordinates":[71.737059,25.840598]},"properties":{"id":"nhai_geoserver-6d549adc4b118406","title":"Bagundi - Barmer (2LPS)","sector":"road","status":"commissioned","is_blocked":false,"block_reason":null,"cost_inr_crore":219.83,"progress_pct":null,"delay_months":null,"revised_completion_date":"2017-01-08","state":"Rajasthan","geo_confidence":"site","unverified":false}},{"type":"Feature","geometry":{"type":"Point","coordinates":[87.76477,25.07924]},"properties":{"id":"nhai_geoserver-8eef2ab5d33ff92e","title":"4L of NH-80 from km 215.00 to km 260.00 Mirza Chauki to Farkka (Pkg-I)","sector":"road","status":"under_construction","is_blocked":false,"block_reason":null,"cost_inr_crore":1504.8,"progress_pct":91.83,"delay_months":null,"revised_completion_date":"2023-07-04","state":"Jharkhand","geo_confidence":"site","unverified":false}},{"type":"Feature","geometry":{"type":"Point","coordinates":[80.134411,13.354427]},"properties":{"id":"nhai_geoserver-3093825a657e089e","title":"6 laning of Balance Work of Chennai - Tada from km. 21.40 to km. 54.40","sector":"road","status":"under_construction","is_blocked":false,"block_reason":null,"cost_inr_crore":464.62,"progress_pct":100.0,"delay_months":null,"revised_completion_date":"2020-03-27","state":"Tamil Nadu","geo_confidence":"site","unverified":false}},{"type":"Feature","geometry":{"type":"Point","coordinates":[75.7139,15.3173]},"properties":{"id":"nhai_geoserver-97a7207a0afeb564","title":"Tumkur Bypass","sector":"road","status":"tendered","is_blocked":false,"block_reason":null,"cost_inr_crore":2711.0,"progress_pct":null,"delay_months":null,"revised_completion_date":null,"state":"Karnataka","geo_confidence":"state","unverified":false}},{"type":"Feature","geometry":{"type":"Point","coordinates":[71.1924,22.2587]},"properties":{"id":"nhai_geoserver-aa16fac1f1da8cc1","title":"4L of Radhanpur - Deesa Section from Km 372.600 to Km 458.000 of NH-14","sector":"road","status":"commissioned","is_blocked":false,"block_reason":null,"cost_inr_crore":1419.09,"progress_pct":null,"delay_months":null,"revised_completion_date":"2008-10-31","state":"Gujarat","geo_confidence":"state","unverified":false}},{"type":"Feature","geometry":{"type":"Point","coordinates":[71.1924,22.2587]},"properties":{"id":"nhai_geoserver-baa5b1232880860b","title":"4L of Shamla ji to Motachilodha","sector":"road","status":"commissioned","is_blocked":false,"block_reason":null,"cost_inr_crore":1284.66,"progress_pct":null,"delay_months":null,"revised_completion_date":"2002-04-30","state":"Gujarat","geo_confidence":"state","unverified":false}}]}